Review_Text,Review,Sentimen_Asli,Sentimen_Prediksi
ini game bagus asli seneng aku main game ini cuman untuk keluhanku sih kan mengingat game ini pake unity coba kalau bisa yang anti aliasingnya jangan terlalu tebal dong karna jadinya burem banget asli dipoles tapi jangan plus dengan kabutnya karna jadi burem kelihatannya udah itu aja keluhan ku semoga dibaca🙏,bagus asli senang cuman keluh pakai unity coba anti aliasingnya tebal buram asli poles plus kabut buram keluh ku moga baca,Positive,Positive
"aelah hoyo,gak pernah menang rate off gw njer harus rate on terus kalau mau gacha dah lah",alah hoyogak menang rate off njer rate on gacha deh,Negative,Negative
Red pity,red pity,Positive,Positive
gamenya bagus tapi sayang memori saya nangis tiap main ni game🥀🗿,bagus sayang memori menang,Negative,Negative
game cukup oke cuma saat cutscene subtitle nya hilang,oke cutscene subtitle hilang,Negative,Positive
"game bagus, game play bagus alur ga bikin ngantuk jos pokoknya mah",bagus play bagus alur bikin ngantuk jos pokok mah,Negative,Negative
Kurang optimalnya di cip d8050 leg parah pas bettle,optimal cip leg parah pas bettle,Negative,Negative
Keren,keren,Positive,Positive
"Makasih zzz setelah main game ini rasanya kayak tempat pulang pokoknya bagus, baru ketemu game yang bisa se frekuensi makasih 😭",terima kasih pulang pokok bagus ketemu frekuensi terima kasih,Positive,Positive
"karena permainan ini filenya besar , ekspetasi diawal. aku pikir permainan ini bakalan menerapkan dunia terbuka & banyak menyajikan pertarungan yang sulit. tapi kenyataanya berbeda. maaf aku kasih bintang 4. karena aku lebih suka permainan yang lebih menantang seperti genshin impack dll. meskipun permainan ini lumayan menghibur. tapi kurang cocok buat pemain seperti aku. terima kasih.",main filenya ekspetasi awal pikir main terap dunia buka saji tarung sulit kenyataanya beda maaf kasih bintang suka main tantang genshin impack dll main lumayan hibur cocok main terima kasih,Negative,Negative
"Sejauh ini saya sangat suka dari segi gameplay dan lain sebagainya, untuk masalah bug saya masih belum menemukan, tapi ada beberapa hal yang masih bisa di diperbaiki contohnya masalah volume di game yang menurut saya kurang dan juga loading screen yang cukup lama ( entah ini masalah device saya yang kurang atau bukan )",suka segi gameplay bug temu baik contoh volume loading screen device,Negative,Negative
Absolutely,absolutely,Positive,Positive
"Akhirnya mode tv ilang, saran kalo bisa hollow zero yang bunga di ilangin mode tv-nya males banget main hollow zero kalo masih ada mode tv dan kalo bisa bossnya jangan susah"" kasian yang baru main harus nunggu waktu lama biar bisa kelar mode hollownya, terima kasih.",mode tv hilang saran hollow zero bunga ilangin mode tvnya malas hollow zero mode tv bossnya susah kasihan tunggu waktu biar kelar mode hollownya terima kasih,Negative,Negative
best game ever,best ever,Positive,Positive
bagus lah,bagus,Positive,Positive
keren banget sumpah grafik nya memanjakan mata 👀,keren sumpah grafik manja,Negative,Positive
Keren banget game nya the best lah,keren the best,Positive,Positive
best lah😂🤭,best,Positive,Positive
Bagus,bagus,Positive,Positive
game nya perfect semua tapi di tengah cerita game nya Ngefrezee dan berhenti. saya pengguna redmi note 14 5G agak kecewa tiba2 game berhenti dan tidak bisa di main kan.,perfect tengah cerita ngefrezee henti guna redmi note kecewa henti,Negative,Negative
"Udh pling bener main honkai aj Ni game di hp gw yg spekny tinggi aj bisa force close pdhl ga panas lho, Bug nya gila banget",honkai hp spekny tinggi force close panas lho bug gila,Negative,Negative
enjoying the story,enjoying the story,Positive,Positive
Bagus,bagus,Positive,Positive
"Game dengan optimalisasi paling bego ya ini udah, lebih bagus wuwa bahkan ketimbang ini walaupun wuwa banyak yg bilang optimalisasi kurang bagus, di bandingin sama Arknight Enfield jauh lebih bagus AKE yg sama sama pake unity engine modified, bahkan Sekelas NTE yg pake UE5 behh Ultra 60fps tetep gacor, game udh berumur kagak ada perbaikan optimalisasi sama sekali bahkan di chipset Snapdragon 8 gen 2 atau dimensity 8350/8400 tetep stuttering ngos-ngosan kalo kagak di betulin Dev nya bego asli.",optimalisasi bego bagus wuwa ketimbang wuwa bilang optimalisasi bagus banding arknight enfield bagus ake pakai unity engine modified kelas nte pakai ue behh ultra fps gacor umur kagak baik optimalisasi chipset snapdragon gen dimensity stuttering ngosngosan kagak betulin dev bego asli,Negative,Negative
nice,nice,Positive,Positive
"Saya main gi kuat rata kanan 60 fps, hsr sedang 60 fps, game ini rata kiri 60 fps sering force close apalagi buka event atau gacha ngeframe banget sampe force close, tolong untuk grafik bisa diringankan🙏🙏🙏😭",gi kuat rata kanan fps hsr fps rata kiri fps force close buka event gacha ngeframe force close tolong grafik ringan,Negative,Negative
"kenapa setelah update gamenya jadi ngeframe"" padahal pass sebelum update bisa grafik rata kanan lancar, dan setelah update cuma pakek grafik menengah cuma jalan kaki ngeframe"" fps sangat tidak stabil.",update ngeframe pas update grafik rata kanan lancar update pakai grafik tengah jalan kaki ngeframe fps stabil,Negative,Negative
bagussssss ZENLESS ZONE ZERO Aku sukaaa rating ∞∞∞ 😄😄😄😁😄😁😄😁😄😁😄😁😄😄😁😄😄😁😁😁😃😄😃😄😄😄😄😃😃😃😃😃😃😃😃😃😁😃😁😄😄😁😁😄😁😄😁😄,bagus zenless zone zero suka rating,Positive,Positive
Ok,ok,Positive,Positive
"Seru ja gamenya, tpi gachanya keras euy",seru gachanya keras euy,Positive,Positive
"Good game lah hoyoverse buat bansosnya,sistem battlenya sama ui nya yang enak dipandang sama banyakin bansosnya 😀",good hoyoverse bansosnyasistem battlenya ui pandang banyak bansosnya,Positive,Positive
"Overall game nya bagus bgt, dari segi story,battlenya,karakter, dan map nya. minus agak lag di beberapa map cuma masih bisa dimaklumi",overall bagus segi storybattlenyakarakter map minus lag map maklum,Negative,Negative
Ts PEAK,ts peak,Positive,Positive
"Loading kelamaan, udh keburu kiamat",loading keburu kiamat,Negative,Negative
Gamenya unik dan ramah untuk device kentang.. Semoga gamenya terus berkembang..,unik ramah device kentang moga kembang,Positive,Positive
THE BEST.,the best,Positive,Positive
bansos bnyk ty devs,bansos ty devs,Positive,Positive
"Ga sia sia nunggu 2 tahun buat nih masterpiece. Story nya seru, karakternya juga menarik dan gameplay nya juga unik. Harap harap ke depannya bakal lebih banyak bansos dan karakter yang lebih menarikᗜˬᗜ",sia sia tunggu tahun masterpiece story seru karakter tarik gameplay unik harap harap depan bansos karakter tarik,Negative,Positive
mantap!,mantap,Positive,Positive
"ya, sangat suka",suka,Positive,Positive
Mantab,mantab,Positive,Positive
"Semoga kedepannya bisa lebih optimal, untuk masalah kinerja",moga depan optimal kerja,Positive,Positive
fix the stuttering issue please,fix the stuttering issue please,Negative,Negative
"Ceritanya bagus, tapi pas ngelawan monster, keliling kota aku ngga tau mau kemana, soalnya layarnya hitam semua kecuali karakternya",cerita bagus pas lawan monster keliling kota tau mana layar hitam kecuali karakter,Negative,Negative
"gamenya bagus karena konsep utamanya terasa sangat baru dibanding game lain sejenisnya--desain karakter keren dan ""baru""--konsep story yang rapi namun tetap seru nan kompleks--pengalaman build karakter sangat mudah, karena banyak cara untuk upgrade build karakter, terutama soal farming disk--dan meta masih terbilang ramah untuk F2P/Low Spender--saya update jadi 5* karena sudah ga pernah force close lagi dan thanks atas reward tahun baru nya, terima kasih dev",bagus konsep utama banding sejenisnyadesain karakter keren barukonsep story rapi seru nan komplekspengalaman build karakter mudah upgrade build karakter farming diskdan meta bilang ramah fplow spendersaya update force close thanks reward tahun terima kasih dev,Positive,Negative
best mobile game,best mobile,Positive,Positive
Hoyoverse kapan ada dubbing Indonesia di game mu ini?,hoyoverse dubbing indonesia mu,Positive,Negative
Semenjak update terbaru entah mengapa saat memulai game rasanya berat sekali ni game padahal sebelumnya nggak ada patah patah malah sangat lancar. kalo masalahnya ke device saya bermain genshin impact disetingan rata kanan dan tidak ada kendala lag sama sekali. Tolong ini bisa diperbaiki segera,semenjak update baru berat patah patah lancar device main genshin impact ting rata kanan kendala lag tolong baik,Negative,Negative
dimohon untuk optimalisasi,mohon optimalisasi,Negative,Positive
tol,tol,Positive,Positive
"Tanggal 4 jam 9/10 WIB Baru bisa di mainin, jangan spam bintang 1",tanggal jam wib mainin spam bintang,Negative,Negative
game mobile yang asik untuk dimainkan,mobile asik main,Positive,Positive
Game tai,tahi,Negative,Negative
"yes, Seed is cute, tapi game nya agak bikin boring, mirip game Honkai Impact 3, tapi yang ini kerasa lebih bikin boring, fitur perfect assist nya emang enak mirip ngeparry serangan musuh, hanya saja ada mode TV, emang mode nya santai tapi kalo targetnya panjang dan lama bakal bikin bosen, trus angka damage, untuk mengetahui itu crit damage atau damage normal agak susah buat di ketahui karena angka damage terlihat sama, buat physic jiggle saya suka, itu point utama dalam game ini",yes seed is cute bikin boring honkai impact rasa bikin boring fitur perfect assist ngeparry serang musuh mode tv mode santai target bikin bosan angka damage crit damage damage normal susah tahu angka damage physic jiggle suka point utama,Negative,Negative
Terlalu berat chipset 860 harus nya main di setingan low udah ringan tapi ini ga ngaruh dan main beberapa menit udah lag parah mana dah pake cooler ga ngaruh juga,berat chipset ting low ringan ngaruh menit lag parah deh pakai cooler ngaruh,Negative,Negative
Gameplaynya bagus si. Storynya juga seru cmn ya tv aja agak bosan 😅 diaku,gameplaynya bagus storynya seru cuman tv bosan dia,Positive,Positive
i really like the combat and how straight forward the story is! the amount of polychromes/pulls they give each patch are very generous too ^_^,really like the combat and how straight forward the story is the amount of polychromespulls they give each patch are very generous too,Positive,Positive
aduh sampai kesemutan main nya 🤣,aduh semut,Negative,Positive
aku nak Vivian 😋,nak vivian,Positive,Positive
"Please deh pra-unduh nya jgn kegedean, masa versi skrng pra-unduh nyampe 17GB lbh. Pdhl saya suka story game-nya! Tp size-nya sangat mengecewakan. Terlalu besar.",please deh praunduh gede versi praunduh gb suka story sizenya kecewa,Negative,Negative
Sangat cool,cool,Positive,Positive
Panjang umur game baik🥰🥰,umur,Negative,Negative
"Gamenya sih bagus, grafik juga oke, lancar juga gada lag dan minim drop fps, dropnya juga cuma ke 45fps. Minusnya gampang bikin males bagi gw + agak kikir😂",bagus grafik oke lancar lag minim drop fps drop fps minus gampang bikin malas kikir,Negative,Negative
seruu,seru,Positive,Positive
"ternyata cara main nya sama seperti honkai impact 3rd yaa,aku kirain petualang open world tanpa batas kayak game Genshin Impact,kurang tertarik sih, baru download langsung aku uninstall lagi setelah tau cara main game nya dari YouTube,TPI masih mending ketimbang star rail yang berbasis giliran,gak rame walaupun bnyak karakter yang baik sihh",honkai impact rd yaku tualang open world batas genshin impactkurang tarik download uninstall tau youtubetpi mending ketimbang star rail bas gilirangak rame karakter,Negative,Negative
gw kasih bintang lima klo lagi hoki mahal,kasih bintang hoki mahal,Negative,Positive
Bosenin,bosan,Positive,Positive
4 Jempol,jempol,Positive,Positive
game ini sangat bagus bagi kalian yg wibu,bagus wibu,Positive,Positive
saya bermain game zenless zone zero pada saat mengerjakan story zenless zone zero 2.3 saya mengalami freeze pada saat mengerjakan story zenless zone zero mohon segera tangani ya pihak hoyoverse,main zenless zone zero story zenless zone zero alami freeze story zenless zone zero tangan hoyoverse,Negative,Negative
"after update, hp cepat panas",after update hp cepat panas,Negative,Negative
"Yang aku suka dari Z3 itu karena storyline-nya yang fresh. Di tengah dunia fantasi yang penuh keajaiban dan sihir, Z3 datang dengan konsep dunianya yang berupa urban city",suka storylinenya fresh tengah dunia fantasi penuh ajaib sihir konsep dunia urban city,Positive,Negative
I like this,like this,Positive,Positive
Ini ngak ada rate on yah? Soalnya pas gacha ellen di pity 80 kok ngak dapet!,rate on pas gacha ellen pity,Positive,Negative
"Pas ingame mah lancar² aj kaya battle trus gacha dan sebagainya, cuma ya itu mapny HITAM bjir...",pas ingame mah lancar battle gacha mapny hitam bjir,Negative,Negative
Rate gacha ampas,rate gacha ampas,Negative,Negative
yasssss,yas,Positive,Positive
"Untuk saat ini B4 dulu. Untuk FPS tolong dioptimalkan lagi masih sering drop FPS, padahal di game kakak-kakaknya lancar (grafik tinggi 60 fps) sedangkan ini grafik medium 60fps sering drop. Semoga bisa dioptimalkan lagi, dan JANGAN KIKIKIR YAAA GAME BAIKKK..... 😁",fps tolong optimal drop fps kakakkakaknya lancar grafik tinggi fps grafik medium fps drop moga optimal kikikir,Negative,Negative
"Saran untuk optimalisasi untuk beberapa device walau mempunyai spesifikasi yang memumpuni tapi suka terjadinya limit di 20fps, saya menggunakan dimensity 8350 Ultimate untuk bermain hanya sebentar stabil nya padahal hp pun tidak panas / hangat karna saya pakai cooler, sudahdi hapus chace dan file vulkan bisa membantu tapi nanti akan kembali tidak stabil game nya",saran optimalisasi device spesifikasi mumpuni suka limit fps dimensity ultimate main sebentar stabil hp panas hangat pakai cooler sudahdi hapus chace file vulkan bantu stabil,Negative,Negative
"Untuk game ini bagus menurut aku bagus malahan grafik ok 😈 game paly bagus, tapi pas game pertama kali rilis gk bisa download tunggu sampai updates 1.1 , kenapa lah hoyo padahal main game ini cuma incar Ellen Joe sama zhu yauan tapi kenapa harus tunggu 🥲 , saran aku sih jika org gk bisa dapat karakter Ellen ama Zhu minimal ada pahse 2 biar enak 🙏😄🗿, segitu aja dulu, emang game terbaik sih gk kaku lagi, jujur agak kecewa 😞, 🙏😄",bagus bagus grafik ok paly bagus pas rilis download tunggu updates hoyo incar ellen joe zhu yauan tunggu saran karakter ellen zhu minimal pahse biar segitu baik kaku jujur kecewa,Positive,Positive
"Setelah update di play store tidak bisa memasuki permainan ini,di katakan bahwa perangkat tidak kompatibel..maaf🙏,padahal permainan ini lancar saat versi sebelumnya",update play store pasuk main inidi perangkat kompatibelmaafpadahal main lancar versi,Negative,Negative
Untuk game ini tolong loading game nya cepetin biar saya bisa main aku liat liat game nya keliatan seru tapi loading nya lama banget sampe Ampe bisa nunggu 2jam kalo gak 1jam lebih udah itu aja teruntuk Dev nya tolong ya maaf atas kerepotanya,tolong loading cepetin biar seru loading tunggu jam jam untuk dev tolong maaf kerepotanya,Negative,Negative
Minimal dialog gerak dikit minimal prolog di animasikan apa coba suruh baca komik 18Gb download cuman dpt komik?? 18gb itu buat render tektek,minimal dialog gerak dikit minimal prolog animasi coba suruh baca komik gb download cuman komik gb render tektek,Negative,Negative
game casual seru,casual seru,Positive,Positive
terimakasih game baik walau akun ku selalu hard pity + blm pernah menang rate off yasudah lah,terimakasih akun ku hard pity menang rate off yasudah,Negative,Negative
kikir nih game tiap rate off terus aja rate off ga pernah menang sama kaya genshin di awal awal rilis,kikir rate off rate off menang genshin rilis,Negative,Negative
"Terjadi masalah pada cutscane story utama yang dimana hilangnya BGM di bagian cutscane tersebut sedangkan voice over karakter di dalam cutscane tersebut masih ada. Hal tersebut membuat saya jadi males buat lanjutin story utamanya ini, karena saat terjadi cutscane epik saya hanya bisa mendengar karakter di dalam cutscane tersebut bicara sedangkan bagian BGM ini tidak ada sama sekali dan saya sudah coba download ulang untuk bagian data dari game ini namun masih sama saja",cutscane story utama mana hilang bgm cutscane voice over karakter cutscane malas lanjut story utama cutscane epik dengar karakter cutscane bicara bgm coba download ulang data,Negative,Negative
"game ny bagus animasi ny mulus,bagus,dan gampang.cerita ny aku suka banget semua ny aku suuuuuukaaaaaa thanks hoyoverse☺️☺️☺️☺️☺️😊",bagus animasi mulusbagusdan gampangcerita suka suka thanks hoyoverse,Positive,Positive
sangat menyenangkan dan menghibur dengan jiggle physic nya😋,senang hibur jiggle physic,Positive,Positive
dev...saran dikit nih buat beberapa tempat yg ada efek miasmanya di optimalin lagi dong atau untuk beberapa efek battle yg luar biasa Jedar jedor itu juga butuh peng optimalan gw udah yg paling bawah grafiknya perasaan masih ada aja frame drop nya pliss ya Dev cakep banget nih game gw ngikutin dari awal rilis btw🗿🗿🗿,devsaran dikit efek miasma optimalin efek battle jedar jedor butuh peng optimal grafik asa frame drop pliss dev cakep ikut rilis btw,Negative,Negative
minn ko aku gdpt bansos gacha baner limit min😿😿 tolong dong minn,minn gdpt bansos gacha baner limit min tolong minn,Negative,Negative
panjang umur game pembaik,umur baik,Positive,Positive
Yang sering login gak bisa atau macet di login optimasi . Brrti devicemu aja yang kurang memadai . Di gua pc hp lancar2 aja . Dan untuk optimasi itu biar gamenya tetep bagus dan minim bug . Hadehh ngeluh mulu,login macet login optimasi devicemu pada gua pc hp lancar optimasi biar bagus minim bug hadehh ngeluh mulu,Negative,Negative
Map hitam,map hitam,Negative,Negative
"Optimalisasi kurang, Snapdragon 7 gen 3 sudah tidak kuat. Padahal dengan area dan peta yang tidak terlalu luas harusnya bisa lebih baik.",optimalisasi snapdragon gen kuat area peta luas,Positive,Negative
gamenya seru,seru,Positive,Positive
panjang umur game baik🥰,umur,Negative,Negative
Nice tinggal nunggu bansos lagi 🫡,nice tinggal tunggu bansos,Negative,Positive
Keren,keren,Positive,Positive
"suka banget sama game ny, dari visual bergaya anime, gameplay yg sangat menarik, dan yg paling kusuka dari mekanisme ""parry"" yg sangat satisfying🤩🤩",suka visual gaya anime gameplay tarik suka mekanisme parry satisfying,Positive,Positive
Mohon maaf saya memberi rating 3. Setelah update patch di beberapa perangkat smartphone mengalami patah2 saat battle. Mohon untuk segera di tangani 🙏🏼🙏🏼🥲🥲,maaf rating update patch perangkat smartphone alami patah battle tangan,Negative,Negative
ampass gacha,ampass gacha,Positive,Positive
Kenapa gacha saya ampas di gim hoyo? 😔,gacha ampas gim hoyo,Negative,Negative
Saya stuck di loading 70% dan crash padahal device saya bagus,stuck loading crash device bagus,Negative,Negative
Ok,ok,Positive,Positive
"Five star deserved to the developer, this latest update is way batter than before",five star deserved the developer this latest update is way batter tahan before,Negative,Negative
kita harus memiliki keyakinan yang BESAR~,milik yakin,Positive,Positive
Perangkat tidak kompatibel padahal hp saya sudah memadai,perangkat kompatibel hp pada,Negative,Positive
Buat yg bermasalah kemungkinan karena spek hp klen atau settingan grafik klen,masalah spek hp settingan grafik,Negative,Negative
"Banyak banget bug nya, baru sehari main langsung hapus. Baru tau hoyo bisa bikin game gagal, perbaikin lagi!!",bug hari hapus tau hoyo bikin gagal baik,Negative,Negative
"besar banget donwload datanya, 18gb😭😭😭",donwload data gb,Negative,Negative
GAME DERMAWAN SETELAH HSR,dermawan hsr,Positive,Positive
"game nya seru dan asik, dari segi cerita, grafik, VA, subtitle, animasi, dll itu sudah bagus dan memuaskan. Saya juga belum pernah menemukan bug"" juga. saran dari saya sih utk dapetin bahan"" utk upgrade karakter/w-engine/skill di permudah karena saya merasa agak pelit soalnya ada batre yg isinya lama ditambah bahan yg didapatkan hanya sedikit jadi makin lama. Sama perbanyak event berhadiah polychrome supaya rajin gacha wkwk. Satu lagi mode explore yang TV"" itu sangat membosankan bagi saya.",seru asik segi cerita grafik va subtitle animasi dll bagus muas temu bug saran bahan upgrade karakterwengineskill mudah pelit batre isi tambah bahan dapat banyak event hadiah polychrome rajin gacha wkwk mode explore tv bosan,Negative,Negative
Uwasik pol,uwasik pol,Negative,Positive
Coba dulu,coba,Negative,Negative
I Love This Game,love this,Positive,Positive
"saya tidak bisa login kembali ke akun saya yang bernama Fujimiya karena email yang terkait telah di hack oleh seseorang, apakah ada cara lain agar bisa login kembali min?🙏",login akun nama fujimiya email kait hack login min,Negative,Negative
"Overall aku suka bgt dgn gameplaynya,story,explorasi,dll cmn yg agak mager di mode tv-nya aj dan tambahin juga dong mode co-op di bos mingguan GK cuman di co-op arkade doang",overall suka gameplaynyastoryexplorasidll cuman mager mode tvnya tambah mode coop bos minggu cuman coop arkade doang,Positive,Positive
Game keren,keren,Positive,Positive
loading screen ny cukup lama dan agak framedrop pas battle tolong optimalisasi pada android,loading screen framedrop pas battle tolong optimalisasi android,Negative,Negative
GAME BAIK YANG SANGAT WEW,wew,Positive,Positive
"Jangan main ini game. Udah gacha busuk, penuh dengan scam.",gacha busuk penuh scam,Negative,Negative
great game,great,Positive,Positive
"bansos banyak tapi gatchanya busuk banget, mentok pity mulu",bansos gatchanya busuk mentok pity mulu,Negative,Negative
"Yatuhan, gk kuat 64gb buat nampung 15gb lagi, padahal mau Ellen😭",yatuhan kuat gb nampung gb ellen,Negative,Negative
"sejauh ini sudah sangat bagus, mulai dari keunikan yang berbeda dari game hoyoverse yang lain dan mekanisme yang beragam, semua sudah bagus, untuk saran, kedepannya diharapkan semoga menambah konten-konten penjelajahan atau mempermudah mencari material tertentu, karena menurut saya sebagai pemain yang sudah mencapai akhir cerita saat ini, sangat susah mencari bahan material untuk mengembangkan agen, mungkin itu saja untuk saat ini, pokoknya overall sudah bagus, good job hoyoverse!!",bagus uni beda hoyoverse mekanisme agam bagus saran depan harap moga tambah kontenkonten jelajah mudah cari material main capai cerita susah cari bahan material kembang agen pokok overall bagus good job hoyoverse,Negative,Negative
"Tolong tombol untuk menghindar agak delay, jadi tolong diperbaiki",tolong tombol hindar delay tolong baik,Negative,Negative
"tolong jangan kayak gini hoyo, design karakter kalian istimewa mau pun cewek atau cowok, tapi seimbangkanlah perilisan karakter cowok rank S padahal itu yang membuat game kalian populer di dalam cerita maupun event tertentu 😞",tolong hoyo design karakter istimewa cewek cowok imbang rilis karakter cowok rank populer cerita event,Negative,Negative
Gameplay seru dan design karakter-karakter yang sangat bagus,gameplay seru design karakterkarakter bagus,Positive,Positive
i love zzz,love,Positive,Positive
"Tolong turunin size gamenya :( besar banget bahkan lebih besar dari honkai star rail dsb... Tolong zenlesss mihoyo , biar bisa main terusan aku",tolong turunin size honkai star rail dsb tolong zenles mihoyo biar terus,Negative,Negative
Suka combatnya sih untuk cerita saya ga terlalu menikmati soalny sibuk kerja juga ga fokus ke cerita,suka combatnya cerita nikmat soalny sibuk fokus cerita,Negative,Negative
semangat min. yang sabar juga ngadepin komen² yang padahal ada solusinya 😅,semangat min sabar ngadepin komen solusi,Positive,Positive
Gooner game😹,gooner,Positive,Positive
tolong optimalisasi di mobile di perbaik lagi,tolong optimalisasi mobile baik,Positive,Positive
mantap emang,mantap,Positive,Positive
Game yang menyenangkan tapi perlu lebih balance di bagian grafik,senang balance grafik,Positive,Positive
"maaf nih kok semenjak update ini game malah sering frame drop, padahal sebelumnya dengan setingan yg sama aman aman aja bahkan saat fight juga aman, tolong perbaiki",maaf semenjak update frame drop ting aman aman fight aman tolong baik,Negative,Negative
ribet mesti jalankan misi harian,ribet mesti jalan misi hari,Negative,Negative
The gameplay is relaxing and fun so I hope this game continues to develop and update more unique characters 😹,the gameplay is relaxing and fun sok hope this continues develop and update more unique characters,Negative,Positive
fun game,fun,Positive,Positive
Ellen nya loh rek besar bet🤓,ellen loh rek,Positive,Positive
Alamak good game,alamak good,Positive,Positive
Sistem di gacha selalu bikin sakit hati udah lelah lelah ngumpulin buat gacha character pasti kalah rate off dan juga pitynya selalu di 77 keatas semua,sistem gacha bikin sakit hati lelah lelah ngumpulin gacha character kalah rate off pitynya atas,Negative,Negative
baguss bangett game nyaa,bagus,Positive,Positive
"mengesampingkan spek minimum device, game ini benar-benar dapat dinikmati sebagai player f2p dan yang tidak terlalu mengejar meta. Dengan powercreep yang tidak terlalu cepat seperti kakak-kakaknya, membuat sebagian besar character di zzz masih relevan tiap patch ke patch. Sejauh ini, zzz masih bisa dikategorikan sbg game baik, bansosnya lancar, polychrome yang bisa didapatkan cukup stabil. Meski begitu, buat new player zzz itu cukup try hard buat story awal-awal",samping spek minimum device benarbenar nikmat player fp kejar meta powercreep cepat kakakkakaknya character relevan patch patch kategori bansosnya lancar polychrome dapat stabil new player try hard story awalawal,Negative,Positive
"bintang 5,aku suka susu",bintang suka susu,Negative,Positive
Jembut rate gacha sangat ampas,jembut rate gacha ampas,Negative,Negative
game tolol,tolol,Negative,Negative
Game Kerenn 😎,keren,Positive,Positive
vergil daughter is too strong dawg,vergil daughter is too strong dawg,Positive,Positive
Story ampas banget sumpah,story ampas sumpah,Negative,Negative
"asli ni akun w Napa hoyo, kalah rate off 3x berturut turut, gda fitur kek capturing kah, sumpah keras banget. ga hsr ga ini sama sama busuk akun w, sumpah hoyo kasih menang rate off lah, cape kalah Mulu, nyiksa batin doang dah lah",asli akun hoyo kalah rate off fitur capturing kah sumpah keras hsr busuk akun sumpah hoyo kasih menang rate off capek kalah mulu nyiksa batin doang deh,Negative,Negative
"makasih sudah mendengarkan, dan untuk sekarang sudah aman",terima kasih dengar aman,Positive,Positive
Gue paling suka gameplay game ini. Tolong adain open world supaya lebih seru. Mantap,suka gameplay tolong ada open world seru mantap,Positive,Positive
bagus tapi aku juga dapet karakter Evelyn itu bagus tapi bolehkah downloadnya sampai 2 kali ini sama aja sama honkai impact 3 lama banget download-an nya,bagus karakter evelyn bagus downloadnya honkai impact downloadan,Positive,Positive
Bagus,bagus,Positive,Positive
karna gw sepuh wkwk,sepuh wkwk,Negative,Positive
jadi ke inget main persona 5 royal tampilan dan animasinya🥰🥰,persona royal tampil animasi,Negative,Negative
"tolong jangan fokus di konten atau event nya saja, peforma game nya di pikirkan lah ini buruk sekali terkadang force close sendiri di beberapa device, banyak teman temanku bilang gamenya buruk peforma",tolong fokus konten event forma pikir buruk terkadang force close device teman teman bilang buruk forma,Negative,Negative
Sehat-sehat game baik,sehatsehat,Positive,Positive
intinya zenless tuh terlalu perfect lah untuk sebuah game👍,inti zenless tuh perfect,Positive,Positive
"Tolong diperbaiki, untuk sekarang saya tidak bisa bermain dengan lancar. FPS maksimal kena di 27 padahal kemaren sebelum update kena di 60",tolong baik main lancar fps maksimal kemarin update,Negative,Negative
"Pengalaman Bermain Yang Menyenangkan Dan Seru Kadang Tegang Banget Main Game ini dan kadang greget lihat battlenya Dan jugaCutscene?10/10 Keren Banget Serasa Nonton anime Xixi.Selebihnya Nice Semua,Bansos Ada,Dan Mungkin ada beberapa gameplay yang ribet karna sedang menyesuaikan :) Overall 10/10",alam main senang seru kadang tegang kadang greget battlenya jugacutscene keren serasa tonton anime xixiselebihnya nice semuabansos adad gameplay ribet sesuai overall,Positive,Positive
Visual game nya eyecatching banget👍,visual eyecatching,Positive,Positive
Capek rate off di high Pity mulu langsung males main lagi berujung uninstall I'm really tired of collecting 80 master tapes in case it ends up being a rate off,capek rate off high pity mulu malas ujung uninstall im really tired of collecting master tapes case ends up being rate off,Negative,Negative
"Animasi bagus,story bagus,battlenya apalagi bagus bgt.Tapi sayang mood main udah ilang duluan gara2 kebanyakan eksplorasi tv.terlalu banyak animasi,npc nya juga kebanyakan ngomong.player mau gerak terbatasi banget,lebih kebanyakan disuruh nonton animasi2 sama npc ngobrol gak penting ketimbang kita yg main.Kita instal ini game buat dimainin,bukan buat ditonton.Ntah apa isi fikiran dev nya,udah di protes dari tahap beta masih aja di bagian tv kebanyakan ngobrol sama animasi.",animasi bagusstory bagusbattlenya bagus bgttapi sayang mood hilang duluan gara banyak eksplorasi tvterlalu animasinpc banyak ngomongplayer gerak batas bangetlebih banyak suruh tonton animasi npc obrol ketimbang mainkita instal dimaininbukan ditontonntah isi pikir dev nyaudah protes tahap beta tv banyak obrol animasi,Negative,Negative
Peak,peak,Positive,Positive
"Makasih udah bikin karakter secantik Yanagi, dan makasih juga udah bikin karakter seimut Burnice.",terima kasih bikin karakter cantik yanagi terima kasih bikin karakter seimut burnice,Positive,Positive
ZZZ NICE GAME,nice,Positive,Positive
"Tolong Saat Update Kedepannya, buat game ini lebih ringan, agar ramah untuk banyak orang dan ramah untuk berbagai device, dan tolong agar kedepannya zzz tidak memakan banyak ruang penyimpanan, bisa dibuat fitur atau apa yang mengecilkan size game ini, tapi yang paling penting adalah game ini dibuat lebih ringan, Sekian Terima Kasih.",tolong update depan ringan ramah ramah device tolong depan makan ruang simpan fitur kecil size ringan sekian terima kasih,Negative,Negative
gem nya tidak bagus karena pas masuk Layar nya hitam semua,gem bagus pas layar hitam,Positive,Negative
"ekhmm bisa dibiliang f2p lah beda dari 2 game se dev, tapi rada kikir🗿",ekhmm dibiliang fp beda dev rada kikir,Positive,Positive
Game boring,boring,Negative,Negative
"gak sesuai banner gacha nya terus-terusan , malah makin berat lg.",sesuai banner gacha terusterusan berat,Negative,Negative
"woy hoyo halaman login google/Facebook nya di gw kok empty padahal di salah satu akun google nya udah bagus semua, tolong gimana cara ngatasinnya",woy hoyo halaman login googlefacebook empty salah akun google bagus tolong ngatasinnya,Negative,Negative
ratenya ZZZ banget,ratenya,Positive,Positive
Keren,keren,Positive,Positive
Untuk kedepannya saran saya tambahin fitur pose karakter saat di ajak foto donk biar gak cuman jadi patung doank itu sih yang saya inginkan ohh iya kalau bisa semoga ada kostum nikahnya miyabi dan coba buat fairy ada tubuh manusianya donk min soalnya gw cinta banget sama fairy apalagi fairy tipe gw banget soalnya gw suka yang besi besi hahaha semoga di baca yah makasih👏❤️,depan saran tambah fitur pose karakter ajak foto biar cuman patung doang oh iya moga kostum nikah miyabi coba fairy tubuh manusia min cinta fairy fairy tipe suka besi besi hahaha moga baca terima kasih,Positive,Negative
"Ini geme bagus bangat sih,aku tau karna yutuber minikraft baww ,ku kasih bingtang 5 semoga kedepan nya lebih banyak karakter dan mep nya😊",geme bagus sihaku tau yutuber minikraft baww ku kasih bingtang moga depan karakter mep,Positive,Negative
"Gamenya bagus tapi gasesuai ekspektasi aja, kupikir ini game open world seperti genshin , eh ternyata engga",bagus gasesuai ekspektasi pikir open world genshin eh,Negative,Negative
"Tolong untuk mihoyo tercinta, optimalkan game ini untuk hp mid range ke bawah karena masih agak lag,tolong yaa,love you mihoyo 😍🥰😚",tolong mihoyo cinta optimal hp mid range lagtolong yaalove you mihoyo,Positive,Positive
seru,seru,Positive,Positive
setelah update 2.0 kenapa main di hp cepet panas ya,update hp cepat panas,Negative,Negative
"game bagus, perpaduan santai dan combat yang seru! grafiknya manjain sih.",bagus padu santai combat seru grafik manja,Positive,Positive
"manato A rank? seriously? and made some random characters steals the spotlight instead? everyone know better that manato is loved by the community, and you guys decided to make him A rank..?",manato rank seriously and made some random characters steals the spotlight instead everyone know better that manato is loved by the community and you guys decided pakai him rank,Negative,Positive
keren,keren,Positive,Positive
Tolong dong di optimalkan lagi buat perangkat yg ram 4 sama tolong ukuran nya Jangan di gede gedein lagi udah cukup segitu saja 🙏🏻,tolong optimal perangkat ram tolong ukur gede gedein segitu,Negative,Negative
Ada bug black screen bwang,bug black screen bwang,Negative,Negative
bagus! pelepas stress,bagus lepas stres,Negative,Positive
"Tq hoyo, luck banget gw di game ini😂, soft pity trs, nah gitu donk hoyo jangan pelit pity ke player🗿",tq hoyo luck soft pity hoyo pelit pity player,Positive,Positive
Zenless Zone Zero Bagus Sekali & Seru Sekali👍👍👍,zenless zone zero bagus seru,Positive,Positive
"Game nya bagus kok tapi ada yang kurang layar awal nya tolong diperbaiki yah soal nya kemarin aku pas masuk tiba tiba lag aku matiin hp nya tiba tiba gak bisa nyala hp nya pas dinyalain cuman ada cahaya hp ane tolong diperbaiki yaahhh, tapi bagus kok game nya aku kasih 5 bintang 👌,,eehhh tapi sekarang aku gak bisa masuk pas loading tiba2 keluar,,😭😭😭😭kok aneh gw gak bisa main game di hp ku ngebag,,,, tolong diperbaiki pls yaahh 😭😭😭.",bagus layar tolong baik kemarin pas lag matiin hp nyala hp pas dinyalain cuman cahaya hp ane tolong baik bagus kasih bintang eeh pas loading keluarkok aneh hp ku ngebag tolong baik pls,Negative,Negative
"cukup bagus, dan gampang buat ngumpulin ticket gacha, tapi game ini membuat HP ku cepat panas saat game ini dimainkan, tolong optimalkan suhunya, jangan buat terlalu panas dan berat",bagus gampang ngumpulin ticket gacha hp ku cepat panas main tolong optimal suhu panas berat,Negative,Negative
Tolong banget tambahin keyboard dan mouse untuk gameplay yang versi mobile Kalau di tambahin saya kasi bintang lima,tolong tambah keyboard mouse gameplay versi mobile tambah kasih bintang,Positive,Positive
enjoy,enjoy,Positive,Positive
good game,good,Positive,Positive
"aku turunin bintangnya, GPU PowerVR memang seampas itu kah? chipset udah kenceng Dimensity 7025 ultra, cuman gara gara GPUnya TOLOL jadi kena limit texture sama Frame drop mulu, tolong segera diperbaiki ya min, biar semua kalangan bisa menikmati game kalian",turunin bintang gpu powervr ampas kah chipset kencang dimensity ultra cuman gara gara gpunya tolol limit texture frame drop mulu tolong baik min biar kalang nikmat,Negative,Negative
"Gamenya bagus, tpi terlalu pay to win masa sihh aku spin dptnya di hard pity truss, beneran harus sampe yg jaminan dpt SSR tier char yakali lahh, hidupku tu bukan cuman buat main game doang aku juga ada kegiatan lain yakali aku harus nolep cuman buat dptin 1 char doang hbis tu pas udh dpt jaminan dikasih char yang tdk sesuai banner kan taii",bagus pay win spin dapat hard pity truss benar jamin ssr tier char yakali hidup cuman doang giat yakali nolep cuman dptin char doang habis pas jamin kasih char sesuai banner taii,Negative,Negative
KASIH AJA HARD PITY TERUS. PADAHAL GUA SERING SPEND. DARI AWAL MAIN SAMPEK BANNER SKRNG GAADAAA WIN RATE OFFF 1X WIN AJA GAADA AMA SEKALI. MAKSUD LU PAAN SISTEM GACHA SEAMPAS INI. GAJELAS SISTEM GACHA LU HOYO. UDAH KENA HARD PITY TERUS GA PERNAH WIN. SISTEM GACHA AMPASSSSSSSSSSSSSSSS. CAPEK. EMNG DARI DULU SISTEM GACHA LU AMPAS GA DI GENSHIN. HSR. AMPASIN AJA SEMUA. UDAH MUAAKKKKKKKKKKKKK,kasih hard pity gua spend banner win rate of win paan sistem gacha ampas sistem gacha hoyo hard pity win sistem gacha ampas capek sistem gacha ampas genshin hsr ampasin muaak,Negative,Negative
"sangat bagus, dan ada karakter kesukaan saya🤗",bagus karakter suka,Positive,Positive
"I watched the latest video, tf new design outfit lady sun bro😭 Why does the design of the chest area have to be visible? Does it always have to be fanservice, huh? Please redesign it🥺🙏",watched the latest video tf new design outfit lady sun bro why does the design of the chest area have be visible does always have be fanservice huh please redesign,Negative,Negative
"Story nya bagus, banyak minigame menarik ama misi sampingan yang gak ngantuk. tapi ya gitu, sistem gacha nya. udah grinding mati matian dapet nya malah karakter tier S yang sama sekali gak kubutuhkan, nyari polychrome disini susah nya bukan main, bener bener harus tryhard parah buat dapetin polychrome yang banyak. Event juga kebanyakan boring ama gak menarik, cuma sebagian doang yang seru. udah gitu design char yang sekarang juga parah, gak kayak char terdahulu yang nyatu ama tema di game.",story bagus minigame tarik misi samping ngantuk sistem gacha grinding mati mati karakter tier butuh cari polychrome susah tryhard parah polychrome event banyak boring tarik doang seru design char parah char nyatu tema,Negative,Negative
untuk segi story udah bagus cukup bagus ....di divice ram 6 udah cukup worthit walau pun saat ultimate sedikit frame drop....kendala utama kenapa cahce dari story lama klo di hapus pas login lagi dia ke download lagi yah? tolong developer untuk data story lama nya bisa di hapus atau di download sesuai player nya dong. soalnya saat di hapus pas login lagi dia dowload lagi berhubungan storagenya yang lumayan gede loading screen nya juga lama. dimohon developer untuk meminimalkan penyimpanan👏,segi story bagus bagus divice ram worthit ultimate frame dropkendala utama cahce story hapus pas login download tolong developer data story hapus download sesuai player hapus pas login dowload hubung storagenya lumayan gede loading screen mohon developer minimal simpan,Negative,Negative
Game baru waifu baru😍,waifu,Positive,Positive
teruntuk hp kentang di usahakan jangan download ini game! yang bisa menyebabkan koar2 kasih bintang 1 padahal hp eluh nya aja kentang tll.,untuk hp kentang usaha download sebab koar kasih bintang hp eluh kentang tll,Negative,Negative
Hosimi Miyabi>_<,hosimi miyabi,Positive,Positive
Game sangat buruk tidak dapat di mainkan ghensin impact aja yang 25 gb lebih masih suport untuk di mainkan sedangkan sampah ini tidak dapat dj mainkan sama sekali,buruk main ghensin impact gb suport main sampah dj main,Negative,Negative
"Baru beli hp baru trus download game ini dan setting rata kanan, Damnn hoyo sedang memasak 🔥🔥🔥",beli hp download setting rata kanan damnn hoyo masak,Negative,Negative
"gamenya bagus, mekaniknya ok, karakternya Alamak, storynya bagus. tapi agak ngeframe dikit",bagus mekanik ok karakter alamak storynya bagus ngeframe dikit,Positive,Positive
Add a new agent that has a whip for a weapon,new agent that has whip for weapon,Positive,Positive
Yemss,yemss,Positive,Positive
BigblackNigaboy,bigblacknigaboy,Positive,Positive
"Baru juga main udah bug, map hitam semua ga keliatan apa apa, tolong di fix secepatnya",bug map hitam tolong fix cepat,Negative,Negative
"woi baikin servernya lah, masa gw login google/FB muter mulu",woi baikin servernya login googlefb muter mulu,Negative,Negative
"This game is great, i like it. But I have to regret that i didn't choose Wise to being the MC. So would the developer give me a change/opportunity to rechoose the MC without restart the account? Hope you reply this feed.",this is great like but have regret that didnt choose wise being the mc sok would the developer give me changeopportunity rechoose the mc without restart the account hope you reply this feed,Positive,Positive
"baru install, gacha banner Hanabi & langsung dikasih rate off di 80 kali pull, langsung uninstall Wak🙈",install gacha banner hanabi kasih rate off pull uninstall wak,Negative,Negative
Ok,ok,Positive,Positive
1.4 is beyond absolute cinema. Big improvement for all aspect. Thanks for adding dating simulator.,is beyond absolute cema big improvement for all aspect thanks for adding dating simulator,Negative,Negative
A game that change my entire life🤩,that change my entire life,Negative,Positive
"i love this game and play since debut release, but now in 2.2 i feel so much powercrept, even miyabi don't giva a damage to a boss in critical node, i Will gonna leave this game if patch 2.3 still like that",love this and play since debut release but now feel sok much powercrept even miyabi dont giva damage bos critical node will gon na leave this if patch still like that,Positive,Positive
Bansosnya agak kurang,bansosnya,Positive,Positive
"Harapan saya untuk game ini adalah perbanyak lagi karakter nya dan ceritanya, dan dibuat agar kita bisa bermain bersama teman untuk melawan bos"" Nya, serta adanya fitur chat dengan teman dalam battle sehingga lebih mudah untuk mabar, itu aja sih menurut saya, selebihnya ini game keren banget, dan tidak ngebosenin",harap banyak karakter cerita main teman lawan bos fitur chat teman battle mudah mabar lebih keren ngebosenin,Negative,Negative
bagus,bagus,Positive,Positive
game ini peak sekali bansos besar walaupun hoki hokian kalau gacha nya tapi overall dari segi fight bagus smooth banget cerita prolog lumayan lama tapi oke banget dialog nya gak kaku bagus lah untuk bos sesuai kemampuan masing-masing kalau lu ngestack atau gak bisa kalah kan bos nya itu bukan bos nya yang op tapi lu nya aja yang skill issue overall game ini bagus banget,peak bansos hoki hoki gacha overall segi fight bagus smooth cerita prolog lumayan oke dialog kaku bagus bos sesuai mampu masingmasing ngestack kalah bos bos op skill issue overall bagus,Negative,Negative
gg gaming Ada hoshimi miyabi,gaming hoshimi miyabi,Positive,Positive
"HOYOO, HUGO RERUN PLSSS. MAKASIH ❤️",hoyoo hugo rerun pls terima kasih,Positive,Positive
"bagus bgt game nya, dr semua game hoyo ini yg paling best lah power creep sejauh ini sehat, story best, charnya juga bagus bagus, bansos pa lagi lancar jaya. good buat developer ni game. minus nya ya mungkin device emang harus agak high buat mainin ni game biar ga lag😆😆",bagus hoyo best power creep sehat story best charnya bagus bagus bansos lancar jaya good developer minus device high mainin biar lag,Positive,Positive
makin hari makin berat buat dimainkan di handphone. Piper soukaku ju fufu,berat main handphone piper soukaku ju fufu,Negative,Negative
"Gamenya menarik tapi yang membosankan itu pas Waktu di TV² selebihnya bagus cuma bug saya gapernah ngalamin,semoga ga kikir",tarik bosan pas waktu tv lebih bagus bug ngalaminsemoga kikir,Positive,Positive
Bagus,bagus,Positive,Positive
stuck saat update versi terbaru,stuck update versi baru,Negative,Negative
Bagus cerita gampang masuk di otak banyak bonsos gameplay seru musik bagus,bagus cerita gampang otak bonsos gameplay seru musik bagus,Positive,Positive
Game udah bagus . cuma harus lebih dioptimalkan lagi di perangkat hp,bagus optimal perangkat hp,Positive,Positive
"Game bagus hanya saja tidak kompatibel dengan HP saya jadi saya main di PC, semoga di masa depan bisa dioptimasi lagi",bagus kompatibel hp pc moga dioptimasi,Positive,Positive
Bikin Ngantuk gamenya,bikin ngantuk,Negative,Negative
"min kenapa versi terbaru malah berat banget, terlalu makan ram pdahal ram 12gb tapi saat d ingame tiba2 suka ngcrash, tolong perbaiki min",min versi baru berat makan ram ram gb ingame suka ngcrash tolong baik min,Negative,Negative
"Lebanyakan dialog ngantukkk,",lebanyakan dialog ngantuk,Negative,Negative
Untuk segi grafik sama gameplay emang bagus dan menarik tetapi ada kekurangan nya nyaitu sering keluar sendiri saat dimain kan tolong pihak developer segera diperbaiki secara cepat karena bisa mempengaruhi segi gameplay dari para player yang sedang bermain,segi grafik gameplay bagus tarik kurang nyaitu main tolong developer baik cepat pengaruh segi gameplay player main,Negative,Negative
Awesome,awesome,Positive,Positive
baru anniversary 1 tapi sangat buruk di pra-unduh malah nge stack gmn sii updatenya malah makin kacau,anniversary buruk praunduh nge stack updatenya kacau,Negative,Negative
"Sejauh ini sangat bagus, tetapi agak sedikit ngelag ketika membuka pintu dan ketika sedang di mode tidak bertarung. TV Mode kalau bisa dikurangi agar tidak bosan dan cepat mengantuk ketika sedang dimainkan. Jangan terlalu sering update agar tidak memenuhi penyimpanan device",bagus ngelag buka pintu mode tarung tv mode rang bosan cepat antuk main update penuh simpan device,Negative,Negative
Hoyovers kok susah banget login nya ya tolong di perbaiki,hoyovers susah login tolong baik,Negative,Negative
Cihuy,cihuy,Positive,Positive
game seru tp hpku gak kuat... mungkin nanti klo aku ganti device bakal comeback,seru hpku kuat ganti device comeback,Negative,Negative
"Bagus Deng game nya , dari pada kakak yg tua tuh pelit kikir pula",bagus deng kakak tua tuh pelit kikir,Negative,Positive
Kok saya tidak bisa download padahal perangkat ku sudah versi terbaru?,download perangkat ku versi baru,Negative,Negative
"suka banget si sama mekanik battle di game ini, grafiknya juga menarik",suka mekanik battle grafik tarik,Positive,Positive
"pretty good , I rate 5 star, so please let me win 50-50",pretty good rate star sok please let me win,Positive,Positive
kekikiran zona 0 kikir!!,kikir zona kikir,Positive,Positive
"Game smph, gacha ampas mulu, udh cape2 lama2 kumpulin resource buat gacha, sia sia aja",smph gacha ampas mulu capek kumpulin resource gacha sia sia,Negative,Negative
dipaksa pensi sama device,paksa pensi device,Negative,Negative
terlalu sering force close,force close,Negative,Negative
What the sigma,what the sigma,Positive,Positive
"I found whether it was a bug or not when I played using a Xiaomi 12T device using a controller, there were no problems at all in terms of game control. but when I tried to play using the Xiaomi 14T Pro using the same controller a delay occurred in the game and it was really uncomfortable because the controller I was using was still the same and there were no problems when I tested with the DS4 tester. I hope HOYOVERSE sees my review and tries to fix this problem Overall this game is great 👍",found whether was bug not when played using xiaomi device using controller there were no problems at all terms of control but when tried play using the xiaomi pro using the same controller delay occurred the and was really uncomfortable because the controller was using was still the same and there were no problems when tested with the ds tester hope hoyoverse es my review and tries fix this problem overall this is great,Negative,Negative
Tolong benarkan sistem gacha nya jangan pelit pelit lah masa game Honkai impact aja ga pelit dari sistem gacha nya tolong benarkan lagi untuk developer Game gacha tahun sekarang udah ga zaman pelit pelit gacha kalau mau rame game nya,tolong benar sistem gacha pelit pelit honkai impact pelit sistem gacha tolong benar developer gacha tahun zaman pelit pelit gacha rame,Negative,Negative
jalan cerita dh makin gg cuman minus nya skrng dh sering force close tolong diperbaiki lagi biar ga menganggu player selesain misi/dll.,jalan cerita dah cuman minus dah force close tolong baik biar menganggu player selesain misidll,Negative,Negative
the best game,the best,Positive,Positive
"Gw main di Snapdragon 870 lancar sih, cuma pas buka toko sinyal & event suka terhenti dan force close. Berharap kedepannya ada perbaikan, jangan lupa kompensasinya jugaa wkwkw kalo udah membaik, rating gw naikin lagi...",snapdragon lancar pas buka toko sinyal event suka henti force close harap depan baik lupa kompensasi wkwkw baik rating naikin,Negative,Negative
mantap jos,mantap jos,Positive,Positive
kenapa tidak kompatible untuk perangkat saya,kompatible perangkat,Positive,Positive
"Najis, akun gw gacha all banner 70/80 smua taii ini gacha apa pick up si asww",najis akun gacha all banner taii gacha pick up asww,Negative,Negative
loading screen nya bisa dibuat lebih menarik nggak. Kadang bosen kalau mau log in,loading screen tarik kadang bosan log,Positive,Negative
bansos lancar gameplay bagus terutama desain karakter cewek sering sering kasih event yang bagus,bansos lancar gameplay bagus desain karakter cewek kasih event bagus,Positive,Positive
"game kurang optimal, masih suka frame drop, sama tambahin fitur matiin shadow dan lain lain agar tidak berat, devide sudah cukup mumpuni, jalandi kota aja serasa frame drop apalagi pas battle, tolong segera di optimalisasi",optimal suka frame drop tambah fitur matiin shadow berat devide mumpuni jalandi kota serasa frame drop pas battle tolong optimalisasi,Negative,Negative
"kenyang bansos, thx Dev zzz",kenyang bansos thx dev,Positive,Positive
Mantap bansos,mantap bansos,Positive,Positive
saya ga suka game ini karna sepupu saya,suka sepupu,Positive,Positive
Nice,nice,Positive,Positive
games with the worst gacha rates.,games with the worst gacha rates,Positive,Positive
"Sering force close, buka event force close, padahal gameplay nya agak lancar dan koneksi sinyal masih oke, tp kendala sama force close, tolong di perbaiki dan di kasih konpensasi, karena loading ke game itu mendingan agak lama",force close buka event force close gameplay lancar koneksi sinyal oke kendala force close tolong baik kasih konpensasi loading mending,Negative,Negative
"ada bug visual, efek chr malah jadi silau banget",bug visual efek chr silau,Positive,Negative
gacha kikir,gacha kikir,Positive,Positive
Mantap min,mantap min,Positive,Positive
Nice lah,nice,Positive,Positive
fight nya seru si,fight seru,Positive,Positive
mantap,mantap,Positive,Positive
"Untuk gamenya sudah bagus, dan saya apresiasi developer bisa porting game sekelas dan sebagus game PC seperti ini, namun saya mengalami masalah di mana setiap membuka menu gacha dan toko itu langsung mengalami frame drop hingga freeze dan akhirnya force close. Padahal grafik yang saya pakai itu rekomendasi dari sistemnya, dan itu membuat saya tidak nyaman bermain...",bagus apresiasi developer porting kelas bagus pc alami buka menu gacha toko alami frame drop freeze force close grafik pakai rekomendasi sistem nyaman main,Negative,Negative
untuk di android patah patah padahal SD 7 gen 4,android patah patah sd gen,Negative,Negative
Sugoii nee,sugoii,Positive,Positive
"size game tiap update makin besar, game makin berat",size update berat,Negative,Negative
Gacha nya lumayan ampas,gacha lumayan ampas,Negative,Negative
Seru,seru,Positive,Positive
Jane doe got them GYATTT💀💀💀 (bagus bnget gamenya sangat asik),jane doe got them gyat bagus asik,Positive,Positive
"Untuk pihak developer tolong ini gamenya kenapa ya, saya main lancar fps stabil jika mengalami frame drop turunnya paling dari 60 ke 40, tapi suara yang keluar dari gamenya pecah apalagi jika menggunakan dolby atmos suaranya tambah pecah, ini bug atau emang optimalisasinya jelek, dan gamenya juga kadang force close tolong diperbaiki masalahnya jangan didiemin doang dev.",developer tolong lancar fps stabil alami frame drop turun suara pecah dolby atmos suara pecah bug optimalisasi jelek kadang force close tolong baik didiemin doang dev,Negative,Negative
"Good game i like the combat and style ,i prefer this than genshin impact ,hm maybe about device problem or lag while in combat maybe developer can fix it ,but overall this good",good like the combat and style prefer this tahan genshin impact hm maybe about device problem lag while combat maybe developer can fix but overall this good,Negative,Positive
keren,keren,Positive,Positive
Keren,keren,Positive,Positive
not bad,not bad,Negative,Negative
"Keren,",keren,Positive,Positive
PERFECT! YG KASI BINTANG 1 FIX HP NYA KENTANK.,perfect kasih bintang fix hp kentank,Positive,Positive
Selalu mental kalo mau main game,mental,Positive,Positive
game baik bersize tinggi untuk gerakan animasi yang bagus,bersize tinggi gera animasi bagus,Positive,Positive
game gacha terbaik yg pernah gw mainkan 🥰,gacha baik main,Positive,Positive
"saya tidak bisa login ke akun saya, bisa bantu tidak?",login akun bantu,Negative,Negative
Baru maen aja langsung di kasih kalah rete of njirr parah banget,kasih kalah rete of anjir parah,Negative,Negative
"Sejauh ini, ini game dari mihoyo yang terbaik. Good job mihoyo 👍",mihoyo baik good job mihoyo,Positive,Positive
sehat sehat game baik,sehat sehat,Positive,Positive
Nice,nice,Positive,Positive
"aduhai ampas Mulu cik, jadi malas main",aduhai ampas mulu cik malas,Negative,Negative
"setelah bermain cukup lama dari mulai versi 1.0 sampai 1.9 tidak ada masalah tetapi semenjak update 2.0 sampai 2.5 banyak sekali masalah yang saya alami selaku player yang memainkan game ini .masalahnya bug keluar map,sering stack di in game ditampilan memuat konfigurasi data sering stack di 75,30% selain itu waktu saya bermain jaringan tiba tiba tidak stabil dan frame drop.itu saja keluhan dari saya mohon ditanggapi selaku developer zenless zone zero saya mohon lebih dioptimalin gamenya",main versi semenjak update alami player main bug mapsering stack tampil muat konfigurasi data stack waktu main jaring stabil frame dropitu keluh tanggap developer zenless zone zero dioptimalin,Negative,Negative
seruuuuu,seru,Positive,Positive
Game kikir,kikir,Positive,Positive
"Jujur saya kecewa dengan trailer PV Season 3, dimana desain awal lady Sun Bringer yang tertutup dan elegan serta bisa menampilkan aura berwibawa, namun sekarang malah jadi terbuka dan mengekspos banyak bagian tubuh. Saya harap developer bisa kembali seperti sedia kala saat patch 1.x di mana desain semua karakter yang beragam namun tertutup dan elegan, dan lebih menarik perhatian. Terimakasih 🙏",jujur kecewa trailer pv season mana desain lady sun bringer tutup elegan tampil aura wibawa buka ekspos tubuh harap developer sedia patch desain karakter agam tutup elegan tarik perhati terimakasih,Negative,Negative
Sering crash di samsung tab s9,crash samsung tab,Negative,Negative
"Nggak masuk akal susah banget game nya, ngebuild karakter sih sebenarnya masih gampang gampang aja tapi kalok pas mau ngerjain quest susah banget sumpah........ 😭😭😭😭😭😭, sistim gacha nya juga ngg ngotak banget, udah sih itu doang. sebenarnya game nya bagus aku suka tapi ya itu agak susah di mekanik nya aja, Oh iya ini game ""PAY TO WIN"" ya Btw... Jadi nggak usah berharap lebih...😁",akal susah ngebuild karakter gampang gampang pas ngerjain quest susah sumpah sistim gacha ngotak doang bagus suka susah mekanik oh iya pay win btw harap,Negative,Negative
"setiap lagi memuat konfigurasi data, selalu stuck di angka 72,05% dan alhasil keluar sendiri dari game, udah saya ulang berkali-kali tetep aja sama",muat konfigurasi data stuck angka alhasil ulang berkalikali,Negative,Negative
"gk kerasa bentar lagi anniv, biasa main di pc lbih lebar, di mobile buat daily ajh",rasa bentar anniv pc lebar mobile daily,Negative,Positive
good game,good,Positive,Positive
Download>berburu id sepuh>unin 😋,downloadberburu id sepuhunin,Positive,Positive
Game bajing kebanyakan loading,bajing banyak loading,Negative,Negative
Apa cuma saya yang sering tiba tiba keluar dari game padahal sedang di tengah tengah misi,tengah tengah misi,Positive,Positive
Keren banget,keren,Positive,Positive
hadeh pelit gacha,hadeh pelit gacha,Negative,Negative
"Di antara game hoyoverse,cuma ini yg gk recommend di hp mid end",hoyoversecuma recommend hp mid end,Positive,Positive
"Game yang sangat mudah, cerita dan art dari karakter nya sangat baguss",mudah cerita art karakter bagus,Negative,Negative
Keren,keren,Positive,Positive
gamenya seru dan banyak hadiah gratis dan juga desain karakternya bagus² dan cakep pokoknya mantap deh!,seru hadiah gratis desain karakter bagus cakep pokok mantap deh,Positive,Positive
sunnaku woi😡,sunnaku woi,Positive,Positive
Game bagus,bagus,Positive,Positive
"mode tv nya lemot sama delay mending gak usah ada, sama ribet harus ini harus itu jadi bosen mainin game nya. niatnya mau selesaiin side quest malah ada mode tv bete gwe🥱",mode tv lot delay mending ribet bosan mainin niat selesaiin side quest mode tv bete gwe,Negative,Negative
bagus banget!!,bagus,Positive,Positive
"Kembalikan story agen please hoyo jangn males, udah storynya pendek banget di patch terbaru ini 2.8, masak karakter rate up ketutupan sama konflik cerita utamanya sih niat mau jualan atau nggak ini",kembali story agen please hoyo jangn malas storynya pendek patch baru masak karakter rate up tutup konflik cerita utama niat jual,Negative,Negative
"best, tapi masih perlu optimasi aja biar gak bikin perangkat panas sekali, karena di Samsung S25FE sepanas itu kl tanpa cooler bahkan FClose.",best optimasi biar bikin perangkat panas samsung sfe panas cooler fclose,Negative,Negative
Ku kira bakal bosen ternyata bikin nagih,ku bosan bikin nagih,Positive,Positive
akun gw kemana ini kenapa ngulang lagi dari awal aneh banget nih game,akun mana ngulang aneh,Negative,Negative
Game yang bagus,bagus,Positive,Positive
Saya donwload dri link bion,donwload link bion,Positive,Positive
Good,good,Positive,Positive
Nice game banyakin resource gacha,nice banyak resource gacha,Positive,Positive
"Scam 180 gacha ternyata harus selesai quest dll, sebelum battle maen puzzle bikin ngantuk",scam gacha selesai quest dll battle puzzle bikin ngantuk,Negative,Negative
"Game Anti KIKIR sih menurut gw soalnye gw dlm waktu 2 hari bisa dapet 2 Chara S Di Low Pity,tapi kalo bisa banyakin bansosnya karna gw nggak bisa sering main karna harus sekolah, 3 hari perbulan baru bisa megang handphone jadinya gw banyak ketinggalan event....pliss min😣🤧",anti kikir soalnye waktu chara low pitytapi banyak bansosnya sekolah bulan pegang handphone tinggal eventpliss min,Negative,Negative
Game nya pas login gak bisa padahal di genshin impact bisa padahal udah nunggu lama 😭😭😭,pas login genshin impact tunggu,Positive,Positive
"Setelah story season 2 yang cukup mengecewakan dan story season 3 keliatan kureng, optimalisasi di game ini makin buruk dan cukup unplayable bagi hp menengah. Dulu saat masih v1.x fpsnya cukup optimal di 50-60 fps dan sekarang untuk dapetin stabil di 40an fps harus rata kiri dan itupun masih sering framedrop. Saran, main game ini di pc. Kalopun mau main di hp, minimal hpnya flagship dan itupun kalo lu mau mengorbankan keawetan hp lu.",story season kecewa story season reng optimalisasi buruk unplayable hp tengah vx fpsnya optimal fps stabil an fps rata kiri itu framedrop saran pc kalo hp minimal hpnya flagship itu korban awet hp,Negative,Negative
this game need optimization,this need optimization,Positive,Positive
"lumayan bagus gamenya gerakan animasi juga ditel banget alur cerita nya juga ok cuma aku masih bingung sama letak gacha dan uang buat beli w engine nya, karakter nya juga dapetin dari gacha nya gimana aku agak bingung soalnya beda banget sama game hoyo lainnya dan letak misi dan lain-lain nya itu lumayan membingungkan apa lagi buat pemulangan seperti saya jadi tolong banget buat di simpelim Diki buat para pemula seperti saya hoy pless banget",lumayan bagus gera animasi tel alur cerita ok bingung letak gacha uang beli engine karakter gacha bingung beda hoyo letak misi lainlain lumayan bingung pulang tolong simpelim dik mula hoy pless,Negative,Negative
games... best.. pokoknya.... semoga... buat player baru... untuk developer ya.. semoga gacha ya di mudah kan.. supaya player baru bisa dapet hero s+ gampang.. itu saja,games best pokok moga player developer moga gacha mudah player hero gampang,Negative,Negative
"game bagus udah, lu pada yang main suka frame drop sadar diri njir",bagus suka frame drop sadar anjir,Negative,Negative
keren,keren,Positive,Positive
ampas2 udah hapus semua data sampe 28 gb masih gak bisa download data zzz nya kecewa aku,ampas hapus data gb download data kecewa,Negative,Negative
"Kecewa wak... Pity aku ampas, bukanya dapet miyabi malah dapet koleda 😔",kecewa wak pity ampas buka miyabi koleda,Negative,Negative
"Tolong untuk optimalisasinya segera ditingkatkan, percuma kalau waifu banyak kalau optimalisasinya kurang. Jadi ga nyaman mainnya 😔",tolong optimalisasi tingkat waifu optimalisasi nyaman main,Positive,Negative
Sejauh ini fine fine aja sih ane pakai device infinix gt 10 pro set graphics smooth/med 60 fps enak parah,fine fine ane pakai device infinix pro set graphics smoothmed fps parah,Negative,Negative
Finally bisa download lewat PlayStore,finally download playstore,Negative,Negative
gamenya ramah buat saya yg hpnya sedikit kentang Terima kasih buat anniversarynya,ramah hpnya kentang terima kasih anniversarynya,Positive,Positive
makin ngeleg ga dioptimalkan,ngeleg optimal,Positive,Positive
EASY 10/10 RATING!!,easy rating,Positive,Positive
"Game yang seru untuk pecinta pertarungan epik ,juga memberikan gaya bertarung yang menarik",seru cinta tarung epik gaya tarung tarik,Positive,Positive
"Cerita, grafik dan desain karakter sangat memuaskan, cuman mungkin masih kurang optimal ketika di kota besar, fps sering turun ketika berada di kota",cerita grafik desain karakter muas cuman optimal kota fps turun kota,Negative,Negative
Lets goooo too battel 🤩🤩🤩,lets go too battel,Positive,Positive
Manato is an A rank? I'm quitting this game bye~,manato is an rank im quitting this bye,Negative,Positive
"nice,Jane doe😋😋",nicejane doe,Positive,Positive
"makin lama makin berat ni game, performanya menurun ga kyk dlu. sekarang banyak frame dropnya",berat performa turun frame drop,Negative,Negative
Emang hoyo ini keren banget,hoyo keren,Positive,Positive
Bagus,bagus,Positive,Positive
Tolong tambahkan pilihan 45fps di menu pengaturan grafik,tolong tambah pilih fps menu atur grafik,Negative,Negative
"Login lama di Lobby, akun mihoyo yang sering hilang, Pas main TV semua , Penyimpanan yang hampir menyamai kakak nya, bintang 5",login lobby akun mihoyo hilang pas tv simpan sama kakak bintang,Negative,Negative
CoA aja gameplay nya mirip-mirip masih 60fps an lha ini cuma dapat 30fps nguwawor mihoyo cok,coa gameplay miripmirip fps an fps nguwawor mihoyo cok,Negative,Negative
Buat gameplay di Hp Poco m6 lumayan lancar apalagi buat grafik medium - High,gameplay hp poco lumayan lancar grafik medium high,Positive,Negative
Awesome battle mecanisme,awesome battle mecanisme,Positive,Positive
Terimakasih game baik,terimakasih,Positive,Positive
"udh bagus cuma di hp saya ada bug backgroundnya semua hitam kecuali karakter,npc sama uinya. tolong harap di perbaiki bugnya",bagus hp bug backgroundnya hitam kecuali karakternpc uinya tolong harap baik bugnya,Negative,Negative
Gacha ampas rate off,gacha ampas rate off,Negative,Negative
"Mantaaapp , walaupun masih belum sepenuhnya optimal , tapi hp gw bisa main lancar , game MIHOYO tidak perlu di ragukan lagi👍",mantap sepenuh optimal hp lancar mihoyo ragu,Positive,Positive
"berniat ingin kembali bermain malah sering restart, perangkat saya ROG 8, bermain game lain aman, hanya game ini 🥲",niat main restart perangkat rog main aman,Negative,Negative
"Sering banget Force close, pas battle set rata kanan pun lancar tapi ketika cek archievment/lihat menu lainnya selalu terjadi FC tiba2 dan itu sangat mengganggu jadi gak nyaman lama2 main ini game",force close pas battle set rata kanan lancar cek archievmentlihat menu fc ganggu nyaman,Negative,Negative
I love it,love,Positive,Positive
"Suasana nya hidup,bagus sekali cuman kadang kadang ngedrop",suasana hidupbagus cuman kadang kadang ngedrop,Positive,Positive
"ilangin mode tv kebanyakan di banding kan combat battle nya, mikir dikit lu jualan gameplay apa jualan TV ngento***",ilangin mode tv banyak banding combat battle mikir dikit jual gameplay jual tv ngento,Negative,Negative
"kurang optimal untuk mobile, terlalu berat. mulai banyak leg sejak update 2.0",optimal mobile berat leg update,Negative,Negative
Game kikir,kikir,Positive,Positive
Game yang hebat...tapi entah kenapa sering freme drop...game hoyo lainnya aja ngak perna freme drop..ini game cocok buat pc,hebattapi freme dropgame hoyo freme dropini cocok pc,Negative,Negative
Good,good,Positive,Positive
"aku rela ganti device hp setiap bulan buat mainin gamenya hoyo, entah kenapa ada sesuatu yang hilang sama ciri khasnya waktu awal rilis dengan sekarang, tapi gatau apa yg hilang.. vibesnya sudah mulai berbeda sejak 1.8, mungkin aku rindu dengan vibes zzz dulu yang lebih mirip City punk tapi sekarang lebih ke Fantasy, semoga zzz bisa memunculkan vibes nya yang dulu, karena itu adalah alasan ku bermain zzz.. oh iya... kapan harumasa rerun 🥲 semangat! semoga zzz menjadi game yang makin memukau!",rela ganti device hp mainin hoyo hilang ciri khas waktu rilis tau hilang vibesnya beda rindu vibes city punk fantasy moga muncul vibes alas ku main oh iya harumasa rerun semangat moga pukau,Negative,Negative
Yang kasih 1 star HP lu aja kentang anj makanya beli HP dulu bukannya top up,kasih star hp kentang anjing beli hp top up,Negative,Positive
Mantap,mantap,Positive,Positive
"Sejauh ini story dan experience game sudah memuaskan, hanya aja masih butuh optimalisasi lagi",story experience muas butuh optimalisasi,Positive,Positive
Force close d spek snapdragon 7 gen 3,force close spek snapdragon gen,Negative,Negative
25gb gelo☕🗿,gb gelo,Negative,Negative
Thanks gamenya sudah di support compatible di heliog96,thanks support compatible heliog,Positive,Positive
MIYABI MY LOVEEEEEEE ❤,miyabi my love,Positive,Positive
Game op untuk pc,op pc,Positive,Positive
bagus bgt min gamennya,bagus min gamennya,Positive,Positive
Gelo size,gelo size,Negative,Negative
"Hello developer, I have a message please fix the black screen problem at the start of entering the game it really annoys me because it can't pre download I have tried restarting my device and still the black screen. I have also tried downloading the game many times and there is still a black screen, please fix it",developer have message please fix the black screen problem at the start of entering the really annoys me because cant pre download have tried restarting my device and still the black screen have also tried downloading the many times and there is still black screen please fix,Negative,Negative
low device is not allowed 😭,low device is not allowed,Positive,Positive
Untuk game sudah bagus dari segi grafis dan gameplay nya tapi sangat disayangkan untuk pemberian reward sangat sedikit sehingga susah untuk f2p mengejar karakter yang di ingin kan,bagus segi grafis gameplay sayang beri reward susah fp kejar karakter,Negative,Negative
bagus,bagus,Positive,Positive
mantabb,mantab,Positive,Positive
nice game 👍👍🤝,nice,Positive,Positive
Udh bagus tinggal di banyakin event lagi,bagus tinggal banyak event,Negative,Negative
"Gamenya bagus tapi posisi tombol logout tolong dipindah, harus masuk ke menu lain untuk pencet tombol log out itu kurang efisien dan agak menggangu karena tombol log out itu tombol yang cukup sering dipakai. Mungkin bisa di pindah di bagian menu bersama menu achievement, gacha, gudang dll.",bagus posisi tombol logout tolong pindah menu pencet tombol log out efisien menggangu tombol log out tombol pakai pindah menu menu achievement gacha gudang dll,Negative,Negative
Nice Game,nice,Positive,Positive
Sisanya udah bagus tapi tolong dong tambahkan fitur hapus quest terdahulu sama kayak di genshin impact dan honkai star rail agar size gamenya gak terlalu besar,sisa bagus tolong tambah fitur hapus quest genshin impact honkai star rail size,Negative,Negative
"ini game peak banget bjir. character writing+story telling nya bagus, mekaniknya asik, mines optimalisasinya yg kureng. mohon buat lebih baik lagi🙏",peak bjir character writingstory telling bagus mekanik asik mes optimalisasi reng,Positive,Positive
makin kesini design nya makin jelek,kesini design jelek,Negative,Negative
"Kerene banget game nya, apa lagi dengan grafik nya, oya min tolong dong perbanyak hadiah nya!",kerene grafik oya min tolong banyak hadiah,Negative,Negative
"Gem baik, nekomiya dan miyabi🥰",gem nekomiya miyabi,Positive,Positive
"Warning :Shader error, gimana cara memperbaikinya di pc?",warning shader error baik pc,Negative,Positive
Kasih gw banyak karakter S aja sih,kasih karakter,Positive,Positive
good game 🎮🎮,good,Positive,Positive
Makasih ellen joe di pity 10 nya ❤❤🥰🥰🥰❤❤❤😘😘😍😘,terima kasih ellen joe pity,Positive,Positive
lagging force close android,lagging force close android,Negative,Negative
"Sangat suka,gamenya seruu",sukagamenya seru,Positive,Positive
"Dari semua masalah keknya cuma ada 1 masalah yang emang rada mengganggu kadang suka nge-freeze tiba2 udah itu aja, tolong optimalisasi nya 😄🙏",kayak rada ganggu kadang suka ngefreeze tolong optimalisasi,Negative,Negative
"paling sering fps nya aja yang sering drop, terus kalo abis update selalu ada bug baru kaya animasi gacha yang tiba tiba ke skip, padahal sebelum update ngga gtu, yaa itu aja sih selain itu aman aja, sehat sehat game baik",fps drop habis update bug animasi gacha skip update aman sehat sehat,Negative,Negative
sangat menyenangkan bermain zzz,senang main,Positive,Positive
hp kentang minggir dulu👍,hp kentang minggir,Positive,Positive
Kerja bagus,bagus,Positive,Positive
"When viewed from specific angle, the agent will appear faded worse update ngl.",when viewed from specific angle the agent will appear faded worse update ngl,Negative,Negative
semoga tdk power creep,moga power creep,Positive,Positive
Seru bgt cerita nya karakter mc kakak adiknya juga bagus dan jgn lupa ada diskon 40% burger bangor,seru cerita karakter mc kakak adik bagus lupa diskon burger bangor,Positive,Positive
Keren,keren,Positive,Positive
game nya si bagus tapi ini 28gb + Cok☠️ dan itu semua 25 GB cuman berisi geol geol doang jir🗿,bagus gb cok gb cuman isi geol geol doang jir,Negative,Negative
"Buatku ZZZ adalah game dengan gameplay yang beda dengan game yang sebelumnya pernah kumainin, juga game ini bisa dimainkan pakek controller jadinya lebih enak, tangan gk pegel pegang hp gamenya bagus, misi hariannya juga mudah banget, pokoknya best lah gamenya. Pas pertama kali nyoba ZZZ langsung suka mungkin karena kesannya beda dari game yang lain aja dan gak bikin bosen pas maininnya. Okelah ini ulasanku yang sedikit membingungkan karena aku juga bingung ini ngetik apaan, hehe🗿",buat gameplay beda kumainin main pakai controller tangan gel pegang hp bagus misi hari mudah pokok best pas coba suka kesan beda bikin bosan pas maininnya oke ulas bingung bingung etik hehe,Positive,Negative
"Pas gw login masuk ke menu mulai tiba-tiba akun gw di tuduh menggunakan aplikasi pihak ke tiga, padahal gw menggunakan android kenapa dituduh menggunakan pihak 3 ya, gw aja nggak bisa menggunakan aplikasi pihak ketiga loh ini game paling terburuk yang gw main serius, masa akun gw di banned selama 2075 emang game terburuk deh ini",pas login menu tibatiba akun tuduh aplikasi android tuduh aplikasi tiga loh buruk serius akun banned buruk deh,Negative,Negative
saya main saya melihat tv saya menggerakkan tv saya sedikit bertarung saya menggerakkan tv lagi 10/10 Recomended,tv gerak tv tarung gerak tv recomended,Negative,Negative
"Gacha kikir, event annoying",gacha kikir event annoying,Positive,Positive
why is this game have 50 gb space on pc? its too large for 1.0 version. You guys need to compress it more,why is this have gb space on pc its too large for version you guys need compress more,Negative,Negative
tòɓrut,trut,Positive,Positive
"Untuk fitur, karakter dan combat dalam game semua sudah baik, namun masih sering terjadi force close di beberapa fitur, terutama ketika akan meningkatkan level, skill, dan senjata karakter. Padahal cpu device saya sudah termasuk baik, bahkan ketika memainkan game lain masih dapat berjalan lancar tanpa force close.",fitur karakter combat force close fitur tingkat level skill senjata karakter cpu device main jalan lancar force close,Negative,Negative
Game gacha terbaik ❤️,gacha baik,Positive,Positive
"Aku punya permintaan, kasi hoki lah email nih, dari dulu main game hoyo gk pernah hoki nih email😔",minta kasih hoki email hoyo hoki email,Negative,Negative
"Definitely better than Genshin Impact, because the story, gameplay, and even cutscenes?! It's just so different. This game is absolute banger! Absolute Cinema ✋😐🤚",definitely better tahan genshin impact because the story gameplay and even cutscenes its just sok different this is absolute absolute cema,Negative,Negative
"dari semua game hoyo yang pernah gw mainin, cuman ni game yang bener2 jatuh cinta ma gw",hoyo mainin cuman jatuh cinta,Negative,Positive
game yang keren,keren,Positive,Positive
"tolong teman teman sekalian game ini adalah master piece bagi ku mungkin kalian suka dengan geme ini karena banyak hadiah menarik yang akan kalian claim saat update"" selanjutnya 🤩",tolong teman teman master piece ku suka geme hadiah tarik claim update,Negative,Negative
Nom Nom Shark,nom nom shark,Positive,Positive
Good game lah,good,Positive,Positive
"Mantap walau mode tv nya sedikit membosankan, sisanya udh mantapp",mantap mode tv bosan sisa mantap,Positive,Positive
"bug udah fix hehe, gamenya seru cuman berat aja",bug fix hehe seru cuman berat,Negative,Negative
"Loadingnya lama banget,,story nya keluar masuk gedung loading nya 1 menit bikin bosen",loadingnya bangetstory gedung loading menit bikin bosan,Negative,Negative
Baru Awal Rilis Size 17GB Gimana Kedepannya Ntar Ini Game Sebentar saja Ngalahin SIZE nya Ghensin Impact Mungkin 3-7 Bulan,rilis size gb depan entar sebentar kalah size ghensin impact,Negative,Negative
"optimalisasi dong hoyo, plis kalo aja ini game bagus optimalisasinya yakin yang maen lebih banyak dari genshill",optimalisasi hoyo plis bagus optimalisasi genshill,Positive,Positive
"game nya bagus pake banget, mau dari sisi penyampaian cerita, gameplay, grafik, animasi, bahkan sampai detail dari tiap karakter nya bener-bener udah bagus banget. tapi sayang karena hp ku yg emang udah ga sanggup, mau gamau terpaksa dihapus dulu gamenya untuk sementara",bagus pakai sisi sampai cerita gameplay grafik animasi detail karakter benerbener bagus sayang hp ku sanggup paksa hapus,Negative,Negative
"Semuanya bagus, dari segi alur cerita sampai desain karakter bagus banget cuma mohon untuk system' pencarian Polychrome lebih dibanyakin lagi buat player Free to play seperti saya untuk mendapatkan 1karakter beserta W-engine nya sedikit susah apalagi disini ada system' rate off dan rate on, jadi mohon kedepannya bisa untuk dipermudah atau di perbanyak ladang/farming Polychrome nya. Kembali lagi semuanya dari game ini sangat bagus pertahankan!!!",bagus segi alur cerita desain karakter bagus system cari polychrome dibanyakin player free play karakter serta wengine susah system rate off rate on depan mudah banyak ladangfarming polychrome bagus tahan,Negative,Negative
well ok ok lah terus punya permintaan juga kalo bisa collab ama kamen rider zeztz soalnya agak bavus juga,well ok ok minta collab kamen rider zeztz bavus,Positive,Positive
game terbaik👍💯 story yg sangat bagus 👍,baik story bagus,Positive,Positive
Baik banget developer nya kemarin gk kompatibel tapi pas sudah update 1.1 sudah bisa sekarang terus gameplay nya juga menarik saya sangat suka sistem parry nya bikin ketagihan game nya juga gak pelit soal polychrome tapi gacha ampas banget,developer kemarin kompatibel pas update gameplay tarik suka sistem parry bikin tagih pelit polychrome gacha ampas,Negative,Negative
Mantap,mantap,Positive,Positive
Bagus,bagus,Positive,Positive
"game nya seru,enak,petualangan nya seru bener bener bikin takjub. cuma saya nya aja yang males login",seruenakpetualangan seru bikin takjub malas login,Positive,Positive
"semoga developer membaca ini. saya berharap game zenless zone zero ini mendapatkan optimalisasi untuk device yang spesifikasi rendah, seperti yang dilakukan kurogames kepada wuthering waves, saat wuthering waves pertama kali rilis gamenya sangat berat dan tidak bisa dijalankan dengan lancar, tapi setiap update optimalisasi nya semakin baik hingga tidak ada kendala apapun seperti nge-frame atau bug. saya harap developer melakukan optimalisasi yang sama kepada zenless zone zero ini. terimakasih.",moga developer baca harap zenless zone zero optimalisasi device spesifikasi rendah kurogames wuthering waves wuthering waves rilis berat jalan lancar update optimalisasi kendala apa ngeframe bug harap developer optimalisasi zenless zone zero terimakasih,Negative,Negative
"game ny bikin orang pay to win, kebanyakan fan service ny, sorry rating gk mendukung. sange/10",bikin pay win banyak fan service sorry rating dukung sange,Negative,Negative
"Kebanyakan game teka teki nya daripada combatnya, better ganti genre teka teki aja si kalo gini daripada action.",banyak teka teki combatnya better ganti genre teka teki action,Negative,Negative
"Game ini sangat bagus dan memanjakan mata, dari grafik, animasi dan cerita nya juga sangat seru dan menarik untuk terus di ikuti. Dan bagi saya setiap game yang dari Hoyoverse ini selalu menyajikan konten konten game yg menarik dan reward yg sepadanlah dengan kesulitannya, hanya saja setiap kali gacha suka sekali dikasih di hard pity itu membuat f2p seperti saya agak kesusahan untuk mengejar meta dan perkembangan nya",bagus manja grafik animasi cerita seru tarik ikut hoyoverse saji konten konten tarik reward padan sulit gacha suka kasih hard pity fp susah kejar meta kembang,Negative,Negative
Terlalu berat,berat,Negative,Negative
lumayan kalo keluar Miyabi ku masih 5 bintang kalo next benner🗿 aku janji🗿👍 terima kasih ya ini lebih baik di banding genshin yang ku main apa yang aku inginkan langsung dapat karakter tapi butuh usaha sih di banding genshin mau ambil kotak-kotak lagi zzz lebih mudah aku kumpulkan kerana quest yang cukup mudah dan nyaman main buat malam untuk story:v AKU MAU MIYABI!!!,lumayan miyabi ku bintang next benner janji terima kasih banding genshin ku karakter butuh usaha banding genshin ambil kotakkotak mudah kumpul rana quest mudah nyaman malam storyv miyabi,Negative,Negative
"Opini Pribadi, - waktu yg diperlukan untuk membuka semua fitur didalam game ini memerlukan waktu yang sangat lama, dan bisa terbilang repetitive bahkan kadang membuat mual. - terutama gameplay saat di-TV, terasa panjang dan sangat tidak menarik. (ekspetasi gw bakalan lebih banyak battlenya) Tidak direkomendasikan untuk player casual.",opini pribadi waktu buka fitur dalam waktu bilang repetitive kadang mual gameplay ditv tarik ekspetasi battlenya rekomendasi player casual,Positive,Negative
gamenya bagus tapi kenapa ya saya jarang menang rate on padahal udah 4x rate off di 4 patch udah gitu semuanya pity 80 Mulu rate offnya segitu ampasnya kah keberuntungan saya,bagus jarang menang rate on rate off patch pity mulu rate offnya segitu ampas kah untung,Negative,Negative
Ga bisa dimainin,dimainin,Positive,Positive
lumayan lh tolong di perbaiki lagi ya masalah pada bertarungnya,lumayan tolong baik tarung,Negative,Negative
Woilah rek😂😂😂,woilah rek,Positive,Positive
"Asli game ini bagus banget, mulai dari segi Graphics, storyline, gameplay, sama Fighting style-nya emang the best parah, dari size-nya aja emang worth it lah👌🏻",asli bagus segi graphics storyline gameplay fighting stylenya the best parah sizenya worth,Negative,Positive
mantap,mantap,Positive,Positive
"mantap dari segala segi, gua udh nyoba hsr juga, tapi ini menurut gua lebih keren dari segi playstyle gua",mantap segi gua coba hsr gua keren segi playstyle gua,Negative,Negative
"Kurang optimal ,Sering close app sendiri ketika main di spek Snapdragon 855+ , bikin ga betah main",optimal close app spek snapdragon bikin betah,Negative,Negative
Game nya sangat baik semoga memberikan karakter s lebih banyak😄,moga karakter,Positive,Positive
aku suka game ini dan cerita nya yg bagus banget aku suka game ini aku suka banget,suka cerita bagus suka suka,Positive,Positive
good but not too good enough especially on mobile phone....,good but not too good enough especially on mobile phone,Positive,Positive
kikir banget lu wok 😡,kikir wok,Positive,Positive
mantap,mantap,Positive,Positive
selalu kalah rate offf trs eventnya dikit bat jadi pemain f2p atau free to play kesusahan termasuk saya sendiri,kalah rate of eventnya dikit main fp free play susah,Negative,Negative
"Untuk segi grafik paling beda dari game hoyovers lainnya, itu yang membedakan game ini, kebetulan saya lebih suka grafik dan gendre game seperti ini serasa nostalgia 😁",segi grafik beda hoyovers beda suka grafik gendre serasa nostalgia,Negative,Negative
"Aku yakin udah diperbaiki, tapi sering kali force close terjadi. Alasannya memang (mungkin) device yang kugunakan kurang mumpuni untuk game ini. Aku memilih bermain di PC, walau pun membuat sekujur badannya panas, setidaknya masih dapat bermain dengan lancar di grafis rendah. Ketidaknyamanan bermain di PC hanya menunggu loading dan juga terasa membosankan jika mode battle hanya segelintir dari jumlah kotak TV yang ada. 😅 Well, cuma mau bilang ""makasih"" ke Hoyoverse.",baik force close alas device guna mumpuni pilih main pc kujur badan panas main lancar grafis rendah ketidaknyamanan main pc tunggu loading bosan mode battle gelintir kotak tv well bilang terima kasih hoyoverse,Negative,Negative
mantapp,mantap,Positive,Positive
Gem baik,gem,Positive,Positive
"Download datanya lama banget,datanya 17099,5mb",download data bangetdatanya mbak,Negative,Negative
Bagus banget dan semangat ya terus ya. Semoga menjadi game yg murah dan tidak sombong/kikir,bagus semangat moga murah sombongkikir,Positive,Positive
aduhai besarnya tapi tetep tak mainin :3,aduhai besar mainin,Positive,Positive
Seru banget! Saya suka storynya yang gak bikin ngantuk,seru suka storynya bikin ngantuk,Positive,Positive
Game nya bur1k bgaus bgt aih,burk bgaus aih,Positive,Positive
"ini game lma2 kyk love story game,,story tellingnya gak kyk game2 pesaingnya,pdhl dev nya psti mumpuni,,ciri khas?Kalo bisa lebih baik knp tidak,, bahasa yg dipake jg lebay/kekanakan,mending English aja,,mgkn game ini khusus 12 ke bawah y,tp charnya rata2,,,sudahlah,,bansos ok,,jiggle fisik jgn ditanya,,harusnya 17+",love story gamestory tellingnya pesaingnyapdhl dev mumpuniciri khaskalo bahasa pakai lebaykekanakanmending english ajamgkn ytp charnya ratasudahlahbansos okjiggle fisik ditanyaharusnya,Positive,Positive
Game terbaik dengan grafik yg luar biasa. Serasa mimpi main ni. Mimpi yg nyata. GRAFIK GA BIKIN KECEWA. KEREN BANGET. MOGA ADA KEMUDAHAN MAIN GAME INI. BIAR PARA FANS NYA GA DI BUAT KECEWA😎🤟,baik grafik serasa mimpi mimpi grafik bikin kecewa keren moga mudah biar fan kecewa,Positive,Positive
"Apaan dah awal game ini keluar ga ada sama sekali masalah dalam install ini game, pas mau install lagi malah ga bisa, kocak kocak.",deh install pas install kocak kocak,Negative,Negative
best gacha game sejauh ini buat ku,best gacha ku,Positive,Positive
"3x gua mau registrasi tiba2 layar hitam trus gabisa di apa2 in , aneh amat maen game lain lanjay .. ini blm main udh 3x gagal registrasi.",gua registrasi layar hitam aneh lanjay gagal registrasi,Negative,Negative
"Mudah2an tidak ada kendala, sukses selalu lord.",mudah kendala sukses lord,Positive,Positive
bagus grafik sama alur cerita tapi sayangnya sempit banget pas jalanin quest ditambah ga bisa multiplayer jadinya rada bosen,bagus grafik alur cerita sayang sempit pas jalan quest tambah multiplayer rada bosan,Negative,Negative
Game terbaik. Game satu-satunya yang bisa menghabiskan waktu sepanjang dalam hidup saya. Terima kasih atas supportnya kepada pihak developer karena gamenya sudah support lagi di device saya.,baik satusatunya habis waktu hidup terima kasih supportnya developer support device,Positive,Positive
Gem cihuy gerafik bagus GK ramah Ama hp kentang😁,gem cihuy gerafik bagus ramah hp kentang,Positive,Positive
"Kalo ada orang yg bilang menang rate off jangan percaya, itu mitos",bilang menang rate off percaya mitos,Negative,Negative
Fresh bgt sih ini game nya,fresh,Negative,Positive
best,best,Positive,Positive
ABSOLUTE PEAKKKKK,absolute peak,Positive,Positive
"please.. untuk developer tolong lahh optimalisasi nya di perbaiki, masak buat jala aja sering patah"" badahal sebelumnya enak enak aja 😩",please developer tolong optimalisasi baik masak jala patah badahal,Negative,Negative
"new update, often crashing 🤦‍♂️",new update often crashing,Negative,Negative
"I think it's still one of their best games, but its still faltering from identity and creative issues. The HDD is useless, commissions are gutted and no longer used, the consequences of which is no more replaying the combat part of story missions and no more hard mode. This also weakens the protagonists role as proxies, as they're now not taking online jobs or guiding exploration of the hollows. It also weakens Fairys role. They're really removing anything that made zzz unique",think its still one of their best games but its still faltering from identity and creative issues the hdd is useless commissions are gutted and no longer used the consequences of which is no more replaying the combat part of story missions and no more hard mode this also weakens the protagonists role as proxies as theyre now not taking online jobs guiding exploration of the hollows also weakens fairys role theyre really removing anything that made unique,Negative,Negative
"terimalasih hoyovers sulit di jelaskan. saya sangat puas dengan update 3.0 alur cerita semakin menarik tampilan dialok karater di tingkatkan, byk evend byk hadiah dan yang paling penting tidak pelit / kikir :-)",terimalasih hoyovers sulit puas update alur cerita tarik tampil dialok karater tingkat evend hadiah pelit kikir,Negative,Negative
"Menurut saya game nya bagus, mekanik game nya bagus, tambahin lagi bansos nya😁😁",bagus mekanik bagus tambah bansos,Positive,Positive
HPKU RA KUAT ANJAY,hpku ra kuat anjay,Negative,Negative
"Sangat suka dengan game ini, sangat menarik dan seru",suka tarik seru,Positive,Positive
Asik coy,asik coy,Positive,Positive
Optimalkan lagi Hoyo,optimal hoyo,Positive,Positive
Sangat seru,seru,Positive,Positive
comeback,comeback,Negative,Positive
"Seru dan gameplay nya gak bosenin. Tapi kalo bisa tambahin fitur pause pas pertarungan dong, jadi bingung kalo harus ngelakuin sesuatu, apalagi kalo ada bates waktu ngelawannya",seru gameplay bosan tambah fitur pause pas tarung bingung bates waktu ngelawannya,Positive,Positive
Gim jembot,gim jembot,Positive,Positive
80 zonk.. sama aja ini kek saudaranya genshin,zonk saudara genshin,Positive,Positive
"tolong untuk optimalisasi gamenya lebih diperhatikan, karena ada beberapa device yg bagus/cukup untuk bermain ZZZ tapi masih mengalami frame atau bahkan force close yang membuat experience bermain menjadi buruk. Saya memberikan bintang 1 dengan harapan ulasan saya di notice oleh developer. sekian terimakasih",tolong optimalisasi perhati device baguscukup main alami frame force close experience main buruk bintang harap ulas notice developer sekian terimakasih,Negative,Negative
Hebat,hebat,Positive,Positive
gamenya bagus dan grafiknya bagus dan pembuat game ini semangat terus sehat selalu,bagus grafik bagus buat semangat sehat,Positive,Positive
80 free pull? Only 10 free pull for newbie,free pull only free pull for newbie,Positive,Positive
min tolong komretibel kan game nya ke chipset kentang kayak unisoc😭,min tolong komretibel chipset kentang unisoc,Negative,Negative
"Finally I have waited so long and, now this game is out. Hopefully this game makes me happy. Thank you developers",finally have waited sok long and now this is out hopefully this makes me happy thank you developers,Positive,Positive
Peak Combat 10/10 lack of optimization so the performance aren't that good,peak combat lack of optimization sok the performance arent that good,Positive,Positive
great,great,Positive,Positive
"kok gw gabisa login ya?, lagi farming disk tiba2 logout sendiri",login farming disk logout,Positive,Negative
"Suka banget sama opsi yang di kasih game ini. kalo cuma mau nikmatin story, bisa pilih difficult yang mudah. Kalo mau yang menantang, bisa pilih difficult yang menantang",suka opsi kasih nikmat story pilih difficult mudah tantang pilih difficult tantang,Negative,Positive
Woy hoyo ko di versi 2.0 ini sering ngeframe dan force close? padahal spek hp saya sudah memenuhi kriteria untuk main zenless dan masih saja sering force close dan ngeframe,woy hoyo versi ngeframe force close spek hp penuh kriteria zenless force close ngeframe,Negative,Negative
"Terlalu susah mendapatkan stat yang diinginkan, padahal saya sudah melakukan farming Drive disc lebih dari 200 kali namun masih belum bisa mendapatkan stat yang diinginkan di dalam satu set Drive disc saja",susah stat farming drive disc stat set drive disc,Negative,Negative
"Game busuk, udah top up gacha masih aja dikasi ampas",busuk top up gacha kasi ampas,Negative,Negative
im fomo,im fomo,Positive,Positive
"perangkat udh compitable, tapi masih framedrop, malahan lebih dari spek min. gmn min?",perangkat compitable framedrop spek min min,Positive,Positive
"tolong ditingkatkan optimalisasi game nya, karena pada update terbaru masih banyak area area yang terlalu berat dan kurang optimal",tolong tingkat optimalisasi update baru area area berat optimal,Negative,Negative
Panjang umur game baik,umur,Negative,Negative
Setelah update frame drop parah sudah dituruni ke grafik sedah juga masih sama,update frame drop parah turun grafik dah,Negative,Negative
"Please banget benerin optimalisasi nya. Patch lalu kerasa enak, sekarang jadi jelek lagi. Mode Threshold sering banget ngebug visual freeze. Tolong hoyo untuk perbaikannya.",please benerin optimalisasi patch rasa jelek mode threshold ngebug visual freeze tolong hoyo baik,Negative,Negative
Game seru ini wajib di mainkan,seru wajib main,Positive,Positive
"gamenya sudah bagus, mekanisme dan segalanya memang ga usah diraguin lagi. Cuma masalahnya itu cuma di optmialisasinya, hape saya sering banget force close akhir akhir ini saya juga ga tau apa masalahnya. Jadi saya kasih bintang 2 dulu, kalau masalahnya udah dibenerin baru saya kasih bintang 5👌 -sama plis kasih lebih banyak polychrome gratis😁",bagus mekanisme diraguin optmialisasinya hape force close tau kasih bintang dibenerin kasih bintang plis kasih polychrome gratis,Negative,Negative
Ok,ok,Positive,Positive
"Tolong dong Hoyoverse Frame Dropnya parah banget sejak Update 2.0. Padahal udah seru banget sejak belum update, Hp saya udah Snapdragon 6s lo masih leg parah. Udah di instal ulang Hp nya masih sama aja.",tolong hoyoverse frame drop parah update seru update hp snapdragon lo leg parah instal ulang hp,Negative,Negative
hoyo fitur ganti klamin wess yg kasih reting jelek gendeng palane 🙏🙏🙏🙏💯💯💯,hoyo fitur ganti klamin wess kasih reting jelek gendeng palane,Negative,Negative
yg rate apa yg dapat apa... ngg jelas sampai 90 pulah gachanya malah yg rate up ngg dapat .. calon deat game mending main solo leveling free to play masih bisa ngimbangin setiap hari di kasih suplay ..,rate pulah gachanya rate up calon deat mending solo leveling free play ngimbangin kasih suplay,Negative,Negative
Game-nya sudah bagus cuman kurang optimalisasi utk perangkat² lain supaya FPS lebih lancar.,bagus cuman optimalisasi perangkat fps lancar,Negative,Negative
"kalah 80 pity mulu tidak dapat karakter yang diinginkan, sudah muak 😢",kalah pity mulu karakter muak,Negative,Negative
Semoga jadi game baik,moga,Positive,Positive
Game apaan ini!!!!!!! Sumpah satisfying bet combat nya gila... Combat nya terlalu bagus.,sumpah satisfying combat gila combat bagus,Negative,Negative
love this game a lot,love this lot,Positive,Positive
"Game terbaik , yg bilang game nya sering frame drop bearti HP kalian kentang untuk segera ganti kaya gua, bilang ga punya duit ya kerja, ga punya kerjaan nyupang sono di pelabuhan ratu🤣",baik bilang frame drop bearti hp kentang ganti gua bilang duit kerja nyupang sono labuh ratu,Negative,Negative
gua kira update 49 gb ternyata aku salah (2.1),gua update gb salah,Negative,Negative
gacor kang,gacor kang,Positive,Positive
"Udah sabar banget nungguin game nya rilis, pas udah rilis malah stuck di black screen pas awal masuk",sabar tunggu rilis pas rilis stuck black screen pas,Positive,Positive
😎👍bagus banget grafik nya 👍👍👍👍👍👍👍👍👍👍👍👍👍👍👍👍👍👍👍👍,bagus grafik,Positive,Positive
"game nya bagus banget, lore/story nya gampang mudeng, karakter pun, ul lala~",bagus lorestory gampang mudeng karakter ul lala,Negative,Negative
"stop inflasi hp, buff beberapa agent udah tau pity sering medit + ga pernah di kasih menang rate on. ya kali Luh nyuruh gw solo pake Lycaon m3",stop inflasi hp buff agent tau pity medit kasih menang rate on lu nyuruh solo pakai lycaon,Negative,Negative
Didalam apk download 17 giga gk ngotak parah,dalam apk download giga ngotak parah,Negative,Negative
Bagus dari segi gameplay dan story tapi tolong untuk dimaksimalkan lagi untuk platform android performanya,bagus segi gameplay story tolong maksimal platform android performa,Positive,Positive
"Performa game nya berantakan gak kayak dulu, aku pakai Xiaomi Pad 6s pro di game berat lainya aman, cuman disini aja yang fps drop parah. Sering force close waktu gacha dll.....",performa beranta pakai xiaomi pad pro berat lai aman cuman fps drop parah force close waktu gacha dll,Negative,Negative
Hehehehe,hehehehe,Positive,Positive
I love it💜,love,Positive,Positive
Ini game bagus banget!! Cuma lambat update story aja semoga kedepannya akan sering sering update story lagi.,bagus lambat update story moga depan update story,Negative,Positive
good,good,Positive,Positive
mantap berasa game anime,mantap asa anime,Positive,Positive
"please optimalkan game nya, padahal dlu lancar bgt gw main sekarang ntah kenapa jadi patah patah",please optimal lancar patah patah,Negative,Negative
lupa rating bejire,lupa rating bejire,Negative,Positive
Joss gandoss tenan👍👍🔥🔥,joss gandoss tenan,Positive,Positive
"nice banget, terus pertahankan konsisten nya yak :)",nice tahan konsisten,Positive,Positive
akun bagus gua hilang sendiri,akun bagus gua hilang,Negative,Negative
Story bagus dan unik sih mode TV nya gw suka tuh mode 😆😁,story bagus unik mode tv suka tuh mode,Positive,Positive
yeah!!🌟🌟🌟🌟🌟✨,yeah,Positive,Positive
Bagus bgt,bagus,Positive,Positive
Sedikit kecewa di update terbaru ini karna karakter terbaru yaitu pulchra tidak memiliki jiggle on her chest😔 seperti nicole dan rina,kecewa update baru karakter baru pulchra milik jiggle on her chest nicole rina,Negative,Negative
kenapa force close woii oerengkat gw kompatibel anj chipsetnya juga lumayan helio g100,force close woii oerengkat kompatibel anjing chipsetnya lumayan hio,Negative,Negative
"Game Yang bagus,Alur cerita gak ngebosenin sama Desain Character keren",bagusalur cerita ngebosenin desain character keren,Positive,Positive
Give more polycrome.,give more polycrome,Positive,Negative
"Terimakasih sudah memberikan pengalaman bermain yang menyenangkan, sayang device berkata tidak",terimakasih alam main senang sayang device,Positive,Positive
game ngantuk,ngantuk,Negative,Negative
"Jangan menyerah tetap semangat, hiraukan orang yg membencimu, tetap bangkit sampai kapanpun terus berusaha",serah semangat hirau benci bangkit usaha,Negative,Negative
"seperti biasa, trash game from hoyoverse",trash from hoyoverse,Positive,Positive
Gamenya storynya bagus dan sangat banyak skin,storynya bagus skin,Positive,Positive
"Sedikit memperlambat perkegarakan, loading ketika login terlalu lama .berganti tempat juga lama tolong di perbaiki lah, buat kmi para player yg cuma bisa main di hp, trus penyimpanannya tolong agak di perkecil, Trus update nya juga gak ngotak, Hampir 10 GB,GAME APAAN ruang penyimpanannya terlalu besar tolong yaa developer hoyoferse, di perkecil jadi agar bnyak peminatnya trima",lambat perkegarakan loading login ganti tolong baik player hp simpan tolong kecil update ngotak gbgame ruang simpan tolong developer hoyoferse kecil minat terima,Negative,Negative
Tolong bisu nya ditambal,tolong bisu tambal,Negative,Negative
"ini game nya bgs cuma loading nya tuh lama banget ,saya kasih bintang 3 kalo loading nya cepet baru saya kasih bintang full",bagus loading tuh kasih bintang loading cepat kasih bintang full,Negative,Negative
"fast respond, good performance, good story, nice design and more, even there some bug but overall it's good game",fast respond good performance good story nice design and more even there some bug but overall its good,Positive,Positive
"Permainan ini sangat baik dan berjalan dengan lancar, terutama untuk permainan yang ringan seperti ini.",main jalan lancar main ringan,Negative,Negative
nice gameee,nice,Positive,Positive
"Bagus game ya... Tapi mungkin bisa lebih dioptimalkan lagi, biar bisa lebih smooth game play ny",bagus optimal biar smooth play,Positive,Positive
add s character for begginer,character for begginer,Positive,Positive
"Gameplay terbilang seru, meskipun sedikit quest & event/terbilang gampang tamat. Tapi tetep ok sih, dan yg terpenting Game Ramah ke Player. The Best",gameplay bilang seru quest eventterbilang gampang tamat ok penting ramah player the best,Positive,Positive
game sempurna saya suka,sempurna suka,Positive,Positive
"Semuanya sangat bagus, terimakasih HoYoverse sudah menemani hari-hari ku, semoga game nya bertahan lebih lama lagi.. OK👍",bagus terimakasih hoyoverse tani harihari ku moga tahan ok,Positive,Positive
"dear dev, can you fix the bug loggin, i try everything to login but still the game said ""too many request bla bla bla"" i try login with Facebook or X (Twitter) and even use VPN its still same cant login the game, i just wanna link my account to gmail so it's gonna ez to login, can u fix it right now, i try so many things except uninstall and install again i dont wanna redownload again cuz its gonna take so long time, pls dev fixed right now",dear dev can you fix the bug loggin try everything login but still the said too many request bla bla bla try login with facebook twitter and even use vpn its still same cant login the just wan na link my account gmail sok its gon na ez login can lu fix right now try sok many things except uninstall and install again dont wan na redownload again cuz its gon na take sok long time pls dev fixed right now,Negative,Negative
Manaaa tombol keluarnya woyyy,tombol keluar woy,Negative,Negative
Please help me frame drop on Snapdragon 845 and crash Make sure smooth gameplay ITS enough for me,please help me frame drop on snapdragon and crash pakai sure smooth gameplay its enough for me,Negative,Negative
"ga dpt hugo, kalah rate off 2 kali. apalah. personal bgt.",hugo kalah rate off apa personal,Negative,Negative
tolong di perbaiki bug nya,tolong baik bug,Negative,Negative
tolong perbaiki kompabilitas nya,tolong baik kompabilitas,Positive,Positive
"Kikir amat bansos nya, udah size gede game jelek, ui jelek pula",kikir bansos size gede jelek ui jelek,Negative,Negative
Sering framedrop di awal main padahal device lumayan (Poco f5) tolong di fix la,framedrop device lumayan poco tolong fix,Negative,Negative
"Sangat amat menikmati game nya, semuanya serba baru mau itu fitur, UI, mekanik/pattern battle. Tidak mengecewakan, enjoy sih mainnya. Uniknya untuk menceritakan kisahnya berbentuk komik dan interaksi antar Wise dan Belle yang asik dan ga bisu juga. Bintang 5 lah.",nikmat serba fitur ui mekanikpattern battle kecewa enjoy main unik cerita kisah bentuk komik interaksi wise belle asik bisu bintang,Positive,Negative
GGWP bagus tapi kebanyakan black screen trus ni game banyak ngomongnya dan jangan lupa ni game berat harus spek yg mumpuni biar lancar main game ini...,ggwp bagus banyak black screen omong lupa berat spek mumpuni biar lancar,Negative,Negative
walah cik gacor gamenya,walah cik gacor,Positive,Positive
Gamenya oke banget,oke,Positive,Positive
"Seru,,event banyak,,gameplay asik.. Sayang handphone nya kurang mendukung😅 Nanti lanjut kalo handphonenya dah support y😁",seruevent banyakgameplay asik sayang handphone dukung handphonenya deh support,Positive,Positive
udah aman udah nyaman nggak ada gangguan,aman nyaman ganggu,Positive,Positive
Oke,oke,Positive,Positive
mantap gacor,mantap gacor,Positive,Positive
"game terbaik game action RPG dengan gaya bermain hack and Slash bener bener unik,gamenya seru dan sistem gachanya kgk pelit cuman rada grinding ajah, overall recommended (di naga 7 gen 3 sih gamenya lancar, klo dibawah itu harusnya bisa juga tapi grafiknya turunin)",baik action rpg gaya main hack and slash unikgamenya seru sistem gachanya pelit cuman rada grinding overall recommended naga gen lancar bawah grafik turunin,Negative,Negative
Itu Update?,update,Negative,Negative
terbaik lah,baik,Positive,Positive
"best hoyo game inimah, diantara game hoyo yg lain ini yg paling ramah f2p",best hoyo inimah hoyo ramah fp,Positive,Positive
"animasinya ga kaku, reward ga pelit, desainnya karakter nya menarik, story nya juga bagus",animasi kaku reward pelit desain karakter tarik story bagus,Positive,Positive
"game nya bagus grafik juga bagus banget,tapi ini sistem gachanya kenapa sulit banget buat kita mendapatkan karakter sss sekalian dapat ss malah bukan karakter yang kita incar munculnya malah karakter lain,dari gw pertama kali download zzz ini gw entah sudah berapa banyak buat gacha mendapatkan karakter Ellen Joe gak dapat dapat lain kali di diperbaiki gw juga kesel aja gak dapat karakternya",bagus grafik bagus bangettapi sistem gachanya sulit karakter ss karakter incar muncul karakter laindari download gacha karakter ellen joe baik kesel karakter,Negative,Negative
Masih bagusan game pgr ketimbang ini,bagus pgr ketimbang,Positive,Positive
Tulung updatenya udah mulai extreme,tulung updatenya extreme,Positive,Negative
"Bagus, saya suka",bagus suka,Positive,Positive
Akhirnya liris udah lama banget nungguin ini game,liris tunggu,Negative,Negative
"Sulit untuk login bahkan beberapa kali tidak bisa login, sistem menyuruh buat verifikasi tapi page verifikasi ga muncul, terus nyuruh tunggu, sudah ditungguin lama masih sama",sulit login login sistem suruh verifikasi page verifikasi muncul nyuruh tunggu ditungguin,Negative,Negative
"Terlalu banyak loading screen yang menggangu, walau hanya sebentar tapi sangat banyak. Gameplay bermain puzzle TV yang terlalu banyak membuat malas bermain",loading screen menggangu sebentar gameplay main puzzle tv malas main,Negative,Negative
Opsional,opsional,Positive,Positive
Gamenya seru,seru,Positive,Positive
Bagus banget gamenya,bagus,Positive,Positive
"berat jem, tapi bagus",berat jem bagus,Negative,Negative
"sekarang jadi tidak kompeten di perangkat saya, tdinya masih bisa di mainkan",kompeten perangkat tdinya main,Negative,Positive
game baik 👍 no debat,no debat,Positive,Positive
kalau jamu nyari game yg punya combat visual keren bgt ini untk kamu bgt deh. tapi kalau kamu anak alim aku kurang rekomend krn character design nya freaky cho. selain itu tidak ada yg kurang sih. minus 1 bintang karena endgamenya susah 💔,jamu cari combat visual keren deh anak alim rekomend character design freaky cho minus bintang endgamenya susah,Negative,Negative
"Combat, karakter design, dan story udah lumayan bagus. Worldbuildingnya juga lumayan oke, meskipun masih ada beberapa hal yang perlu ditingkatkan (seperti bagian TV-TV itu). Menurut saya akan lebih baik jika sesi combatnya diperbanyak lagi, karena combat yang saya rasa paling bagus di game ini.",combat karakter design story lumayan bagus worldbuildingnya lumayan oke tingkat tvtv sesi combatnya banyak combat bagus,Positive,Positive
"BOI PAS MAU MASUK HARUS MELEWATI 7 GERBANG PEMBUKAAN LOADING YG LAMAAA BANGET, ion have a whole day just for u cuh 😭😭 gua udh nunggu kayak seharian buat login ini doang",boi pas lewat gerbang buka loading ion have whole day just for lu cuh gua tunggu hari login doang,Negative,Negative
Game gak bagus,bagus,Positive,Positive
"Game rpg terbaik, hp chipset d920 lancar banget walau harus 30fps bukan 60fps. Combat nya juga seru ada sistem parrynya juga. Kalo size ga masalah 20gb, 50gb pun tetep gw download🗿👍",rpg baik hp chipset lancar fps fps combat seru sistem parrynya size gb gb download,Negative,Negative
sorry for everything,sorry for everything,Negative,Negative
"1) optimalisasi lanjutan dan terkadang frame drop di beberapa momen tertentu seperti saat battle efek skill dan musuh yang banyak ataupun menjelajahi area yg memiliki kepadatan objek/npc seringkali mengalami frame drop yg cukup mengganggu, 2) kualitas render dan resolusi perlu ditingkatkan lagi, 3) mohon untuk tv/hdd dikurangi lagi penggunaannya dikonten konten ingame, 4) volume suara ingame juga terdengar cukup kecil walaupun sudah menaikkan tingkat volume perangkat maupun sistem suara di game",optimalisasi lanjut terkadang frame drop momen battle efek skill musuh jajah area milik padat objeknpc seringkali alami frame drop ganggu kualitas render resolusi tingkat tvhdd rang guna konten konten ingame volume suara ingame dengar naik tingkat volume perangkat sistem suara,Negative,Negative
"Gameplay seru, story menarik tapi kerasa singkat banget (kebiasaan genshin yang storynya panjang), dapet polycromenya juga mudah jadi enjoy banget dimainin",gameplay seru story tarik rasa singkat biasa genshin storynya polycromenya mudah enjoy dimainin,Positive,Positive
PEAK,peak,Positive,Positive
Kenapa gamenya jadi tidak kompatibel? Padahal sebelumnya kompatibel dan lancar main di handphoneku. Tolong jadikan kompatibel lagi,kompatibel kompatibel lancar handphoneku tolong jadi kompatibel,Negative,Negative
game mekanisme santai,mekanisme santai,Positive,Positive
Tv gameplay annoying af,tv gameplay annoying af,Positive,Positive
"bohong gacha nya 50/50 gue aja jarang banget menang rate off, sistem gacha nya ampas",bohong gacha jarang menang rate off sistem gacha ampas,Negative,Negative
"awalnya lancar main gak patah patah tapi sekarang sering patah patah padahal penyimpanan masih banyak, tolong di stabilkan jangan sampai yg lain kabur dengan masalah kenyamanan dalam bermain !!",lancar patah patah patah patah simpan tolong stabil kabur nyaman main,Negative,Negative
Game secara keseluruhan bagus tapi di optimalisasi kan untuk yg guna android agar tidak terlalu patah patah saat bermain itu aja sih,bagus optimalisasi android patah patah main,Negative,Negative
i just need more male S rank,just need more male rank,Positive,Positive
"Karakter S nya tolong di kembangkan lagi, ini sudah bagus, keren hoyo terimakasih",karakter tolong kembang bagus keren hoyo terimakasih,Positive,Positive
"Gue sudah uninstall, Game nya suka keluar sendiri.. Kalau untuk permainan nya cukup bagus Hanya itu aja kendala nya suka foreclose😑😑😑",uninstall suka main bagus kendala suka foreclose,Positive,Positive
WE GONNA BUY BURGER BANGOR WITH 40% DISCOUNT WITH THIS ONE🗣️🗣️❗❗,we gon na buy burger bangor with discount with this one,Positive,Positive
"ahir nya loading nya udah di fix, terimakasih hoyo sudah mendengar suara kami",ahir loading fix terimakasih hoyo dengar suara,Positive,Positive
"Gila permintaan gua soal permasalahan kompatibel diperbaiki sama mihoyo, sesuai janji gua bakal tambahin bintang nya dari dua jadi 5 untuk kepedulian ke player nya 😁 gua bukan bot atau di bayar sama hoyo ye btw. Sekali lagi makasih loh 🥰",gila minta gua masalah kompatibel baik mihoyo sesuai janji gua tambah bintang peduli player gua bot bayar hoyo ye btw terima kasih loh,Negative,Negative
mana 160 jt lapangan kerj eh. 160× pull free yg kau janjikan,juta lapang kerj eh pull free kau janji,Positive,Positive
"bagus sih game nya, lumayan juga bansos nya buat newbie aku juga main game hiyoverse yg lain jdi ak tw bansos zzz lumayan banyk dri game hoyo yg lain",bagus lumayan bansos newbie hiyoverse tau bansos lumayan banyk hoyo,Negative,Negative
GOONER GAME = PEAK,gooner peak,Positive,Positive
"game tergokil dari yang tergokill, bikin update yang baguss terusa Yakk dan banyakin event gratis yang menguntungkan player gratisan😹😹",tergokil tergokill bikin update bagus rusa banyak event gratis untung player gratis,Positive,Negative
jangan pakai hp kentang hehe,pakai hp kentang hehe,Positive,Positive
mid,mid,Positive,Positive
"Setelah update 2.5, hp ku stuck di 100% konfigurasi terus force close. padahal patch lalu baik baik aja.",update hp ku stuck konfigurasi force close patch,Negative,Negative
"Di android 9 dapat bug black screen saat loading masuk game, terjadi di hp ROG phone 1 android 9 yg masih menggunakan driver opengl es lama",android bug black screen loading hp rog phone android driver opengl es,Negative,Negative
"menurutku ini game keren abis, gila pokoknya, tapi ya.....buat kalian semua, harus siapkan device yg mumpuni...... sekian",turut keren habis gila pokok yabuat siap device mumpuni sekian,Negative,Negative
Best,best,Positive,Positive
"Mirip HI3 tapi dengan grafis dan mekanisme yang baru, dan jelas lebih orisinil, mantap si ini, enjoy banget mainnya sama nikmatin story nya yang ga terlalu kompleks",hi grafis mekanisme orisinil mantap enjoy main nikmat story kompleks,Positive,Positive
Wow,wow,Positive,Positive
"suka gamenya tapi, gak suka panas : )",suka suka panas,Positive,Positive
optimalisasi yang buruk,optimalisasi buruk,Negative,Negative
"saat ingin memainkan game, ketika loading screen login tiba-tiba keluar tidak jelas. padahal ram dan storage masih banyak. padahal memakai device samsung s25fe",main loading screen login tibatiba ram storage pakai device samsung sfe,Negative,Negative
Best:3 maen di PC. mobile di uninstall soalnya background hitam (hp ai kentang buat Zenless walaupun game laen sejenis msh aman walaupun setting medium/low),best pc mobile uninstall background hitam hp ai kentang zenless jenis aman setting mediumlow,Negative,Negative
"aku sudah mainin, dan grafik high tp knp burem ya?",mainin grafik high buram,Negative,Negative
"Kejar saja Dunia kawan, sampai HP kalian rusak dan memori penuh atau rela hidup miskin demi mengejarnya, koleksi semua game Mihoyo dan tamatkan semuanya apakah kalian mampu? Yang ada kalian makin tertinggal dan terbudak olehnya. Ini game khusua bagi sultan gamer butuh chipset high end Snapdragon 8gen. Adapun hasilnya hanya membodohi kalian. Uang segitu mending di sumbangkan ke warga miskin",kejar dunia kawan hp rusak memori penuh rela hidup miskin kejar koleksi mihoyo tamat tinggal budak khusua sultan gamer butuh chipset high end snapdragon gen hasil bodoh uang segitu mending sumbang warga miskin,Negative,Negative
"Bgm,effect,battle 10/10 ada mekanik Parry yg seru bet cuy puas banget main ini game pas santai kalau gacha emang agak kintil tapi yaa karakter A pun masih bisa dipake di semua setiap karakter dapat story masing-masing.",bgmeffectbattle mekanik parry seru cuy puas pas santai gacha kintil karakter pakai karakter story masingmasing,Positive,Positive
tambahin mode lain kurangin mode tv,tambah mode kurang mode tv,Positive,Negative
very lag when playing on android,very lag when playing on android,Negative,Negative
"story terlalu repetitif,boring duluan sebelum sampai ke bagain karna yg dibawain cuma gitu gitu doang,udah gitu part yg sama diulang 4 5x.",story repetitifboring duluan bagain dibawain doangudah part ulang,Positive,Positive
"Di Hp mid masih ada frame drop,Tolong tingkatkan lagi performanya",hp mid frame droptolong tingkat performa,Negative,Negative
"Bagus, sisa optimisasi",bagus sisa optimisasi,Negative,Positive
"game bagus tapi ada bug di rahasia agen kucing dan tikus bagian dua,tolong developer fix dong",bagus bug rahasia agen kucing tikus duatolong developer fix,Negative,Negative
"Kalian yang ngasih B1 ada masalah hidup apa? Protes map? Bro ini game baru 3 bulan belum 7 tahun lu bandingkan ZZZ sama HI agak tolol, protes loading lama mending priksain jaringan lu atau HP lu, kentang mah kentang aja gak usah nyalahin devnya, terus ada protes mode TV di persempit, ya kan itu yang kalian mau, emang serba salah hoyo, penyimpanan kegedean buat game kayak gini, kalau lu emang niat main ya artinya lu udah kudu ganti HP, gak malah nyalahin hoyo karena HP lu yang udah kentang",asih hidup protes map bro tahun banding hi tolol protes loading mending priksain jaring hp kentang mah kentang salah devnya protes mode tv sempit serba salah hoyo simpan gede niat kudu ganti hp salah hoyo hp kentang,Negative,Negative
"device ku poco x6 pro main genshin rata kanan lancar jaya, tapi main nih game walaupun grafis terendah sama medium ngelag nya minta ampun ampe kesel gw",device ku poco pro genshin rata kanan lancar jaya grafis rendah medium ngelag ampun kesel,Negative,Negative
"terjadinya force close, tambahkan supaya layar bisa zoom in dan zoom out karakter.",force close tambah layar zoom zoom out karakter,Negative,Negative
game nya bagus keren banget lah tapi kasih gw ju fufu woy! gw udah main nih game buat dapet ju fufu tadi dapet S tapi bukan Ju fufu sialan nih game!! kasih gw ju fufu!!!!!!!!!!!!!!,bagus keren kasih ju fufu woy ju fufu ju fufu sial kasih ju fufu,Positive,Positive
Hitam semua layar ya asu game bug ini mah,hitam layar asu bug mah,Negative,Negative
worth it,worth,Positive,Positive
Wow wow wow wow,wow wow wow wow,Positive,Positive
"Main genshin , pgr , hsr dll lancar , giliran maen zzz pnas bet njir",genshin pgr hsr dll lancar gilir pnas anjir,Negative,Negative
"gameplay bagus asli parah , cuman ada saran buat setting poco F6 gk min? udh rata kiri tetap aja lag parah 😭 apakah saatnya pensi main ZZZ semenjak update v2.0",gameplay bagus asli parah cuman saran setting poco min rata kiri lag parah pensi semenjak update,Negative,Negative
"yang bilang game Gooner tu, emang Gooner😝 wong saya suka kok",bilang gooner gooner suka,Positive,Positive
"Game nya keren, ini Persona nya mobile, dari Game play, area semua mirip game persona nya playstation Pokok nya kereeeennn banget 👍 🫶",keren persona mobile play area persona playstation pokok keren,Positive,Negative
The best absolute cinema cutscene,the best absolute cema cutscene,Negative,Negative
"Ada tanggal open servernya, ada aja masih rating 1 comment ga bisa dibuka. Sdm rendah ya gini",tanggal open servernya rating comment buka sdm rendah,Negative,Negative
"Layar mendadak freeze di layar loading, tidak bisa masuk, akan langsung force close. Ini masalah dan keluhan banyak player, gamenya tidak diperhatikan. Butuh pertanggung jawaban.",layar dadak freeze layar loading force close keluh player perhati butuh tanggung,Negative,Negative
"nice game, sekarang sudah agak lancar. sepertinya sudah banyak optimalisasi walaupun di kota tetep lag. tapi yang penting sih Combat nya lumayan lancar karena game ini fokus Combat bukan eksplorasi",nice lancar optimalisasi kota lag combat lumayan lancar fokus combat eksplorasi,Negative,Negative
"Menarik gamenya. Awal rilis coba maen bisa. Abis tu patch 1.1 perangkat g mendukung!?? Lah. Sekarang 24/9 bisa lagi. Tapi dah Malas,ketinggalan patch.",tarik rilis coba habis patch perangkat dukung deh malasketinggalan patch,Positive,Positive
Baru donlod hehe,donlod hehe,Positive,Positive
"Worst gaming experience yet, literally Zzz",worst gaming experience yet literally zzz,Positive,Positive
"terimakasih sudah membantu, saya naikan ke 4 dulu karena masih ada framedrop dengan setting grafik lowest.",terimakasih bantu naik framedrop setting grafik lowest,Positive,Positive
game makin berat dan masih belum dioptimalkan karena ada beberapa bug yang bikin kesulitan saat battle.,berat optimal bug bikin sulit battle,Negative,Negative
"ini kenapa dah sering ngefreeze layar nya tpi masih lanjut game nya, update sebelum nya ga gitu dah",deh ngefreeze layar update deh,Negative,Negative
Bagus,bagus,Positive,Positive
game jelek,jelek,Negative,Negative
I love billy,love billy,Positive,Positive
I LOVE IT,love,Positive,Positive
Actually i don't know how to explain this game but I'll give love for HOYOVERS,actually dont know how explain this but ill give love for hoyovers,Positive,Positive
Keren visual memanjangkan mata 👍🏼,keren visual panjang,Positive,Positive
"langsung download 32 gb bjir😹, mana storage hp gw ga muat lagi. oke dah, gw terpaksa lanjut main lewat cloud. untuk gamenya, sangat bagus. apalagi VA Englishnya yang benar2 menjiwai",download gb bjir storage hp muat oke deh paksa cloud bagus va englishnya jiwa,Negative,Negative
Ternyata game baik meski 60% kikir,kikir,Positive,Positive
karena gw pernah main ni game pas awal rilis gw kasih bintang 1,pas rilis kasih bintang,Positive,Positive
"tambahkan fps unlimited di mobile, fitur zoom in zoom out pada karakter",tambah fps unlimited mobile fitur zoom zoom out karakter,Negative,Positive
make manato s rank,pakai manato rank,Positive,Positive
"thanks telah di fix Bug versi 2.7, sekarang main jadi lebih smooth, di highest.",thanks fix bug versi smooth highest,Positive,Negative
Jelek banget tv simulator bikin ngantuk,jelek tv simulator bikin ngantuk,Negative,Negative
"hai,saya ingin menyampaikan saran atau kritik masukan untuk game, saya suka sama game ini,tpi game nya terlalu memakan banyak ram jadi kadang gampang ngelag,terus saat mengkompilasi data atau shading suka force close sendiri,tolong di optimasi lgi untuk device kelas menengah, device: Infinix Hot 50",haisaya saran kritik masuk suka initpi makan ram kadang gampang ngelagterus kompilasi data shading suka force close sendiritolong optimasi device kelas tengah device infinix hot,Negative,Negative
Suka ngefrezze trus ujungya force close sendiri.,suka ngefrezze ujungya force close,Negative,Negative
"game bagus, obat setres serta obat pata hati Disaat aku melihat dia sama yang lain. btw tolong tambahin mode pvp antar player donh",bagus obat tres obat pata hati saat btw tolong tambah mode pvp player donh,Negative,Positive
mantap!,mantap,Positive,Positive
I love Ellen Joe,love ellen joe,Positive,Positive
ni game rusak gak jelas,rusak,Negative,Negative
the best game sih🤭,the best,Positive,Positive
sehat sehat game baik,sehat sehat,Positive,Positive
"untuk mode tv mohon jangan dihilangkan kurangi saja, dan saran saja saat gampad tersambung mohon otomatis ubah ke layout controller tidak perlu lagi ke pengaturan",mode tv hilang kurang saran gampad sambung otomatis ubah layout controller atur,Negative,Negative
"ini game paling bagus hoyoverse sih menurut gua, soalnya sensasi battle berasa epic banget pergerakan kamera nya bagus, dan yg paling penting ni game ramah F2P (player gratisan)",bagus hoyoverse gua sensasi battle asa epic gera kamera bagus ramah fp player gratis,Positive,Positive
china ini lg stress atau butuh uang yha update shiyu defense makin susah yg lama shiyu defense 7 sudah setengah mati ngalahinnya sekarang shiyu defense nya tambah 3 boss nya dan butuh banyak karakter wuwa hbis update juga susah karena ada mekanik break baru karakter rate up di honkai star rail character type break lu mau bikin hype apa sih ga jelas banget,china stres butuh uang update shiyu defense susah shiyu defense mati ngalahinnya shiyu defense bos butuh karakter wuwa habis update susah mekanik break karakter rate up honkai star rail character type break bikin hype,Negative,Negative
"mantep sih makin banyak hadiah dan event,tapi saran aja jarak antar banner agak sedikit dilamain biar dari keanggotaan cukup dapet polynya dan perbanyak b4 yang berguna sih kayak pan yinhu,nicole atau lucy gitu",mantap hadiah eventtapi saran jarak banner dilamain biar anggota polynya banyak guna yinhunicole lucy,Negative,Negative
"gameplay ama ceritanya saya suka tapi tolong lebih optimizdkan gameplay soalnya masih sering patah patah saat main, jadi males main",gameplay cerita suka tolong optimizdkan gameplay patah patah malas,Negative,Negative
"kekurangannya cuma karakter malenya ga banyak, tpi dri segi cerita dan visual udah bagus bangett, ga pelit resources juga",kurang karakter male segi cerita visual bagus pelit resources,Negative,Negative
"Developer jahat gw udh spin Miyabi berkali-kali gk pulang"" jir🙄😹",developer jahat spin miyabi berkalikali pulang jir,Negative,Negative
Bagi yg bilang game nya berat karna 17gb update Percaya lah gw maen pake hp adek gw SnD 695 bisa tanpa legger di fps 30,bilang berat gb update percaya pakai hp adek snd legger fps,Negative,Negative
"game keren, yang ditunggu tunggu",keren tunggu tunggu,Negative,Negative
Tv mode nya ngerusak ini game padahal game nya dah bagus tp gara2 mode tv buang2 eaktu bgt lu kira kita oengguran apa main jalan vulak balik di tv mode kek apa tau,tv mode ngerusak deh bagus gara mode tv buang eaktu oengguran jalan vulak tv mode tau,Negative,Negative
"Game bagus tapi sayang eksekusi konten end gamenya jelek,kayak di shiyu defense contohnya.ada musuh yg ngeblink2 ngilang ,trus ada momen pas ngilang musuhnya gak bisa di hit.Kita kehilangan waktu hampir 10 detik.mau gak mau kalo mau efektif kek dipaksa ngedamage yg gedhe di waktu musuhnya bisa di hit.Krn sisa waktunya kebuang buat animasi. Untuk sekarang sih bisa fullstar tapi lama2 hal gini kalo dinormalisasikan bakal jadi kebiasaan devnya. Lebih suka musuh yg adu mekanik,bukan adu animasi",bagus sayang eksekusi konten end jelekkayak shiyu defense contohnyaada musuh ngeblink hilang momen pas hilang musuh hitkita hilang waktu detikmau efektif paksa ngedamage gedhe waktu musuh hitkrn sisa buang animasi fullstar normalisasi biasa devnya suka musuh adu mekanikbukan adu animasi,Negative,Negative
Pity gacha 100 ? Game play terlalu cepat bikin bosen,pity gacha play cepat bikin bosan,Negative,Negative
game mantap 😁👍🏿,mantap,Positive,Positive
Keren banget Zenless Zone Zero,keren zenless zone zero,Positive,Positive
main sendirian itu ga enak.. coba tambahin coop atau party dengan player lain... game tema hack and slash tapi solo itu bosennya looping,coba tambah coop party player tema hack and slash solo bosennya looping,Positive,Positive
"ngak bisa login (terlalubanyak request ),, speed donload lemot banget",login terlalubanyak request speed donload lot,Negative,Negative
"tolong banget dan butuh solusi masalah bug setelah update 2.0 saya mendapatkan bug quest,sebelum update,saya bermain quest balas dendam virtual yang belum saya selesaikan,tapi ketika update 2.0 saya malah tidak bisa melanjutkan quest special ini sebelum bug terjadi saya keluar story ketika Yanagi dan worker H.I.A sudah selesai conversation,setelah saya cek besok nya sekaligus update 2.0 saya malah tidak bisa melanjutkan quest dan tidak ternavigasi untuk melanjutkan nya mohon perbaiki bug ini",tolong butuh solusi bug update bug questsebelum updatesaya main quest balas dendam virtual selesaikantapi update lanjut quest special bug story yanagi worker hia selesai conversationsetelah cek besok update lanjut quest navigasi lanjut baik bug,Negative,Negative
"Optimasi di HP jelek banget, sering framedrop semenjan update Outer Ring kalo gak salah. Patch awal padahal lancar loh.",optimasi hp jelek framedrop semenjan update outer ring salah patch lancar loh,Negative,Negative
stuck dipilih server. gk bisa diapa apain. cuma tv doang yg ganti chanel,stuck pilih server apa apa tv doang ganti chanel,Negative,Negative
Sehat sehat game baik,sehat sehat,Positive,Positive
"Sebenernya gw suka, semua game dr hoyoverse. Tp sayang hp gw dgn snpdrgon 860 udh g bisa main ini game. Krna patah², framenya, trs ngfrze ga nyaman jdinya ya sadar diri. Maen sbntar doang trs g kuat ya udh🙂. Gw selalu support hoyoverse dg game yg mereka kmbangkan mulai dr GI, HSR, trs ZZZ🫰🏻",suka hoyoverse sayang hp snpdrgon patah framenya ngfrze nyaman jdinya sadar sbntar doang kuat support hoyoverse kmbangkan gi hsr,Negative,Negative
Harga Item terlalu mahal & reward dari in game nya pun terlalu sedikit sekali,harga item mahal reward,Positive,Positive
ga kompe,kompe,Positive,Positive
Downloadnya sih 17gb an setelah selesai jadi 19gb hampir 20gb...kurang memuaskan untuk ukuran gamenya seisinya...gacha pun sama seampas2 nya game gacha masih mendingan di Genshin (-_-) Belum ada sehari udah tak hapus gamenya.,downloadnya gb an selesai gb gbkurang muas ukur seisinyagacha ampas gacha mending genshin hari hapus,Negative,Negative
"mantap, agak berat tapi gameplay memuaskan, sering bansoss, jarang kalah rate off (di beberapa akun aja)",mantap berat gameplay muas bansoss jarang kalah rate off akun,Positive,Negative
Kadang saat saya gabut atau ingin main game bagus saya memilih Zenless zone karena game ini sangat menarik,kadang gabut bagus pilih zenless zone tarik,Positive,Positive
"seru sih, gk kikir kayak game satunya",seru kikir satu,Positive,Positive
"Anak2 skip aja ya de, selera milenial.",anak skip deh selera milenial,Positive,Negative
Udah enggak sabar,sabar,Positive,Positive
Animasinya memuaskan !,animasi muas,Positive,Positive
"mungkin anda bisa memperbaiki game ini untuk semua player yang device nya rendah , karena kami mengalami full layar hitam dan kami mohon untuk mengoptimalkan nya secepatnya",baik player device rendah alami full layar hitam optimal cepat,Negative,Negative
"gameplay seru style world nya colorful abis, wuwa tapi versi simple sih good job mihoyo 👍🏻",gameplay seru style world colorful habis wuwa versi simple good job mihoyo,Positive,Positive
a best combat game for fun 🤣🤣,best combat for fun,Positive,Positive
Game ya bagus,bagus,Positive,Positive
"entah kenapa sangat mengecewakan makin kesini tuh, terutama dengan adanya karakter baru yen shunguang kayak di segi ceritanya terlalu memaksakan pada salah satu karakter tersebut, lalu makin kesini ceritanya semakin memakan waktu yang lama yg misalkan di dalam perjalanan misi selalu bertarung dan bertarung lagi meskipun dengan mosnter yang kecil dan biasa namun itu terlalu memakan waktu bermain dan sehingga terasa bosan juga. Tolong kedepannya untuk misi itu yang mudah, cepat, dan fleksibel.",kecewa kesini tuh karakter yen shunguang segi cerita paksa salah karakter kesini cerita makan waktu jalan misi tarung tarung mosnter makan waktu main bosan tolong depan misi mudah cepat fleksibel,Negative,Negative
Game nya asli kikir dan saya sudah gacha dan lewat pity masih tak dapat karakter yang saya ingin kan dan ini game agak berat padahal device saya lumayan memumpuni,asli kikir gacha pity karakter berat device lumayan mumpuni,Positive,Negative
"I hope in the future hoyoverse can make a game that can operate worldwide in Tokyo, Japan so that occasionally we can feel what it's like to go to Japan and enjoy the experience of traveling there. One more thing, honestly I am a little disappointed with the existence of the dungeon in the game zenless zone zero because what I want is a direct battle in the city of Tokyo itself, so make the game feel more exciting please hoyoverse keep up the spirit of working.",hope the future hoyoverse can pakai that can operate worldwide tokyo japan sok that occasionally we can feel what its like go japan and enjoy the experience of traveling there one more thing honestly little disappointed with the existence of the dungeon the zenless zone zero because what want is direct battle the city of tokyo itself sok pakai the feel more exciting please hoyoverse keep up the spirit of working,Negative,Negative
"nice game, pitynya kadang bagus kadang jelek, tapi story lebih bisa dinikmatin khususnya orang yang kurang suka fantasi isekai, sayang semakin lama update size semakin besar dan game makin berat, akhirnya diuninstall karena terlalu berat",nice pitynya kadang bagus kadang jelek story dinikmatin suka fantasi isekai sayang update size berat diuninstall berat,Negative,Negative
"Bagus kok, jangan dengerin haters",bagus dengar haters,Negative,Positive
"Sebelumnya saya sudah memiliki akun dengan progres yang cukup jauh, kemudian mencoba mendaftarkan username. Saat relogin info login kadaluarsa dan akun saya hilang sehingga memulai dari awal. Keren sekali",milik akun progres coba daftar username relogin info login kadaluarsa akun hilang keren,Negative,Negative
Why do I always not get new characters when I play this game even though I've been playing for a while and the gacha is very difficult?,why always not get new characters when play this even though ive been playing for while and the gacha is very difficult,Negative,Negative
"Game The Best, komunitas nya asik tapi banyak Furry nya jir😹😹",the best komunitas asik furry jir,Negative,Positive
Game sampah apalah coba bosnya susah bener padahal level lebih tinggi player benerin napa tolol,sampah apa coba bos susah level tinggi player benerin tolol,Negative,Negative
"Story,musik, dan battle nya sih seru yh, cuma saya kurang suka mode explore nya yg masuk ke TV, cukup ngebosenin.",storymusik battle seru suka mode explore tv ngebosenin,Positive,Positive
"server gagal masuk untuk hari ini,,",server gagal,Negative,Negative
Seru gamenya,seru,Positive,Positive
"Dear dev, please make it offline mode too, because sometimes it's difficult to get a signal here",dear dev please pakai offline mode too because sometimes its difficult get signal here,Negative,Negative
kirain ada kuemungkinan jadi kompitqbel..pdahal ram 8gb..yaudalh main genshin aja amq hsr..,kuemungkinan kompitqbelpdahal ram gbyaudalh genshin amq hsr,Positive,Positive
"‎Makin Ke sini bukanya makin Bagus Ini game, Malah makin Susah Di mainkan nya, Dari segi bos nya aja udah ngaco pola serangan nya susah di tebak, Makin malas main kalo nanti Update masih gak berubah kemungkinan besar dah malas main game nya SUDAH CAPE KASIH SARAN BERAPA KALI TAPI GAK BERUBAHDari Pertama rilis baru sekarang sekarang kecewa berat Saya hanya punya Skill Rendah dalam main game ini jadi tolong permudah gamenya Agar yang punya kemampuan rendah dalam game ini bisa teratasi.",buka bagus susah main segi bos aco pola serang susah tebak malas update ubah deh malas capek kasih saran berubahdari rilis kecewa berat skill rendah tolong mudah mampu rendah atas,Negative,Negative
MANATO-KUN!!!,manatokun,Positive,Positive
"Game monoton,bosan gw maen game gacha",monotonbosan gacha,Positive,Positive
peak,peak,Positive,Positive
"Yg kasih bintang 1 pasti hp nya kentang maksa buat main, jgn ya dek ya,",kasih bintang hp kentang maksa dek,Negative,Negative
performa malah kacau setelah update. kemaren bisa sampai 120fps. sekarang malah ngedrop sampai 1fps atau malah ngefreeze,performa kacau update kemarin fps ngedrop fps ngefreeze,Negative,Negative
"Lagi lagi mihoyo berhasil menggebrak pasar game gacha dengan membuka market baru, gokil dah. Ui nya aesthetic kayak persona Gameplay agak mix antara MGR:R, DMC, sama SF Character bervariasi, gak kayak game gacha kebanyakan yang cuma berani main aman pake model humanoid Story asik dan enjoy buat dinikmatin berasa kayak nonton anime SoL dengan sedikit taburan mystery Untuk BGM gw ngerasa mereka ngambil jalur yang sama kayak Nikke yaitu lo fi dan Dubstep (untuk fight), Overall gamenya wajib coba",mihoyo hasil gebrak pasar gacha buka market gila deh ui aesthetic persona gameplay mix mgrr dmc sf character variasi gacha banyak berani aman pakai model humanoid story asik enjoy dinikmatin asa tonton anime sol tabur mystery bgm ngambil jalur nikke lo dubstep fight overall wajib coba,Negative,Negative
ty ty makasi ellennya😍😍,ty ty terima kasih ellennya,Positive,Positive
"Story bagus 4/5 | Animasi super mantap 5/5 | Gameplay superb 4.7/5 | Character Design mantap 4.5/5 | Music 4.8/5 | Gacha System seperti hsr 3.5/5 | F2p Friendly 4/5 | Vibe 4/5 | Minus ini game cuma di size terlalu besar woi untuk genre yg bukan open world dan dimana mana loading, plus di ps5 untuk lokasi seperti lumina square sering frame drop | [Overall Rating 4.2/5]",story bagus animasi super mantap gameplay superb character design mantap music gacha system hsr fp friendly vibe minus size woi genre open world mana loading plus pas lokasi lumina square frame drop overall rating,Positive,Positive
Nice,nice,Positive,Positive
MAKE MANATO S-RANK 🗣️🗣️🗣️,pakai manato srank,Positive,Positive
"disini banyak orang bangak ternyata, lu pada udahlah main gratisan banyak ngeluh lagi, udah tau hp kgk mampu jgn banyak ngeluh apa lagi gratisan mainnya, develop nya bukan cuma ini game yang diurus bangak mesti ada bug nya nama juga gamee, lu pada kasih rating kgk ngotak org bangak, gue yang itel 65p mentok2 minimum kgk ngeluh kek lu pada, baru aja framedrop dikit dah pada ngeluh, baru aja crash keluar aja ngeluh, ya sadar diri berarti HP LU YANG KGK BISA BUAT NI GAME, manja bet minta ini itu👎",bangak gratis ngeluh tau hp ngeluh gratis main develop urus bangak mesti bug nama gamee kasih rating ngotak bangak itel mentok minimum ngeluh framedrop dikit deh ngeluh crash ngeluh sadar hp manja,Negative,Negative
good,good,Positive,Positive
tolong saat mengoptimalkan shaaderr sering fc,tolong optimal shaaderr fc,Negative,Negative
"gamenya rada kikir, eventnya lumayan cuman sering kalah rate off.. semuanya kalah rate off",rada kikir eventnya lumayan cuman kalah rate off kalah rate off,Negative,Negative
Jangan buat karakter nya telanjang buat ngak ada marwahnya karakternya 😭,karakter telanjang marwahnya karakter,Positive,Positive
Yang benar saja masa gameplay tv mau dihapus? Haloo dev.. Tolong ya tv itu tu yg jd ciri khas zzz kalo kau mau hapus mending hapus juga tu mc wise sama belle.. Memang membosankan TAPII PLISS jangan dihilangkan. Setidaknya bikin pergerakan tv nya jadi lebih cepat. Krn yg bikin orang-orang tidak sukai itu jalannya bangboo di tv itu lambat.,gameplay tv hapus haloo dev tolong tv ciri khas kau hapus mending hapus mc wise belle bosan pliss hilang bikin gera tv cepat bikin orangorang suka jalan bangboo tv lambat,Negative,Negative
Keren,keren,Positive,Positive
Misi nya dipermudah dong tau Chara nya masih jelek jelek skillnya kecuali udah dewa dewa kyk honkai impact baru deh gamasalah musuhnya se susah apa,misi mudah tau chara jelek jelek skillnya kecuali dewa dewa honkai impact deh gamasalah musuh susah,Negative,Negative
"Menurut saya deadly assaults terlalu berat untuk f2p,makin update mkin powecreep,dpet 2 bintang aja susah sekali,tolong lah di optimalin,agar player tidak kesulitan untuk memainkanya",deadly assaults berat fpmakin update powecreepdpet bintang susah sekalitolong optimalinagar player sulit memainkanya,Negative,Negative
"Jujur saja, aku ngerti kalau mmg game berat loadingnya lama tp aku selalu pengin ngantuk main game ini karena sedikit"" harus loading pdhl gameplay-nya seru tp jiwa udh didunia lain sangking lamanya",jujur erti berat loadingnya pengin ngantuk loading gameplaynya seru jiwa dunia sangking,Negative,Negative
game tai,tahi,Negative,Negative
"akhirnya setelah sekian lama,dari awal rilis baru sekarang layak di maenin di ROG7. kenapa gw bilang gitu soalnya buat ngeliatin dialog di cerita nya Zhu Yuan & Qing yi aja bisa force close bjir,dari awal rilis maen masih stuck disitu doank,maen cuman buat daily aja, saking buruknya optimasi nih gim",sekian lamadari rilis layak maenin rog bilang lihat dialog cerita zhu yuan qing yi force close bjirdari rilis stuck situ doankmaen cuman daily saking buruk optimasi gim,Negative,Negative
"komiknya seru, battle nya seru",komik seru battle seru,Positive,Positive
Di ROG 6 kenapa game ini bug fixel??? fixel di dalam game terlihat error? pada saat battle pun juga error?? apakah ini semacam bug??? tolong di perbaiki,rog bug fixel fixel error battle error bug tolong baik,Negative,Negative
Ini kenapa di saya menu controlernya gak muncul ya? Saya pakai ipega PG-9157 Device saya samsung A54,menu controlernya muncul pakai ipega pagi device samsung,Negative,Negative
"rata rata yang retting 1 karna patah"" dan yang lainnya,padahal bukan salah game nya",rata rata retting patah lainnyapadahal salah,Negative,Negative
"Aku suka grafiknya yg bagus, karakternya yg kyk kartun, battlenya tp yg aku gak suka explorenya jd terpaksa aku hapus lg gamenya",suka grafik bagus karakter kartun battlenya suka explorenya paksa hapus,Positive,Negative
good,good,Positive,Positive
High quality games,high quality games,Positive,Positive
Good,good,Positive,Positive
tambahin char semog nya dong hoyo,tambah char semog hoyo,Positive,Positive
"Story bagus dan gameplay sgt bagus, dan yang saya suka dari game ini adalah menggunakan mekanisme jelajahnya adalah tv, punya keunikan tersendiri, namun sedikit yang disayangkan dari segi optimalisasi gamenya yang msh kurang, kadang ingin Dodge serangan lawan sedikit delay dan loading in game sedikit memakan waktu. Itu saja saran untuk hoyoverse, semoga diperbaiki kedepannya",story bagus gameplay bagus suka mekanisme jelajah tv uni sendiri sayang segi optimalisasi kadang dodge serang lawan delay loading makan waktu saran hoyoverse moga baik depan,Negative,Negative
"Overall sudah sangat bagus.... tapi tolong untuk pilihan karakternya ditambah karena hanya bisa pakai 3 karakter(caesar, belle, dan wise) sedangkan untuk karakter lain yang telah dimiliki tidak bisa dipakai, itu aja sih kurangnya",overall bagus tolong pilih karakter tambah pakai karaktercaesar belle wise karakter milik pakai kurang,Negative,Positive
"tolong dioptimalkan lagi, saya memakai device yang mumpuni tetapi lag nya parah banget!!!",tolong optimal pakai device mumpuni lag parah,Negative,Negative
"BEST, CUMA BERAT DI KOTA",best berat kota,Negative,Negative
"Kepada developer, game ini benar benar bagus, bagus banget, sangat bagus dan benar benar game yang cocok dengan saya atau genre yang aku suka, open world tapi tidak terlalu luas, game ini perfect!, sempurna bagi saya, minusnya game ini membuat hp saya sangat sangat panas!, padahal saya memainkan Wuthering Waves yang dimana Wuthering Waves lebih berat daripada zzz seharusnya zzz tidak seberat itu, mohon untuk dioptimalkan, ini game yang benar benar sempurna bagi saya!",developer bagus bagus bagus cocok genre suka open world luas perfect sempurna minus hp panas main wuthering waves mana wuthering waves berat berat optimal sempurna,Negative,Negative
"hadeh ngestuck mulu di loading masuk, tolong diperbaiki developer",hadeh ngestuck mulu loading tolong baik developer,Negative,Negative
All the best this game,all the best this,Positive,Positive
game yang bagus dan seru untuk saya yang ingin mekanik sulit dan Menantang semoga kedepannya makin banyak fitur dan Qol yang berguna,bagus seru mekanik sulit tantang moga depan fitur qol guna,Positive,Positive
game kok bikin pusing. gelap banget. UI too complicate and su*k. booring. motion sickness 900% cocok pengganti lem aibon,bikin pusing gelap ui too complicate and suka booring motion sickness cocok ganti lem aibon,Negative,Negative
best game :),best,Positive,Positive
"walaupun disebut game Gooner, tapi tetap saja bagus, dan developer tidak kikir, mekanik juga mudah, pokoknya the best lah",gooner bagus developer kikir mekanik mudah pokok the best,Positive,Positive
terimakasih mihoyo karena sudah memberi saya Astra Yao + W Engine 30x gacha total 😋. mihoyo baik banget loh ya,terimakasih mihoyo astra yao engine gacha total mihoyo loh,Positive,Positive
"Contoh Game Masa Depan yg Patut di tiru... Gameplay Gampang, di Mobile bisa pakai Gamepad. Saran : Gachanya di permudah lagi & Banyakin Event Monochrome & Perbanyak Giftnya.",contoh patut tiru gameplay gampang mobile pakai gamepad saran gachanya mudah banyak event monochrome banyak giftnya,Negative,Negative
Gameplay Nya Seru,gameplay seru,Positive,Positive
"LOL JUST OPTIMIZE THE GAME, SLIT-EYED",lol just optimize the sliteyed,Positive,Positive
FORCE CLOSE!,force close,Negative,Negative
High memory leak bug,high memory leak bug,Negative,Negative
"game rpg terbaik yg pernah saya mainin, suka sama gamenya, petualangan di game ini juga menyenangkan tidak membosankan👍🙌",rpg baik mainin suka tualang senang bosan,Positive,Positive
optimalisasinya sampah,optimalisasi sampah,Negative,Negative
Cih ganti akun di susahnya apa an cb,cih ganti akun susah an coba,Negative,Negative
"Kebanyakan karakter cewek ga seimbang banget karakter cowoknya cuma seberapa doang, bahkan bisa itung jari. + lag after update",banyak karakter cewek imbang karakter cowok doang itung jari lag after update,Negative,Negative
waktu awal rilis game ini masih sangat ramah untuk HP kelas menengah... hanya saja sekarang jadi makin berat saat bermain pun muncul lag dan patah patah padahal setingan sudah rendah semua,waktu rilis ramah hp kelas tengah berat main muncul lag patah patah ting rendah,Negative,Negative
"Sebagai pemain, ""Zenless Zone Zero"" sangat menghibur dengan grafis menakjubkan dan gameplay dinamis. Namun, sistem gacha bisa mahal dan membuat frustasi, serta membutuhkan perangkat keras yang kuat. Konten awal mungkin terasa terbatas dan game ini memerlukan koneksi internet yang stabil. Meskipun ada kekurangan, game ini tetap seru dan layak dimainkan.",main zenless zone zero hibur grafis takjub gameplay dinamis sistem gacha mahal frustasi butuh perangkat keras kuat konten batas koneksi internet stabil kurang seru layak main,Negative,Negative
"Ngantuk, semua akun gua kalah 50/50 ga ngurus",ngantuk akun gua kalah urus,Negative,Negative
"Gameplay fresh, bagus juga, Join youtube ku untuk live ZZZ 😁 (Windofu)",gameplay fresh bagus join youtube ku live windofu,Positive,Positive
"saya sangat suka game ini, gameplay cepat, banyak referensi, hadiah yang melimpah dan berbagai mekanik yang sangat seru.",suka gameplay cepat referensi hadiah limpah mekanik seru,Positive,Positive
Cihui ada istri ku 🥰,cihui istri ku,Positive,Positive
Butuh Optimalisasi,butuh optimalisasi,Negative,Negative
mantapppp,mantap,Positive,Positive
thanks hoyo gacha ku gapernah kalah rate off di game ini,thanks hoyo gacha ku kalah rate off,Negative,Negative
"Update versi1.4.0 kok sekarang sering patah²?, padahal versi sebelumnya aman ,main high 60fps / 30fps lancar, sekarang main di setting 30fps/60fps patah² drop fps 😑",update versi patah versi aman high fps fps lancar setting fpsfps patah drop fps,Negative,Negative
Very great,very great,Positive,Positive
"Gede bngt males download datanya, kek game Harry Potter awakening ku",gede malas download data harry potter awakening ku,Negative,Negative
"ahh, game yg sangat seru, tapi sayang ga bisa main lagi, game nya sangat bagus👍,buat deplover semangat😁",ah seru sayang bagusbuat deplover semangat,Positive,Positive
peak game🔥🔥,peak,Positive,Positive
"Sekelas game Dungeon base Untuk size awal 20 gb terlau besar, entar balik lagi tambah bintang klo size bs dikompres",kelas dungeon base size gb terlau entar bintang size kompres,Negative,Negative
saya harap setelan graphic mirip seperti GI sama HSR . Kalau bisa ada setelan 45fps.,harap setel graphic gi hsr setel fps,Negative,Negative
"sukak banget ama ni game sangat sangat peduli dengan playernya, tidak ada kepelitan. tiap ada bug juga langsung diusahakan fiks. mantap bet dah. lanjutkan kerja kerasnya tim zenless",suka peduli playernya pelit bug usaha fiks mantap deh lanjut keras tim zenless,Negative,Negative
Main game nya lancar tapi ga bisa update di play store ga kompatibel katanya aneh,lancar update play store kompatibel aneh,Negative,Negative
"KNP GACHA NYA BAUK BGT SIH, masa dri saya awal main ga pernah hoki, dan juga tolong kurangin mode TV itu membuat saya pusing,mual,dan bosan",gacha bauk hoki tolong kurang mode tv pusingmualdan bosan,Negative,Negative
"Sayang sekali bisa skip story, padahal game kayak gini nyawanya di story. Kalo skip2 ga bakal tau konteksnya.",sayang skip story nyawa story skip tau konteks,Negative,Negative
Setelah update Sering force close main ini game,update force close,Negative,Negative
game kikir😠😠,kikir,Positive,Positive
"Zenless Zone Zero tuh gila sih... gameplay-nya cepet, animasinya halus banget, terus desain karakternya keren semua! Udah pasti jadi game favorit gue sekarang. tapi masalah nya cuma 1, kadang suka force close kalo pake paket data grafik rata kiri tapi kalo pake wifi mau grafik rata kanan masih bisa lanjut. btw hpku prosesor nya Snapdragon 778G (masih bisa) kalo udah teratasi force close nya ku kasih bintang 5",zenless zone zero tuh gila gameplaynya cepat animasi halus desain karakter keren favorit kadang suka force close pakai paket data grafik rata kiri pakai wifi grafik rata kanan btw hpku prosesor snapdragon atas force close ku kasih bintang,Negative,Negative
Sehat sehat game baik,sehat sehat,Positive,Positive
"Very unstable gameplay experience, the lvl of monsters and characters is quite far and makes the game play experience unbalanced, defeating enemies takes quite a long time, Increasing exp World lvl level is very difficult. I have completed all the main quests and still can't upgrade my character.",very unstable gameplay experience the lvl of monsters and characters is quite far and makes the play experience unbalanced defeating enemies takes quite long time increasing exp world lvl level is very difficult have completed all the quests and still cant upgrade my character,Positive,Positive
download cuma gegara burger bangor jir 🗿,download gegara burger bangor jir,Negative,Negative
"game nya keren bagus , style nya gue banget tapi sayangnya saya telat main jadi mager buat main....",keren bagus style sayang telat mager,Negative,Positive
"entah kenapa gamenya terlalu berat, sedangkan Genshin saja enteng saat di main kan. tolong untuk kedepannya di bikin lebih stabil lagi gamenya, terima kasih hame baik",berat genshin enteng tolong depan bikin stabil terima kasih hame,Negative,Negative
PERFECT,perfect,Positive,Positive
game bagus,bagus,Positive,Positive
Hilangkan mode tv gak ada seru serunya buang waktu banget gak guna klo ilangin saya kasih B5 ciri khas si ciri khas tapi jan tv ada kan yg lain TOLOL,hilang mode tv seru seru buang waktu ilangin kasih ciri khas ciri khas tv tolol,Positive,Positive
"bagus, cuma kurang stabil, setiap masuk game selalu internet yang jadi masalah, tapi internet saya bagus, dan ketika saat chat dengan karakter, chat akan keluar sangat lama, semoga bisa diperbaiki",bagus stabil internet internet bagus chat karakter chat moga baik,Positive,Positive
fixs blacksreen!!!,fixs blacksreen,Positive,Positive
"gamenya overall sudah bagus tapi side quest di game ini kurang banyak daripada genshin atau hsr tolong dilebihkan lagi side quest, puzzle, sama chest nya agar player gampang grinding polychrome🙏🙏🙏",overall bagus side quest genshin hsr tolong lebih side quest puzzle chest player gampang grinding polychrome,Negative,Positive
"Karakter hanya bisa dipakai dibattle saja, jadi percuma rasanya meng-gacha karakter tertentu jika hanya bisa dipakai dibattle saja",karakter pakai dibattle menggacha karakter pakai dibattle,Positive,Positive
Gatau mau rating apa gabut,tau rating gabut,Negative,Negative
Updatean baru malah makin parah lagging gk jelas padhal spek lumayan snap gen1 8gb,updatean parah lagging padhal spek lumayan snap gen gb,Negative,Negative
Gwe senang main game ini punya pengalaman kisah cerita yg banyak dan terharu,gwe senang alam kisah cerita haru,Positive,Positive
Version 1.4 is very good,version is very good,Positive,Positive
"game sangat bagus,grafik,battle nya, char nya juga cakep cakep, bansos cukup banyak, sehat sehat game baik",bagusgrafikbattle char cakep cakep bansos sehat sehat,Positive,Positive
Please fix it! ah damn cannot play this game always forced close after update,please fix ah damn can not play this always forced close after update,Negative,Negative
gamenya fore close di hp chipset helio g100 tolong di perbaiki gamenya agar semua pemain bisa memainkan game ini,fore close hp chipset hio tolong baik main main,Negative,Negative
Perlu di stabilin lagi,stabilin,Positive,Positive
gamenya mayan cuman suka force close padahal ane maen di SD860 semoga segera di fix,lumayan cuman suka force close ane sd moga fix,Negative,Negative
hoyoverse tolong buatin zenless zone zero yang cloud juga kayak genshin impact makasih,hoyoverse tolong zenless zone zero cloud genshin impact terima kasih,Negative,Negative
semoga saya mendapatkan karakter s caesar setelah memposting ini,moga karakter caesar memposting,Positive,Positive
Game AAA mobile terbaik🔥,mobile baik,Positive,Positive
"Sebenarnya kalain ngapain aja sih!? Ngurus game baru lagi?? Ini user mobile pada ngeluh bug optimalisasi atau hot fix buat crash dari v2.0 masih aja tutup telinga. Heran aku, mau menikmati game aja harus pindah ke pc dulu.",kalain urus user mobile ngeluh bug optimalisasi hot fix crash tutup telinga heran nikmat pindah pc,Negative,Negative
Makasih Untuk Bansosnya Dev🤭,terima kasih bansosnya dev,Positive,Positive
good,good,Positive,Positive
"design UI, battle style, grafis, semua bagus, cuman tolong kedepannya bisa lebih optimal untuk device menengah",design ui battle style grafis bagus cuman tolong depan optimal device tengah,Positive,Positive
kenapa tidak support di MediaTek Dimensity 7025?,support mediatek dimensity,Positive,Positive
sugoii pengiriman super duper sangat cepat sekali hehe thanks,sugoii kirim super duper cepat hehe thanks,Positive,Negative
semoga game nya menjadi lebih berkembang dan menyenangkan,moga kembang senang,Positive,Positive
sizenya bengkak amat 100gb cuma buat ngerender susu🥀🥀,sizenya bengkak gb ngerender susu,Negative,Negative
Gamenya keren,keren,Positive,Positive
5 star for reward anniversary.,star for reward anniversary,Positive,Positive
"Story-nya bagus, gameplay-nya asik, musiknya beh mantap. Belum lagi aset chara-nya g heran gamenya berat",storynya bagus gameplaynya asik musik beh mantap aset charanya heran berat,Positive,Positive
"Setelah update sinyal malah makin terasa buruk, terlalu sering terjadi disconect mendadak yang menyebabkan ketidaknyamanan saat bermain",update sinyal buruk disconect dadak sebab ketidaknyamanan main,Negative,Negative
berat banget mantap,berat mantap,Positive,Positive
"Semoga terus dikembangkan dengan lebih baik lah di game ini dan semoga sukses selalu untuk hoyoverse dan moga untuk device minimum nya bs lebih di perbaiki bila memang terdapat kekurangan nanti saat open rilis, terima kasih",moga kembang moga sukses hoyoverse moga device minimum baik kurang open rilis terima kasih,Positive,Positive
shiyu defense yang kelima yang tahap awal terlalu makan waktu animasi musuhnya bikin makan waktu,shiyu defense tahap makan waktu animasi musuh bikin makan waktu,Negative,Negative
"Aku baru aja Beli HP Xiaomi Redmi 15c di tahun 2025, HP tersebut baru Rilis dan langsung Aku beli karena kebetulan aku pingin ganti HP untuk main Game. main Genshin Impact lancar Rata Kanan 😁👍 tapi main Zenless Zone Zero Nge lag Parah, padahal pakai Rata Kiri 😭. please Developer, For all smartphones with 8GB & 256GB specifications can play Zenless Zone Zero Without Lagging 😭😭😭 sumpah Baru beli nih lho HP, baru rilis nih HP, Aku coba main Genshin Kuat tapi main ZZZ gak kuat 😭😭😭",beli hp xiaomi redmi tahun hp rilis beli pengin ganti hp genshin impact lancar rata kanan zenless zone zero nge lag parah pakai rata kiri please developer for all smartphones with gb gb specifications can play zenless zone zero without lagging sumpah beli lho hp rilis hp coba genshin kuat kuat,Negative,Negative
"game bagus tapi sering close sendiri pas loading awal , edan bener² berkali kali dan itu bikin jengkel entah kenapa pas konfigurasi data itu ngeleg bukan main tapi pas in game lancaŕ² aja , jika ini di benerin ya saya bakal naikin ratingnya",bagus close pas loading edan kali bikin jengkel pas konfigurasi data ngeleg pas lanca benerin naikin ratingnya,Negative,Negative
"Awal mula promosi instalan untuk semua/umum masih berjalan normal dan ijin masuk servernya udah lancar dengan persyaratan yang di wajibkan instal/unduh data wajib untuk memainkan game nya, tapi saya tunda 1,hari untuk menyediakan ruang internal penyimpanan, pendownload data untuk memainkan game ini setelah satuhari berlalu akan melanjutkan login ke akun google play game di game ini dan sayangnya tidak bisa karena di peringatkan apl play store perangkat anda tidak kompatibel dengan versi game ini",promosi instalan semuaumum jalan normal ijin servernya lancar syarat wajib instalunduh data wajib main tunda sedia ruang internal simpan pendownload data main satuhari lanjut login akun google play sayang ingat apl play store perangkat kompatibel versi,Negative,Negative
Semoga game nya gk kikir,moga kikir,Positive,Positive
"storynya bagus graphic nya juga keren bisa memanjakan mata gameplay nya juga keren mulai dari kamera sudut pandang saat bertanrung, ulti, dan skill nya juga epic semua. overall saya sangat suka dengan game ini",storynya bagus graphic keren manja gameplay keren kamera sudut pandang bertanrung ulti skill epic overall suka,Positive,Positive
"KENAPA PAS MASUK GAMENYA LAYAR HITAM, SUARA ADA,GAME PAAN INI????,UDAH DOWNLOAD DATA,HABISIN KUOTA LAGI, PAS MASUK GAME UDAH HITAM. TOLONGLAH YANG MEMBUAT GAME SEGERA DIPERBAIKI 🙏",pas layar hitam suara adagame paan iniudah download datahabisin kuota pas hitam tolong baik,Negative,Negative
"tolong detail di lumine square turunin atau gak jumlah render orang nya bisa diatur,framedrop disitu doang gw grafik high map lain lancar.",tolong detail lumine square turunin render diaturframedrop situ doang grafik high map lancar,Negative,Negative
"Gim yang saya tunggu tunggu, semoga benar benar bagus dan menyenangkan!",gim tunggu tunggu moga bagus senang,Positive,Positive
"Ok, moga ga qiqir",ok moga qiqir,Positive,Positive
bagus,bagus,Positive,Positive
Gila sih ini game. Mantap brutal,gila mantap brutal,Negative,Negative
Pas bukan lancar pas login keliatan bentar langsung hitam layar 🗿tolong jelaskan why,pas lancar pas login bentar hitam layar tolong why,Negative,Negative
Yoshaa,yoshaa,Positive,Positive
Material gacha sulit di dapat dan susah mendapat char limit. Harus 150+ pull dulu,material gacha sulit susah char limit pull,Negative,Negative
"Volume diluar battle sangat kecil, jadi harus selalu naik turunkan volume tiap masuk dan keluar battle.",volume luar battle turun volume battle,Negative,Negative
ini game atau disk rusak? MACET TERUS!!!,disk rusak macet,Negative,Negative
Ubdep nya lama nya,ubdep,Positive,Positive
"Maaf ga sesuai expetasi, kukira gameplay nya bakal wah ternyata B aja gajauh beda ama HI3 malah bagus Hi3 nya. Minim fitur, gabisa lompat, duduk, zoom dll",maaf sesuai expetasi kira gameplay gajauh beda hi bagus hi minim fitur lompat duduk zoom dll,Positive,Negative
Menurut gua dari segi gameplay udah bagus. Namun tolong dipermudah kan cari drive disc nya. saya sudah menghabiskan 3000+ battery cuma dapet 5 drive disc yang bagus. udah sih itu aja,gua segi gameplay bagus tolong mudah cari drive disc habis battery drive disc bagus,Negative,Negative
tolong desain baju nya di iniin biar ga ini banget woi,tolong desain baju iniin biar woi,Positive,Positive
sangat menguras waktu ya😁,uras waktu,Negative,Negative
"dari segi gameplay sangat memuaskan, akan tetapi saya menemukan bug lain pada karakter yang ber element ice seperti lycaon dan Ellen di mana saat ultimate tampilan Ice nya berwarna hitam bukan biru, sekian penjelasan dari bug nya mohon di perbaiki, Salam proxy🙏",segi gameplay muas temu bug karakter ber element ice lycaon ellen ultimate tampil ice warna hitam biru sekian jelas bug baik proxy,Negative,Negative
Menurut saya Gamenya bagus action saya suka Tapi HP saya Mid range ini Yang bisa main Game genshin Dll itu Suka Crash di pertengahan game dan force close Dan juga pengoptimalan nya masih sangat buruk menurut saya Karna Grafik paling rendah saja Masih Kayak Medium dan gak ada bedanya Makanya suka Patah patah Sampai Fps Saya ngedrop jadi tolong tambahkan Kayak atur grafis sesuai kemampuan perangkat supaya HP bisa Lancar saat bermain Itu Saja Terima kasih Tolong di Notice,bagus action suka hp mid range genshin dll suka crash tengah force close optimal buruk grafik rendah medium beda suka patah patah fps ngedrop tolong tambah atur grafis sesuai mampu perangkat hp lancar main terima kasih tolong notice,Negative,Negative
anime/10,anime,Positive,Positive
Best gacha game i ever play!!!,best gacha ever play,Positive,Positive
blm dirilis aja udh ada yg kasih bintang 1😂,rilis kasih bintang,Positive,Positive
please fix when bos fight wandering hunter sometimes game always freezes and force close after thats iqoo 13,please fix when bos fight wandering hunter sometimes always freezes and force close after thats iqoo,Negative,Negative
"Langsung ke intinya aja, boba nya geter² jir 😋",inti boba geter jir,Negative,Negative
"Min, kapan ada event gacha karakter jane doe lagi?",min event gacha karakter jane doe,Positive,Positive
Nice,nice,Positive,Positive
TV nya bikin bosan,tv bikin bosan,Positive,Negative
Zzz ngorok game turu 😴💤,zzz ngorok turu,Positive,Positive
"Nooooooo Kenapa sekarang perangkat tidak kompatibel dengan versi ini 🥲😭, dan sekarang game Ini kadang ada di PlayStore kadang gak ada",no perangkat kompatibel versi kadang playstore kadang,Positive,Positive
"saya kasi bintang 1 di updte anniversary pertama ini karena game semakin berat ditambah musuh semakin susah dihadapi tidak seperti sebelum anniversary. untuk map sekarang semakin membingungkan, story yang agak rumit, dan rate sistem gacha yang agak kurang , walaupun hadiah banyak tapi gacha seperti tidak diuntungkan development mungkin bisa jadi masukan terimakasih",kasih bintang updte anniversary berat tambah musuh susah hadap anniversary map bingung story rumit rate sistem gacha hadiah gacha untung development masuk terimakasih,Negative,Negative
Seru,seru,Positive,Positive
"semakin lama ciri khas dari zzz mulai di tinggalkan, seperti mode TV dan combat mission, sudah pure gooning :v",ciri khas tinggal mode tv combat mission pure gooning,Positive,Positive
mantap min,mantap min,Positive,Positive
Tingkat rate gachanya terlalu ampas saya sudah mengumpulkan banyak untuk gacha dari quest story untuk 90 pull tapi apa dapatnya cuma karakter standar untuk benner exclutif untuk mendapatkan karakter exclusifnya harus 90 pull lagi kalau akun sultan tidak masalah tapi player gratisan menurutku ini gamenya mahal,tingkat rate gachanya ampas kumpul gacha quest story pull dapat karakter standar benner exclutif karakter exclusifnya pull akun sultan player gratis turut mahal,Negative,Negative
Sudah bagus Masih bisa di mainkan untuk sekarang Paling di opimalisasikan saja untuk perangkat yang belum stabil. Karena keluhan berputar di situ sama ukuran yg besar.,bagus main opimalisasikan perangkat stabil keluh putar situ ukur,Positive,Positive
Mntp aku,mntp,Positive,Positive
Hentai,hentai,Positive,Positive
Keren,keren,Positive,Positive
absolute cinema,absolute cema,Negative,Negative
best gacha game I've played since forever,best gacha ive played since forever,Positive,Positive
kalah pity!!!,kalah pity,Negative,Negative
"sangat bagus, tapi untuk saat ini perbanyak karakter pria dan kurangi desain terbuka berlebihan untuk karakter wanita, itu sangat tidak penting",bagus banyak karakter pria kurang desain buka karakter wanita,Negative,Negative
Terbaik dan Waifuku burnice,baik waifuku burnice,Positive,Positive
grafiknya keren,grafik keren,Positive,Positive
great game,great,Positive,Positive
"tidak ada keluhan selain dalam penggunaan ram yang cukup banyak, kalau bisa di optimalkan lagi dalam penggunaan ramnya.Terima kasih",keluh guna ram optimal guna ramnyaterima kasih,Positive,Positive
bro this game is heavy bruh 35GB+ wth i know the more time i play this game the more heavy it will be :( well the game is good tho 😌,bro this is heavy bruh gb wth know the more time play this the more heavy will be well the is good tho,Positive,Negative
mntap,mntap,Positive,Positive
"Hack and Slash nya sangat menghibur, koh hoyo tidak pernah gagal dengan game buatannya.",hack and slash hibur koh hoyo gagal buat,Negative,Negative
Game ngantuk,ngantuk,Negative,Negative
"lebih optimalisasi lagi di mobile, krn belakangan banyak keluhan terutama kudu hapus file vulkan dlu baru lancar",optimalisasi mobile keluh kudu hapus file vulkan lancar,Negative,Negative
"apa ini kalah sama honkai impact, honkai impact aja gak nge frame masak ini lag banget kocak",kalah honkai impact honkai impact nge frame masak lag kocak,Negative,Negative
Game bagus,bagus,Positive,Positive
Game masih ada kras tolong fix dev apakah apk belum resmi secara global,kras tolong fix dev apk resmi global,Positive,Positive
game ini sangat bagus tetapi saya memutuskan untuk berhenti karena my phone tidak kuat buat maenin 2 game hoyo jadi saya memutuskan hanya bermain hsr sorry 😔,bagus putus henti my phone kuat maenin hoyo putus main hsr sorry,Negative,Negative
Game bagus banget,bagus,Positive,Positive
Game terbaik & Battle terbaik,baik battle baik,Positive,Positive
need more male char in this game,need more male char this,Positive,Negative
optimalisasi nya makin ampass untuk os Android,optimalisasi ampass os android,Positive,Positive
Gamenya gak ada char yg telanjang bintang 1,char telanjang bintang,Positive,Positive
game hoyo yang paling sering dimainkan ketimbang sisanya,hoyo main ketimbang sisa,Negative,Negative
"Overall udah bagus sih,perfect",overall bagus sihperfect,Positive,Positive
game ini bagus banget saya suka😄,bagus suka,Positive,Positive
kok cepet panas,cepat panas,Negative,Negative
Kont,kont,Positive,Positive
Kebanyakan misi. Misi yang 1 belum selesai udah dikasih misi lagi jadi bingung mau nyelesain yang mana dulu ditambah naikin levelnya dipersulit,banyak misi misi selesai kasih misi bingung selesai tambah naikin level sulit,Negative,Negative
"woi kenapa akun hoyo gw tiba2 ilang anjeng padahal gaada notifikasi ganti/unbind akun. ITU GW UDAH BUILD JANE DOE AMA ELLEN NYA ANJENG..!! MANA UDAH INTERKNOT 50 PULA!! dicek uid lewat akun temen juga masih ada padahal. lu klo trouble jangan gini lah,ni kenapa tiba-tiba malah muncul notif 'akun tidak terdaftar' padahal di email gaada pemberitahuan samsek.",woi akun hoyo hilang anjeng notifikasi gantiunbind akun build jane doe ellen anjeng interknot cek uid akun teman trouble lahni tibatiba muncul notif akun daftar email pemberitahuan samsek,Negative,Negative
nice game,nice,Positive,Positive
Game terbaik man,baik man,Positive,Positive
Mau 1st annivesar,st annivesar,Positive,Positive
"buat yang main katanya banyak problem tuh berarti emang device kalian yang kalian paksa buat main di grafik yang ketinggian, kl mau main lancar main aja pake pc/laptop, toh ini juga termasuk game enteng buat laptop spek menengah",problem tuh device paksa grafik tinggi lancar pakai pclaptop enteng laptop spek tengah,Negative,Negative
hard,hard,Negative,Negative
Nice,nice,Positive,Positive
"Mereka aplikasinya dari hape bersamaan snowbreak, setelah peluncurannya ga jadi main, malah Helio G99 & Snapdragon 680 ga di akuin lagi...",aplikasi hape sama snowbreak luncur hio snapdragon akuin,Negative,Negative
bagus,bagus,Positive,Positive
Good,good,Positive,Positive
"game terbaik, goated🔥",baik goated,Positive,Positive
Ellen 🤤🤤🤤🤤,ellen,Positive,Positive
plis give me luck in gacha,plis give me luck gacha,Positive,Positive
Game Gacha Terbaik,gacha baik,Positive,Positive
Main yg fiturnya begini ngantuk duluan gak cocok buat main game abis balik kerja terlalu terbelit belit,fiturnya ngantuk duluan cocok habis belit belit,Negative,Negative
Singkat padat heker,singkat padat heker,Negative,Negative
Nice boi,nice boi,Positive,Positive
"Game gila, selalu dikasi pity tinggi terus Tidak direkomendasikan, capek mainnya Dasar kikir",gila kasi pity tinggi rekomendasi capek main dasar kikir,Negative,Negative
"halo, aku merasa game ini sudah bagus menurut ku dari segi ramah f2p dan yang lain lain. tapi apakah ini sebab device atau kesalahan game ini ketika ketika pertama kali bertarung saat nge skill mengalami freeze dan mengalami trothling tolong optimalisasi untuk game ini dan juga agar bisa nge zoom karakter 🙏",bagus ku segi ramah fp device salah tarung nge skill alami freeze alami trothling tolong optimalisasi nge zoom karakter,Negative,Negative
game terkeren lancar di ram 2gb grafik rata kanan no lag!,keren lancar ram gb grafik rata kanan no lag,Negative,Negative
"Thank you for the fun days, this is the second time you disappointed me, the first time when Jane's banner you gave me Nekomata and the second time when Yanagi's banner you gave me I'm Nekomata again and it makes my efforts in vain so far I think I've played this game enough so thank you.",thank you for the fun days this is the second time you disappointed me the first time when janes banner you gave me nekomata and the second time when yanagis banner you gave me im nekomata again and makes my efforts vain sok far think ive played this enough sok thank you,Positive,Positive
tolong di perbaiki setelah update malah jadi patah patah,tolong baik update patah patah,Negative,Negative
"gak optimal, masa SD 8s gen 3 masih frame drop",optimal sd gen frame drop,Negative,Negative
Tambahin Multiplayer nya dong Biar character sesama character lebih seru,tambah multiplayer biar character character seru,Positive,Positive
game ini kenapa sangat berat untuk dimainkan? Saya sudah ubah ke grafik rendah tapi masih sering framedrop dan itu sangat menganggu kenyamanan bermain saya. saya bermain genshin impact dan honkai starrail di grafik medium tidak ad frame drop tpi kenapa hanya zzz yang tidak bisa dijalankan dengan lancar. device yang saya gunakan sudah cukup kuat yaitu iqoo Z9 dengan Snapdragon 7 gen 3,berat main ubah grafik rendah framedrop menganggu nyaman main main genshin impact honkai starrail grafik medium frame drop jalan lancar device kuat iqoo snapdragon gen,Negative,Negative
"Untk kalian yang ga bisa login atau layarnya hitam, berarti hp anda kentang, coba menggunakan spek yang minim seperti dimensyt 1080 atau snapdragon 732g",login layar hitam hp kentang coba spek minim dimensyt snapdragon,Negative,Negative
"I love the animation of this game, the story, the characters all the characters personalities, and the gameplay!",love the animation of this the story the characters all the characters personalities and the gameplay,Positive,Positive
keren 👍,keren,Positive,Positive
Nice,nice,Positive,Positive
Pas di buka appnya layarnya jadi hitam tapi suara ada. Tolong fix bug ini !!,pas buka appnya layar hitam suara tolong fix bug,Negative,Negative
gacha rate off,gacha rate off,Negative,Negative
Good project👍👍👍,good project,Positive,Positive
"Gameplay jelek, sistem tv bikin sakit mata",gameplay jelek sistem tv bikin sakit,Negative,Negative
Kikir banget anj,kikir anjing,Positive,Positive
Game paling favorit😍💕,favorit,Positive,Positive
Pas buka game malah cuma muncul layar hitam (black screen) dan cuma muncul suara nya saja. Hei developer goblog kalau lu gak niat rilis di versi mobile di versi PC aja. Jgn dipaksa in kalau ujung ujungnya ngebug begitu. Padahal HP saya kuat kuat aja main gensin sama honkai kalo game ini malah gak bisa kan aneh Terima kasih,pas buka muncul layar hitam black screen muncul suara hei developer goblog niat rilis versi mobile versi pc paksa ujung ujung ngebug hp kuat kuat gensin honkai aneh terima kasih,Negative,Negative
plis kurangin payudara yang terlalu dibesar-besarkan di game ini,plis kurang payudara dibesarbesarkan,Negative,Negative
Trash!!!,trash,Positive,Positive
Game apa coba malah gelap gk bisa masuk,coba gelap,Negative,Negative
mantap game baik,mantap,Positive,Positive
"tolonglah masa di hp Infinix hot 40 pro dgn chipset (dimensity 7020) lebih tinggi dibanding realme 9 (Snapdragon 685). Kagak bs jalan biasa dgn mulus jalan biasa loh, di realme jalan biasa lancar banget pas udh battle sama pas ultimate nya nyala lancar walaupun patah dikit. Ayolah logis dikit, chipset lebih tinggi masa malah jauh banget performanya.",tolong hp infinix hot pro chipset dimensity tinggi banding realme snapdragon kagak jalan mulus jalan loh realme jalan lancar pas battle pas ultimate nyala lancar patah dikit ayo logis dikit chipset tinggi performa,Negative,Negative
"Saya bermain di galaxy tab s9 dan saya mengalami force close saat bermain game ini saya tidak mengalami lag sama sekali saya menyayangkan kejadian ini saya harap masalah ini akan diperbaiki, tapi secara keseluruhan game ini cukup seru menampilkan gameplay yg mudah dan menantang, mungkin di masa depan akan saya beri bintang 5 setelah masalah force close ini di selesaikan :)",main galaxy tab alami force close main alami lag sayang jadi harap baik seru tampil gameplay mudah tantang bintang force close selesai,Negative,Negative
tolong ringankan,tolong ringan,Negative,Negative
"bintang 3 dulu, soalnya msih ada bug, latar jdi item semua🙏",bintang bug latar item,Negative,Negative
Masa saya setiap gacha selalu hard pity itupun kalah rate off. Tolong dong hoyo saya sudah meluangkan waktu saya untuk main game ini minimal menang lah.,gacha hard pity itu kalah rate off tolong hoyo luang waktu minimal menang,Negative,Negative
Bagus game nya story lorenzo nya juga seru grafik nya juga bukan main-main cuy!,bagus story lorenzo seru grafik mainmain cuy,Positive,Positive
Dari awal opening setia banget mainin game ini👍🏻,opening setia mainin,Negative,Negative
Mode tv bikin pusing,mode tv bikin pusing,Negative,Negative
Kbnykn loading si ini game + berat bener untuk device 8 gen 1 aja msh kurang performa nya ini emg kudu next gen sih pdhl game hack and slash aja,kbnykn loading berat device gen performa kudu next gen hack and slash,Negative,Negative
"the game Force close and crashed my phone, Infinix gt 30 pro",the force close and crashed my phone infinix pro,Negative,Negative
game rusak sering reboot system device gara² game ginian,rusak reboot system device gara,Negative,Negative
Keren game nya dan bansos juga lumayan jdi bintang 5 karena GK ad kendala ap2 udh bagus x ini game sih,keren bansos lumayan bintang kendala bagus,Positive,Positive
"Setelah update 1.1 akhirnya sistem rekomendasi spek nya di perbaiki dan saya bisa download lagi di play store, makasih hoyo...",update sistem rekomendasi spek baik download play store terima kasih hoyo,Negative,Negative
"PLEASE ELLEN JOE... COMEBACK, I NEED AGENT ROLE ATTACK.",please ellen joe comeback need agent role attack,Negative,Negative
Bisu,bisu,Negative,Positive
minn glitch nya nambah min untuk lainnya aman udah itu benahin glitchnya dong,minn glitch tambah min aman benah glitchnya,Positive,Positive
WORST ever gacha game I've ever played,worst ever gacha ive ever played,Positive,Positive
"banyak bansos, f2p suka",bansos fp suka,Positive,Positive
lancar & satisfaying bgt mainnya asik,lancar satisfaying main asik,Positive,Negative
I love this game,love this,Positive,Positive
.. good..,good,Positive,Positive
"Saya suka game ini, story telling nya bagus banget",suka story telling bagus,Positive,Positive
gelo hp gw ngeprem jir B4 dulu kalo dah ganti hp b5,gelo hp ngeprem jir deh ganti hp,Negative,Negative
"Ini bukan game open world yah, ini game RPG mirip mirip kek punishing gray raven , saya liat banyak yg komen kok gabisa jalan jalan / explorasi ? Dungu itu yg komen begitu, Saya saya ga mainin gamenya tapi saya kasih 🌟🌟🌟🌟🌟 karena ini HOYOVERSE",open world rpg punishing gray raven komen jalan jalan explorasi dungu komen mainin kasih hoyoverse,Negative,Negative
Miyabi tolong di percepat kalau g bintang satu ni min😡,miyabi tolong cepat bintang min,Negative,Negative
"GAME SIALAN, UDH 2X RATE OFF GAGAL DPTIN ASTRA, UPGRADE STAT DISC KYK GACHA BNGST EMOSI GW",sial rate off gagal dptin astra upgrade stat disc gacha bngst emosi,Negative,Negative
"gamenya asik dan tantangannya seru banget, cerita dan karakternya juga menarik tapi ada satu hal yang bikin aku kesal, misi mode TV, tolong hilangkan mode itu, mode itu banyak bug, dan selalu bikin bosan saat memainkannya",asik tantang seru cerita karakter tarik bikin kesal misi mode tv tolong hilang mode mode bug bikin bosan main,Negative,Negative
"salah satu game gacha yang kalo kalian kalah 50:50 pertama kali.. bakal kalah 50:50 seterusnya sampe game ini tutup. bayangin dari jaman banner ellen joe rilis sampe sekarang selalu hard pitty 80 keatas dan ga pernah menang 50:50 sekalipun. hampir semua player zzz ngalamin hal yang sama selalu kalah banner dan mentok pitty. beda sama game hoyoverse lain, zzz game paling ga ramah buat gacha",salah gacha kalah kalah tutup bayang jaman banner ellen joe rilis hard pitty atas menang player ngalamin kalah banner mentok pitty beda hoyoverse ramah gacha,Negative,Negative
Best Game Gooners I Like 🥀🥀🥀❤️‍🩹,best gooners like,Positive,Positive
gameplay casual cukup memuaskan buat menghilangkan penat & ui simple dikemas menarik dan fresh,gameplay casual muas hilang penat ui simple kemas tarik fresh,Positive,Positive
"males sekarang login FB di hoyo, harus verifikasi akun udah tau login di FB email-nya udh tertaut di FB masih ajah ribet alhasil akun genshin sama zzz jadi mati karena belum tertaut email google,udh di email juga percuma ga di bales 👎🏻",malas login fb hoyo verifikasi akun tau login fb email taut fb ribet alhasil akun genshin mati taut email googleudh email balas,Negative,Negative
v2.0 jadi for close,for close,Negative,Negative
Seru dan fresh semoga tetep baik ya min,seru fresh moga min,Positive,Positive
wow,wow,Positive,Positive
Peak Update,peak update,Negative,Positive
Makin ke sini makin keren nih game 😍🥰,keren,Positive,Positive
game nya bagus,bagus,Positive,Positive
"Tolong gamenya yg misi masuk masuk ke TV itu benar benar gak berguna, di hapus aja misi yg masuk bamboo masuk TV, game bagus seperti ini jadi game nyebelin dan jelek....",tolong misi tv guna hapus misi bamboo tv bagus sebal jelek,Negative,Negative
optimalkan lagi gamenya di mobile maupun PC. game masih kadang stuttering walaupun performa hp maupun PC Saya masih lega gpu cpu maupun ram nya,optimal mobile pc kadang stuttering performa hp pc lega gpu cpu ram,Negative,Negative
"Improve banget dari genshin dan hsr, animasinya mulus bet sama mekanik combat yang gak bosenin, masalahnya paling cuma di storagenya aja yang agak besar.",improve genshin hsr animasi mulus mekanik combat bosan storagenya,Negative,Positive
"Game Busuk Gacha Selalu Dibuat Hard Pity Rate Off lagi Saking muaknya sama ni game gua hapus buang"" waktu main ni game",busuk gacha hard pity rate off saking muak gua hapus buang waktu,Negative,Negative
"Main Quest menyebalkan, ketika sudah masuk ke cerita main quest tidak bisa menjalankan misi lainnya. Harusnya bisa dikerjakan sekalian seperti game rpg lainnya. Sangat disayangkan apalagi fitur tv yang terlalu bertele-tele",quest sebal cerita quest jalan misi rpg sayang fitur tv berteletele,Negative,Negative
Absolute gooning,absolute gooning,Positive,Positive
Game bagus,bagus,Positive,Positive
Seru banget gamenya🤌,seru,Positive,Positive
Gamenya sering ke force close,force close,Negative,Negative
"Saya tidak bisa membuka game zenless zone zero. Saat saya membuka game nya terdapat peringatan Fatal Error, Another instance is already running. Membuat saya bingung apa yang salah, saya mencoba mengecek file saya tidak ada yang ke double, local disk saya masih luas. Untuk laptop sendiri masih kuat untuk bermain game sebagai perbandingan nya adalah game genshin impact yang masih bisa di mainkan. Untuk pihak COGNOSPHERE PTE. LTP. Saya tolong untuk atas masalah ini, terima kasih 🙏",buka zenless zone zero buka ingat fatal error another instance is already running bingung salah coba ecek file double local disk luas laptop kuat main banding genshin impact main cognosphere pte ltp tolong terima kasih,Negative,Negative
Game nya bagus dan dalam ceritanya juga seru tapi pas mau gacha emang susah kali untuk dapat s nya harus 80 × gacha baru dapat yang s tolong lah 😁😁😅,bagus cerita seru pas gacha susah gacha tolong,Positive,Negative
Gamenya sangat bagus desain karakter dan grafik game nya sangat saya suka dan saya juga suka game ini karna di game ini desain karakter² wanita nya sangat menggoda apalagi paha nya Jane doe dan saya juga sangat suka dengan desain karakter yanagi apa lagi dada nya yang sangat besar dan menggoda dan game ini memiliki mekanik yang tidak terlalu susah kecuali main satu tangan baru susah sambil melihat pahanya Jane doe ;),bagus desain karakter grafik suka suka desain karakter wanita goda paha jane doe suka desain karakter yanagi dada goda milik mekanik susah kecuali tangan susah paha jane doe,Positive,Positive
"Overall oke si, dari segi gameplay, cutscane dll, tapi bos nya susahin dikit, sambil garuk biji pun bisa ini mah lawan bos nya",overall oke segi gameplay cutscane dll bos susahin dikit garuk biji mah lawan bos,Negative,Negative
Ga bisa login selalu coba saat lagi,login coba,Negative,Positive
"Monotone aja game playnya, apalagi Explorernya model tv yg buat kepala pusing. Game gagal ...",monotone playnya explorernya model tv kepala pusing gagal,Negative,Negative
"ga tau kenapa ini game suaranya pelan banget, kek volume hampir full baru berasa suaranya.. mohon dibenerin mangoyo🙏",tau suara pelan volume full asa suara dibenerin mangoyo,Negative,Negative
Ini game bagus banget sumpah storynya menarik gameplaynya juga asik terus grafiknya bagus mantep dah pokoknya,bagus sumpah storynya tarik gameplaynya asik grafik bagus mantap deh pokok,Positive,Positive
Mantap,mantap,Positive,Positive
"game rusak, setelah update ke 1.6 sering terjadi eror",rusak update eror,Negative,Negative
Ku kasih rating tiggi buat menunjang orang gblk hp gak kuat malah ngasih bintang 1,ku kasih rating tiggi tunjang gblk hp kuat asih bintang,Negative,Negative
"Tried to enjoy the game but the gameplay is too boring, what a waste of such good visual character.",tried enjoy the but the gameplay is too boring what waste of such good visual character,Positive,Positive
Artstyle nya unik sih,artstyle unik,Positive,Positive
lebih bagus dari sodaranya,bagus sodaranya,Positive,Positive
Best game ever. Suka banget sama game yang tipenya parry and dodge. Nuansanyapun dapat. Gw suka 👍👏,best ever suka tipe parry and dodge nuansa suka,Positive,Positive
"game nya bagus sih, buat yang kagak bisa main tolong dong jangan hate keterlaluan, hp lu nya aja yang kagak suport, kntttlll",bagus kagak tolong hate hp kagak suport kntl,Negative,Negative
"Ada bug di beberapa tempat, tapi over all is good game",bug over all is good,Positive,Negative
Makin lama gw mainin makin jijik ama ini game. Bayangkan 10 game retro di masukin jadi 1 di ini game. Apalagi itu TV kesel gw njir bikin emosi. Bahkan combat nya cuman 10% dari keseluruhan gameplay.,mainin jijik bayang retro pasuk tv kesel anjir bikin emosi combat cuman gameplay,Negative,Negative
Penipuan bansos katany free pull manaaaaaaaaaaa iklannnn doanggg,tipu bansos katany free pull iklan doang,Positive,Positive
overall untuk permainannya cukup baik tetapi saya punya kendala yang di mana ketika saya loading in game (persentase itu) itu HP saya itu mengalami freeze atau mengalami penurunan FPS yang signifikan. Semoga pada update² berikutnya bisa dioptimalkan kembali. Untuk device yang saya pakai adalah Samsung Galaxy S24,overall main kendala loading persentase hp alami freeze alami turun fps signifikan moga update optimal device pakai samsung galaxy,Negative,Negative
"Saran saya, grafiknya usahakan diperbagus lagi, khususnya bagi pengguna hp kentang atau hp yang tidak kuat dengan game-game berat. Itu aja sih yang perlu diperhatikan. Terimakasih.",saran grafik usaha bagus guna hp kentang hp kuat gamegame berat perhati terimakasih,Negative,Negative
yaaaa bagus,bagus,Positive,Positive
The Best,the best,Positive,Positive
aduh beratnya,aduh berat,Negative,Negative
"di versi 2.0 ini mah parah dari segi optimisasi sering banget lag,ngebug",versi mah parah segi optimisasi lagngebug,Negative,Negative
Nice game,nice,Positive,Positive
Menurut ku bansos untuk bener utama nya kurang sih yang banyak nya cuman bener yang umum tolong beri kami bansos untuk bener utama nya,ku bansos utama cuman umum tolong bansos utama,Negative,Negative
"Setelah update sampai loading doang keluar app terus, Padahal hp aman signal aman.. Main genshin rata kanan pun aman.. Re-instal pun sama aja.. Hais..",update loading doang app hp aman signal aman genshin rata kanan aman reinstal hais,Negative,Negative
"Game nya seru kyknya. Grafis nya bagus. Size nya besar, seperti Game Hoyo pada umumnya. Story nya gatau seru apa nggak, belum open server soalnya Aowkwkk.",seru kayak grafis bagus size hoyo story tau seru open server aowkwkk,Positive,Positive
"Hilangkan mode TV puzzle nya kenapa enga di bikin langsung combat aja tanpa ada TV puzzle, Karena itu sangat membosankan. Sangat Anoying",hilang mode tv puzzle enga bikin combat tv puzzle bosan anoying,Negative,Negative
"gamenya bagus, tapi tolong tambahkan cutcene panel manga nya🙏",bagus tolong tambah cutcene panel manga,Positive,Positive
"Game bagus, tp berat wkwk",bagus berat wkwk,Negative,Positive
MAJI KAKKOI !!!,maji kakkoi,Positive,Positive
"gamenya seru banget bro rekomendasi buat lu yang nyari game rpg!, ( ͡° ͜ʖ ͡°)ᵇᵗʷ bansosnya banyakin lgi donk",seru bro rekomendasi cari rpg bansosnya banyak,Negative,Negative
Tolong dong apa ga bsa untuk mode tv tu di ubah jadi portal atau d permudah gtu loh atau cma untuk mendapatkan buff dan klo bsa d hpus aj skalian di jamin bakal lebih bnyk yg main saya stop main karna mode tv nya ribet Untuk yg lain klo bsa font d ubah saya yg mata nya mines susah liat tulisannya,tolong mode tv ubah portal mudah loh buff hapus skalian jamin stop mode tv ribet font ubah mes susah tulis,Negative,Negative
Memanjakan mata😁,manja,Negative,Negative
saya sangat suka gameplay nya,suka gameplay,Positive,Positive
Kasih aku yang bagus hoyo🙏,kasih bagus hoyo,Positive,Positive
"Seru banget ni game, suka pokoknya. Tapi aga ngeleg2 gitu tapi tetep okaay",seru suka pokok aga ngeleg okaay,Positive,Positive
"design character ga kreatif kecewa parah sama design lady sunbringer udah gitu character cowok dikit lagi, kalau character cewek banyak tapi design nya cakep gua terima aja lah ini astaga, dengerin kritik player woy!!!",design character kreatif kecewa parah design lady sunbringer character cowok dikit character cewek design cakep gua terima astaga dengar kritik player woy,Negative,Negative
"bagus banget ini game, tema nya kek ada cyberpunk dan hal lainnya karakter cewe nya cantik cantik gameplay nya kerena dari segi map dan animasinya,, karakter cowonya juga ganteng ganteng terutama Lycaon😋 btw perbanyak karakter furry min",bagus tema cyberpunk karakter cewek cantik cantik gameplay rena segi map animasi karakter cowonya ganteng ganteng lycaon btw banyak karakter furry min,Negative,Negative
woiii Setelah update kenapa zzz gua ngebug kontoll,woi update gua ngebug kontoll,Negative,Negative
"mekanisme battle nya seru banget, ada banyak banget karakter jadi gk bakal bosen sama karakter yang itu-itu aja, event tiap update nya juga banyak dan seru banget. paling tolong banyakin pertarungan nya biar makin seru trus tolong pity nya jangan tinggi banget dong🙏",mekanisme battle seru karakter bosan karakter ituitu event update seru tolong banyak tarung biar seru tolong pity tinggi,Negative,Negative
ada beberapa kendala yaitu saya tidak bisa login ke server/login padahal koneksi ku bagus,kendala login serverlogin koneksi ku bagus,Negative,Positive
Sangat bagus,bagus,Positive,Positive
jelek,jelek,Negative,Negative
"Gamenya sangat bagus dan design karakter nya bagus, walaupun gamenya kebanyakan quest story dan lain2 tpi tetap bagus, oh iya nanti di banner selanjutnya kasih tambah karakter baru cowok yg mirip2 Nekomata ya😁",bagus design karakter bagus banyak quest story bagus oh iya banner kasih karakter cowok nekomata,Positive,Positive
"Geleng² kepala aing liatin review bintang satunya awokawokawok, klo hp lu ngk sanggup ngk usah di paksain, ngeluh 17GB gw tau ini gede tapi jangan lebay HSR awal² 16GB ngk ada yg permasalahin beda 1 GB doang padahal hadeh",geleng kepala aing lihat review bintang satu awokawokawok hp sanggup paksa ngeluh gb tau gede lebay hsr gb permasalahin beda gb doang hadeh,Negative,Negative
"Puas... Main di Poco X6 pro gasss... Pakai kipas pendingin, tidak ada frame drop...",puas poco pro gas pakai kipas dingin frame drop,Negative,Negative
"its a good game, just need a little optimization",its good just need little optimization,Positive,Positive
salah satu game terbaik dari mihoyo,salah baik mihoyo,Negative,Positive
Game terbaik hoyo untuk sekarang,baik hoyo,Positive,Positive
Biasanya saya kurang suka game online. Tapi pengecualian untuk game ini. Mungkin untuk plot ceritanya dibuat lebih matang agar tidak banyak plot hole,suka online kecuali plot cerita matang plot hole,Negative,Positive
"For now, I'll give it five stars because the game play will be really good with the gacha animation, even though it can only be played tomorrow, 07/04/2024 at 10:00 Thursday. BTW, for those who want to play this game, I recommend a ROM of 128GB and above, because 64GB is not enough for playing heavy games like this. You know what size Hoyoverse's game is. Also, the minimum chipset is Snapdragon 680 octa core so that the game runs smoothly even though the graphics are smooth.",for now ill give five stars because the play will be really good with the gacha animation even though can only be played tomorrow at thursday btw for those who want play this recommend rom of gb and above because gb is not enough for playing heavy games like this you know what size hoyoverses is also the minimum chipset is snapdragon octa core sok that the runs smoothly even though the graphics are smooth,Positive,Negative
"Kikir,rate off mlu asw",kikirrate off melulu asw,Negative,Negative
"game terbaik, seru, story bagus",baik seru story bagus,Positive,Positive
"yeah selamat anniversary yang ke satu!!! moga makin baik lagi developernya kepada para Player kali aja sistem gachanya dibaikin dikit biar kaya honkai impact aja 90 pull ga ada rate off pasti dapet, soalnya gachaku selalu rate off dah gitu kalah mulu lagi iri banget liat yang pada share gachanya banyak yang ijo ga tau mereka adil atau bayar apa banyak yang make mod(cheater) mungkin",yeah selamat anniversary moga developer player sistem gachanya dibaikin dikit biar honkai impact pull rate off gachaku rate off deh kalah mulu iri share gachanya ijo tau adil bayar pakai modcheater,Negative,Negative
"Gamenya bagus strorynya juga bagus baget dah , walaupun gacha seret , dan bansosnya gak semua langsung di kasih recomendah mainnya",bagus strorynya bagus deh gacha seret bansosnya kasih recomendah main,Positive,Negative
"Untuk Hoyoverse, Terima kasih banyak karena sudah memberikan subtitle ID untuk game nya❤ semoga ZZZ selalu konsisten dan selalu memberikan story, fitur dan ide menarik dalam pengembangan game nya😁👍, Sukses selalu untuk Hoyoverse dan Terima kasih atas kerja keras nya🔥😁😍👍",hoyoverse terima kasih subtitle id moga konsisten story fitur ide tarik kembang sukses hoyoverse terima kasih keras,Positive,Positive
Lama loading nya,loading,Negative,Negative
"Ini gak tau hp akunya yang eror atau emang dari sana nya server lagi nge lag pas update 2.0, di tengah pertarungan suka nge pause sendiri, pas mau nge pull aja suka keluar sendiri, bagi aku update ini memuaskan ya soalnya hadiahnya juga banyak banget cuman jadi sering suka nge bug, tolong perbaiki lagi ya bug di game nya, terimakasii",tau hp aku eror server nge lag pas update tengah tarung suka nge pause pas nge pull suka update muas hadiah cuman suka nge bug tolong baik bug terimakasii,Negative,Negative
"Seneng sih EMG sama update ini, tapi sayang banget keknya sekarang makin berat banget, main shiyu def malah ngehang dan force close, akhirnya harus diulang lagi Dari awal.. device padahal proper",senang update sayang kayak berat shiyu def ngehang force close ulang device proper,Negative,Negative
sistem gachanya tolol selalu hard pity giliran dapet malah char/wp dri banner standar,sistem gachanya tolol hard pity gilir charwp banner standar,Negative,Negative
kapan Helio g81 ku ini normal saat memainkan game ini,hio ku normal main,Negative,Negative
"sedih sih karena diberlakukan dua kali verifikasi karena handphone/device baru padhal disatu akun cuman tertaut satu email dan ngga ada aktifin sebelumnya fitur dua verifikasi dua email, dan pada akhirnya Handphone/device sebelumnya rusak jadinya ngga bisa masuk lagi karena lupa email yang yang tertaut satunya karna dua kali verifikasi dah lah hilang akun jadi malas main lagi huuft :(",sedih laku verifikasi handphonedevice padhal satu akun cuman taut email aktifin fitur verifikasi email handphonedevice rusak lupa email taut satu verifikasi deh hilang akun malas huuft,Negative,Negative
Rate nya terlalu ampas. Game membosankan. Khusus nya yang pas di pc gambar kotak2,rate ampas bosan pas pc gambar kotak,Negative,Negative
update cuma buat gondal gandul doang,update gondal gandul doang,Negative,Negative
Game ya sangat terasa baru untuk saya... amazing,amazing,Positive,Positive
"Game nya bagus, penuh warna dan yg paling terbaik ada fitur skip cerita",bagus penuh warna baik fitur skip cerita,Positive,Positive
SHITTTTT TRASH GACHAAAAA!!!!,shit trash gacha,Positive,Positive
gilak Yi Xuan cantik bangettt auhhhhhhhhhhhhhhhhhhhhh,gila yi xuan cantik auh,Negative,Negative
Optimalisasi lagi aja untuk device mobile soalnya terlalu lag mau rata kanan/rata kiri padahal device uda requirement bukan minimum lagi,optimalisasi device mobile lag rata kananrata kiri device requirement minimum,Negative,Negative
Boring bet msih mending honkai 😌,boring mending honkai,Negative,Negative
Knp hp redmi tidak bisa mainkan zzz pada hal ada di play store tolong perbaiki biar bisa mainkan zzz nya ini.,hp redmi main play store tolong baik biar main,Negative,Negative
Let's go,lets go,Positive,Positive
terimakasih game baik Zhu Yuan Saia M6,terimakasih zhu yuan saia,Positive,Positive
"makasih zzz bansosnya,cool",terima kasih bansosnyacool,Positive,Positive
game pelit dan terlalu pay to win,pelit pay win,Negative,Negative
"best hoyoverse game, easy to understand the story, and easier to upgrade the characters. unlike genshin.",best hoyoverse easy understand the story and easier upgrade the characters unlike genshin,Positive,Positive
"[tapi grafik fullmax dihp gua masi buriqk tapi mungkin karna settingan cuma sampe hd doang/resolusi hp gua yg 4k?] Ini game mihoyo terberat dari spek yg diminta jadi wajar klo ada yg force close, black screen/stuck load. Klo low spek sadar diri, dari jaman genshin v1.0 ngeluh berat tapi ga mau ganti device, ya ga usah maen, maen roblok gih biar makin goooob🤣",grafik fullmax dihp gua buriqk settingan hd doangresolusi hp gua mihoyo berat spek wajar force close black screenstuck load low spek sadar jaman genshin ngeluh berat ganti device roblok gih biar gob,Negative,Negative
Mantap seru coyy,mantap seru coyy,Positive,Positive
another game boring :(,another boring,Negative,Negative
mantap,mantap,Positive,Positive
Mantap,mantap,Positive,Positive
180 pull dapet cuma 1 B5 itu juga pitty wkwkwkwk Gesek2..... Klo mau dapet B5,pull pitty wkwkwkwk gesek,Negative,Negative
"Wahai orang-orang yg IQnya rendah, sebelum memainkan game ini tolong dibaca dulu untuk spek yg dibutuhkan dan kapan game ini dibuka servernya",orangorang iqnya rendah main tolong baca spek butuh buka servernya,Negative,Negative
Get 180 pulls for free harusnya di awal2 maen lgsung dikasih tanpa usaha. Klo harus farming dulu sampe end game ya itu namanya bukan free. Gamenya bagus dan perfect cuma sy paling benci pembohong!,get pulls for free kasih usaha farming end nama free bagus perfect benci bohong,Negative,Positive
bagus,bagus,Positive,Positive
Dari awal main kalah rate off mulu,kalah rate off mulu,Negative,Negative
"untuk sekarang bisa dibilang bagus, cuma bermasalah di cerita dikit karena kalau end game rasanya lumayan hampa. tapi sejauh ini, zzz game yang bisa dienjoy sama para pemainnya, lumayan f2p juga",bilang bagus masalah cerita dikit end lumayan hampa dienjoy main lumayan fp,Negative,Negative
astagaaa abis update bugnyaaaa,astaga habis update bugnya,Negative,Negative
Gamenya mantap meskipun chipset yg sy pake demensity 8050 lumayan lancar,mantap chipset pakai demensity lumayan lancar,Positive,Positive
"Dari segi Map, karakter, grapic game, gemplay, story, button sangat bagus. Dari segi event cukup bagus bancosnya banyak dan sangat ramah di mainkan untuk Free To Play Hadiahnya 👍 Untuk daily login cukup login 3 menit beres 👍 tolong eventnya di perbanyak lagi apalagi event di hollow zero 👍",segi map karakter grapic gemplay story button bagus segi event bagus bancosnya ramah main free play hadiah daily login login menit beres tolong eventnya banyak event hollow zero,Negative,Negative
"Masukan aja untuk devlop, segera launching karakter dengan Gauntlet ( dengan pukulan tangan) atau martial art, semua orang suka karakter ini dan buat dengan karakter laki laki",masuk devlop launching karakter gauntlet pukul tangan martial art suka karakter karakter laki laki,Negative,Negative
ini game tidak pelit 😃,pelit,Negative,Negative
scam,scam,Positive,Positive
terimakasih hoyoverse telah mewangikan gacha gw🥰,terimakasih hoyoverse wangi gacha,Positive,Positive
Nice game hoyo😙,nice hoyo,Positive,Positive
"Mantap, cocok buat orang yang suka game dengan ciri khas hoyoverse tetapi tidak terlalu grinding. Masih bisa lah di nikmati secara casual tanpa hardplay, battle nya menarik dengan kombo kombo ex skill dan ultimate. Story juga bagus, ya kalau story sih sudah jagonya hoyoverse, keren dengan gaya tersendiri.",mantap cocok suka ciri khas hoyoverse grinding nikmat casual hardplay battle tarik kombo kombo ex skill ultimate story bagus story jago hoyoverse keren gaya sendiri,Positive,Positive
"terbaik dah, banyak sekali bansos dan ramah f2p. semoga game ini selalu memperdulikan playernya dan selalu mendengarkan pendapat playernya",baik deh bansos ramah fp moga duli playernya dengar dapat playernya,Positive,Positive
"gameplay nya bagus sekali karakter nya juga aduhai dan juga npc nya,tapi serta di update 2.0 baynk bug nya",gameplay bagus karakter aduhai npc nyatapi update baynk bug,Negative,Negative
tidak bisa login ke akun saya. saya login menggunakan akun goggle saya tapi verifikasi googlenya di email orang lain,login akun login akun goggle verifikasi googlenya email,Positive,Positive
Frame drop,frame drop,Negative,Negative
Mantap sekali,mantap,Positive,Positive
Good game hoyoverse,good hoyoverse,Positive,Positive
I'm so excited for this game,im sok excited for this,Negative,Positive
"game yang sangat bagus dari story nya grafik nya dan gameplay yang seru,walaupun tiap update tiba tiba ngelag Mulu ya mungkin karna device ku itel p55 5g ya its ok aku paham, thanks buat hoyo verse",bagus story grafik gameplay seruwalaupun update ngelag mulu device ku itel its ok paham thanks hoyo verse,Positive,Negative
Gak tau kenapa mihoyo disetiap gamenya gak pernah mau ngasih kebebasan buat playernya ngecustom layout hud tombol.padahal letak jari tiap orang gak sama loh.main genshin udah 3 tahun sampek skrg tiap main masih sering salah pencet cuma karna posisi tombol yg gak cocok sama ukuran jari aja.hal hal kecil kek gini gak pernah diperhatiin dev trus devnya ngapain aja.bikin game yaudah bikin doang tp kenyamanan playernya kayak gak pernah dipikirin,tau mihoyo tiap asih bebas playernya ngecustom layout hud tombolpadahal letak jari lohmain genshin tahun salah pencet posisi tombol cocok ukur jari ajahal diperhatiin dev devnya ajabikin yaudah bikin doang nyaman playernya pikir,Negative,Negative
"Gamenya bagus, kualitas visualnya juga bagus, musiknya lumayan. tapi setelah update terbaru 2.5 gamenya jadi lebih sering forced closed, butuh 2 kali bahkan 3 percobaan cuman buat login doang, padahal di versi sebelumnya aman aman aja. tolong segera diperbaiki",bagus kualitas visual bagus musik lumayan update baru forced closed butuh coba cuman login doang versi aman aman tolong baik,Negative,Negative
"bad female design, they ruin my sunbringer :(",bad female design they ruin my sunbringer,Negative,Negative
story getting boring...,story getting boring,Positive,Negative
Love ittt,love,Positive,Positive
"rumah yg nyaman, teman yg baik, apel yg segar, itu adalah zenless zone zero 🍃",rumah nyaman teman apel segar zenless zone zero,Positive,Negative
Gamenya keren grafik mantap mekanismenya seru gemplay fun karakternya mantap,keren grafik mantap mekanisme seru gemplay fun karakter mantap,Positive,Positive
udah setahun gw maen nih game gw player f2p kalo gacha ampas mulu njirr parah udah muak gw ini terakhir kali maen nih game,tahun player fp gacha ampas mulu anjir parah muak,Negative,Negative
Seru kuy,seru yuk,Positive,Positive
Absolute cinema ✋😐🤚,absolute cema,Negative,Negative
mengapa optimalisasi untuk handpone saya tidak kunjung membaik? Padahal di HP dulu poco m5s walaupun patah-patah tapi gak sampai force close. Tolong perbaiki Hoyoverse,optimalisasi handpone kunjung baik hp poco patahpatah force close tolong baik hoyoverse,Negative,Negative
"sejak update pas main sering keluar sendiri, frame drop, lag parah , mohon di optimalkan dulu,",update pas frame drop lag parah optimal,Negative,Negative
perangkat tidak kontiable 🗿,perangkat kontiable,Positive,Positive
dulu gamenya tidak bisa di mainkan karena tidak kompatibel sekarang sudah bisa tapi ada beberapa masalah berupa bug bayangan yang menutup wajah tapi tidak terlalu hitam jadi tidak di permasalahkan dan permainan masih bisa di mainkan dengan lancar sekarang bug bayangan yang menutup seluruh wajah sudah teratasi tetapi selalu layar handphone saya freeze di gamenya dan tidak bisa lanjut bertarung itu membuat saya gagal menjalankan misinya tolong di perbaiki segera,main kompatibel bug bayang tutup wajah hitam masalah main main lancar bug bayang tutup wajah atas layar handphone freeze tarung gagal jalan misi tolong baik,Negative,Negative
"aku suka jiggle efeknya hoyo mantap, kerja bagus",suka jiggle efek hoyo mantap bagus,Positive,Positive
"Salah satu game hoyo yg gw suka selain hsr, gameplay nya seru BANGET, musik dalam game juga bikin gw betah, story game ini absolute cinema-ada bagian yg lucu dan serius jdi nya gk ngebosenin, cutscene keren gila, animasi karakter smooth parah, translate bahasa indonya gaul dan gk kaku😹. Kekurangannya game ini cukup berat, terkadang ada framedrop pas lawan musuh jdinya mengurangi pengalaman dalam bermain, apa solusinya klo fps drop? Upgrade hp🗿",salah hoyo suka hsr gameplay seru musik bikin betah story absolute cinemaada lucu serius ngebosenin cutscene keren gila animasi karakter smooth parah translate bahasa indonya gaul kaku kurang berat terkadang framedrop pas lawan musuh jdinya kurang alam main solusi fps drop upgrade hp,Negative,Negative
game nya bavus bgt ya tapi rada bgelek aja sih,bavus rada bgelek,Positive,Positive
Mantap udah kompatibel sekarang,mantap kompatibel,Positive,Positive
solid tapi lag nya parah bet,solid lag parah,Negative,Negative
game nya sudah bagus tapi kadang suka ada leg dikit mungkin device saya yang Ttdk terlalu bagus tapi saya tetap enjoy main nya,bagus kadang suka leg dikit device ttdk bagus enjoy,Positive,Positive
keren,keren,Positive,Positive
"saya suka game ini karna dada nya goyang goyang Ama bagian belakang nya, apalagi pake karakter kek Jane doe beh SEGAR 🐺🐺🐺🐺",suka dada goyang goyang pakai karakter jane doe beh segar,Negative,Positive
KEREN,keren,Positive,Positive
Game nya bagus tapi loding nya lama Tolong diperbaiki,bagus loding tolong baik,Positive,Positive
setelah update V2.0 malah eror ga bisa masuk. katanya storage penuh padahal storage masih banyak....,update eror storage penuh storage,Negative,Negative
Stutter Mulu Lah,stutter mulu,Negative,Negative
Im short on materials...,im short on materials,Positive,Positive
fix ur design bru,fix ur design,Positive,Positive
"sayang bgt susah buat mapping, pake gamepad gak kebacaa",sayang susah mapping pakai gamepad kebacaa,Negative,Negative
belum optimal di device ku,optimal device ku,Positive,Positive
losing 75:25 twice in a row is super impressive,losing twice row is super impressive,Negative,Positive
GAME GILAA SIH KLO HP KENTANG JNGN MAIN,gila hp kentang,Negative,Negative
"sering freeze terus force close, banyak bug black screen",freeze force close bug black screen,Negative,Negative
Rate karakter lebih susah dari game hoyoverse lainnya,rate karakter susah hoyoverse,Negative,Negative
krennn,keren,Positive,Positive
seru banget dengan alur cerita nya,seru alur cerita,Negative,Negative
bagus,bagus,Positive,Positive
mantul,mantul,Positive,Negative
"RNG gacha di game ini sangat busuk, menyiapkan 25K polychorme hanya untuk mendapatkan karakter saja, selalu dapet rate off dan pity sangat tinggi di setiap versi. Saya bermain dari awal versi dan gacha saya selalu buruk dan saya sangat kecewa sekali tidak ada rasa yang menyenangkan bermain game ini. keinginan untuk mendapatkan w-engine signature tidak pernah terlaksana karena polychorme sudah habis duluan karena gacha karakter yang terlalu mahal untuk di dapat.",rng gacha busuk polychorme karakter rate off pity tinggi versi main versi gacha buruk kecewa senang main wengine signature laksana polychorme habis duluan gacha karakter mahal,Negative,Negative
"Bug masih banyak buat hp mid range,giliran gini aja pada bintang 4,klo ngasih komplain itu to the point sekalian ga ush nanggung,terus loading juga kelamaan,sekelas unity masa ga bisa,sayang banget nih fandom public enemy",bug hp mid rangegiliran bintang asih komplain the point nanggungterus loading kelamaansekelas unity bisasayang fandom public enemy,Negative,Negative
Frame drop terus bikin main patah patah,frame drop bikin patah patah,Negative,Negative
Terima kasih game baik,terima kasih,Positive,Positive
tolong kembalikan design sunbringer,tolong kembali design sunbringer,Negative,Negative
tolong keluarkan banner Ellen Joe lagi nnti saya borong semuanya,tolong keluar banner ellen joe borong,Negative,Negative
"mantap, main lagi karna hp dah sanggup langsung dikasih karakter seed + senjatanya 👍 padahal masih pemula",mantap hp deh sanggup kasih karakter seed senjata mula,Positive,Positive
masih belum bisa untuk main. saya sudah download data sebesar 17Gb dengan bonus 700Mb untuk vo Jepang nya. namun saat rendering shaders kenapa malah force close sendiri?,download data gb bonus mbak vo jepang rendering shaders force close,Negative,Negative
"Gameplay nya udh the best buat device menengah,tapi kalo mau kualitas high emng perlu dibandingkan Ama hp spek atas jadi untuk story game nya juga oke not bad,untuk saran jangan terlalu maen lama2 itu ngebuat hp ngedrop(kalo make grafis high+60fps)pokoknya rata kanan lah(tergantung devicenya kuat ap gk) jadi thanks bet game ZZZ approve kali Yo!!",gameplay the best device menengahtapi kualitas high banding hp spek story oke not baduntuk saran ngebuat hp ngedropkalo pakai grafis highfpspokoknya rata kanan lahtergantung devicenya kuat thanks approve,Positive,Positive
Akhirnya ZZZ memberikan banyak hadiah hanya pity untuk gacha mendapatkan karakter nya susah.,hadiah pity gacha karakter susah,Negative,Negative
best game,best,Positive,Positive
Please ini gak mau masuk gua langsung download pas keluar mana gak bisa masuk,please gua download pas,Negative,Negative
"Gw tarik rating B5 gw, makin kesini update makin g jelas yang tadinya snap870 kuat malah jadi berat bukanya ngoptimalin game nya malah di bikin jadi berat, dasar Dev kikir",tarik rating kesini update snap kuat berat buka ngoptimalin bikin berat dasar dev kikir,Negative,Negative
"game dengan seni desain grafis yang sangat bagus, saya pribadi sangat menyukai hal apapun didalam game ini (kecuali sesuatu fan service yg berlebihan)",seni desain grafis bagus pribadi suka apa dalam kecuali fan service,Positive,Positive
Gem ny mantap bagus njalanin quest ny sampai ketiduran ini gem gacor bgt,gem mantap bagus njalanin quest tidur gem gacor,Positive,Positive
Game nya bagus tapi saat masuk ke dalam game kok gak bisa login layar nya cuma hitam tolong ya developer di perbaiki lagi,bagus login layar hitam tolong developer baik,Negative,Negative
"Oke untuk optimalisasi Grafik, taoi harus seimbang juga, masa iya hp poco x7 pro keluaran kemarin ngelag banget? duhai",oke optimalisasi grafik taoi imbang iya hp poco pro keluar kemarin ngelag duhai,Negative,Negative
"Setelah update 1.3 grafik jadi ngebug, muncul cahaya Biru itu sangat menggangu 😠😡",update grafik ngebug muncul cahaya biru menggangu,Negative,Negative
"sangat seru, aku berharap aku bisa memainkannya lagi",seru harap main,Positive,Positive
"Game nya sudah bagus tapi ,jika sudah level 40 bingung mau ngapain lagi tolong cepat update ya min",bagus level bingung tolong cepat update min,Negative,Negative
Pokokny bagus,pokokny bagus,Positive,Positive
"mekanik gameplay bagus, story unik, design cantik, lumayan ringan, tapi sayang rate gachany ampas mampus. bayangin buang-buang 80 pull lebih cuma buat karakter standar sialan",mekanik gameplay bagus story unik design cantik lumayan ringan sayang rate gachany ampas mampus bayang buangbuang pull karakter standar sial,Negative,Negative
Game stuk tidak bisa di mainkan,stuk main,Negative,Negative
Moga teori bintang lima dapet Zhu Yuan,moga teori bintang zhu yuan,Positive,Positive
Game play nya sangat mantap,play mantap,Positive,Positive
Gamenya bagus kok lancar bagi yang kena masalah gitu ingat game ini butuh spesifikasi tinggi malah nyalahin gamenya aduh,bagus lancar butuh spesifikasi tinggi salah aduh,Negative,Negative
"Proses login in game lama, internet, sinyal lancar. Gtau yahh knp bisa lama bangett, ga yg ini ga yg satunya proses log in game lama sekali, i know itu sepadan saat sudah masuk in game, tp knpa harus lama sekalii???, huhh sabar sabar.",proses login internet sinyal lancar tau satu proses log know padan huhh sabar sabar,Positive,Negative
dari segi game play nya seru cuma minta tambahin event nya aja.sama di lancarin lagi game nya.kadang kadang sering kekuar sendiri,segi play seru tambah event ajasama lancarin nyakadang kadang kuar,Positive,Positive
"min saya pemain baru gak bisa masuk server ,"" penghubung ke server melebihin batas waktu "" gitu terus dari tadi sudah satu jam saya coba login gak bisa mohon bantuanya",min main server hubung server lebih batas waktu jam coba login bantuanya,Negative,Negative
gua main di PC sih tapi ini ⭐5 hahaha,gua pc hahaha,Negative,Positive
"Pertama kali bener bener suka game gacha dari hoyo,combat style dan puzzle style nya luar biasa",suka gacha hoyocombat style puzzle style,Positive,Positive
Bagus dan uninstall,bagus uninstall,Positive,Positive
mantab,mantab,Positive,Positive
tidak bisa di downnload,downnload,Positive,Positive
"Donwload data 17gb dan compile shaders ✅ ,tetapi saat mau enter in game selalu force close setelah menyentuh 79% ke atas, aku curiga ini gara gara memory leak nya ke gedean",donwload data gb compile shaders enter force close sentuh curiga gara gara memory leak gede,Negative,Negative
Game mobile dan pc yang beda dari yang lain mulai dari sistem defense dan attack nya pokoknya felling nya game pc banget meski mainnya di mobile 😅,mobile pc beda sistem defense attack pokok felling pc main mobile,Negative,Negative
Terimakasih Game Baik.,terimakasih,Positive,Positive
(sebuah Keinginan) pada Anniversary yang akan datang Aku Berharap Hoyo Merilis Swimsuit Miyabi mengingat Fanbasenya yang Besar Suit ini Bisa Jadi Uang tambahan untuk pengembangan Lore/ZZZ yang akan datang,anniversary harap hoyo rilis swimsuit miyabi fanbasenya suit uang tambah kembang lorez,Positive,Positive
"untuk saat ini sangat bagus gamenya , tapi saya berharap kedepannya ada konten end game baru , supaya ketika konten habis masih ada yang bisa dikerjakan terima kasih",bagus harap depan konten end konten habis terima kasih,Negative,Negative
jujur yang paling bagus di ini game itu gameplay doang jeleknya dari cerita yang terlalu mudah untuk ditebak dan latar tempat yang biasa saja. point penting yang saya tidak suka adalah MC utama yang kakak beradik dengan pekerjaan proxy tapi banyak bener karakter yang lengket ke MC yang menurut ku itu tidak logis tidak seperti genshin dan Hsr yang MC memang berpetualang untuk membangun koneksi,jujur bagus gameplay doang jelek cerita mudah tebak latar point suka mc utama kakak adik kerja proxy karakter lengket mc ku logis genshin hsr mc tualang bangun koneksi,Negative,Negative
best Gooner game,best gooner,Positive,Positive
Mantap gameplaynya cuma kurang suka modelan TVnya aja sisanya oke sih,mantap gameplaynya suka model tvnya sisa oke,Positive,Positive
Mirip mirip gensin campur honkai impact dari gacha kaya gensin pelit tapi not bad udah biasa cuman kalo bisa banyakin gratisan dikit lah,gensin campur honkai impact gacha gensin pelit not bad cuman banyak gratis dikit,Negative,Negative
"Grafik gak ada masalah, masalah nya cuma fitur TV tabung nya menggangu bikin ngantuk",grafik fitur tv tabung menggangu bikin ngantuk,Positive,Negative
very laggy for mobile,very laggy for mobile,Positive,Positive
Ga di instal ajg,instal ajg,Positive,Positive
Fitur gacha yang bagus,fitur gacha bagus,Positive,Positive
"Tanpa adanya fitur tv, game ini terasa seperti game AAA biasa yang membosankan😮‍💨🥱",fitur tv bosan,Positive,Positive
"STORY GOAT,KARAKTER AUTO KLAIM,RECOIL JANGAN DITANYA,BANSOS APALAGI.good job hoyo",story goatkarakter auto klaimrecoil ditanyabansos apalagigood job hoyo,Positive,Positive
Saya suka memainkannya walaupun device panas,suka main device panas,Negative,Negative
game ngantuk,ngantuk,Negative,Negative
"force close mulu padahal spesifikasi sudah di atas rekomendasi, game gagal 🤢",force close mulu spesifikasi rekomendasi gagal,Negative,Negative
bisa di kasih lebih ringan lagi kah nih game .. main di snap 860 harus nya masih bisa lah yah .. baru sering for close juga nih game ..,kasih ringan kah snap for close,Negative,Negative
"Secara keseluruhan sangat worth it main game ini, saya sangat suka mulai dari nuansa urbannya ditambah style dan gaya bertarung yang modern dan kekinian, saya berharap game ini masih bisa terus dikembangkan, meskipun memang berat untuk dimainkan di mobile tapi tetap bagus.",worth suka nuansa urban tambah style gaya tarung modern kini harap kembang berat main mobile bagus,Positive,Positive
Game Ngantuk,ngantuk,Negative,Negative
"Animasi ketika battle terlalu lama dan terkesan terlalu lebay sehingga mengganggu ketika battle, beberapa animasinya gak bisa di cancel sehingga gampang di hit musuh apalagi yang sekali hit langsung mati, padahal ini game yang memiliki battle yang sat set, dan ketika udah ganti karakter, karakter lama masih bisa kena hit, moga kedepannya bisa lebih di sesuaikan",animasi battle kes lebay ganggu battle animasi cancel gampang hit musuh hit mati milik battle sat set ganti karakter karakter hit moga depan sesuai,Negative,Negative
Akhirnya yg ditunggu tunggu❤️,tunggu tunggu,Negative,Negative
"its stuck in server choosing menu, when i pause download because my connection is bad, and i try again when my connection is back to normal.",its stuck server choosing menu when pause download because my connection is bad and try again when my connection is back normal,Negative,Negative
Tidak bisa saya instal,instal,Positive,Positive
gw harap kedepannya makin hebat ini game dan makin good. saran dari gw aja game rpg ini lebih ke story dan film jadi gw harap pas mau menjalankan quest utama jangan diselipkan mengerjakan dulu quest sampingan,harap depan hebat good saran rpg story film harap pas jalan quest utama selip quest samping,Negative,Positive
"Game ini bagus, cuma loading nya kalo bisa dicepetin biar bisa langsung main, tapi terkadang aku bingung tapi enjoy staying here",bagus loading dicepetin biar terkadang bingung enjoy staying here,Positive,Negative
"game e seru, character dan story nya top",seru character story top,Positive,Positive
Saya berharap support 90 dan 120 fps itu saja selebihnya memuaskan,harap support fps lebih muas,Positive,Positive
Bagus kok cuman agak sedikit kurang saat pergantian karakter,bagus cuman ganti karakter,Negative,Negative
"Game nya bagus banget enggaa terlalu berat , cuma kalo bisa banyakin reward nya",bagus enggaa berat banyak reward,Negative,Negative
"Maaf Uninstal Gacha Kacau 170 puls burnice gak dapat sama sekali, sori mending stop main. 🙏",maaf uninstal gacha kacau puls burnice sori mending stop,Negative,Negative
Sehat² game baik,sehat,Positive,Positive
Bagus,bagus,Positive,Positive
Istri ku semua 🥰🥰🥰🥰🥰❤️❤️❤️❤️😋😋😋,istri ku,Positive,Positive
bad.,bad,Negative,Negative
Peak game,peak,Positive,Positive
Setelah update 2.0 sering lag bahkan main medium 30fps di android chipset D8300 sering framedrop yang membuat pengalaman bermain tidak nyaman. Pesan untuk developer untuk segera memperbaikinya agar pengalaman bermain player lebih nyaman seperti patch2 sebelumnya..,update lag medium fps android chipset framedrop alam main nyaman pesan developer baik alam main player nyaman patch,Negative,Negative
musuh kebanyakan diem kek batu. terlalu gampang,musuh banyak diam batu gampang,Negative,Negative
"Gameplay lumayan asik, grafis dan visual bagus, dan game nya udh optimize di device Poco F4 lancar set rata kanan. Keluhan palingan di puzzle TV nya bikin kesel, selebihnya enjoyable. Combat nya emg g se fluid PGR atau hi3, tapi msh enak² aja lah.",gameplay lumayan asik grafis visual bagus optimize device poco lancar set rata kanan keluh paling puzzle tv bikin kesel lebih enjoyable combat fluid pgr hi,Positive,Positive
Mode TV nya mengganggu pengalaman bermain. Memang di akhir² atau lvl tinggi lebih banyak aksi. Namu cukup menggangu player baru yg sudah saya ajak bermain. Alhasil banyak player baru yg tidak melanjutkan bermain.,mode tv ganggu alam main lvl tinggi aksi namu menggangu player ajak main alhasil player lanjut main,Negative,Negative
"Story bagus, ringan, istilahnya gak rumit, dibanding kakaknya HSR yang story nya rumit pakai istilah ribet, ZZZ lebih santai. Isinya gameplay 30%, sisanya story, jadi sebisa mungkin story diikutin. Grafik mantep, sama kayak game hoyoverse lainnya.",story bagus ringan istilah rumit banding kakak hsr story rumit pakai istilah ribet santai isi gameplay sisa story bisa story diikutin grafik mantap hoyoverse,Negative,Positive
i love this game,love this,Positive,Positive
"Game rusak,aku login tiba"" keluar sendiri udah aku hapus lalu instal lagi tetep aja",rusakaku login hapus instal,Negative,Negative
Udah bagus nggak FC lagi... Semangat terus...,bagus fc semangat,Positive,Positive
mantap,mantap,Positive,Positive
GG KANG !!!!!,kang,Positive,Positive
"Sumpah ini game keren parah, dari musik nya dan grafik nya luar biasa keren, combat nya beeeh!! Muantep , efek² nya meriah bener, Tolong Hoyoverse, bikin karakter cowo, jangan selalu nge rilis karakter cewe Mulu.",sumpah keren parah musik grafik keren combat beh muantep efek riah tolong hoyoverse bikin karakter cowok nge rilis karakter cewek mulu,Positive,Negative
Gamenya gak bisa di download di hp saya padahal ram 4+4 Rom 256GB,download hp ram rom gb,Negative,Negative
waktu awal rilis pernah main ini game dan emg asik tapi download lagi skrg malah sering crash,waktu rilis asik download crash,Negative,Negative
setidaknya 20 kali spin dapat Tier s,spin tier,Positive,Positive
Sangat menyenang menjadi seorang Proxy. Teruslah improvisasi agar menjadi lebih baik,senang proxy terus improvisasi,Positive,Positive
Satisfying,satisfying,Positive,Positive
Gacor parah wak,gacor parah wak,Negative,Negative
jual fan service,jual fan service,Positive,Positive
seru tapi agak berat di hapeku.,seru berat hapeku,Positive,Positive
"ga kompatibel lagi woilah, makin update makin g kompatibel😭😭",kompatibel woilah update kompatibel,Negative,Negative
keren,keren,Positive,Positive
udah bagus untuk segi battlenya cuma menurutku UI nya kurang enak dilihat kyk gimana gituh,bagus segi battlenya turut ui,Negative,Negative
YEY MODE TV DI GANTI HOREEEE,yey mode tv ganti hore,Negative,Negative
"bagus sih dari segi gameplay battle nya, tpi kebanyakan story juga",bagus segi gameplay battle banyak story,Positive,Positive
game nya berat bngt banyak bug trs suka keluar sendiri (crash) patah patah GK nyaman main ni game tolong lah di optimalin lagi biar GK nge frame saat bermain,berat bug suka crash patah patah nyaman tolong optimalin biar nge frame main,Negative,Negative
"Game nya bagus, viusal character dan lingkungannya juga bagus bgt, tapi sayang sering banget frame drop dan force close🥲",bagus viusal character lingkung bagus sayang frame drop force close,Negative,Negative
uwogh perpaduan antara style combat hack n slash dan model mini open wolrd + dungeon based itu emang gokil sih ini game terbaik semasa hidup gw,uwogh padu style combat hack slash model mini open wolrd dungeon based gila baik hidup,Negative,Negative
ALWAYS LOSING AND PITY,always losing and pity,Positive,Positive
"Meskipun udah aku hapus:( , tetap kasih bintang lima",hapus kasih bintang,Negative,Negative
Bisa-bisanya hoyo nyiptain game se master piss ini,bisabisanya hoyo nyiptain master piss,Negative,Positive
Sudah Dimensity 8350 tapi tidak bisa 60 FPS bagaimana ini? mohon di cek lagi supaya bisa lebih optimal. terimakasih,dimensity fps cek optimal terimakasih,Negative,Negative
bagus😋,bagus,Positive,Positive
I love this game,love this,Positive,Positive
Gilaaa baguss bangett di Story Chapter 5 Epikk Parahhh 🔥🙌Absolute Cinema🙌🔥,gila bagus story chapter epikk parah absolute cema,Negative,Negative
game terbaik,baik,Positive,Positive
"Kendala saya sama seperti player lainnya. Saya mengalami fps drop, tapi tidak sampai stuttering. Untuk set grafis, walau beberapa diubah, tidak tampak perbedaan dalam segi visual maupun performa, bahkan tampak tak ada bedanya dari low hingga high Mohon untuk di optimalisasi kan kembali pada versi Android Hp yang saya pakai : POCO x5",kendala player alami fps drop stuttering set grafis ubah beda segi visual performa beda low high optimalisasi versi android hp pakai poco,Negative,Negative
bagus min tambahin skin gapake baju,bagus min tambah skin pakai baju,Positive,Positive
gameplay mantap,gameplay mantap,Positive,Positive
Wow,wow,Positive,Positive
"sejauh ini alur cerita bagus, karakter cakep cakep, ada banyak fitur yang keren banget, dan yang pasti gachanya gampang dan enak banget, overall 9/10 zzz minus di banyak bug doang pas masuk hollow mau eksplor tuh, karena aku main di mobile jadi sering framedrop tapi gapapa aku tetap cinta hugo!",alur cerita bagus karakter cakep cakep fitur keren gachanya gampang overall minus bug doang pas hollow eksplor tuh mobile framedrop gapapa cinta hugo,Negative,Negative
Full size nya gk ngotak njirr,full size ngotak anjir,Negative,Negative
"Gameplay not recommended, only story telling game",gameplay not recommended only story telling,Positive,Positive
"Cant compatibel to my device, please make it compatible :( 🙏",cant compatibel my device please pakai compatible,Negative,Positive
Perfect.. Bikin nagih njir..,perfect bikin nagih anjir,Negative,Negative
overall is amazing,overall is amazing,Positive,Positive
Game udah bagus tapi mohon di perbaiki pencantuman nama Seth berubah jadi Ben di mission friendship Seth,bagus baik cantum nama seth ubah ben mission friendship seth,Positive,Positive
"Game nya seru, kontennya juga banyak. Ada sistem nangkis dan menghindar. Karakternya juga ekspresif",seru konten sistem nangkis hindar karakter ekspresif,Positive,Positive
"Game ini jujur saya sangat suka,apakah kalian tahu Series Wariors Orochi?, aku sangat suka game Hack and Slash itu dahulu waktu masih remaja, aku saran tambahkan ultimate bertiga seperti team Cunning hares dll.ada keluhan beberapa bug seperti Force Close dll,kuharap game ini bisa berkembang lebih baik lagi dan tidak kikir seperti awalan Huruf G.pasti tahu kan game nya itu namanya apa?. #Terimakasih",jujur sukaapakah series wariors orochi suka hack and slash waktu remaja saran tambah ultimate tiga team cunning hares dllada keluh bug force close dllkuharap kembang kikir awal huruf gpasti nama,Negative,Negative
The Best parah ini game bagus banget graphic digeber rata kanan aman jaya,the best parah bagus graphic geber rata kanan aman jaya,Negative,Negative
"Gacha banner apa , dapet apa , berturut-turut lagi.",gacha banner berturutturut,Positive,Negative
"Force closed when I open the market, or do a mission",force closed when open the market mission,Negative,Negative
game ini sangat bagus tapi bisa gak pengunduh datanya bisa di batasi untuk handphone Snapdragon,bagus unduh data batas handphone snapdragon,Negative,Negative
Give us free gacha 180x,give us free gacha,Positive,Positive
"Saya suka dengan konsep cerita yang diberikan game ini, terus, selain konsep cerita nya, feel battle nya di game ini cukup terasa seru, tetapi, yang masih menjadi PR bagi game ini yakni di ""Optimisasi"" nya, karena masih terjadi ""frame drop"" (meskipun kadang-kadang), tapi seharusnya game ini lebih cenderung stabil dari game RPG lainnya yang memakai konsep ""Open world"", konsep game ini kan ""semi open world"" yang seharusnya tidak terlalu memberatkan GPU pada handphone, jadi, tolong optimisasi nya",suka konsep cerita konsep cerita feel battle seru pr optimisasi frame drop kadangkadang cenderung stabil rpg pakai konsep open world konsep semi open world berat gpu handphone tolong optimisasi,Negative,Negative
game bokep nya bagus,bokep bagus,Negative,Positive
"game wasu, malah dikasih rate off terus wasu",wasu kasih rate off wasu,Negative,Negative
jern sih ini!,jern,Positive,Positive
"Yah cukup menyenangkan dan seru untuk dimainkan, apalagi saya lagi sangat bosan ngescroll sosmed.",senang seru main bosan ngescroll sosmed,Positive,Positive
"W game, friendly game, bnyk bansos. yang ngehujat ini game, minimal hp nya high ranges boss",friendly bansos hujat minimal hp high ranges bos,Negative,Negative
"Buat yang pada ngeluh pas mau login layarnya hitam, loading sering force close, disuruh kosongin penyimpanan lagi ,atau apalah. Itu sebenarnya device lu kurang support, kalau Layarnya hitam artinya device lu ga kuat nge-render grafiknya,kalau masih maksa main yang ada hp lu rusak duluan [bisa"" MATOT] Ini bukan masalah bug dari gamenya atau ukurannya tapi masalah di device masing"". Gw aja main ga ada apa"" ,aman aja tuh. [Overall nih game bagus dari segi gameplay ataupun grafik]",ngeluh pas login layar hitam loading force close suruh kosongin simpan apa device support layar hitam device kuat ngerender grafiknyakalau maksa hp rusak duluan matot bug ukur device aman tuh overall bagus segi gameplay grafik,Negative,Negative
nice game,nice,Positive,Positive
di tunggu zzz cloudnya,tunggu cloudnya,Negative,Negative
"Udah nungguin berbulan bulan ternyata 😮‍💨 datanya bengkak, harusnya kalau baru awal rilis data nya sedikit dulu, lama lama update kan makin gede, ini malah langsung 17 GB, itu aja baru data awal, gak kebayang kalau udah update lagi, bakal sebesar apa datanya, mohon pengertiannya developer",tunggu bulan data bengkak rilis data update gede gb data bayang update data erti developer,Negative,Negative
Cuih,cuih,Positive,Positive
"Ost Game Ini Paling Ku suka Terus battle combat nya top, parry dodge perfect dah game ini",ost ku suka battle combat top parry dodge perfect deh,Positive,Positive
best developer & improvement game. Nice gooning culture btw😎,best developer improvement nice gooning culture btw,Positive,Positive
"Kenapa loading screen nya lama padahal internet saya bagus, Udah hampir satu jam saya menunggu lebih untuk masuk game nya namun gak bisa bisa",loading screen internet bagus jam tunggu,Negative,Negative
"The gameplay is kinda boring for me especially when you exploring the tv, i just dont get it why you guys think that will works good, the size is too big for game like this...just not my cup of tea",the gameplay is kinda boring for me especially when you exploring the tv just dont get why you guys think that will works good the size is too big for like thisjust not my cup of tea,Positive,Negative
"I like this game a lot.. But please bring bang tvvmode int he story , it make the story more variable and mor fun to play , right now it's only about fighting mobs, fighting again, and fighting again.. If this continue for a long period, it will make the okayers who already love this game goes burnout",like this lot but please bring abang tvvmode int he story pakai the story more variable and mor fun play right now its only about fighting mobs fighting again and fighting again if this continue for long period will pakai the okayers who already love this goes burnout,Positive,Negative
Buset gw kira game ringan ternyata 17 gb coy,buset ringan gb coy,Negative,Negative
nyesel ga main dari 1.0🥲,sesal,Negative,Negative
Bagus gamenya ☺️ lebih santai juga sihhh 😃,bagus santai,Positive,Positive
Good game,good,Positive,Positive
sering close sendiri (device:rog phone 3),close devicerog phone,Negative,Negative
udh jadi gim gooner,gim gooner,Positive,Positive
"Pls hoyo,ak udh muak,hilangkan semua yang berbau jomok☹️",pls hoyoak muakhilangkan bau jomok,Negative,Negative
"baru saja meliat apa yang akan saya hadapi di Season 3, tolong perbaiki desain karaktermu itu, dengarkan fanbase mu yang mengkritik dengan bagus, hal ini membuat saya makin malas untuk bermain dengan desain baru yang generik itu",liat hadap season tolong baik desain karakter dengar fanbase mu kritik bagus malas main desain generik,Positive,Positive
Woi kasih fitur rate off atau gak kek di game kakak lu tuh biar tau rate on atau gak nya gw dah cape cape ngumpulin roll gacha udah 90 tau nya Rate off tau gak capek oi. Saran saya ya dev kek genshin dan hsr di pity 50 atau gak 60 pasti dapat b5 atau S rank di saat rate off. Menang rate off atau gak nya jangan jadi kikir lah cukup genshin yang kikir. Di saat pity 50 atau gak 60 belum dapat berati berhak dapat S Rank limited,woi kasih fitur rate off kakak tuh biar tau rate on deh capek capek ngumpulin roll gacha tau rate off tau capek oi saran dev genshin hsr pity rank rate off menang rate off kikir genshin kikir pity hak rank limited,Negative,Negative
"Sempet ngefrezee dan force close juga saat main dan buka gacha, setelah update os main udah lancar gk ada masalah sama sekali",ngefrezee force close buka gacha update os lancar,Negative,Negative
WOY BENERIN SERVER BUSUK LU PING KUNING MULU,woy benerin server busuk ping kuning mulu,Negative,Negative
Smooth parah gem nya mantap,smooth parah gem mantap,Positive,Positive
"Gachanya Busuq game pelit, Big L",gachanya busuq pelit big,Negative,Negative
full hitam ges awoakwok,full hitam ges awoakwok,Negative,Negative
"Maaf untuk dev dan Hoyoverse, saya tidak bisa menilai lebih lanjut dikarenakan data base yang cukup besar, kemungkinan jikalau saya meng-upgrade device saya saat ini barulah bisa saya merasakan sensasi bermain game RPG yang satu ini, jujur menarik, tetapi saya tidak dapat menikmati game ini secara langsung, terimakasih",maaf dev hoyoverse nilai data base mengupgrade device baru rasa sensasi main rpg jujur tarik nikmat terimakasih,Positive,Positive
Yuzuha cantik banget,yuzuha cantik,Negative,Negative
"game yang sangat bagus , mungkin bisa ditambahkan pengaturan lebih detail supaya bisa menyesuaikan agar game makin lancar dan nyaman dimainkan",bagus atur detail sesuai lancar nyaman main,Positive,Positive
Bosan,bosan,Positive,Positive
Nyoba di redmi 13c 🗿,coba redmi,Negative,Positive
Bagus,bagus,Positive,Positive
Game bagus baru mulai dapat 2 S rank Koleda sama soldier 11 memudahkan push story + lucy + bangbo S tier mantap sering2 kasih bansos event banyak,bagus rank koleda soldier mudah push story lucy bangbo tier mantap kasih bansos event,Positive,Positive
kalah 50/50 dpt koleda sma sgnya😡😭,kalah koleda sgnya,Negative,Negative
"Sangat Fun, Setiap update selalu memberikan optimasi yang baik, sangat cocok untuk saya, Good Job Hoyo",fun update optimasi cocok good job hoyo,Negative,Negative
game online make me life,online pakai me life,Negative,Positive
"Hi developer, I want to ask why after the 1st anniversary update, there are so many bugs in this update? I have tried updating and Re-download on Play Store but still having problems, what's going on?",hi developer want ask why after the st anniversary update there are sok many bugs this update have tried updating and redownload on play store but still having problems whats going on,Negative,Negative
"Combat nya seru sih, cmn kadang suka ngcrash -_'",combat seru cuman kadang suka ngcrash,Positive,Positive
Gachanya ampas selalu dapet pity besar trus gak pernah hoki main ni game,gachanya ampas pity hoki,Negative,Negative
"Game nya bagus sih sebenernya, cuma org org ini aja device jelek terus nyalahin dev nya. Situ mau ngelawak apa gimana nih? Buat lu org yang bilang ""game nya boring lah"", "" Lebih bagusan wuwa lah"" Lebih seru wuwa lah"" heh Ini game beda tema!, jadi sesuaikan tema pembicaraan kalau mau bandingin wuwa sono bandingin sama genshin.",bagus device jelek salah dev situ lawak bilang boring bagus wuwa seru wuwa heh beda tema sesuai tema bicara banding wuwa sono banding genshin,Negative,Negative
Nice game,nice,Positive,Positive
sangat bagus,bagus,Positive,Positive
"setiap banner kalah rate off:) mungkin lagi gak hoki aja, tapi kalo tiap banner kalah rate yah.... gimana mau bikin sign",banner kalah rate off hoki banner kalah rate bikin sign,Negative,Negative
game bagus ceritanya gampang dimengerti daripada hsr device infinix note 30 g99 juga lancar di settingan low 30 fps,bagus cerita gampang erti hsr device infinix note lancar settingan low fps,Negative,Negative
2.6 is Disgusting and forced patch 🤮,is disgusting and forced patch,Positive,Positive
"secara keseluruhan bagus sih. Cuma optimalisasi gamenya kurang optimal, ditambah banyak bug nya.",bagus optimalisasi optimal tambah bug,Positive,Positive
nice,nice,Positive,Positive
I LOVEE THIS GAMEE SM,lovee this gamee,Positive,Positive
Alamak perangkat tidak kompetitable☠️,alamak perangkat kompetitable,Positive,Positive
Wah ternyata Michelle sempat minta cerai dari Obama di ujung jalan Agnes Monica di la liga Spanyol liga dunia internasional liga Italia MLS,michelle cerai obama ujung jalan agnes monica liga spanyol liga dunia internasional liga italia mls,Negative,Negative
Ok,ok,Positive,Positive
makasih yaaa udah bikin game sebagus ini dan tolong bnykin fitur geol-geolnya yaa utk ke depan nya 😁😁😁,terima kasih bikin bagus tolong bnykin fitur geolgeolnya,Positive,Positive
Perlu di tingkatkan optimasinya,tingkat optimasinya,Positive,Positive
"This game is playable on Snapdragon 680, but I installed this game outside the Playstore. Please help me install it on Playstore and improve performance for Snapdragon 680.",this is playable on snapdragon but installed this outside the playstore please help me install on playstore and improve performance for snapdragon,Negative,Negative
Buged game i already try relogin 5 times but still stuck 😡,buged already try relogin times but still stuck,Negative,Negative
ok juga,ok,Positive,Positive
4NO banget Ketagihan choli,no tagih choli,Negative,Negative
"Game nya bagus, tapi entah kenapa setelah saya instal semua data game yang di perlukan seluruh tekstur map semua nya jadi berwarna hitam sedangkan character nya tidak, apakah ada solusi nya?",bagus instal data perlu tekstur map warna hitam character solusi,Positive,Negative
gamenya bagus seru. saya suka banget untuk animasi storynya bagus mulus. bagi para pencinta anime cocok main game ini. battle nya juga seru.,bagus seru suka animasi storynya bagus mulus cinta anime cocok battle seru,Positive,Positive
"zenles zone zero bagus gameplay karakter dan yang lain tapi dari segi gacha sama reward event, bansos game kurang gacha re off mulu tapi gakpapa aku tetep cinta game ini",zenles zone zero bagus gameplay karakter segi gacha reward event bansos gacha re off mulu apa cinta,Negative,Negative
Di Quest Prajurit berhati silver 2 Rest 4 bug berupa tembus tembok bug glict tidak bisa melanjutkan qust tersebut.Saya pakek hp Poco F5,quest prajurit hati silver rest bug tembus tembok bug glict lanjut qust tersebutsaya pakai hp poco,Negative,Negative
"etdah, ini game force close mulu padahal gua pas main kagak ngelag sama sekali, force clowe nya itu pas du loading, kadang stuck di 75,46% abis itu keluar sendiri, hp gua infinix note 40",etdah force close mulu gua pas kagak ngelag force clowe pas du loading kadang stuck habis hp gua infinix note,Negative,Negative
Game ini sangat bagus grafik nya sangat bagus tetapi tolong buat developer untuk lebih manusiawi gacha agennya ya dan hadiah event-event yang ada di game ini,bagus grafik bagus tolong developer manusiawi gacha agen hadiah eventevent,Negative,Negative
"game nya menarik, mulai dari grafis, story, gacha itu bener-bener unik. Terutama battle dan cut scene story. untuk ngelag sejauh ini belum ada, lancar lancar aja",tarik grafis story gacha benerbener unik battle cut scene story ngelag lancar lancar,Positive,Positive
I love yanagi🌸,love yanagi,Positive,Positive
best gooner game walaupun graphic di mobile kurang tapi gameplay bagus,best gooner graphic mobile gameplay bagus,Positive,Positive
"buh frame nya sering freeze parah banget, menggangu gameplay, tolong lah hoyo",buh frame freeze parah menggangu gameplay tolong hoyo,Negative,Negative
Busuk amat coy ghaca di zzz. Pasti 5 pity terakhir terus dpt nya,busuk coy ghaca pity,Negative,Negative
game sampah hard pity terus,sampah hard pity,Negative,Negative
sangat bagus rekomended untuk yang hp krntang soalnya datanya cuman 17 mb,bagus rekomended hp krntang data cuman mbak,Negative,Positive
"Padahal dah ada jaminan dapat karakter Rank S di bannernya, bisa-bisanya kena Rate Off. Kubenci sistem gacha macam tu, 3 bintang yg ane kasih tuh buat Miyabi, Yanagi, dan Anby gk buat lo Hoyoverse.",deh jamin karakter rank bannernya bisabisanya rate off benci sistem gacha bintang ane kasih tuh miyabi yanagi anby lo hoyoverse,Negative,Negative
Game nya keren bisa pake mode malam sampai gak liat apa apa,keren pakai mode malam,Positive,Positive
"sehatt"" game baikk🥰 makasii udahh wangiin akun aku cintaa deh sama game inii",sehatt makasii wangiin akun cintaa deh,Positive,Positive
"BUKAN UNTUK HP KENTANG, DAH TAU KENTANG MAKSA NGASIH RATING B 1,",hp kentang deh tau kentang maksa asih rating,Negative,Negative
Game keren wow,keren wow,Positive,Positive
Muncul tulisan terlalu banyak masuk game,muncul tulis,Negative,Negative
Mendingan ini dari genshin,mending genshin,Negative,Negative
pengalaman terbaik dalam game ini adalah semua aspek nya,alam baik aspek,Negative,Positive
"game bagus, saya enjoy sekali memainkan game zzz karena boing boing",bagus enjoy main boing boing,Positive,Positive
Best Gooner Game,best gooner,Positive,Positive
"saya suka jenis game yang tidak terlalu kompe dan santai seperti ini, grafiknya juga sudah cukup bagus walaupun grafiknya yang saya pakai low. Jadi game ini lumayan seru untuk saya",suka jenis kompe santai grafik bagus grafik pakai low lumayan seru,Positive,Positive
story : 90% adegan percakapan 10% adegan bertarung,story adegan cakap adegan tarung,Negative,Negative
"TV mode dihilangkan di story untuk apa? Itu ciri khas gamenya. Dilhilangkan malah mirip sm HI3, jd gk ada ciri khasnya",tv mode hilang story ciri khas dilhilangkan hi ciri khas,Positive,Positive
Bgus kok,bagus,Positive,Positive
tambahkan lebih banyak char laki laki,tambah char laki laki,Positive,Negative
"Banner limitednya jangan diperlama dapatnya setelah banner standard, kenapa harus dihard pity keduanya.",banner limitednya lama dapat banner standard dihard pity,Negative,Positive
Nice game,nice,Positive,Positive
game terbaik dari hoyo,baik hoyo,Positive,Positive
Gue pas masuk ke game semua layar nya hitam mana udah donload berjam jam,pas layar hitam donload jam jam,Negative,Negative
Kikir ga ni?😹😹😹,kikir,Positive,Positive
"Untuk battle nya aman fps juga lancar cuman saya terkendala karna tidak ada warna untuk bangunan nya,untuk karakter dan musuh ada dan selebih nya hitam,tolong mihoyo game nya di perbaiki",battle aman fps lancar cuman kendala warna bangun nyauntuk karakter musuh lebih hitamtolong mihoyo baik,Negative,Negative
akhirnya balik di playstore 😭😭😭,playstore,Positive,Positive
zi best mobile goty this yer,zi best mobile goty this yer,Positive,Positive
game rate off jelek gacha harus pity,rate off jelek gacha pity,Negative,Negative
best game ever,best ever,Positive,Positive
sudah mulai optimal,optimal,Positive,Positive
Mantap,mantap,Positive,Positive
"Gameplay seru, grafis memukau, dan yang paling penting developer sangat mendengar masukan pemain",gameplay seru grafis pukau developer dengar masuk main,Positive,Positive
"Dari beberapa game dari hoyoverse yang sudah aku pernah mainin,ZZZ ini adalah salah satu game dengan konsep yang unik dengan grafis yg bagus.untuk beberapa pemain lain yg mungkin mengeluh dengan masalah game ini,aku rasa itu bukan salah gamenya yang bermasalah sih device kalian yang kurang bagus(spesifikasi kentang). So overall game ini layak untuk di coba dan di mainkan 👌👌👌",hoyoverse maininz salah konsep unik grafis bagusuntuk main keluh iniaku salah masalah device bagusspesifikasi kentang sok overall layak coba main,Negative,Negative
Nice grafik,nice grafik,Positive,Positive
The next game kikir 180 free gacha hoax,the next kikir free gacha hoax,Positive,Positive
"I hope this game have a PvP mode, maybe that's amazing if can battle with other people",hope this have pvp mode maybe thats amazing if can battle with other people,Positive,Positive
Seru,seru,Positive,Positive
Pas main kadang force close. Padahal pakai Snapdragon 8gen2,pas kadang force close pakai snapdragon gen,Negative,Negative
"Enemy glitches out which ngl is kinda funny. Events are way too long to do, esp for limited time ones. Kinda wish I could use my chars for the main story but oh well. Fun gameplay tho, highly recommend if you're bored and just want smth to do.",enemy glitches out which ngl is kinda funny events are way too long esp for limited time ones kinda wish could use my chars for the story but oh well fun gameplay tho highly recommend if youre bored and just want smth,Positive,Negative
Optimalisasi aneh suka keluar sendiri 🗿,optimalisasi aneh suka,Negative,Negative
Why so lagging on rog phone 6 ?,why sok lagging on rog phone,Negative,Negative
"gelooooo game hoyo pertama gweh, tpi ad masalah sikit, makin update kok makin berat rasanya, udh si itu aj",gelo hoyo gweh sikit update berat,Negative,Negative
"banyak hal yang bisa dikritik disini. - Rata-Rata karakter (khususnya wanita) 'selalu' dibuat seolah-olah tertarik dengan MC (Khususnya cowok), Membuatnya terasa membosankan. saya tau, game ini dikhususkan untuk org yang tidak bisa mendapatkan pasangan di dunia nyata, namun, tetap saja ini buruk. - Story di S2 seakan-akan membuat ZZZ tidak terasa sama lagi, kehilangan vibe urban-nya. - Saya sangat kesusahan mendapatkan karakter S-rank, Hard Pity + Kalah rate off, tetap hard pity meski guarantee",kritik ratarata karakter wanita seolaholah tarik mc cowok buat bosan tau khusus pasang dunia buruk story seakanakan hilang vibe urban susah karakter srank hard pity kalah rate off hard pity guarantee,Negative,Negative
Setelah update kenapa jadi sering force close ya?,update force close,Negative,Negative
"game nya bagus njir, kayak yang di repost² di platform digital 👍🏻",bagus anjir repost platform digital,Negative,Negative
Best game dri Hoyoverse👍🏻,best hoyoverse,Positive,Positive
Hari ini rilis kasih aku doble B5 😤😤,rilis kasih doble,Positive,Positive
This update is very annoying; the optimization has decreased significantly. I'm using Snapdragon 7gen3 and only getting 20-30fps (the game is also very choppy). This happens even on the lowest settings.,this update is very annoying the optimization has decreased significantly im using snapdragon gen and only getting fps the is also very choppy this happens even on the lowest settings,Negative,Negative
"game bagus , bansos banyak , gachanya bkin stres (soft pity mlu jir, mana kalah 4 in a row)",bagus bansos gachanya bikin stres soft pity melulu jir kalah row,Negative,Negative
I like Anby and Ellen,like anby and ellen,Positive,Positive
gacha dengan rate paling jelek di game hoyotod,gacha rate jelek hoyotod,Negative,Negative
"GAME KESAYANGAN AKU, THANKS FOR HOYOVERSE UDH NYIPTAIN GAME SEPERTI INI",sayang thanks for hoyoverse nyiptain,Positive,Negative
Tolong grafik nya di perbaiki jadi makin mulus dan hd efek serangan nya,tolong grafik baik mulus hd efek serang,Negative,Positive
Give me a character with the appearance and feel like Acheron. And voice actors like Acheron both English and Mandarin and also my favorite voice actor Japanese Miyuki Sawashiro,give me character with the appearance and feel like acheron and voice actors like acheron both english and mandarin and also my favorite voice actor japanese miyuki sawashiro,Positive,Positive
"Nice story, nice grapich, nice music 👌🏻",nice story nice grapich nice music,Positive,Positive
"Keren si ni game dari gameplay grafis cocok buat gw aplgi musik di game ini bener bener keren ga kalah jauh dah dibandingkan game kakaknya, aplgi sistem gacha yg di permudah yg bisa nampilin pity ga kek di game kakaknya keren dh pokoknya semoga ni game banyak update yg lebih baik dr versi skrng kdng ada bug yg sangat menganggu",keren gameplay grafis cocok musik keren kalah deh banding kakak sistem gacha mudah nampilin pity kakak keren dah pokok moga update versi kadang bug menganggu,Negative,Negative
optimasi yg jelek game nya gabisa berjalan lancar padal aku main GI maupun wuwa rata kanan no shuttering dan stabill ini di zzz rata kiri pun nge freeze kadang,optimasi jelek jalan lancar padal gi wuwa rata kanan no shuttering stabill rata kiri nge freeze kadang,Negative,Negative
Jujur apdetan 2.0 gamenya tambah berat sebelum apdet aku main lancar lancar aja jujur setelah apdet 2.0 asli udah mentok rata kiri sedangkan akubmaen genshin belum sepenuhnya rata kiri lancar lancar aja lah ini aslinya tolong di benerin klo hoyover kesusahan nyari masalahnya dimana menurut aku itu mini map-nya hilangin aja ganggu banget sebelum ada itu lancar sekarang jadi drop bnget sementara rating b1,jujur apdetan berat apdet lancar lancar jujur apdet asli mentok rata kiri akubmaen genshin sepenuh rata kiri lancar lancar asli tolong benerin hoyover susah cari mana mini map hilang ganggu lancar drop rating,Negative,Negative
"Gamenya emang lebih kecil dari genshin but At its cost, gamenya nyediain pergelutan yang detail dan presisi sampai sampai hp android 11 keatas pun masih suka frame drop karena kesulitan buat ngerender partikelnya",genshin but at its cost nyediain gelut detail presisi hp android atas suka frame drop sulit ngerender partikel,Negative,Negative
"kecewa berat sm zzz buat desain baju milady. Ujung-ujungnya pamer dada & paha, sengaja banget dibikin montok, smua female char juga sama aja, aku muak lama kelamaan dan puncaknya hari ini juga krn desain milady yg aku harapkan bakal berwibawa malah kek— damn bro you can do peak design like miyabi, arlechino, all ruined my expectations :((((",kecewa berat desain baju milady ujungujungnya pamer dada paha sengaja bikin montok female char muak puncak desain milady harap wibawa damn bro you can peak design like miyabi arlechino all ruined my expectations,Negative,Negative
ga bagus,bagus,Positive,Positive
all good,all good,Positive,Positive
Untuk pihak dev tolong dong unduhan nya di bagi dulu kalau langsung semua kouta gk cukup karena nyampe 10000gb,dev tolong unduh kouta gb,Negative,Negative
jir udah kompetebel mudah mudahan ga leg patah,jir kompetebel mudah mudah leg patah,Negative,Negative
"Alhamdulillah udah gaada quest tv lagi, udh diapus! akhirnya bisa pure berantem sama jalan jalan mantap bintang 5 langsungg",alhamdulillah quest tv diapus pure antem jalan jalan mantap bintang langsungg,Positive,Positive
Seru,seru,Positive,Positive
Woilah gorengan rek,woilah goreng rek,Negative,Positive
"lama² merasa membosankan, jujur... gacha juga selalu ampas.",bosan jujur gacha ampas,Negative,Negative
Overall sudah cukup bagus harapan saya kedepannya untuk optimasi dan peningkatan grafis untuk perangkat Android,overall bagus harap depan optimasi tingkat grafis perangkat android,Positive,Positive
"buat keseluruhan suka² aja, cuma 1 doang yg bikin males main ini game , kebanyakan di mode tv nya daripada scene2 fight jd kerasa boring",suka doang bikin malas banyak mode tv scene fight rasa boring,Negative,Negative
gamenya seru storynya absolut cinema tapi semenjak update 2.0 gak tau kenapa laut nya jadi hitam dan efek dari elemen ice juga jadi hitam tolong diperbaiki bug hitam nya hoyo,seru storynya absolut cema semenjak update tau laut hitam efek elemen ice hitam tolong baik bug hitam hoyo,Negative,Negative
Gooner game good 😎,gooner good,Positive,Positive
tolong perbaiki di ROG phone ZS600KL Blank Hitam..,tolong baik rog phone zskl blank hitam,Negative,Negative
"overall bagus, dari berbagai jenis game gacha, cm ini yg bisa bikin setiap elemen game tetep balance, grafik oke banget. cmn di update terbaru pas loading tp dll lumayan lama nunggunya, mungkin karena device juga yang low-mid. teruskan developer, kalo bisa bansosnya seringin yak hehe😹",overall bagus jenis gacha bikin elemen balance grafik oke cuman update baru pas loading dll lumayan nunggunya device lowmid terus developer bansosnya ringin hehe,Negative,Negative
"game bagus banget🤩. story bagus, cutscene bagus, char bagus, cuman gachanya yg ampas🤣",bagus story bagus cutscene bagus char bagus cuman gachanya ampas,Positive,Positive
It have to better performance for android to,have better performance for android,Negative,Negative
Kebiasa aan game hoyoverse buat event kek anak Sd di suruh ngehitung bamboo lah Pasang puzzel domino Fitur skip nya gk bisa di pake di semua dialog tv nya bikin ngantuk,biasa aan hoyoverse event anak sd suruh ngehitung bamboo pasang puzzel domino fitur skip pakai dialog tv bikin ngantuk,Negative,Negative
PLEASE ADD 45 FPS 🙏,please fps,Negative,Negative
Seru,seru,Positive,Positive
game asu udh di download semua malah ngelag,asu download ngelag,Negative,Negative
"Cara mainnya enak, story lumayan, ekspresi on point karakter bagus bagus!!!",main story lumayan ekspresi on point karakter bagus bagus,Positive,Negative
"Yg ngasih comment jelek, coba cari info spek hp utk game ini & klo hp kalian tdk memadai gak usah di install, & utk bisa di mainin baru tgl 4 pukul 9 klo gak salah",asih comment jelek coba cari info spek hp hp pada install mainin tanggal salah,Negative,Negative
saya suka,suka,Positive,Positive
"Ini game seru, gue suka dengan style dan animasi yg smooth, kalau hp kentang jangan maksa main nya",seru suka style animasi smooth hp kentang maksa,Positive,Positive
"setelah update 2.0 game freeze saat loading, frame drop, dan stuck",update freeze loading frame drop stuck,Negative,Negative
Tv nya bikin mual,tv bikin mual,Negative,Negative
Knp saat saya masuk game pas loading saat pembuatan akun mengalami crash seperti layar menjadi hitam secepatnya di perbaiki saya tidak dapet login 🙏🙏,pas loading buat akun alami crash layar hitam cepat baik login,Negative,Negative
Tolong banget kalau ngepull agen limited tolong rate nya di kasi tinggi la atu di jamin dapat kalau cuma 50% kan kasian buat player gratis kalau dah di pull tapi kalau Rate.oke makasi,tolong ngepull agen limited tolong rate kasih tinggi jamin kasihan player gratis deh pull rateoke terima kasih,Negative,Negative
Gamenya Agak Sedikit Lag Walaupun Sudah Di turunin Semua Grafiknya,lag turunin grafik,Negative,Negative
"Apaan Game nya ini saya sering sekali FC(Force close) setiap main game ini, hmm dasar bikin gak mood main aja, iya iya gw tau hp gw kentang TPI kan gw juga pengen ngerasain main game ini",fcforce close hmm dasar bikin mood iya iya tau hp kentang pengin rasai,Negative,Negative
"Belum sempat main, pas liat download patch pertamanya udah 18.5GB, langsung ku-uninstal 😅",pas download patch pertama gb kuuninstal,Negative,Negative
