Review_Text,Review,Sentimen_Asli,Sentimen_Prediksi
kecewa sebagai pemain baru gacha char limited sisa 3 velina hari hasil ngumpulin dari 4 hari lalu nyari polychrome gagal dapat kalah 50/50 di pity 90 ga dapat kukira di pity 40/50 sebagai pemain baru sangat kecewa sekali.,kecewa main gacha char limited sisa velina hasil ngumpulin cari polychrome gagal kalah pity tidak kira pity main kecewa,Negative,Negative
gelo gak pelit coyyyy banyakin lagi bansos nya min walau gamenya rada berat😂,gelo tidak pelit coy banyak bansos min rada berat,Negative,Negative
kenapa sih susah banget login doang????,susah login doang,Negative,Negative
"cocok buat wong sangean ,bansos banyak karakter nya wangi ,dapet velina 30 pull ,minus lumayan ngeleg kalo grafik agak tinggi tapi gak sampe force close jadi tetep mantap dan semoga gw gak vakum vakuman lagi",cocok sangean bansos karakter wangi velina pull minus lumayan ngeleg grafik tinggi tidak force close mantap moga tidak vakum vakum,Negative,Negative
"tolong optimalisasi performa untuk mobile device, setiap log in drop ke 3-5 fps, dan harus relog jika ingin lancar",tolong optimalisasi performa mobile device log drop fps relog lancar,Negative,Negative
"ngelag amat, mau battle aja susah jirrr, grafik udah mentok rendah semua masih aja lag.",ngelag battle susah jir grafik mentok rendah lag,Negative,Negative
sebelumnya saya bisa main di 25-30 fps namun sekarang dapat 15 fps saja sudah syukur kenapa begitu ya saya menggunakan device yang sama padahal saya menikmati gamenya namun tolong di optimalkan lagi karna dulu saya bisa main dengan nyaman sekarang main 1 jam saja udah ga kuat karna fps yang drop terus menerus,fps fps syukur device nikmat tolong optimal nyaman jam tidak kuat fps drop terus,Negative,Negative
buat login nya aja harus nunggu berjam² baru juga mau main malah di bikin nunggu lama,login tunggu jam bikin tunggu,Negative,Negative
"This game is quite good, but I have a problem with my bad gaming experience. This game runs very smoothly on my phone, but I often experience interruptions while playing: like when I'm fighting, suddenly the entire screen becomes unresponsive, even showing an error, even though my phone is cool and running smoothly. I thought it was a problem with my phone, but it turns out to be a bug or something, I don't really know, but I've experienced this 3 times. Please, zzz team, fix this bug immediatel",this is quite good but have problem with my bad gaming experience this runs very smoothly on my phone but often experience interruptions while playing like when im fighting suddenly the entire screen becomes unresponsive even showing an error even though my phone is cool and running smoothly thought was problem with my phone but turns out be bug something dont really know but ive experienced this times please team fix this bug immediatel,Negative,Negative
ga tau knp malah nge stuck di daftar server,tidak tau nge stuck daftar server,Negative,Negative
"Game ini udah bagus tapi kenapa fps nya bisa drop banget padahal spek hp udah sangat mampu untuk memainkan nya, setingan udah ku buat rendah semua tapi fps ga bisa stabil, mohon di perbaiki aku sangat ingin bermain zenles zone zero karena gameplanya seru dan waranya ga bikin bosen",bagus fps drop spek hp main ting ku rendah fps tidak stabil baik main zenles zone zero gameplanya seru wara tidak bikin bosan,Negative,Negative
"tolong diperbaiki gamenya, aku sudah 2 hari gk bisa login karena force close terus, hp ku samsung s24 loh, pdhl sebelumnya aman aman aja",tolong baik tidak login force close hp ku samsung loh aman aman,Negative,Negative
"Gameplaynya asik, storynya lumayanlah, bansosnya mantap. Masih lumayan banyak bugnya, trus pas ngerjain side quest di hollow jga ga jelas arahnya sesat bikin pusing, questnya dimana teleportnya kemana, semoga diperbaiki.",gameplaynya asik storynya lumayan bansosnya mantap lumayan bugnya pas ngerjain side quest hollow tidak arah sesat bikin pusing questnya mana teleportnya mana moga baik,Negative,Negative
berikan gua nekomata!!!,gua nekomata,Negative,Negative
"pengalaman gameplay zzz bagus dari game2 serupa ,mana ga terlalu patah2 dan smooth juga story seperti komik aku menyukainya tidak membosankan gokil zzz",alam gameplay bagus tidak patah smooth story komik suka tidak bosan gila,Negative,Negative
"gacha modelan gimana ini kalah mepet pity dapat pun juga harus mepet pity? cihh mana 50/50 yang kau janjikan cuih,baru juga comback gini amat mau ambil char aja di suruh gacha mepet pity terus",gacha model kalah mepet pity mepet pity cihh kau janji cuihbaru comback ambil char suruh gacha mepet pity,Negative,Negative
"bagi bintang 3 dulu sebab last saya main 2025 sebab masa tu banyak bug sudah saya call customer service tapi tidak di baiki"" jadi saya berharap saya download balik makin ok la jangan ja makin banyak bug saya tidak suka terutamanya pada grafik sudah ok grafik tapi masih lag"" wifi ok data hp ok tapi masih lag kalau masih lagi saya tidak akan main lagi game ini buat selamanya malas mau buat report di customer service ja setiap kali update game alasan yang sama aja tapi tidak ada tindakan hmmmmmmmmm",bintang last bug call customer service tidak baik harap download ok jangan bug tidak suka utama grafik ok grafik lag wifi ok data hp ok lag tidak malas report customer service update alas tidak tindak hm,Negative,Negative
"Dev, aku sangat suka gamenya, tapi belakangan ini optimasinya terasa sangat kurang. Apalagi di map terbaru. Device sudah top tier (Snapdragon 8 gen 5) dan masih terus mengalami Force close. Ada apa dengan zzz?",dev suka optimasinya kurang map baru device top tier snapdragon gen alami force close,Negative,Negative
"overall semua nya bagus cuma gacha nya aja yg ampas banget, polycrome habis Ampe mentok pity tapi dapat karakter standar",overall bagus gacha ampas polycrome habis mentok pity karakter standar,Negative,Negative
"tolong optimalisasinya lebih di tingkatkan, meski sudah pakai low graphic masih sering ngelag saat combat atau eksplorasi.",tolong optimalisasi tingkat pakai low graphic ngelag combat eksplorasi,Negative,Negative
bagus grafik sama alur cerita tapi sayangnya sempit banget pas jalanin quest ditambah ga bisa multiplayer jadinya rada bosen,bagus grafik alur cerita sayang sempit pas jalan quest tambah tidak multiplayer rada bosan,Negative,Negative
"sorry game apa ini, udh download file besar awal bagus, grafik bagus, lancar makin lama kok ngelag2,,",sorry download file bagus grafik bagus lancar ngelag,Negative,Negative
"ini gw mau nanya,kenapa Gw kalo main zzz ngeleg Mulu ya,Padahal dulu tahun 2025 nggak,sekarang pas gw comeback kok gini?,Mau minta informasi perangkat? perangkat gw Iqoo z9,Ram 8 Gb kepake 5 (Udha termasuk zzz kepake nya),memori Masih ada 78 GB, Chipset Juga lebih dari minimal,Snapdragon 7 gen 3,perasaan gw main Honkai Star Rail lancar banget rata kanan, ini emang optimalisasi nya kurang apa gimana?,gw juga grafis di zzz mode hemat baterai, semoga di jawab yah,soalnya dulu rata kanan lancar aja",nanyakenapa ngeleg mulu yapadahal tahun nggaksekarang pas comeback ginimau informasi perangkat perangkat iqoo zram gb kepake udha kepake nyamemori gb chipset minimalsnapdragon gen asa honkai star rail lancar rata kanan optimalisasi kurang gimanagw grafis mode hemat baterai moga yahsoalnya rata kanan lancar,Negative,Negative
"kalah rate off di banner velina, kalah rate off di w engine yixuan hard pity semua lagi. please make my account really lucky!!",kalah rate off banner velina kalah rate off engine yixuan hard pity please pakai my account really lucky,Negative,Negative
donlod data nya lama sekali,donlod data,Negative,Negative
"kasian sekali gw update sekarang malah udah ngak bisa main lagi ini game, udah tidak kompatibel di hp gw",kasihan update tidak tidak kompatibel hp,Negative,Negative
jelek banget gamenya bagus si tapi saat donload filenya Lo lama baterai aku 100 aku tinggal.saat aku liat HP aku baterai sudah 20 masih loading baru setengah Bego emang,jelek bagus donload filenya lo baterai tinggalsaat hp baterai loading bego,Negative,Negative
"tolong optimisasi lgi game ny supaya bisa stabil fps selama permainan. dimensity 8350 ultimate hrus nya lumayan kuat, login ke game tiba-tiba fps ngelock 20-30 an lalu relog beberapa kali 52 fps dpet, ni bug ngeselin dah tolong perbaiki optimisasi lagi game nya HOYoNg",tolong optimisasi stabil fps main dimensity ultimate lumayan kuat login tibatiba fps ngelock an relog fps dpet bug kesal deh tolong baik optimisasi hoyong,Negative,Negative
30GB+ for the physics,gb for the physics,Negative,Negative
"untuk developer tercinta, saya tidak menerima verifikasi kode keamanan lewat Facebook, padahal akun Facebook saya itu benar dan saya tidak menerima verifikasi kode keamanan itu, tolong perbaiki 🙏🙏🙏",developer cinta tidak terima verifikasi kode aman facebook akun facebook tidak terima verifikasi kode aman tolong baik,Negative,Negative
i hate raiden shogun for killing rosalyne 😡,hate raiden shogun for killing rosalyne,Negative,Negative
"gooner bgts jirrr, aku nak meletup",gooner bgts jir nak letup,Negative,Negative
"kasi bintang 1 gw,males lah ga jelas anyinkk,setiap login pake server manapun tetep sama mesti terjadi kesalahan jaringan pdh udh 4G+ ,ga jelass ga jelass",kasih bintang gwmales tidak anyinkksetiap login pakai server mana mesti salah jaring pdh tidak tidak jelass tidak jelass,Negative,Negative
apaan 25gb sama 31gb game 8 bitt...mending game pc,gb gb bittmending pc,Negative,Negative
"Terima kasih HoyoVerse sudah membuat game ini, bener² bagus. Dari segi cerita yang bener² enjoyable, karakter design yang unik² dan memorable, dan gameplay hack n slash yang satisfying, absolute peak cinema 🙌 (Device aja yang gak memadai 😂)",terima kasih hoyoverse bagus segi cerita enjoyable karakter design unik memorable gameplay hack slash satisfying absolute peak cema device tidak pada,Negative,Negative
mohon perbaiki lag dan force closenya padahal dah grafik hemat baterai,baik lag force closenya deh grafik hemat baterai,Negative,Negative
"Why is the *Zenless Zone Zero* I used to know no longer the same game? It makes me furious—it’s become so heavy to run, and I’m stuck on the menu screen. What have you done, developers? You’ve made *Zenless Zone Zero* unplayable. You only care about high-end graphics and money, rendering the game unplayable. Can’t you revert *Zenless Zone Zero* to how it used to be so I can actually play it? I don’t care about bad graphics or anything like that; all I want is to experience that amazing gameplay.",why is the zenless zone zero used know no longer the same makes me furiousits become sok heavy run and im stuck on the menu screen what have you done developers youve made zenless zone zero unplayable you only care about highend graphics and money rendering the unplayable cant you revert zenless zone zero how used be sok can actually play dont care about bad graphics anything like that all want is experience that amazing gameplay,Negative,Negative
"seru,cuma sering force close saat start (s23fe) apalagi saat 75,61% loading screen",serucuma force close start sfe loading screen,Negative,Negative
"kagak bisa login sama sekali setelah update v3.0, main dari v1.3 gak pernah separah ini, pernah sih 1.5 kek gitu, cuman ini lebih parah😭 aku benci angka 75.61%🗿",kagak login update tidak parah cuman parah benci angka,Negative,Negative
"ini game tuh udh bagus jujur, dar segi visual karakter nya dan segi grafik juga udah mantep, cuma plis game nya di buat lebih ringan lagi biar ga make terlalu banyak memori ponsel, dan biar ga terlalu berat juga pas di mainin, saranku sih itu aja, soalnya ini game udah bagus banget tapi sayangnya berat+gunain terlalu banyak memori aja.",tuh bagus jujur dar segi visual karakter segi grafik mantap plis ringan biar tidak pakai memori ponsel biar tidak berat pas mainin saran bagus sayang beratgunain memori,Negative,Negative
"Gokil wak, lumayan balance lah buat di G99 mentok - mentok 35± fps. Story S3 3.0 lumayan ok lah buat pembukaan, bansos buat pull lancar, gacha-nya? tergantung ke-hoky an rek, namanya juga RNG...",gila wak lumayan balance tidak mentok mentok fps story lumayan ok buka bansos pull lancar gachanya gantung kehoky an rek nama rng,Negative,Negative
"game busuk, ga optimal wuka keluar sendiri",busuk tidak optimal wuka,Negative,Negative
game setengah porno ajg bikin membuat iman pria goncang gancing aj setiap karakter cwe masa tobrut semua apalagi yang paling tobrut velina belle nicoleSkipp,porno ajg bikin iman pria goncang gancing karakter cewek tobrut tobrut velina belle nicoleskipp,Negative,Negative
tolong untuk cut scenenya di buat hd karena kurang nyaman di lihat mata padahal saya sudah menggunakan settingan grafis tertinggi,tolong cut scenenya hd kurang nyaman settingan grafis tinggi,Negative,Negative
"game sudah sangat bagus,hanya saja di device rog 7,seting rata kanan sama kiri,sama aja tetap ngelag performa kurang bagus saya harap update kedepannya bakal di perbaiki lagi,lag crash patah patah,fps drop",bagushanya device rog ting rata kanan kirisama ngelag performa kurang bagus harap update depan baik lagilag crash patah patahfps drop,Negative,Negative
"Tolong, itu fan servicenya jgn terlalu brutal, untuk grafik visual rasanya agak berkabut alias brightnya agak tinggi sisa bagus sih g ada yg jelek",tolong fan servicenya jangan brutal grafik visual kabut alias brightnya tinggi sisa bagus tidak jelek,Negative,Negative
"sayang bgt susah buat mapping, pake gamepad gak kebacaa (zzz mobile)",sayang susah mapping pakai gamepad tidak kebacaa mobile,Negative,Negative
"penulisan sifat mc dan karakter2 playable nya jelek banget khususnya di season 2. sifat mc terlalu pemaaf untuk orang dengan tujuan balas dendam, dan selalu sok nasehatin karakter2 yg mau balas dendam ke targetnya(yg benar2 bersalah dan emang sudah tepat sasaran).",tulis sifat mc karakter playable jelek season sifat mc maaf tuju balas dendam sok nasihat karakter balas dendam targetnyayg salah sasar,Negative,Negative
"tolong dong game nya didoptimalin lagi, beratt 🫠",tolong didoptimalin beratt,Negative,Negative
tolong diperbarui lagi untuk optimisasi gamenya untuk kedepan nya,tolong baru optimisasi depan,Negative,Negative
1.5 tahun main cuman 2x menang rate off,tahun cuman menang rate off,Negative,Negative
"tolong ini map terbaru belum stabil, kadang fps drop tiba"", device saya Infinix gt 30 pro. di map lain tidak terjadi kendala fps drop yaaa",tolong map baru belum stabil kadang fps drop device infinix pro map tidak kendala fps drop,Negative,Negative
"game bagus, overall sudah perfect. untuk orang lain yang rating jelek karena event boring atau pun gacha gak dapet karakter yang diinginkan itu konyol banget sih, kalo lu ngusulin event yang lebih baik mending ke websitenya langsung. Dan untuk yang gagal gacha dan gasuka 50/50 mending gak usah ngerate, kalo lu gak suka sistem gachanya ya gak usah main dan kalo lu gagal dapet karakter limit itu juga normal terima aja gak usah marah, semua player juga gitu. mereka juga pernah gagal. itu aja sih",bagus overall perfect rating jelek event boring gacha tidak karakter konyol ngusulin event mending websitenya gagal gacha gasuka mending tidak ngerate tidak suka sistem gachanya tidak gagal karakter limit normal terima tidak marah player gagal,Negative,Negative
"3Btg Dulu soalnya Combeack main ni game,:),Bansos banyakin ya buat player yg awal rilis maen tapi kehalang device buat main,jadi vakum agak lama",btg combeack gamebansos banyak player rilis halang device mainjadi vakum,Negative,Negative
wareg banget bansosnya tidak seperti game sebelah. Intinya gud,wareg bansosnya tidak belah inti gud,Negative,Negative
"memory hp gue udah gak muat. ada genshin, wuwa, arknight enfield, ML, 7knight rebirth, chaos zero nightmare, theotown, jadi terpaksa uninstall nih game, btw where wind meet dan HSR juga jadi tumbal, game kalian yang kebesaran atau kapasitas hp gue kekecilan. udah gede nih gue rasa memory hp gue.",memory hp tidak muat genshin wuwa arknight enfield ml knight rebirth chaos zero nightmare theotown paksa uninstall btw where wind meet hsr tumbal besar kapasitas hp kecil gede memory hp,Negative,Negative
"got nothing much to say, thank you for Shungus fungus banner.",got nothing much sayang thank you for shungus fungus banner,Negative,Negative
"untuk Developer........ saya merasakan lag parah, nge glitch dan fps turun drastis, padahal settingan tampilan dan grafik aku buat rendah, semoga kedepannya segera di perbaiki atau mendapat perkembangan dan penyesuaian agar para pemain yang menggunakan perangkat yang kurang mumpuni bisa bermain lebih nyaman dan lancar lagi, terimakasihh",developer rasa lag parah nge glitch fps turun drastis settingan tampil grafik rendah moga depan baik kembang sesuai main perangkat kurang mumpuni main nyaman lancar terimakasihh,Negative,Negative
my phone keeep crashing everytime open the maps,my phone kep crashing everytime open the maps,Negative,Negative
keren wok tapi sayang nya hp gw cepet panas,keren wok sayang hp cepat panas,Negative,Negative
"Ayolah mau login aja susah sekali, stuck di loading screen tolong diperbaiki lagi🙏",ayo login susah stuck loading screen tolong baik,Negative,Negative
tidak bisa menghubungkan ke server jika menggunakan jaringan seluler xl,tidak hubung server jaring seluler xl,Negative,Negative
"gak support device low entry,selebihnya enjoyable aja",tidak support device low entryselebihnya enjoyable,Negative,Negative
"untuk overallnya bagus dan gak pelit"" amat soal bansosnya+karakternya full tobrut 😋👍",overallnya bagus tidak pelit bansosnyakarakternya full tobrut,Negative,Negative
"apakah bisa zzz sama ringan nya dengan genshin, karna genshin di sd860 sangat lancar sedangkan zzz terasa lebih berat. intinya tolong di optimalkan untuk mobile",ringan genshin genshin sd lancar berat inti tolong optimal mobile,Negative,Negative
gk ada update telanja#$$,tidak update telanja,Negative,Negative
"story dari semua hoyoverse aku suka banget sama ini setelah hsr. cuman aku kasih bintang 2 karena akunku yang bagus tetiba hilang hehe, tapi aku nunggu storynya ramielle dan nunggu device uprage dulu walaupun akun dulu ga balik tp gapapa deh:"")",story hoyoverse suka hsr cuman kasih bintang akun bagus tetiba hilang hehe tunggu storynya ramielle tunggu device uprage akun tidak gapapa deh,Negative,Negative
game tolol optimalisasi nya jelek bat anj pas update 3.0,tolol optimalisasi jelek anjing pas update,Negative,Negative
tolong dong mihoyo. ini kenapa story Proxy dan kelincinya bug. observation data yang ada cuman 1. yang kedua dan ketiga tidak muncul.. udah 4 kali ngulang ga nemu,tolong mihoyo story proxy kelinci bug observation data cuman tiga tidak muncul ngulang tidak nemu,Negative,Negative
ayolah kenapa nggak bisa masuk ini wak padahal sinyal ku bagus bagus aja tapi nggak bisa masuk loh. dipaksa dulu baru bisa masuk,ayo tidak wak sinyal ku bagus bagus tidak loh paksa,Positive,Negative
"cacat,gacha pelit,hard pity terus tapi malah kalah, rate on juga hard pity, najis. gacha chat kek telek, rate on belum dapet juga,padahal udah pity 73, Mending main wuthering wave, gacha 30 pity rate off dapet char limited, ampas zzz",cacatgacha pelithard pity kalah rate on hard pity najis gacha chat telek rate on belum jugapadahal pity mending wuthering wave gacha pity rate off char limited ampas,Negative,Negative
"kenapa saya tidak bisa log in selalu ngulang ngulang di loading screen katanya jaringan ku bermasalah padahal jaringan saya aman"" saja tolong di fix hoyo aku kasih bintang lima lagi nanti",tidak log ngulang ngulang loading screen jaring ku masalah jaring aman tolong fix hoyo kasih bintang,Negative,Negative
gamenya bagus... namun loginnya membutuhkan waktu yang lama .... tidak seperti genshin impact... juga zzz lebih berat... genshin dengan setelan grafik highest lebih ringan daripada mode hemat baterai zzz tolong disesuaikan kembali,bagus loginnya butuh waktu tidak genshin impact berat genshin setel grafik highest ringan mode hemat baterai tolong sesuai,Negative,Negative
"Permisi, Game nya bagus tapi Kok gacha nya Yg tier S harus 90 spin Plis lah kurangin kalau bisa 50 atau 30 lah Plis baca 🙏",permisi bagus gacha tier spin plis kurang plis baca,Negative,Negative
kenapa saya tidak bisa memainkan story agen padahal udah di klik lanjut maupun batal tetap ga bisa masuk ke story silver kebangkitan anby hoyo!,tidak main story agen klik batal tidak story silver bangkit anby hoyo,Negative,Negative
game sampah anj dari yu zuan sampe sekarang belum pernah menang rate off game kikir lebih kikir dari genshin 🐖 moga aja jadi game sepi dah,sampah anjing yuk zuan belum menang rate off kikir kikir genshin moga sepi deh,Negative,Negative
crash atau tidak bisa dijalankan mulai dari masuk ke game setelah login pada device Honor 400 Lite,crash tidak jalan login device honor lite,Negative,Negative
"makin lama ni game makin busuk aja,char lama banyak gak ke pake karena gimick bos makin aneh buff buat char baru doang,lama lama kaya hsr ngebosenin,percuma banyak char gak kepake,harus punya char baru terus,dah pity hard terus kalo gacha",busuk ajachar tidak pakai gimick bos aneh buff char doanglama hsr ngeboseninpercuma char tidak kepakeharus char terusdah pity hard gacha,Negative,Negative
game ini sangat bagus gak pelit pelit bagi bagi poleycrome terus peduli keritik fans ulasan juga langsung dimasukin sarab jika ada keritik apapun itu mendingan langsung didalam game karana aku pernah kasih keritik sarab langsung di game ya dan besokya langsung diterpakan this is the best bro,bagus tidak pelit pelit poleycrome peduli keritik fan ulas masuk sarab keritik apa mending dalam karana kasih keritik sarab besokya terpa this is the best bro,Negative,Negative
sering force close di roscaelifer,force close roscaelifer,Negative,Negative
kenapa game ini gak optimal padahal genshin sama hsr masih berjalan baik di hp saya tapi maen zzz di hp entah kenapa fps gak pernah maksimal dan lama kelamaan tertutup sendiri di tablet saya yaitu xiami pad 7 karna kehabisan memory saya kasih bintang dua dulu karna pengalaman bermainnya tidak semulus genshin dan hsr.,tidak optimal genshin hsr jalan hp hp fps tidak maksimal tutup tablet xiami pad habis memory kasih bintang alam main tidak mulus genshin hsr,Negative,Negative
"game bagus, grafik bagus, tpi ngeselin anj, masa tiba tiba loading, tiba² lag, tiba² keluar, sinyal XL gw aja full, paling banter rendah ny di 4 batang, masa bsa ngelag, bikin kesel aja",bagus grafik bagus kesal anjing loading lag sinyal xl full banter rendah batang ngelag bikin kesel,Negative,Negative
"kenapa setelah update 3.0 jadi banyak bug? yang pemain harapkan itu bugnya hilang, sekarang malah nambah bug lagi",update bug main harap bugnya hilang tambah bug,Negative,Negative
pas main selalu frame drop padahal pakai hp baru,pas frame drop pakai hp,Negative,Negative
"ga pernah kalah pity dari pertama main sampe sekarang🤤dev nya terlalu baik selalu sedekah juga mantep deh,lama lama gua nikahin juga dev nya",tidak kalah pity sekarangdev sedekah mantap dehlama gua nikah dev,Negative,Negative
"untuk developer tolong isikan fitur ganti MC secara permanen, plisssssssssss",developer tolong isi fitur ganti mc permanen plis,Negative,Negative
gamenya bagus cumann legg parah cik fps turun drastis ni kalo bisaa gamenya di ringan kan supaya semua hp yang ada kendala bisa main,bagus cumann legg parah cik fps turun drastis ringan hp kendala,Negative,Negative
"Tolong perbaiki permasalahan bug fps, setiap login fps limit 24 fps mulu!!?",tolong baik masalah bug fps login fps limit fps mulu,Negative,Negative
"Gacha kena rate off selalu di pity 80 terus, desain nya sekarang jadi lebih ke arah fan service daripada dulu yang lebih tertutup dan berwibawa. please change end gacha pity bro :(.",gacha rate off pity desain arah fan service tutup wibawa please change end gacha pity bro,Negative,Negative
"Grafik di mobile ketara bgt kurangnya, mau pake grafik rendah maupun tinggi sama aja. Udah kalah sama endfield yg sama2 pake unity & nte yg pake ue5 malah ringan bgt. Jujur burem parah, bikin sakit mata akhirnya brenti main ✌",grafik mobile tara kurang pakai grafik rendah tinggi kalah endfield pakai unity nte pakai ue ringan jujur buram parah bikin sakit brenti,Negative,Negative
"Optimalisasi ampas, udh pake device yaang lumayan aja masih lag",optimalisasi ampas pakai device lumayan lag,Negative,Negative
"saat mengunduh data update, saya diperintah mengosongkan ruang penyimpanan hingga 50 MB, tapi setelah saya bersihkan hingga 1 GB, tetap tidak bisa update. WHY!?",unduh data update perintah kosong ruang simpan mbak sih gb tidak update why,Negative,Negative
1 tahun lalu masih bisa di mainin sekarang bahkan latihan saja framedropnya luar biasa semenjak update itu saya berhenti memainkan game ini karena terlalu berat bahkan di settingan low saja masih drop parah beda sama game rpg aksi yang lain. dan hari baru saja mendownload game ini lagi bahkan di eventnya saja terlalu berat di mobile kenapa ini jadi semakin tidak competibel.,tahun mainin latih framedropnya semenjak update henti main berat settingan low drop parah beda rpg aksi mendownload eventnya berat mobile tidak competibel,Negative,Negative
"permisi hoyoverse, kenapa optimalisasi performa di game ini jelek sekali, di Xiaomi pad 7 saya lag sangat parah dan sampai tidak bisa kembali ke home screen",permisi hoyoverse optimalisasi performa jelek xiaomi pad lag parah tidak home screen,Negative,Negative
saya mencoba untuk men download zenless zone zero tapi tidak bisa saya tidak bisa men dowload nya,coba men download zenless zone zero tidak tidak men dowload,Negative,Negative
"saya tidak bisa masuk ke dalan game nya, setiap saya mencoba masuk itu akan kembali ke halaman utama saya",tidak dal coba halaman utama,Negative,Negative
saya main karena ada tim dhot design main,tim dhot design,Negative,Negative
"Kepada developer saya kembali mendownload zenless zone zero di HP lain tapi ketika saya ingin login ke akun saya muncul tulisan ""terlalu banyak permintaan, silahkan perbarui halaman dan coba kembali setelah beberapa saat"" maksud tulisan tersebut apa? saya sudah muat ulang gamenya dan tunggu beberapa saat, liat informasi updatenya masih update terbaru, mohon untuk di bantu. aku kangen bermain Zenless Zone Zero, sudah lebih dari seminggu tidak aku mainkan.",developer mendownload zenless zone zero hp login akun muncul tulis minta sila baru halaman coba tulis muat ulang tunggu informasi updatenya update baru bantu kangen main zenless zone zero minggu tidak main,Negative,Negative
"bagus saya suka,hanya saja sistem gachanya terlalu susah",bagus sukahanya sistem gachanya susah,Negative,Negative
Snapdragon 860 perangkat tidak. kompetibel?? secara gameplay msh lancar akwwkkw lawak lawak,snapdragon perangkat tidak kompetibel gameplay lancar akwwkkw lawak lawak,Negative,Negative
"banyak bug, optimalisasi yang buruk, saat saya mengerjakan ""main quest"" saya terkena bug dan tidak dapat petunjuk quest kemudian saya tidak dapat keluar dari area quest.",bug optimalisasi buruk quest kena bug tidak tunjuk quest tidak area quest,Negative,Negative
"tolong ini udh tahun 2026 tapi masih lag sekali, kita para mid end butuh optimisasi dikarenakan ngelag bgt, diusahakan next update di optimisasi",tolong tahun lag mid end butuh optimisasi ngelag usaha next update optimisasi,Negative,Negative
"semenjak update season baru gamenya gak optimal, sering ngebug seperti analog nya hilang, stuck, bahkan sampe force closed. Semoga cepat dibenerin.",semenjak update season tidak optimal ngebug analog hilang stuck force closed moga cepat dibenerin,Negative,Negative
"sering freeze terus force close, banyak bug black screen",freeze force close bug black screen,Negative,Negative
ayo lah. jangan lah membuat karakter yang bisa di pelintir menjadi meme yang ngwawur. lihat itu fandom fandom nya (please devoloper buatlah karakter yang waras sedikit),ayo jangan karakter pelintir meme ngwawur fandom fandom please devoloper buat karakter waras,Negative,Negative
Gak pernah menang rate off😭,tidak menang rate off,Negative,Negative
"saat ingin memainkan game, ketika loading screen login tiba-tiba keluar tidak jelas. padahal ram dan storage masih banyak. padahal memakai device samsung s25fe",main loading screen login tibatiba tidak ram storage pakai device samsung sfe,Negative,Negative
"Story nya bagus, banyak minigame menarik ama misi sampingan yang gak ngantuk. tapi ya gitu, sistem gacha nya. udah grinding mati matian dapet nya malah karakter tier S yang sama sekali gak kubutuhkan, nyari polychrome disini susah nya bukan main, bener bener harus tryhard parah buat dapetin polychrome yang banyak. Event juga kebanyakan boring ama gak menarik, cuma sebagian doang yang seru. udah gitu design char yang sekarang juga parah, gak kayak char terdahulu yang nyatu ama tema di game.",story bagus minigame tarik misi samping tidak ngantuk sistem gacha grinding mati mati karakter tier tidak butuh cari polychrome susah bukan tryhard parah polychrome event banyak boring tidak tarik doang seru design char parah tidak char nyatu tema,Negative,Negative
"update baru, device sudah flagship tapi masih sering force close, stuck di 75% n login game terus ofrce close, optimalisasi buruk, sebelum update season 3 aman² saja, setelah update jadi makin bobrok",update device flagship force close stuck login ofrce close optimalisasi buruk update season aman update bobrok,Negative,Negative
"Sebagai game dengan rating usia remaja (12+), pendekatan visual pada beberapa desain karakter cewek dirasa terlalu mengeksploitasi aspek fanservice secara berlebihan. Proporsi fisik dan animasi yang terlalu dilebih-lebihkan sering kali justru mengganggu fokus pemain dari kualitas mekanisme bertarung (combat) dan world-building yang sebenarnya sudah dieksekusi dengan sangat baik. visualnya juga baik,jadi menurutku sebagian pemain akan terlalu fokus pada fansservice daripada pada plot utama game.",rating usia remaja dekat visual desain karakter cewek rasa eksploitasi aspek fanservice proporsi fisik animasi dilebihlebihkan ganggu fokus main kualitas mekanisme tarung combat worldbuilding eksekusi visual baikjadi turut main fokus fansservice plot utama,Negative,Negative
"game sepesial bagi gw😍(bansos nya akeh tenan,pity nggak pelit) plis lah perbaiki optimasi nya 😭",sial gwbansos akeh tenanpity tidak pelit plis baik optimasi,Negative,Negative
"UBAH DESAIN 3.0 SANGAT JELEK, TAKKAN NAIK RATING SAMPAI D3SAIN BERUBAH SEPERTI SEMESTINYA",ubah desain jelek tak rating dsain ubah mesti,Negative,Negative
always hard pity when gacha and lose 50/50,always hard pity when gacha and lose,Negative,Negative
loading lama minta ampun,loading ampun,Negative,Negative
"gamenya sudah bagus, mekanisme dan segalanya memang ga usah diraguin lagi. Cuma masalahnya itu cuma di optmialisasinya, hape saya sering banget force close akhir akhir ini saya juga ga tau apa masalahnya. Jadi saya kasih bintang 2 dulu, kalau masalahnya udah dibenerin baru saya kasih bintang 5👌 -sama plis kasih lebih banyak polychrome gratis😁",bagus mekanisme tidak diraguin optmialisasinya hape force close tidak tau kasih bintang dibenerin kasih bintang plis kasih polychrome gratis,Negative,Negative
"framedrop saya masih terima, gacha sulit saya masih terima, tapi sekarang Dev merubah desain dari void Hunter legendaris Lady Sunbringer! KALIAN MERUSAK GAME KESAYANGANKU! saya merasa ini akan menjadi anniversary buruk dibanding dengan anniversary sebelumnya, menyedihkan. sunbringer sebelumnya terlihat sangat berwibawa, terlihat seperti pemimpin yang akan mengerahkan jutaan pasukan untuk melumpuhkan satu desa. tapi desain baru terlihat seperti mommy yang haus kasih sayang seorang pria kurus wise",framedrop terima gacha sulit terima dev rubah desain void hunter legendaris lady sunbringer rusak sayang anniversary buruk banding anniversary sedih sunbringer wibawa pimpin kerah juta pasu lumpuh desa desain mommy haus kasih sayang pria kurus wise,Negative,Negative
"rate gacha kek anjing, pity 80an",rate gacha anjing pity an,Negative,Negative
"pecat karyawan yang bikin instruksi assits counter, ga jelas ga kelar kelar",pecat karyawan bikin instruksi assits counter tidak tidak kelar kelar,Negative,Negative
GK bisa masuk FC di konfigurasi data pas 75.68 % sama Kya update sebelumnya tapi ini lbih parah,tidak fc konfigurasi data pas kaya update parah,Negative,Negative
"untuk Developer... Overall, permainan nya sudah oke, bahkan bagus. aku sangat menikamti setiap misi dan ceritanya, tapi kenapa aku beri bintang satu? karena selama ini setiap bermain aku merasakan lag parah, dan fps turun drastis, padahal settingan tampilan dan grafik aku buat rendah, semoga kedepannya segera di perbaiki atau mendapat perkembangan dan penyesuaian agar para pemain yang menggunakan perangkat yang kurang mumpuni bisa bermain lebih nyaman dan lancar lagi, terimakasi... 🙏",developer overall main oke bagus menikamti misi cerita bintang main rasa lag parah fps turun drastis settingan tampil grafik rendah moga depan baik kembang sesuai main perangkat kurang mumpuni main nyaman lancar terimakasi,Negative,Negative
terlalu banyak bug terutama saat mau login kedalam gamenya ngestuck/freeze padahal biasanya saat saya login tidak pernah ngestuck tpi sehabis update ada bug saat saya melawan bos,bug login dalam ngestuckfreeze login tidak ngestuck habis update bug lawan bos,Negative,Negative
optimalkan lagi gamenya di mobile maupun PC. game masih kadang stuttering walaupun performa hp maupun PC Saya masih lega gpu cpu maupun ram nya,optimal mobile pc kadang stuttering performa hp pc lega gpu cpu ram,Negative,Negative
"support f2p gameplay bagus minus cuma 1 yaitu force close, padahal pas main ga ngelag",support fp gameplay bagus minus force close pas tidak ngelag,Negative,Negative
bintang 1 karena di hpku pas mau masuk in gamenya sering banget force close,bintang hpku pas force close,Negative,Negative
"Optimize game nya di HP sangat buruk, gacha nya sangat buruk saya tidak pernah mendapatkan soft pity, saya sangat kecewa dengan game ini",optimize hp buruk gacha buruk tidak soft pity kecewa,Negative,Negative
"secara keseluruhan bagus sih. Cuma optimalisasi gamenya kurang optimal, ditambah banyak bug nya.",bagus optimalisasi kurang optimal tambah bug,Negative,Negative
"bro i lost every 5050 like 5 time, even the W engine like damn",bro lost every like time even the engine like damn,Negative,Negative
walaupun hadiahnya banyak tapi rate off gachanya GK ngotak gua udah rate off 2x di pity 84 sama 90 malah GK di kasih character nya malah rate off lagi gua udah uninstall game ini udah size-nya besar padahal ceritanya menarik tapi kalau end game kontennya susah banyak mekanik,hadiah rate off gachanya tidak ngotak gua rate off pity tidak kasih character rate off gua uninstall sizenya cerita tarik end konten susah mekanik,Negative,Negative
pls ini game sudah bagus tapi tolonggg optimalkan lagi ini game di HP gt 30 pro ku aja frame drop terus,pls bagus tolong optimal hp pro ku frame drop,Negative,Negative
"Banner limitednya jangan diperlama dapatnya setelah banner standard, kenapa harus dihard pity keduanya.",banner limitednya jangan lama dapat banner standard dihard pity,Negative,Negative
KARAKTER COWOK YANG FURRY BANYAKIN DONGGG😭😭😭,karakter cowok furry banyak,Negative,Negative
"sekelas device Xiaomi pad 6s pro aja masih sering force close. benci aja gitu tiap main game ini lag nya parah banget ampun deh. di tab ini saya pernah mainin genshin, hsr, wuwa, arknight endfields, nte, hi3, love and deepspace lancar aja bagus high quality. beneran cuma game ini doang optimasi di tabnya kurang banget 🤣",kelas device xiaomi pad pro force close benci lag parah ampun deh tab mainin genshin hsr wuwa arknight endfields nte hi love and deepspace lancar bagus high quality benar doang optimasi tabnya kurang,Negative,Negative
"setelah 3.0 kok selalu nge stuck di loading screen sebelum masuk game nya, penyebabnya apa ya?",nge stuck loading screen sebab,Negative,Negative
kenapa update sekarang malah berat,update berat,Negative,Negative
"terimalasih hoyovers sulit di jelaskan. saya sangat puas dengan update 3.0 alur cerita semakin menarik tampilan dialok karater di tingkatkan, byk evend byk hadiah dan yang paling penting tidak pelit / kikir :-)",terimalasih hoyovers sulit puas update alur cerita tarik tampil dialok karater tingkat evend hadiah tidak pelit kikir,Negative,Negative
"capek gacha gak ada hoki2nya, di spam hard pity mulu dari awal, genshin kikir aja masih sering soft pity, disini busettt da, hard pity terus, gak pernah soft pity pas gacha",capek gacha tidak hoki spam hard pity mulu genshin kikir soft pity buset hard pity tidak soft pity pas gacha,Negative,Negative
"Tolong bugnya diperbaiki, masa pas baru login ke gamenya malah ada tulisan ""terlalu banyak permintaan"" sehingga tak bisa masuk kedalam gamenya. Bug ini benar benar sangat amat mengganggu untuk saya dan orang lain yang mengalami hal seperti saya juga.",tolong bugnya baik pas login tulis minta tak dalam bug ganggu alami,Negative,Negative
"best, tapi masih perlu optimasi aja biar gak bikin perangkat panas sekali, karena di Samsung S25FE sepanas itu kl tanpa cooler bahkan FClose.",best optimasi biar tidak bikin perangkat panas samsung sfe panas tanpa cooler fclose,Negative,Negative
habis update main di hp lag banget padahal snapdragon 8 gen 3,habis update hp lag snapdragon gen,Negative,Negative
"gw cmn mau laporan doang, gw sebenerny udh prnh mainin ni game, tp pas gw download lg kgk bs login, kt ny terlalu bnyk perintah pdhl gw g ngapa-ngapain, udh di hapus download lg tp tetep gbs, udh 3 hr. Tolong ditanangani secepatnya🙏",cuman lapor doang sebenerny mainin pas download tidak login perintah tidak ngapangapain hapus download tidak tolong ditanangani cepat,Negative,Negative
gelo hp gw ngeprem jir B4 dulu kalo dah ganti hp b5,gelo hp ngeprem jir deh ganti hp,Negative,Negative
"maaf banget nih update 3.0 map baru LAG PARAH, padahal pake HP mid range iqoo neo 10, cuman bisa pakai grafik low 30 fps pun cuman dapat fps 15-25, kangen zenless dulu 1.4 lancar banget waktu story son of calydon. note: KECEWA BERAT",maaf update map lag parah pakai hp mid range iqoo neo cuman pakai grafik low fps cuman fps kangen zenless lancar waktu story son of calydon note kecewa berat,Negative,Negative
game hoyo yang paling sering dimainkan ketimbang sisanya,hoyo main ketimbang sisa,Negative,Negative
di map s3 nya ngefrem . masih bug juga,map ngefrem bug,Negative,Negative
saya main game ini hampir 2 tahun dan selama saya main tidak pernah mengalami frame drop. Karakter nya imut dan cantik cantik ada yang besar dan ada yang kecil. keren sekali walaupun saya belum pernah top up tapi saya sangat puas😃,tahun tidak alami frame drop karakter imut cantik cantik keren belum top up puas,Negative,Negative
"jika kita kesampingkan sisi go*n dari game ini, zzz ini udah punya fitur yg lengkap untuk game gacha RPG, dengan grafik yg memuaskan, story yg menarik, dan storytelling nya yg keren dengan tema tema komik retro, menjadikan game ini bagus 👍",samping sisi gon fitur lengkap gacha rpg grafik muas story tarik storytelling keren tema tema komik retro jadi bagus,Positive,Negative
game nya bagus tapi makin sini makin berat njir fc mulu kalo lagi main,bagus berat anjir fc mulu,Negative,Negative
"Player old nih, Udah main dari april 2025 kemarin dan Jujur ini game seru banget. Tapi sekian saya bertambah dewasa sekarang mulai kureng dan pengalaman bermain saya udah mulai berkurang jarang login pula.. walaupun masih ada aja sih satu hari login tapi enggak bisa beruntun kek dulu lagi. Dari awal main sampe sekarang saya engga ngeuninstal Zzz.. karena engga bisa lepas 😭 itu aja sih komenan saya. pure yapping",player old april kemarin jujur seru sekian tambah dewasa reng alam main kurang jarang login login untun tidak ngeuninstal zzz tidak lepas komentar pure yapping,Negative,Negative
"login tiap hari,. nabung gak gacha. udah kekumpul 80 batu gacha. dapet gak pernah rate off selalu di pity 80an juga. game babbi emang",login nabung tidak gacha kumpul batu gacha tidak rate off pity an babbi,Negative,Negative
"gamenya bagus banget walau berat, banyak bansos, mekanisme gamenya juga satisfying, optimasi grafiknya juga gokil parah",bagus berat bansos mekanisme satisfying optimasi grafik gila parah,Negative,Negative
"bintang 5,aku suka susu",bintang suka susu,Negative,Negative
"gacha nya ampas gw 4x kalah berturut-turut ga ada capturing kayak genshin, bahkan ada yang dari awal main belum pernah menang rate off rate nya parah bgt seperti dimanipulasi, nyesel gw top up",gacha ampas kalah berturutturut tidak capturing genshin belum menang rate off rate parah manipulasi sesal top up,Negative,Negative
makin kesini design nya makin jelek,kesini design jelek,Negative,Negative
main sendirian itu ga enak.. coba tambahin coop atau party dengan player lain... game tema hack and slash tapi solo itu bosennya looping,tidak coba tambah coop party player tema hack and slash solo bosennya looping,Negative,Negative
"Tolong Saat Update Kedepannya, buat game ini lebih ringan, agar ramah untuk banyak orang dan ramah untuk berbagai device, dan tolong agar kedepannya zzz tidak memakan banyak ruang penyimpanan, bisa dibuat fitur atau apa yang mengecilkan size game ini, tapi yang paling penting adalah game ini dibuat lebih ringan, Sekian Terima Kasih.",tolong update depan ringan ramah ramah device tolong depan tidak makan ruang simpan fitur kecil size ringan sekian terima kasih,Negative,Negative
"nice game, sekarang sudah agak lancar. sepertinya sudah banyak optimalisasi walaupun di kota tetep lag. tapi yang penting sih Combat nya lumayan lancar karena game ini fokus Combat bukan eksplorasi",nice lancar optimalisasi kota lag combat lumayan lancar fokus combat bukan eksplorasi,Negative,Negative
tolong perbaiki bug ini saya tidak bisa login itu saja secepatnya!!!!! saya tidak mau ketinggalan event!!!! cepat perbaiki!!!!!,tolong baik bug tidak login cepat tidak tinggal event cepat baik,Negative,Negative
desain karakternya makin kesini makin terbuka bjir wkwk terlalu memaksakan Dev nya 😭😔mana karakter pria disetiap fraksi cuman ada 1. Kalau gitu kenapa rating usianya tidak dinaikin aja jadi 18+?? *Izin 🙏😁,desain karakter kesini buka bjir wkwk paksa dev karakter pria tiap fraksi cuman rating usia tidak dinaikin izin,Negative,Negative
semoga tdk power creep,moga tidak power creep,Negative,Negative
"kalau bisa pity untuk item/karakter dengan rate A, jangan digabungkan dengan rate S.",pity itemkarakter rate jangan gabung rate,Negative,Negative
"weeeew.. cerita menarik, makin ingin tau selanjut!!! aku merinding banget saat lawan terus,, seru banget,, kuharap kedepan makin menarik, hadiah (✪ω✪)/",wew cerita tarik tau lanjut merinding lawan seru harap depan tarik hadiah,Negative,Negative
unduh datanya lama bisa gak sihhh di percepat,unduh data tidak cepat,Negative,Negative
"pada awalnya game berjalan lancar selang 1 hari tiba tiba game mengalami Force close saat kompilasi shader 80% di Samsung A55, Android 16 / One UI 8.5. dan tidak bisa login ke dalam interface sama sekali",jalan lancar selang alami force close kompilasi shader samsung android one ui tidak login interface,Negative,Negative
nyawane orang otak tak sumpaih geme ini nggaada yang main,nyawane otak tak sumpaih geme nggaada,Negative,Negative
"min aku dah download tapi kok ga bisa login yaa akun ku udah terdaftar tapi pas masuk ke game nya malah ga bisa login terus setiap login ada tulisan""terlalu banyak permintaan, coba lagi dalam beberapa saat""",min deh download tidak login akun ku daftar pas tidak login login tulisanterlalu minta coba,Negative,Negative
udh maen lama.. tiba2 dari awal lagi.. bug apa gimana nih???,bug,Negative,Negative
ngelag,ngelag,Negative,Negative
20gb+ cuma buat susu dan vantad doang,gb susu vantad doang,Negative,Negative
"Kepada developer saya kembali mendownload zenless zone zero di HP lain tapi ketika saya ingin login ke akun saya muncul tulisan ""terlalu banyak permintaan, silahkan perbarui halaman dan coba kembali setelah beberapa saat"" maksud tulisan tersebut apa? saya sudah muat ulang gamenya dan tunggu beberapa saat, liat informasi updatenya masih update terbaru, mohon untuk di bantu🙏🙏",developer mendownload zenless zone zero hp login akun muncul tulis minta sila baru halaman coba tulis muat ulang tunggu informasi updatenya update baru bantu,Negative,Negative
"sebenarnya bagus ini game cuma optimasinya masih kurang di hpku smsung a07 yg ram 6 masih suka force close padahal udh rata kiri,saran aja si di optimasi lagi biar banyak orang yang hpnya kentang bisa main",bagus optimasinya kurang hpku smsung ram suka force close rata kirisaran optimasi biar hpnya kentang,Negative,Negative
"dulu main ini game setahun, trus comeback lagi setelah upgrade device ke iqoo neo 10. harapanya ya biar bisa main dengan lancar. tapi cukup kecewa karena frame drop parah. apa memang device saya tidak kompetibel? namun maaf, saya main NTE dan wuwa yang notabenya memakai ""unreal engine"" bisa cukup enak, terlebih nte. dan wuwa walaupun lebih berat, tapi di map map awal dan combat masih stabil 45 fps. namun zzz, di six street yang dimana itu adalah map awal,,malah frame parah.",tahun comeback upgrade device iqoo neo harapanya biar lancar kecewa frame drop parah device tidak kompetibel maaf nte wuwa notabenya pakai unreal engine nte wuwa berat map map combat stabil fps six street mana map awalmalah frame parah,Negative,Negative
"game nya bagus tapi pls lah hoyo, story nya kalo perasaan tentang pengkhianatan mulu sampai apal aku polanya.jadi pls kalo bikin ceritanya rada beda atau kreatif dikit (ni game bergiga giga cuma buat render susu)",bagus pls hoyo story asa khianat mulu hapal polanyajadi pls bikin cerita rada beda kreatif dikit bergiga giga render susu,Negative,Negative
"kenapa setelah update gamenya jadi ngeframe"" padahal pass sebelum update bisa grafik rata kanan lancar, dan setelah update cuma pakek grafik menengah cuma jalan kaki ngeframe"" fps sangat tidak stabil.",update ngeframe pas update grafik rata kanan lancar update pakai grafik tengah jalan kaki ngeframe fps tidak stabil,Negative,Negative
"setelah Update suka Force Close, untuk device saya Pake Iqoo 15R tolong di bantu HOYOVERSE",update suka force close device pakai iqoo tolong bantu hoyoverse,Negative,Negative
saya harap untuk player hp Di kasih bisa main gak semua orang bisa main dan hp aku gak sesuai cuma tersedia di perangkat lain,harap player hp kasih tidak hp tidak sesuai sedia perangkat,Negative,Negative
game nya enak bisa 60fps g99 tapi cepat panas jadi disarankan pakek cooler biar nyaman,fps tidak cepat panas saran pakai cooler biar nyaman,Negative,Negative
jujur mw ngasi bintang 5 tapi bintang 4 dulu ya soalnya ga tau kenapa main 1 jam lebih gamenya malah patah2 padahal settingan low ane pake snap 7sgen4 kalo bisa di 3.0 di fix lagi ya devs tqqq,jujur asih bintang bintang tidak tau jam patah settingan low ane pakai snap sgen fix devs tq,Negative,Negative
optimalisasi kurang bagus,optimalisasi kurang bagus,Negative,Negative
Versi mobile tidak begitu optimal. terlalu berat untuk game mobile.,versi mobile tidak optimal berat mobile,Negative,Negative
"game ini kurang cocok untuk aku karena semua misi nya terlalu mudah seperti game toddler, aku ingin yang lebih susah dan menantang seperti pengangguran pada umumnya. dan tolong jangan lupa banyakin skin baju renang.",kurang cocok misi mudah toddler susah tantang anggur tolong jangan lupa banyak skin baju renang,Negative,Negative
"game haram, animasinya 18+ jelek ga rekomen",haram animasi jelek tidak rekomen,Negative,Negative
"graphics medium-high 60 fps sangat lancar di SD 6s gen 1. awalnya saya kira akan mentok di 30 fps graphics low, tapi ternyata melebihi ekspektasi dan juga ga bikin hp cepet panas. 9/10 untuk ZZZ.",graphics mediumhigh fps lancar sd gen mentok fps graphics low lebih ekspektasi tidak bikin hp cepat panas,Negative,Negative
"game nya bagus banget, bisa²nya aku hoki dapet 2 yang Tier-S cuman minus nya loading nya itu loh lama banget jadi tolong dipercepat loading nya biar bisa main lebih lama, dan satu lagi file ku udah kosong gak ada apa² kadang bisa masuk kadang enggak bisa jadi bug ini yang harus dibenerin sementara aku kasih bintang 4",bagus bisa hoki tiers cuman minus loading loh tolong cepat loading biar file ku kosong tidak kadang kadang bug dibenerin kasih bintang,Negative,Negative
"habis vakum coba main lagi, ternyata gamenya sekarang udah lebih bagus dari sebulan pertama pasca perilisan. Dibanding game lain combatnya paling beda sendiri. tapi gachanya berat, wajar game hoyo. Contentnya banyak dan udah Ter optimalisasi. di HP saya main hanya untuk daily sedangkan main utama di PC. terimakasih semoga hoki terus",habis vakum coba bagus bulan pasca rilis banding combatnya beda gachanya berat wajar hoyo contentnya ter optimalisasi hp daily utama pc terimakasih moga hoki,Negative,Negative
Gatcha ampassss,gatcha ampas,Negative,Negative
hoyo apalah ini gw login kenapa keluar keluar sendiri terus padahal udah gw update,hoyo apa login update,Negative,Negative
4 banner tidak dapat B5 (gacha).,banner tidak gacha,Negative,Negative
please give the option 45 fps,please give the option fps,Negative,Negative
"ini kenapa dah sering ngefreeze layar nya tpi masih lanjut game nya, update sebelum nya ga gitu dah",deh ngefreeze layar update tidak deh,Negative,Negative
"Kepada developer SAYA SANGAT KECEWA Terkait content Shiyu devense sekarang semakin sulit dan tidak masuk akal untuk mencapai 25k point. Sistem poin ini sangat tidak adil, tidak balance. Saya menyelesaikan 25.2003 point dg waktu 3 menit 23 detik, sedangkan line yg lain dengan waktu lebih singkat 3 menit 02 detik hanya mendapatkan 23.400 point. Dengan team miyabi premium, yhidari premium, bahkan angel of delusion premium saja sekarang benar2 tidak berguna samasekali.ZZZ sudah tidak fun lagi 😡🤬🤬",developer kecewa kait content shiyu devense sulit tidak akal capai point sistem poin tidak adil tidak balance selesai point waktu menit detik line waktu singkat menit detik point team miyabi premium yhidari premium angel of delusion premium tidak guna samasekaliz tidak fun,Negative,Negative
"oh gawd, game aneh banget ini waa (^-^; udah lama main game ini di pc sama di hp, agak gimana gitu kalau di hp karena walaupun deviceku sudah bagus tapi sering fc tiba-tiba. main game sebelah aja hampir 45°C aja engga fc loh.. tolong di optimalisasi lagi agar pengalaman player makin baikk (ФωФ)",oh gawd aneh waa pc hp hp deviceku bagus fc tibatiba belah tidak fc loh tolong optimalisasi alam player,Negative,Negative
"game kurang optimal leg parah di hp Infinix note 40 pro, giliran main game lain lancar kaya WWM sama CODM TOF , tolong lah di optimalin lagih bagus nie game KLO ga leg",kurang optimal leg parah hp infinix note pro gilir lancar wwm codm tof tolong optimalin lagih bagus tidak leg,Negative,Negative
tolong ringankan,tolong ringan,Negative,Negative
hoyo fitur ganti klamin wess yg kasih reting jelek gendeng palane 🙏🙏🙏🙏💯💯💯,hoyo fitur ganti klamin wess kasih reting jelek gendeng palane,Negative,Negative
gacha is suck,gacha is suck,Negative,Negative
"ada banyak bugs di game ini dan juga gamenya sangat berat,kadang kadang lancar,kadang kadang gak tolong deveolloper segera di perbaiki kalau gini pantasan ratingnya buruk sama server nya ngelag mulu sama optimasi game nya padahal hp saya kuat main game kayak wwm(where wind meet)tapi malah ngelag main game zzz",bugs beratkadang kadang lancarkadang kadang tidak tolong deveolloper baik pantas ratingnya buruk server ngelag mulu optimasi hp kuat wwmwhere wind meettapi ngelag,Negative,Negative
Absolute Cinema,absolute cema,Negative,Negative
"Game dengan optimalisasi paling bego ya ini udah, lebih bagus wuwa bahkan ketimbang ini walaupun wuwa banyak yg bilang optimalisasi kurang bagus, di bandingin sama Arknight Enfield jauh lebih bagus AKE yg sama sama pake unity engine modified, bahkan Sekelas NTE yg pake UE5 behh Ultra 60fps tetep gacor, game udh berumur kagak ada perbaikan optimalisasi sama sekali bahkan di chipset Snapdragon 8 gen 2 atau dimensity 8350/8400 tetep stuttering ngos-ngosan kalo kagak di betulin Dev nya bego asli.",optimalisasi bego bagus wuwa ketimbang wuwa bilang optimalisasi kurang bagus banding arknight enfield bagus ake pakai unity engine modified kelas nte pakai ue behh ultra fps gacor umur kagak baik optimalisasi chipset snapdragon gen dimensity stuttering ngosngosan kagak betulin dev bego asli,Negative,Negative
"tolong ditingkatkan optimalisasi game nya, karena pada update terbaru masih banyak area area yang terlalu berat dan kurang optimal",tolong tingkat optimalisasi update baru area area berat kurang optimal,Negative,Negative
game nya bagus dan semuanya bagus cuman saya minta tolong ada bug karakter gak bisa gerak dan saya baru main tiba² gak bisa gerak saya minta tolong di perbaiki bug Karakter yanh gak bisa gerak nyangkut di benda² 🙏 udah itu aja masalah nya kalau yang lain bagus kok,bagus bagus cuman tolong bug karakter tidak gerak tidak gerak tolong baik bug karakter yanh tidak gerak nyangkut benda bagus,Negative,Negative
berat,berat,Negative,Negative
anjeng,anjeng,Negative,Negative
This game is getting better and better. I hope it gets even better in the future. But please add more male characters.,this is getting better and better hope gets even better the future but please more male characters,Negative,Negative
"pake grafik rata kanan tetep burik, aneh ni game",pakai grafik rata kanan burik aneh,Negative,Negative
Sudah Dimensity 8350 tapi tidak bisa 60 FPS bagaimana ini? mohon di cek lagi supaya bisa lebih optimal. terimakasih,dimensity tidak fps cek optimal terimakasih,Negative,Negative
"sistem gacha jelek parah, drop nya kecil mampus. jangan harap bisa menang 50/50 kalo posisi rate off",sistem gacha jelek parah drop mampus jangan harap menang posisi rate off,Negative,Negative
auto logout bikin akunku hilang jirr,auto logout bikin akun hilang anjir,Negative,Negative
"mekanik gameplay bagus, story unik, design cantik, lumayan ringan, tapi sayang rate gachany ampas mampus. bayangin buang-buang 80 pull lebih cuma buat karakter standar sialan",mekanik gameplay bagus story unik design cantik lumayan ringan sayang rate gachany ampas mampus bayang buangbuang pull karakter standar sial,Negative,Negative
kita ingin season 3 di zzz ada karakter furry serigala pria rank S DPS. kami sangat kecewa di season 3 ini zzz tidak merilis karakter furry serigala pria rank S. tolong kamu ingat kita main zzz dan top up karena ada karakter furry serigala rank S. dari patch 1.0 hingga patch 2.8 kita selalu isi feedback untuk meminta zzz merilis karakter furry serigala pria rank S dan zzz sudah hampir 2 tahun tapi feedback permintaan kami tidak didengar :(,season karakter furry serigala pria rank dps kecewa season tidak rilis karakter furry serigala pria rank tolong top up karakter furry serigala rank patch patch isi feedback rilis karakter furry serigala pria rank tahun feedback minta tidak dengar,Negative,Negative
tolong berikan keringanan pada hp saya,tolong ringan hp,Negative,Negative
"design char nya ga banget, apalagi ramiel anjir(mau lu peras sampai berapa kali elymid itu wkwkkw),story mid banget sementara battle nya pun kurang diperhatikan(frekuensi nya lebih ke story nya yang mid itu wkwk).",design char tidak ramiel anjirmau peras elymid wkwkkwstory mid battle kurang diperhatikanfrekuensi story mid wkwk,Negative,Negative
"TDK ramah f2p, kalah rate off trus pantes game nya sepi",tidak ramah fp kalah rate off sepi,Negative,Negative
plis kurangin payudara yang terlalu dibesar-besarkan di game ini,plis kurang payudara dibesarbesarkan,Negative,Negative
woi hoyo optimalisasi game lu benerin,woi hoyo optimalisasi benerin,Negative,Negative
story : 90% adegan percakapan 10% adegan bertarung,story adegan cakap adegan tarung,Negative,Negative
"gamenya dah oke banget, mekanik, grafik, gameplay, story . Semua bintang 5👆👆. kekurangannya mungkin cuma 2,(1.kadang kadang gamenya suka frame drop lumayan parah) (2.login game yang bisa dibilang lambat buanget, padahal ga ada masalah sinyal) dan untuk susahnya oke banget, :D",deh oke mekanik grafik gameplay story bintang kurang kadang kadang suka frame drop lumayan parah login bilang lambat tidak sinyal susah oke,Negative,Negative
Kenapa Sebagian pemain terkena BUG Tidak ada audio in game nya saat records layar ini masalah yang banyak pemain kena kami harus bagaimana agar Hasil Records kami ada audio nya,main kena bug tidak audio records layar main hasil records audio,Negative,Negative
"kenapa habis update, kualitas gambarnya jadi burik, settingan tertinggi tapi kayak tampilan terendah, tolong kembalikan lagi tampilan hd buat mobile, main dihp jadi tidak semangat karena kualitas tampilannya buruk.",habis update kualitas gambar burik settingan tinggi tampil rendah tolong kembali tampil hd mobile dihp tidak semangat kualitas tampil buruk,Negative,Negative
"Saya suka dengan konsep cerita yang diberikan game ini, terus, selain konsep cerita nya, feel battle nya di game ini cukup terasa seru, tetapi, yang masih menjadi PR bagi game ini yakni di ""Optimisasi"" nya, karena masih terjadi ""frame drop"" (meskipun kadang-kadang), tapi seharusnya game ini lebih cenderung stabil dari game RPG lainnya yang memakai konsep ""Open world"", konsep game ini kan ""semi open world"" yang seharusnya tidak terlalu memberatkan GPU pada handphone, jadi, tolong optimisasi nya",suka konsep cerita konsep cerita feel battle seru pr optimisasi frame drop kadangkadang cenderung stabil rpg pakai konsep open world konsep semi open world tidak berat gpu handphone tolong optimisasi,Negative,Negative
"Setelah story season 2 yang cukup mengecewakan dan story season 3 keliatan kureng, optimalisasi di game ini makin buruk dan cukup unplayable bagi hp menengah. Dulu saat masih v1.x fpsnya cukup optimal di 50-60 fps dan sekarang untuk dapetin stabil di 40an fps harus rata kiri dan itupun masih sering framedrop. Saran, main game ini di pc. Kalopun mau main di hp, minimal hpnya flagship dan itupun kalo lu mau mengorbankan keawetan hp lu.",story season kecewa story season reng optimalisasi buruk unplayable hp tengah vx fpsnya optimal fps stabil an fps rata kiri itu framedrop saran pc kalo hp minimal hpnya flagship itu korban awet hp,Negative,Negative
"Permainannya yang solid, taktis dan cepat membuat saya cukup nyaman dalam bermain, permainannya tidak terlalu mengeksplor tempat, hanya fokus pada cerita utamanya. FPS yang didapat cukup tinggi dan lancar membuat tidak terlalu memikirkan kondisi gameplay yang berlangsung...",main solid taktis cepat nyaman main main tidak mengeksplor fokus cerita utama fps tinggi lancar tidak pikir kondisi gameplay,Negative,Negative
"Makin hari makin jadi, hoyo plz lahhh...ini gmn akun gua meski email & password bener, tapi gak bisa login. Selalu ada [username atau password salah], padahal udh bener semua gua cantumin nya. gua udh ganti akun 2x, dan kejadian ini terjadi gara-gara hanya gua jarang login ZZZ. Seriously???? ini gmn gua mau main klo kyk gini, benerin lah Dev.",hoyo plz lahini akun gua email password tidak login username password salah gua cantumin gua ganti akun jadi garagara gua jarang login seriously gua benerin dev,Negative,Negative
Gamenya sudah bagus cuma berat jadi saya hapus lg,bagus berat hapus,Negative,Negative
"sebenarnya semua udah bagus dan aman ga ada masalah, tapi entah kenapa di deviceku, infinix gt 30 pro, di andro 15 sering patah patah dan force closed, dan setelah andro 16 jadi makin parah, makin sering force closed. update makin sering force closed. sekali login ±10 menitan udah ada 2x force closed",bagus aman tidak deviceku infinix pro andro patah patah force closed andro parah force closed update force closed login menit force closed,Negative,Negative
"aku gak tau ini internet ku yang ngelag atau apa, setiap aku pengen login ke game nya aku terus stuck di loading, padahal internet ku kadang baik baik aja, aku udh hapus chace atau apalah tapi tetap saja masih sama yaitu stuck di dalam loading terus, jadi tolong mohon kerja sama nya untuk memperbaiki nya. 🙏🙏",tidak tau internet ku ngelag pengin login stuck loading internet ku kadang hapus chace apa stuck loading tolong baik,Negative,Negative
tolong diperbaiki sepertinya ada bug saat melawan weekly bos.. selalu Shutter dan lalu force close.. padahal perangkat saya sudah high end.. (Poco f8 ultra),tolong baik bug lawan weekly bos shutter force close perangkat high end poco ultra,Negative,Negative
mengapa optimalisasi untuk handpone saya tidak kunjung membaik? Padahal di HP dulu poco m5s walaupun patah-patah tapi gak sampai force close. Tolong perbaiki Hoyoverse,optimalisasi handpone tidak kunjung baik hp poco patahpatah tidak force close tolong baik hoyoverse,Negative,Negative
"game jelek, udah gooner gada inovasinya, eventnya gitu"" aja, cuman ngandelin fan service, tolol emang!",jelek gooner tidak inovasi eventnya cuman ngandelin fan service tolol,Negative,Negative
"Kembalikan story agen please hoyo jangn males, udah storynya pendek banget di patch terbaru ini 2.8, masak karakter rate up ketutupan sama konflik cerita utamanya sih niat mau jualan atau nggak ini",kembali story agen please hoyo jangn malas storynya pendek patch baru masak karakter rate up tutup konflik cerita utama niat jual tidak,Negative,Negative
"untuk segi cerita sudah sangat bagus, game play juga enak di mainkan, cuman yang bikin saya beri 3 bintang adalah di saat saya sedang main tiba2 force close sendiri padahal lagi seru serunya, hp sudah memadai (bahkan sudah jauh) tetapi masih saja tiba2 force close sendiri, tolong pihak mihoyo untuk mengatasi problem ini karena sudah lama sekali problem ini ada.",segi cerita bagus play main cuman bikin bintang force close seru seru hp pada force close tolong mihoyo atas problem problem,Negative,Negative
"Seru buat di mainin, battle nya lumayan suka, cuman masalahnya optimisasi buat mobile yang sampah banget, bakal sering lag atau pun gak responsif saat ingame. saran aja, main di PC/laptop karena lebih bagus.",seru mainin battle lumayan suka cuman optimisasi mobile sampah lag tidak responsif ingame saran pclaptop bagus,Negative,Negative
"Five star deserved to the developer, this latest update is way batter than before",five star deserved the developer this latest update is way batter tahan before,Negative,Negative
"desainnya kalo ga besarin dada ya vantat, bosen la, KEMBALIKAN DESAIN MENARIK SEPERTI MIYABI YANG KECE DAN TERTUTUP",desain tidak besar dada vantat bosan kembali desain tarik miyabi kece tutup,Negative,Negative
"saya tidak bisa login ke akun saya, bisa bantu tidak?",tidak login akun bantu tidak,Negative,Negative
"mantap, seret sembarang kalir dari kombat bukannya enjoy malah bikin capek mana gacha selalu mentok pity dahlah males",mantap seret sembarang kalir kombat enjoy bikin capek gacha mentok pity dah malas,Negative,Negative
aduh beratnya,aduh berat,Negative,Negative
ada kendala di suruh kosongkan 50 mb padahal penyimpanan masih 5 gb,kendala suruh kosong mbak simpan gb,Negative,Negative
game cukup oke cuma saat cutscene subtitle nya hilang,oke cutscene subtitle hilang,Negative,Negative
parah sih gacha nya ... 173x cuma dikasih 1 Koleda .. parah..,parah gacha kasih koleda parah,Negative,Negative
"mohon maaf tapi ini kenapa, waktu saya mau rekam layar hasilnya kok gak ada suara gamenya ya??, tolong dong di jelasin",maaf waktu rekam layar hasil tidak suara tolong jelasin,Negative,Negative
patch kemaren saat gacha chissia di kasih negromata,patch kemarin gacha chissia kasih negromata,Negative,Negative
"Setelah update 1.4 jadi sering patah patah jadi terganggu, mohon di perbaiki agar permainan lebih nyaman untuk dinikmati.",update patah patah ganggu baik main nyaman nikmat,Negative,Negative
tolong perbaiki bug di game ini saat mau record gameplay tidak muncul suara.,tolong baik bug record gameplay tidak muncul suara,Negative,Negative
"yang pada komen event dikit. maen kagak, event bejibun dibilang dikit. lihat noh hsr cuma 1-2 diang eventnya.",komen event dikit kagak event bejibun bilang dikit noh hsr diang eventnya,Negative,Negative
"Kenapa ya setiap download resource di latar belakangi selalu aja ngulang2, bikin buang2 paket internet",download resource latar belakang ngulang bikin buang paket internet,Negative,Negative
Nih Game Fight bagus sih overall 10/10 tapi kekurangan nya banyak juga kyk tiba tiba aja adegan ngelag saat war farm dll kyk aneh aja tiba tiba ngelag di pertadingan padahal ya jaringan bagus hp juga bagus gimana ya rada aneh walau cuman buat efek bagus bagusan tolong hilangin dah efek lag nya menganggu sekali,fight bagus overall kurang adegan ngelag war farm dll aneh ngelag pertadingan jaring bagus hp bagus rada aneh cuman efek bagus bagus tolong hilang deh efek lag menganggu,Negative,Negative
"Nih game kok malah lebih berat daripada game open world ya di HP, tiap main selalu FPS drop meskipun dibuat grafik rata kiri",berat open world hp fps drop grafik rata kiri,Negative,Negative
Tolong design karakternya lebih tertutup lagi,tolong design karakter tutup,Negative,Negative
setelah update terbaru gak bisa dibuka sama sekali force close terus...,update baru tidak buka force close,Negative,Negative
makin ancur frame rate nya pensi aja ah padahal pake dimensity 8200 grafik low aja masih patah,hancur frame rate pensi ah pakai dimensity grafik low patah,Negative,Negative
"selalu jadi game favorit, walaupun udah jarang main gara-gara mulai sibuk, sehat-sehat game baik😋",favorit jarang garagara sibuk sehatsehat,Negative,Negative
bagus sekali main ketagihan! tapi loading nya terlalu lama jadi kurang niat apakah game ini lebih bagus dari Uma musume? jika saya lebih bagus TAPI agak males buat mainin nya,bagus tagih loading kurang niat bagus uma musume bagus malas mainin,Negative,Negative
"saya dah 2 tahun atau 3 tahun seingat saya, yang pasti, Zzz adalah salah satu game yang saya suka walaupun ada beberapa aspek yang kurang saya suka tapi saya akan tetap support game ini.",deh tahun tahun zzz salah suka aspek kurang suka support,Negative,Negative
"overall game nya bagus,story nya sangat mantap,combat nya juga lumayan sulit tetapi masih terbilang mudah di kuasai, masalah yang saya punya hanya di device saya yang kurang mendukung game nya jadi nya sering terjadi lag dan freeze frame jika saya bermain game ini lebih dari 2 jam",overall bagusstory mantapcombat lumayan sulit bilang mudah kuasa device kurang dukung lag freeze frame main jam,Negative,Negative
bintang 🌟🌟🌟🌟🌟 tapi agak berat hp saya sapek gak kuat gpp si aman aja asalkan gak meledak,bintang berat hp sapek tidak kuat tidak apa aman tidak ledak,Negative,Negative
WORST ever gacha game I've ever played,worst ever gacha ive ever played,Negative,Negative
"Mantab, suka overall gameplay desain char story, mungkin boleh bantu optimalisasi lagi biar ga overheat dan parah2 hp saya hehehe",mantab suka overall gameplay desain char story bantu optimalisasi biar tidak overheat parah hp hehehe,Negative,Negative
ijin masukan untuk sistem gacha terlalu susah kalo bisa player mendapatkan char sesuai banner ketika pity habis dan bukan dapat char lainnya. Hapuskan sistem gacha 50/50,ijin masuk sistem gacha susah player char sesuai banner pity habis bukan char hapus sistem gacha,Negative,Negative
gw cuma berharap game ini lebih fokus ke gameplay daripada fanservice 🥀,harap fokus gameplay fanservice,Negative,Negative
ALWAYS LOSING AND PITY,always losing and pity,Positive,Negative
tolong di optimalisasi gamenya untuk perangkat poco f6 please 🙏,tolong optimalisasi perangkat poco please,Negative,Negative
game gacha favorit gw sejauh ini hehe,gacha favorit hehe,Negative,Negative
sangat bagus tapi tolong size nya di perkecil untuk android :),bagus tolong size kecil android,Negative,Negative
"gamenya cukup bagus buat saya yang suka pertarungan yang agak gampang. karakternya juga lumayan bagus dan cocok, grafisnya sudah cukup HD walaupun pakai setting rendah atau medium. tapi menurut saya game ini cukup berat untuk hp saya yang masih midrange. semoga developer bisa mengoptimalkan lagi supaya lebih lancar untuk hp midrange seperti saya 🙏",bagus suka tarung gampang karakter lumayan bagus cocok grafis hd pakai setting rendah medium berat hp midrange moga developer optimal lancar hp midrange,Negative,Negative
"game Hoyoverse yang paling gue suka, terutama ceritanya nggak terlalu beribet kayak kakak kakaknya",hoyoverse suka cerita tidak beribet kakak kakak,Negative,Negative
ini game bagus asli seneng aku main game ini cuman untuk keluhanku sih kan mengingat game ini pake unity coba kalau bisa yang anti aliasingnya jangan terlalu tebal dong karna jadinya burem banget asli dipoles tapi jangan plus dengan kabutnya karna jadi burem kelihatannya udah itu aja keluhan ku semoga dibaca🙏,bagus asli senang cuman keluh pakai unity coba anti aliasingnya jangan tebal buram asli poles jangan plus kabut buram keluh ku moga baca,Negative,Negative
"teruntuk kepada Dev kita tercinta, tolong lah mengenai desain character nya, saya sangat-sangat tidak menerima desain yang terlalu terbuka, terutama karakter sunbringer, desain awal tertutup dan telihat gagah, pas di PV update 3.0 saya sangat terkejut desain nya yang terlalu terbuka, saya sangat tidak suka dengan hal fans service yang berlebihan. tolong lah Dev, kembalikan masa yang dimana desain karakter nya masih tertutup.",untuk dev cinta tolong desain character sangatsangat tidak terima desain buka karakter sunbringer desain tutup telihat gagah pas pv update kejut desain buka tidak suka fan service tolong dev kembali mana desain karakter tutup,Negative,Negative
"gilak ringan banget gamenya, padahal masih pakai itel RS4",gila ringan pakai itel rs,Negative,Negative
gamenya bagus gameplay doang tapi gachanya ampasnya minta ampun. gue semenjak main ini game ga pernah menang rate off pasti kalah bahkan pity pun tembus 80 terus. ga betah gue bangke tiap hari nguli pengen tuh karakter tapi gachanya susahnya minta ampun. memang tidak kikir kek saudaranya GI/HSR tapi gachanya ga manusiawi selalu tembus 80 keatas sedang gue dengan Genshin aja paling tinggi 75-80 udah pasti dapet. apalah udah gada peningkatan rate pula game kikir.,bagus gameplay doang gachanya ampas ampun semenjak tidak menang rate off kalah pity tembus tidak betah bangkai nguli pengin tuh karakter gachanya susah ampun tidak kikir saudara gihsr gachanya tidak manusiawi tembus atas genshin tinggi apa tidak tingkat rate kikir,Negative,Negative
"berat bener gachanya, dri ver 1.0 main , win 50/50 jarang, hard pity mulu",berat gachanya ver win jarang hard pity mulu,Negative,Negative
Dari sekian lamanya gua nunggu buat donwload ni game akhirnya ke donwload juga,sekian gua tunggu donwload donwload,Negative,Negative
"game sampah, design karakter season 3 sampah semua, fanservice flop design, kalau lu mau game lu turun salesnya, lanjutin aja buat design char jelek kayak cissia dan promeia, apalagi sunbringer, waktu teaser keliatan badass parah, pas trailer season 3, beeh designnya sampah banget, malah kayak caesar designnya,",sampah design karakter season sampah fanservice flop design turun salesnya lanjut design char jelek cissia promeia sunbringer waktu teaser badass parah pas trailer season beeh designnya sampah caesar designnya,Negative,Negative
POV me: G99 in 2026 and you force this device to play this game...,pov me tidak and you force this device play this,Negative,Negative
"I watched the latest video, tf new design outfit lady sun bro😭 Why does the design of the chest area have to be visible? Does it always have to be fanservice, huh? Please redesign it🥺🙏",watched the latest video tf new design outfit lady sun bro why does the design of the chest area have be visible does always have be fanservice huh please redesign,Negative,Negative
"bad female design, they ruin my sunbringer :(",bad female design they ruin my sunbringer,Negative,Negative
tolong desain baju nya di iniin biar ga ini banget woi,tolong desain baju iniin biar tidak woi,Negative,Negative
"kecewa berat sm zzz buat desain baju milady. Ujung-ujungnya pamer dada & paha, sengaja banget dibikin montok, smua female char juga sama aja, aku muak lama kelamaan dan puncaknya hari ini juga krn desain milady yg aku harapkan bakal berwibawa malah kek— damn bro you can do peak design like miyabi, arlechino, all ruined my expectations :((((",kecewa berat desain baju milady ujungujungnya pamer dada paha sengaja bikin montok female char muak puncak desain milady harap wibawa damn bro you can peak design like miyabi arlechino all ruined my expectations,Negative,Negative
saya sangat kecewa karena desain lady sunbringer di ganti jadi begitu cabul,kecewa desain lady sunbringer ganti cabul,Negative,Negative
"design karakternya sekarang monoton, gak ada diversity samsek",design karakter monoton tidak diversity samsek,Negative,Negative
tbh the design is getting boring. where's lighter rerun??,tbh the design is getting boring wheres lighter rerun,Negative,Negative
STOP REGION LOCK !!!,stop region lock,Negative,Negative
semoga update s3 makin banyak chara dan hadiahnya,moga update chara hadiah,Negative,Negative
"Jujur saya kecewa dengan trailer PV Season 3, dimana desain awal lady Sun Bringer yang tertutup dan elegan serta bisa menampilkan aura berwibawa, namun sekarang malah jadi terbuka dan mengekspos banyak bagian tubuh. Saya harap developer bisa kembali seperti sedia kala saat patch 1.x di mana desain semua karakter yang beragam namun tertutup dan elegan, dan lebih menarik perhatian. Terimakasih 🙏",jujur kecewa trailer pv season mana desain lady sun bringer tutup elegan tampil aura wibawa buka ekspos tubuh harap developer sedia patch desain karakter agam tutup elegan tarik perhati terimakasih,Negative,Negative
performa malah kacau setelah update. kemaren bisa sampai 120fps. sekarang malah ngedrop sampai 1fps atau malah ngefreeze,performa kacau update kemarin fps ngedrop fps ngefreeze,Negative,Negative
MANA UPDATE CHARA COWO NYA?????!!!!!,update chara cowok,Negative,Negative
"diantara game hoyo game ini yg enak buat dimainin ya yg penting device ny harus memadai juga si.., tapi kpn si ini game rilis male chara lagi jomplang bgt rasionya oii dah mah aku main kesini gara2 male charany🫥 dahlah pling ini targetnya utk para cowo y",hoyo dimainin device pada rilis male chara jomplang rasio oii deh mah kesini gara male charany dah target cowok,Negative,Negative
desain karakter cewenya yg sekarang nggak banget,desain karakter cewenya tidak,Negative,Negative
tolong kembalikan design sunbringer,tolong kembali design sunbringer,Negative,Negative
Developer gak demen dengerin komunitas... Kualitas turun bgt semenjak season 2,developer tidak demen dengar komunitas kualitas turun semenjak season,Negative,Negative
"memang gooner game, tapi ayolah masa sunbringer new design nya gitu?? kocak developer😹 kalau mau kasih design gooner, ke karakter yang lain lah kocakkk, masalahnya sunbringer tuh old design udah cocok badass gitu malah jadi gooner bait. Aelah kocak gasalah aku uninstall dari lama, padahal mau kembali pas subringer playable, malah gitu💩",gooner ayo sunbringer new design kocak developer kasih design gooner karakter kocak sunbringer tuh old design cocok badass gooner bait alah kocak tidak salah uninstall pas subringer playable,Negative,Negative
the design is completely freak,the design is completely freak,Positive,Negative
"Tolong ya desain charanya diperbaiki (terutama sunbringer) 😇😇 walaupun gim gooner bkn berarti kelen bisa desain seenaknya. Dipikir dada besar + tangan lidi bagus gitu? Mikir kids, pdhl org2 udh pd nungguin sunbringer but guess what? You destroyed her design into gooner bait alias terlalu dipaksa2 kan jd gooner. Pdhl ada jane, zhu yuan, yanagi, rina yg bajunya tertutup tp mreka msh menjual ""gooner"" nya dan gk smwa chara hrs dijadikan gooner yh. Btw rikwes cewe berotot pls 🙏🙏",tolong desain charanya baik sunbringer gim gooner bikin kelen desain pikir dada tangan lidi bagus mikir kids percaya tunggu sunbringer but guess what you destroyed her design into gooner bait alias paksa gooner jane zhu yuan yanagi rina baju tutup jual gooner tidak smwa chara jadi gooner btw rikwes cewek otot pls,Negative,Negative
"design character ga kreatif kecewa parah sama design lady sunbringer udah gitu character cowok dikit lagi, kalau character cewek banyak tapi design nya cakep gua terima aja lah ini astaga, dengerin kritik player woy!!!",design character tidak kreatif kecewa parah design lady sunbringer character cowok dikit character cewek design cakep gua terima astaga dengar kritik player woy,Negative,Negative
Ayolah aku udah maen dari versi 1.0 tapi low pity nya dikit kali sekali nya low pity pun harus rate off dulu,ayo versi low pity dikit low pity rate off,Negative,Negative
Why do I always not get new characters when I play this game even though I've been playing for a while and the gacha is very difficult?,why always not get new characters when play this even though ive been playing for while and the gacha is very difficult,Negative,Negative
"gw liat liat di server jepang, ini game ada cloudnya",server jepang cloudnya,Positive,Negative
"ni game cocok buat orang yang suka tantangan. Awalnya ku kira game berat dan bakal patah-patah saat dimainin, tapi ternyata ringan! yaa tapi tetep aja makan ruang penyimpanan. selanjutnya lebih berkembang lagi Dev!",cocok suka tantang ku berat patahpatah dimainin ringan makan ruang simpan kembang dev,Negative,Negative
"game tolol gw download ulang trus bgst udh nunggu berjam jam tapi tiba"" ngulang",tolol download ulang bgst tunggu jam jam ngulang,Negative,Negative
"story nya mantap absolute cinema, sama karakter nya cakep cakep semua, walaupun agak ngelag dikit tapi nggak apa apa, battle nya juga nggak susah amat, tapi sistem gachanya jangan pelit pelit lah hehe, dah itu aja makasih Zenless Zone zero",story mantap absolute cema karakter cakep cakep ngelag dikit tidak battle tidak susah sistem gachanya jangan pelit pelit hehe deh terima kasih zenless zone zero,Negative,Negative
"size game 31gb edan, sekelas game playstation, penyimpanan hpku gak muat",size gb edan kelas playstation simpan hpku tidak muat,Negative,Negative
ayolah hoyo setelah update jadi enggak bisa masuk pas di loading screen benerinlah please,ayo hoyo update pas loading screen benerinlah please,Negative,Negative
terlalu banyak fan service jir,fan service jir,Negative,Negative
sistem gacha nya bikin ketagihan tapi saya tidak top up dan saya cuman pemain f2p. somoga gama ini dapat berkembang lebih maju lagi,sistem gacha bikin tagih tidak top up cuman main fp somoga gama kembang maju,Negative,Negative
tolong dong aku kejebak di tambang nggak ada tombol enter,tolong jebak tambang tidak tombol enter,Negative,Negative
"gamenya bagus banget aku jadi betah main sampe 8 jam sampe keluar banyak, aku udah siapin 3 ember besar aja ngga cukup, aduh itu Jane doe hot banget jirrr rasanya jadi pengen jilat layar hape, aww",bagus betah jam siapin ember tidak aduh jane doe hot jir pengin jilat layar hape aww,Negative,Negative
game ini bagus banget!! tapi sayang nya hp gw gak kuat lagi buat main🙃,bagus sayang hp tidak kuat,Negative,Negative
"gaca nya terlalu ampas , tiap gaca karakter selalu piti 80an dan selalu kalah rate of di piti 80an juga . kalo sesekali seperti ini iya itu namanya gaca, tapi kalo hampir tiap saat seperti ini ,,,, artinya im pretty sure ada manipulasi di sistem gaca nya",gaca ampas gaca karakter pit an kalah rate of pit an iya nama gaca im pretty sure manipulasi sistem gaca,Negative,Negative
"untuk sekarang bisa dibilang bagus, cuma bermasalah di cerita dikit karena kalau end game rasanya lumayan hampa. tapi sejauh ini, zzz game yang bisa dienjoy sama para pemainnya, lumayan f2p juga",bilang bagus masalah cerita dikit end lumayan hampa dienjoy main lumayan fp,Negative,Negative
gak tau kenapa atau memang jaringan gua memeng jelek saat loading nya lama banget lebih lama dari pada gashin impact,tidak tau jaring gua memeng jelek loading gashin impact,Negative,Negative
ui lu tuh jelek belajar lagi ama rockstar games patah2 game lu,ui tuh jelek ajar rockstar games patah,Negative,Negative
"Game nya bagus, viusal character dan lingkungannya juga bagus bgt, tapi sayang sering banget frame drop dan force close🥲",bagus viusal character lingkung bagus sayang frame drop force close,Negative,Negative
optimalisasi patch yg sekarang bagus banget. Dari sering FC dan lag di 60fps sekarang sudah tidak ada sama sekali. nice lah terbaik 👍🏻,optimalisasi patch bagus fc lag fps tidak nice baik,Negative,Negative
waktu awal rilis game ini masih sangat ramah untuk HP kelas menengah... hanya saja sekarang jadi makin berat saat bermain pun muncul lag dan patah patah padahal setingan sudah rendah semua,waktu rilis ramah hp kelas tengah berat main muncul lag patah patah ting rendah,Negative,Negative
"gacha ku terlalu ampas udah bikin sampai 2 akun dan gada yg bagus tiap kali gacha pasti high pity, pasti rate off dan buat gacha pas udah rate on pasti high pity lagi, aku belum pernah agen limited dapetin rate off ataupun dapat low pity",gacha ku ampas bikin akun tidak bagus gacha high pity rate off gacha pas rate on high pity belum agen limited rate off low pity,Negative,Negative
"gk perlu banyak coment. dari segi combat dan char design, gk usah diraguin lagi, salah satu best game dari hoyovers, mungkin setara ama HSR (IMO)",tidak komentar segi combat char design tidak diraguin salah best hoyovers tara hsr imo,Negative,Negative
"aelah hoyo,gak pernah menang rate off gw njer harus rate on terus kalau mau gacha dah lah",alah hoyogak menang rate off njer rate on gacha deh,Negative,Negative
"ini game ga beres, waktu loading nya lama banget",tidak beres waktu loading,Negative,Negative
"woy dev, situ deven ama deadly assaultnya jangan inflasi dongggg, hedeh bikin bad mood aj",woy dev situ deven deadly assaultnya jangan inflasi hedeh bikin bad mood,Negative,Negative
Game nya bagus tapi tolong optimalkan loading screen.,bagus tolong optimal loading screen,Positive,Negative
"balikin akun gua, hoyo anj👎👎👎",balikin akun gua hoyo anjing,Negative,Negative
"anjer co, hollow zero stuck last stage froce close mulu",anjer cowok hollow zero stuck last stage froce close mulu,Negative,Negative
"35gb, 15gb story 20gb ngerender susu tapi okelah😂👍",gb gb story gb ngerender susu oke,Negative,Negative
menurut ku bagus cuma aneh hp udah spek dewa tapi kok gak hd ya Hero dan lain lain nya fps 120 kok gak jugak ram 12 sama jugak gak hd kali mau pakai semua setinggan tinggi semua garik tetap sama,ku bagus aneh hp spek dewa tidak hd hero fps tidak ram tidak hd pakai setinggan tinggi garik,Negative,Negative
"Tambahkan fitur auto battle, auto search menuju ketempat mana, biar farming juga g a cape. kalo pas sleep hp, game pause jangan mati",tambah fitur auto battle auto search tempat biar farming tidak capek pas sleep hp pause jangan mati,Negative,Negative
udah full download setiap mau login harus download datanya kebanyakan download bngt,full download login download data banyak download,Negative,Negative
"60 fps tapi pas fight kok nurun sih? device udah gahar poco f7 chipset juga kelas atas , naga seri 8",fps pas fight nurun device gahar poco chipset kelas naga seri,Negative,Negative
"males sekarang login FB di hoyo, harus verifikasi akun udah tau login di FB email-nya udh tertaut di FB masih ajah ribet alhasil akun genshin sama zzz jadi mati karena belum tertaut email google,udh di email juga percuma ga di bales 👎🏻",malas login fb hoyo verifikasi akun tau login fb email taut fb ribet alhasil akun genshin mati belum taut email googleudh email tidak balas,Negative,Negative
"OPTIMALISASINYA MANTAP, GOOD JOB, UDAH GAK LAG KAYA PATCH SEBELUMNYA",optimalisasi mantap good job tidak lag patch,Negative,Negative
baru nyoba.,coba,Negative,Negative
"Baru beli hp baru trus download game ini dan setting rata kanan, Damnn hoyo sedang memasak 🔥🔥🔥",beli hp download setting rata kanan damnn hoyo masak,Negative,Negative
"kenapa sekarang zzz gampang frame drop,padahal dulu aku main gak sampai gini.untuk developer tolong di optimalkan lagi!!",gampang frame droppadahal tidak giniuntuk developer tolong optimal,Negative,Negative
"aku sangat menyukai gamenya, setelah update, aku harap akan ada update lagi dan menjadi lebih seru",suka update harap update seru,Negative,Negative
"optimasi terpepek,masa setiap patch hapus vulkan Mulu gw mulai patch 1.2,kek developer nggak mau ngurusin optimasinya 💀",optimasi terpepekmasa patch hapus vulkan mulu patch developer tidak urus optimasinya,Negative,Negative
Semoga Game nya Ga Serakah Dan Banyak Bansos Agar banner Agen Limited Sempat Di Dapatkan :l,moga tidak serakah bansos banner agen limited dapat,Negative,Negative
"""ponsel anda tidak kompatibel"" padahal game sebelahnya kuat tuh, render ap sih? :(",ponsel tidak kompatibel belah kuat tuh render,Negative,Negative
game gak jelas masa lagi misi tiba tiba pindah ke bawah mab,tidak misi pindah mab,Negative,Negative
"game wasu, malah dikasih rate off terus wasu",wasu kasih rate off wasu,Negative,Negative
"gem pa ni, dwonload file lma, krain pas udh slesai, tau sruh download file lgi da smpai 5 lbih file yg d dowload. pas udh msuk gime, bnyak crita ini d sruh itu smpai pusing. game gk guna N gk asik",gem dwonload file krain pas slesai tau sruh download file file dowload pas gime crita sruh pusing tidak tidak asik,Negative,Negative
"langsung download 32 gb bjir😹, mana storage hp gw ga muat lagi. oke dah, gw terpaksa lanjut main lewat cloud. untuk gamenya, sangat bagus. apalagi VA Englishnya yang benar2 menjiwai",download gb bjir storage hp tidak muat oke deh paksa cloud bagus va englishnya jiwa,Negative,Negative
"zenles zone zero bagus gameplay karakter dan yang lain tapi dari segi gacha sama reward event, bansos game kurang gacha re off mulu tapi gakpapa aku tetep cinta game ini",zenles zone zero bagus gameplay karakter segi gacha reward event bansos kurang gacha re off mulu tidak apa cinta,Negative,Negative
"jujur untuk gameplay, story, mekanik, semuanya sangat seru, apalagi sekarang ceritanya balik ke setelan awal, dan untuk sekarang belum terasa powercreep nya, tapi kalo boleh saran, ini tentang tombol EX spesial dan ultimate, kedua tombol itu bakal bagus kalo di berikan icon khusus tiap karakternya, seperti icon skill dan ultimate di genshin impact, biar tampilan tombolnya ga monoton, tapi untuk tombol dash, basic attack, sama tombol switch itu ga perlu di ganti, oke sekian itu aja sih",jujur gameplay story mekanik seru cerita setel belum powercreep saran tombol ex spesial ultimate tombol bagus icon karakter icon skill ultimate genshin impact biar tampil tombol tidak monoton tombol dash basic attack tombol switch tidak ganti oke sekian,Negative,Negative
"di versi 2.7 saat main di HP poco f7, lag nya makin parah biarpun pakek setingan kiri semua, klo bisa segera diperbaiki",versi hp poco lag parah biarpun pakai ting kiri baik,Negative,Negative
"Tolong diperbaiki, untuk sekarang saya tidak bisa bermain dengan lancar. FPS maksimal kena di 27 padahal kemaren sebelum update kena di 60",tolong baik tidak main lancar fps maksimal kemarin update,Negative,Negative
"walaupun masih frame drop parah tapi untuk freez atau keluar sendiri sudah tidak, thanks untuk optimalisasi nya,",frame drop parah freez tidak thanks optimalisasi,Negative,Negative
"Game yang sangat sempurna, yang kasih bintang 1 harap upgrade smart phone kalian, sadar diri",sempurna kasih bintang harap upgrade smart phone sadar,Negative,Negative
"Bansos elit menang rate off sulit, game pembodohan",bansos elit menang rate off sulit bodoh,Negative,Negative
game sampah hard pity terus,sampah hard pity,Negative,Negative
akun gw kemana ini kenapa ngulang lagi dari awal aneh banget nih game,akun mana ngulang aneh,Negative,Negative
"capek bgt main ini game , pity udh hard mulu kalah pula . game bagus tp sistem gachanya kek monyet terimakasih sudah menemani selama hampir 2 tahun ini",capek pity hard mulu kalah bagus sistem gachanya monyet terimakasih tani tahun,Negative,Negative
lupa rating bejire,lupa rating bejire,Negative,Negative
ini game nya udah bagus cuman di optimalin lagi biar gak ngeleg pas lawan boss atau drop fps biasanya efek nya yang suka bikin drop jadi kalo bisa kurangi (Edit:udah bagus ini game nya udah stabil lumayan jadi gak terlalu parah drop nya sekarang semoga game nya makin maju... mungkin permasalahan nya masih di size game nya pasti kedepan nya ini game bakalan berat size nya itu permasalahan buat di mobile aja tapi player pc pasti aman saja👍).,bagus cuman optimalin biar tidak ngeleg pas lawan bos drop fps efek suka bikin drop kurang editudah bagus stabil lumayan tidak parah drop moga maju masalah size depan berat size masalah mobile player pc aman,Negative,Negative
"hoyo sekarang minim inovasi setiap update gitu² aja maksudnya update yang bener lah masa cuman nambahin event 1/2 doang sedangkan benner gacha 4 gak seimbang coy sedangkan konten HDD gak pernah update, open world gak pernah update, quest agen rahasia gak pernah update, gameplay TV bamboo gak pernah update jadi setiap update,update yg benerlah gameplaynya jangan gitu² aja sebagai endgame ya gamenya cuman jadi dailyquest saran aku jadi tolong update yang benar biar gameplay awal terasa pernah ada",hoyo minim inovasi update maksud update cuman nambahin event doang benner gacha tidak imbang coy konten hdd tidak update open world tidak update quest agen rahasia tidak update gameplay tv bamboo tidak update updateupdate benerlah gameplaynya jangan endgame cuman dailyquest saran tolong update biar gameplay,Negative,Negative
gamenya bagus cuman untuk karakter perempuannya terlalu terbuka dan memancing hasrrat laki laki tolong di buat untuk lebih tertutup dan tidak vulgar yang biasa biasa aja gitu,bagus cuman karakter perempuan buka pancing hasrrat laki laki tolong tutup tidak vulgar,Negative,Negative
jelek,jelek,Negative,Negative
"akhirnya setelah sekian lama,dari awal rilis baru sekarang layak di maenin di ROG7. kenapa gw bilang gitu soalnya buat ngeliatin dialog di cerita nya Zhu Yuan & Qing yi aja bisa force close bjir,dari awal rilis maen masih stuck disitu doank,maen cuman buat daily aja, saking buruknya optimasi nih gim",sekian lamadari rilis layak maenin rog bilang lihat dialog cerita zhu yuan qing yi force close bjirdari rilis stuck situ doankmaen cuman daily saking buruk optimasi gim,Negative,Negative
"sebagai player 1.0, sekarang game nya udh bagus bngt, tapi vibes zzz sekarang itu udh ngk kyk dulu, waktu awal rilis zenless itu, kyk pertama kali masuk zenless itu serasa seger bngt main game ini, sekarang yaaa semakin kedepan semakin dark Lore nya, beda Ama dulu itu kesan story nya kyk lebih ke arah action dan standar Lore. tapi kalo sekarang, lore zenless justru lebih memilih Lore yang lebih agak gelap, karena gegara hollow yang bikin bnyk orng bermutasi dan para NPC yang jadi boss fight.",player bagus vibes tidak waktu rilis zenless zenless serasa segar depan dark lore beda kesan story arah action standar lore lore zenless pilih lore gelap gegara hollow bikin mutasi npc bos fight,Negative,Negative
"makin lama makin boring, powercreep nya udah setara hsr. kalau mau full star konten end game harus pull char baru. sekelas void hunter yang baru rilis aja udah ga kuat lawan boss baru versi ini. ga paham lagi harus gimana nyelesain konten end game nya yang jadi ladang poly f2p",boring powercreep tara hsr full star konten end pull char kelas void hunter rilis tidak kuat lawan bos versi tidak paham selesai konten end ladang poly fp,Negative,Negative
game jual nsfw doang kalau ga ada nsfw gamenya udah mati,jual nsfw doang tidak nsfw mati,Negative,Negative
Gacha Saya Ampas Tolong Perbaiki,gacha ampas tolong baik,Negative,Negative
di rog 7 masih sering force close di chipset snapdragon 8 gen 2,rog force close chipset snapdragon gen,Negative,Negative
"lumayan bagus gamenya gerakan animasi juga ditel banget alur cerita nya juga ok cuma aku masih bingung sama letak gacha dan uang buat beli w engine nya, karakter nya juga dapetin dari gacha nya gimana aku agak bingung soalnya beda banget sama game hoyo lainnya dan letak misi dan lain-lain nya itu lumayan membingungkan apa lagi buat pemulangan seperti saya jadi tolong banget buat di simpelim Diki buat para pemula seperti saya hoy pless banget",lumayan bagus gera animasi tel alur cerita ok bingung letak gacha uang beli engine karakter gacha bingung beda hoyo letak misi lainlain lumayan bingung pulang tolong simpelim dik mula hoy pless,Negative,Negative
BERITAHU HOYO PERBAIKI SISTEM GACHANYA ANJ,beritahu hoyo baik sistem gachanya anjing,Negative,Negative
"min tolong adain karakter seperti Shenhe genshin impact dong, pokoknya miripin nanti kalau ada di tambahin lagi bintangnya 😅",min tolong ada karakter shenhe genshin impact pokok miripin tambah bintang,Negative,Negative
"tolong dev. setelah update kok fps jadi drop. biasa main di grafik medium fps rata"" 56-60. setelah update jadi 20-25. device saya dimensity 8350 ultimate.",tolong dev update fps drop grafik medium fps rata update device dimensity ultimate,Negative,Negative
dari game nya udh bagus cuma ada yg aku tidak suka 1.kebanyakan loading stiap mau keluar buka pintu seharusnya jngan ada loading nya bikin lama 2. map daerah nya klo bisa jgan di kasih batas dong biar bisa exspor tmpat2 nya klo di kasih batas kurang menarik 3.klo bisa stiap rumah bisa di masukin biar kita bisa lihat di dalem nya ama klo bisa stiap naik mobil klo bisa jangan loading klo bisa kita nyetir sendiri biar enak ada tatangan bisa mejelajai map. tolong dong,bagus tidak suka banyak loading buka pintu jangan loading bikin map daerah jangan kasih batas biar exspor tmpat kasih batas kurang tarik rumah pasuk biar dalem mobil jangan loading nyetir biar tatang mejelajai map tolong,Negative,Negative
"nice, stelah update makin lancar😋",nice update lancar,Negative,Negative
jadi ke inget main persona 5 royal tampilan dan animasinya🥰🥰,persona royal tampil animasi,Negative,Negative
"Optimalisasi mobile : Ampas Story S2 : Hantjoer berantakan Udah gitu malah pake strategi yang sama dengan HSR pula (konten endgame inflasi HP, jualan karakter kayak sales lagi kejar target).",optimalisasi mobile ampas story hantjoer beranta pakai strategi hsr konten endgame inflasi hp jual karakter sales kejar target,Negative,Negative
"bug udah fix hehe, gamenya seru cuman berat aja",bug fix hehe seru cuman berat,Negative,Negative
"ahir nya loading nya udah di fix, terimakasih hoyo sudah mendengar suara kami",ahir loading fix terimakasih hoyo dengar suara,Positive,Negative
"bohong gacha nya 50/50 gue aja jarang banget menang rate off, sistem gacha nya ampas",bohong gacha jarang menang rate off sistem gacha ampas,Negative,Negative
"sudah bagus... tapi mungkin untuk prosessor Exynos terutama Exynos 1480 yg pakai AMD RDNA 2 bisa dioptimalkan lagi, karena terkadang suka ngecrash... tapi ga terlalu parah kok👍🙏 tambahan: mungkin untuk game nya dikurangi ram usagenya karena sejak update one ui 7, game nya suka ngebug karena ram usage game nya besar yang dimana ini membuat samsung nya selalu clean memory dan itu membuat game nya sering ngebug atau ga force close 🙏 edit: tolong diperbaiki ram leaknya, makin parah soalnya",bagus prosessor exynos exynos pakai amd rdna optimal terkadang suka ngecrash tidak parah tambah rang ram usagenya update one ui suka ngebug ram usage mana samsung clean memory ngebug tidak force close edit tolong baik ram leak parah,Negative,Negative
Dari awal opening setia banget mainin game ini👍🏻,opening setia mainin,Negative,Negative
ini setelah update jadi lag parah. Tolong diperbaiki,update lag parah tolong baik,Negative,Negative
"tolong detail di lumine square turunin atau gak jumlah render orang nya bisa diatur,framedrop disitu doang gw grafik high map lain lancar.",tolong detail lumine square turunin tidak render diaturframedrop situ doang grafik high map lancar,Negative,Negative
gokill,gila,Negative,Negative
"sebenarnya saya gk apa untuk segi gameplay dan storynya sekaligus reward. yg saya permasalahan kan itu 1, yaitu coba sedikit kurangin karakter wanita yg sangat terbuka apalagi sampai ada yang setengah telanjang menurut saya itu udah masuk ranah ke sexualitas dan jangan lupa untuk karakter anak kecil terutama perempuan, memang mereka lucu but for skirt jangan terlalu pendek banget dan juga kalau misalnya pakek rok pendek minimal mereka pakai celana pendek. itu saja saran dan sedikit kritikan.",tidak segi gameplay storynya reward masalah coba kurang karakter wanita buka telanjang ranah sexualitas jangan lupa karakter anak perempuan lucu but for skirt jangan pendek pakai rok pendek minimal pakai celana pendek saran kritik,Negative,Negative
"Overall game nya bagus bgt, dari segi story,battlenya,karakter, dan map nya. minus agak lag di beberapa map cuma masih bisa dimaklumi",overall bagus segi storybattlenyakarakter map minus lag map maklum,Negative,Negative
"Dulu ini game bagus banget,bintang 5 lah pokoknya karna banyak reward ,animasi bagus,battle keren parah tapi semenjak konten endgame kayak shiyu defense diganti jadi 3 tim berasa gak serunya.kayak apa apa mau diuangin,player yg pengen nyelesein end game harus banget dipaksa punya 3 tim. bagusan yg dulu awal2 rilis",bagus bangetbintang pokok reward animasi bagusbattle keren parah semenjak konten endgame shiyu defense ganti tim asa tidak serunyakayak diuanginplayer pengin nyelesein end paksa tim bagus rilis,Negative,Negative
"saya sangat suka game nya cuma untuk event menurut saya kurang ya hadiah² nya ,, trus untuk drop rate gacha hero kalau bisa agak dipermudah dikit lah biar gk terlalu boros uang buat gacha 😁",suka event kurang hadiah drop rate gacha hero mudah dikit biar tidak boros uang gacha,Negative,Negative
"please optimalkan game nya, padahal dlu lancar bgt gw main sekarang ntah kenapa jadi patah patah",please optimal lancar patah patah,Negative,Negative
"please.. untuk developer tolong lahh optimalisasi nya di perbaiki, masak buat jala aja sering patah"" badahal sebelumnya enak enak aja 😩",please developer tolong optimalisasi baik masak jala patah badahal,Negative,Negative
di tunggu zzz cloudnya,tunggu cloudnya,Negative,Negative
Pengalaman bermain buruk. Optimalisasi mobile kurang memuaskan.,alam main buruk optimalisasi mobile kurang muas,Negative,Negative
"pliss jangan lock grafik di device dengan chipset d7300, untuk efek lainnya gapapa lah kalo di lock tapi untuk resolusi kualitas gambarnya jangan di lock karena terlalu buram dan tidak enak dilihat , waktu awal rilis pake snap 782g gambarnya jernih ga dilock grafik jadi bisa nikmatin kualitas gambar game. sekarang di 782g juga sama tetep dilock grafik, saya gaminta banyak cuma jangan lock grafik Resolusi gambar karena sangat buram",pliss jangan lock grafik device chipset efek gapapa lock resolusi kualitas gambar jangan lock buram tidak waktu rilis pakai snap tidak gambar jernih tidak dilock grafik nikmat kualitas gambar tidak dilock grafik gaminta jangan lock grafik resolusi gambar buram,Negative,Negative
serius 8s gen4 gak kuat?,serius gen tidak kuat,Negative,Negative
lag,lag,Negative,Negative
hoyo zzz readering too heavy everyday always lag in first gameplay. i hope hoyo can fix this issue,hoyo readering too heavy everyday always lag first gameplay hope hoyo can fix this issue,Negative,Negative
"Balikin mode hollow zero yang lama,sekarang jadi ribet banget mana ada yg 3 lantai udah gitu musuhnya tebel banget.Udah gitu modenya pada aneh2 ada yg dari start sekrat duluan,ada yg gak bisa liat map kek ngapain sih bikin hal hal seribet itu buat dapetin reward yg sama dengan sebelum update yg dimana dapetinnya jauhhhh lebih gampang.game udah seru pakek kebanyakan rombak segala yg nyusahin playernya dongo dongo",balikin mode hollow zero lamasekarang ribet lantai musuh tebal bangetudah mode aneh start sekrat duluanada tidak map bikin seribet reward update mana dapetinnya gampanggame seru pakai banyak rombak susah playernya dongo dongo,Negative,Negative
rekomendasi dari game medium giliran maen patah2 apalagi pas di kota parah frame nya tolong optimasi lagi hoyo,rekomendasi medium gilir patah pas kota parah frame tolong optimasi hoyo,Negative,Negative
"Aku baru aja Beli HP Xiaomi Redmi 15c di tahun 2025, HP tersebut baru Rilis dan langsung Aku beli karena kebetulan aku pingin ganti HP untuk main Game. main Genshin Impact lancar Rata Kanan 😁👍 tapi main Zenless Zone Zero Nge lag Parah, padahal pakai Rata Kiri 😭. please Developer, For all smartphones with 8GB & 256GB specifications can play Zenless Zone Zero Without Lagging 😭😭😭 sumpah Baru beli nih lho HP, baru rilis nih HP, Aku coba main Genshin Kuat tapi main ZZZ gak kuat 😭😭😭",beli hp xiaomi redmi tahun hp rilis beli pengin ganti hp genshin impact lancar rata kanan zenless zone zero nge lag parah pakai rata kiri please developer for all smartphones with gb gb specifications can play zenless zone zero without lagging sumpah beli lho hp rilis hp coba genshin kuat tidak kuat,Negative,Negative
Terlalu banyak percakapan daripada battle ( meskipun sudah pake skip percakapan ),cakap battle pakai skip cakap,Negative,Negative
sering force close di HP poco f6 8/256,force close hp poco,Negative,Negative
"Itu segi story menang, cuma agak kecewa dengan sistem gacha yang Fifty-Fifty:) terlalu berat bagiku free to play:) Semoga update selanjutnya sistem gacha banner selanjutnya dipermudah saya sangat support akan hal itu untuk keberlanjutan game yang 'dijuluki triple z'",segi story menang kecewa sistem gacha fiftyfifty berat bagi free play moga update sistem gacha banner mudah support lanjut juluk triple,Negative,Negative
This update is very annoying; the optimization has decreased significantly. I'm using Snapdragon 7gen3 and only getting 20-30fps (the game is also very choppy). This happens even on the lowest settings.,this update is very annoying the optimization has decreased significantly im using snapdragon gen and only getting fps the is also very choppy this happens even on the lowest settings,Negative,Negative
"akun ku ilang, bete gw jink",akun ku hilang bete jink,Negative,Negative
gamenya terlalu porno min,porno min,Negative,Negative
"ini game nya bgs cuma loading nya tuh lama banget ,saya kasih bintang 3 kalo loading nya cepet baru saya kasih bintang full",bagus loading tuh kasih bintang loading cepat kasih bintang full,Negative,Negative
kalau jamu nyari game yg punya combat visual keren bgt ini untk kamu bgt deh. tapi kalau kamu anak alim aku kurang rekomend krn character design nya freaky cho. selain itu tidak ada yg kurang sih. minus 1 bintang karena endgamenya susah 💔,jamu cari combat visual keren deh anak alim kurang rekomend character design freaky cho tidak kurang minus bintang endgamenya susah,Negative,Negative
Update Baru Kok malah Dropframe padahal udh lock di 60fps tapi masih aja Dropframe tolong perbaiki Dev,update dropframe lock fps dropframe tolong baik dev,Negative,Negative
"hoyo kocak gak bisa ganti device yang baru, udah coba email ke hoyo tapi lama respon",hoyo kocak tidak ganti device coba email hoyo respon,Negative,Negative
game baik dermawan ga kaya game sebelah tuh yang open world,dermawan tidak belah tuh open world,Negative,Negative
terlalu sering force close,force close,Negative,Negative
ukuran game Android yg ga ngotak,ukur android tidak ngotak,Negative,Negative
"game tidak optimal masih ada patah² ketika memasuki pertarungan, apalagi eksplorasi di leminan hollow sangat tidak optimal",tidak optimal patah pasuk tarung eksplorasi lin hollow tidak optimal,Negative,Negative
Please fix it! ah damn cannot play this game always forced close after update,please fix ah damn can not play this always forced close after update,Negative,Negative
"I wish this game had a cloud app like Genshin Impact Cloud, because I think this game is great but it has some flaws. 1. Sometimes I can't log in because of 'server connection timeout' errors, even though I'm using Wi-Fi and the connection is fairly stable—and worst of all, the game loads constantly because of poor in-game network optimization. 2. The game lags and the FPS drops severely. I really hope there will be a cloud version of Zenless Zone Zero just to make the experience smoother.",wish this had cloud app like genshin impact cloud because think this is great but has some flaws sometimes cant log because of server connection timeout errors even though im using wifi and the connection is fairly stableand worst of all the loads constantly because of poor ingame network optimization the lags and the fps drops severely really hope there will be cloud version of zenless zone zero just pakai the experience smoother,Negative,Negative
"pity sampah anying, kikir bet g prnh ngasih menang rate",pity sampah anying kikir tidak asih menang rate,Negative,Negative
"cutscene jelek banget parah, resolusinya naikin lah kocak bgt udh rata kanan gameplay smooth tpi begitu ada cutscene behhh ajg burik banget berasa 360p ,otak pake lah hoyo",cutscene jelek parah resolusi naikin kocak rata kanan gameplay smooth cutscene beh ajg burik asa otak pakai hoyo,Negative,Negative
"Jangan di kasih iklan dalam game. tdi saya tekan bacaan ""lainnya"" dan akhirnya mental ke X dan saat kembali malah login ulang dan itu sangat menganggu",jangan kasih iklan tekan baca mental login ulang menganggu,Negative,Negative
"‎Makin Ke sini bukanya makin Bagus Ini game, Malah makin Susah Di mainkan nya, Dari segi bos nya aja udah ngaco pola serangan nya susah di tebak, Makin malas main kalo nanti Update masih gak berubah kemungkinan besar dah malas main game nya SUDAH CAPE KASIH SARAN BERAPA KALI TAPI GAK BERUBAHDari Pertama rilis baru sekarang sekarang kecewa berat Saya hanya punya Skill Rendah dalam main game ini jadi tolong permudah gamenya Agar yang punya kemampuan rendah dalam game ini bisa teratasi.",buka bagus susah main segi bos aco pola serang susah tebak malas update tidak ubah deh malas capek kasih saran tidak berubahdari rilis kecewa berat skill rendah tolong mudah mampu rendah atas,Negative,Negative
"developer tolong tambah fitur batal dan lanjut saat spin, karena saya cape ngumpulin token tu malah salah spin, tolong tambah kan fitur batal dan lanjut agar kejadian salah spin tidak terulang, TOLONG!!!",developer tolong fitur batal spin capek ngumpulin token salah spin tolong fitur batal jadi salah spin tidak ulang tolong,Negative,Negative
gacha dengan rate paling jelek di game hoyotod,gacha rate jelek hoyotod,Negative,Negative
waw optimalisasi yang busuk,wow optimalisasi busuk,Negative,Negative
"yang bilang jelek device isue, tapi emang mapnya agak ngebosenin",bilang jelek device isue map ngebosenin,Negative,Negative
"gamenya bagus dan cerita yang menarik, tapi ada bug di saat menjalankan misi utama pada season 2 chapter 3, yang di mana gak bisa lanjut ke stage selanjutnya malah terjebak di misi pertemuan tim blitz padahal sudah pertemuan dan udah dapat scene-nya, tapi si misinya malah ketemuan lagi sama tim blitz, pas aku tonton di YouTube, langsung lanjut ke pembicaraan antagonis. Tolong perbaiki bug mission ini, aku gak bisa lanjut story karena ini, dan minta maaf bila ucapan saya tak mengenakan.",bagus cerita tarik bug jalan misi utama season chapter tidak stage jebak misi temu tim blitz temu scenenya misi ketemu tim blitz pas tonton youtube bicara antagonis tolong baik bug mission tidak story maaf ucap tak kena,Negative,Negative
gak tau mau bilang apa tapi bagus banget pokoknya,tidak tau bilang bagus pokok,Negative,Negative
"gamenya sering force close saat loading, terutama pas 75%. mohon diperbaiki",force close loading pas baik,Negative,Negative
"Hoyoooooooooooooo........... plis buatlah char model putri duyung 😭 ayolah hoyoo sya memohon kepadamu dengan tuluss aku nak punya my bini juga di nih game, masa sih kalian juga nggk tertarik dengan duyung? aplgi klo model ekornya juga cntik beuhhhh pliss buat char duyung hoyoo 🥲 aku nak aku nak aku nak 😭😭😭😭",hoyo plis buat char model putri duyung ayo hoyoo mohon kepada tuluss nak my bini tidak tarik duyung model ekor cantik beuh pliss char duyung hoyoo nak nak nak,Negative,Negative
aku butuh lebih banyak batre,butuh batre,Negative,Negative
gua kasih bintang 1 soalnya event yang sekarang bikin stres,gua kasih bintang event bikin stres,Negative,Negative
pas battle lancar tidak ada lag kenapa cuman keliling map force close tolong diperbaiki update selanjutnya,pas battle lancar tidak lag cuman keliling map force close tolong baik update,Negative,Negative
"Setelah versi 2.3 keatas, game ini mesti force close saat loading saat 75% atau 100% lalu saat memainkan map lemnian hollow kadang kadang terjadi force close. Seharusnya Hoyoverse sangat bisa mengoptimisasi grafik digame ini. Beberapa Hal yang perlu dioptimisasi 1. Iklan pada loading screen (kebanyakan animasi), 2. Environment lemnian hollow, 3. Grafik dan efek skill yang masih berat (hampir tidak ada perbedaan) pada grafik low.",versi atas mesti force close loading main map lemnian hollow kadang kadang force close hoyoverse mengoptimisasi grafik digame dioptimisasi iklan loading screen banyak animasi environment lemnian hollow grafik efek skill berat tidak beda grafik low,Negative,Negative
"sebenernya game nya bagus banget dan storynya juga, tapi yang bikin kecewa adalah banyak sekali bug yang saya dapat ketika pertama download game ini. saya sudah menemukan 3 bug yang ada di game ini.",bagus storynya bikin kecewa bug download temu bug,Negative,Negative
"Pengalaman game yang menarik kecuali tantangan bangboo di arena Marcel Group, dari pada konsol dan PC, di HP lebih effort untuk memainkannya. Apakah Developer hanya melakukan uji main di Konsol dan PC untuk Arena Bangboo Marcel Group?",alam tarik kecuali tantang bangboo arena marcel group konsol pc hp effort main developer uji konsol pc arena bangboo marcel group,Negative,Negative
Menurut saya Gamenya bagus action saya suka Tapi HP saya Mid range ini Yang bisa main Game genshin Dll itu Suka Crash di pertengahan game dan force close Dan juga pengoptimalan nya masih sangat buruk menurut saya Karna Grafik paling rendah saja Masih Kayak Medium dan gak ada bedanya Makanya suka Patah patah Sampai Fps Saya ngedrop jadi tolong tambahkan Kayak atur grafis sesuai kemampuan perangkat supaya HP bisa Lancar saat bermain Itu Saja Terima kasih Tolong di Notice,bagus action suka hp mid range genshin dll suka crash tengah force close optimal buruk grafik rendah medium tidak beda suka patah patah fps ngedrop tolong tambah atur grafis sesuai mampu perangkat hp lancar main terima kasih tolong notice,Negative,Negative
"Sudah cukup Dengan 5 update versi, makin kesini makin ga diperhatikan ketika mode pertempuran. udah kasih masukkan di dalam game puluhan kali kaga ada balasan yang dapat diterima. Mending Uninstall main ke game kaka lu(hsr) , sempet nyesel si milih main game ini dengan merelakan Wuthering waves ( Main 1 game daily aja Suka ga keurus) . Meninggalkan kesan negatif dari player yang suka main game Hoyoverse",update versi kesini tidak perhati mode tempur kasih masuk puluh kagak balas terima mending uninstall kakak luhsr sesal pilih rela wuthering waves daily suka tidak urus tinggal kesan negatif player suka hoyoverse,Negative,Negative
Harus Download 29 GB🗿 anjirlah kuota gue mana cukup🗿,download gb anjir kuota,Negative,Negative
GGGG GAME BAIK (TETAP LAH BAIK),tidak,Negative,Negative
"game bagus, obat setres serta obat pata hati Disaat aku melihat dia sama yang lain. btw tolong tambahin mode pvp antar player donh",bagus obat tres obat pata hati saat btw tolong tambah mode pvp player donh,Negative,Negative
Device Poco X6Pro Dimensity 8300 ultra. Force Close please Diperbaiki,device poco xpro dimensity ultra force close please baik,Negative,Negative
Masih kurang optimal untum device yang pake exynos,kurang optimal untum device pakai exynos,Negative,Negative
game nya bagus.tapi mohon bug keluar dari game dengan sendirinya.sama ngelag parah di atasi dengan cepat,bagustapi bug sendirinyasama ngelag parah atas cepat,Negative,Negative
jujur yang paling bagus di ini game itu gameplay doang jeleknya dari cerita yang terlalu mudah untuk ditebak dan latar tempat yang biasa saja. point penting yang saya tidak suka adalah MC utama yang kakak beradik dengan pekerjaan proxy tapi banyak bener karakter yang lengket ke MC yang menurut ku itu tidak logis tidak seperti genshin dan Hsr yang MC memang berpetualang untuk membangun koneksi,jujur bagus gameplay doang jelek cerita mudah tebak latar point tidak suka mc utama kakak adik kerja proxy karakter lengket mc ku tidak logis tidak genshin hsr mc tualang bangun koneksi,Negative,Negative
tolong di optimalkan lagi karena gw pas loading kadang suka force close dan gw harap masalah ini segera di hilangkan. tapi overall Bagus gamenya keren ceritanya menarik karakter yang banyak dan bervariasi. pas karakter ngomong juga kerasa hidup jadi gw suka.gerakan karakter pas battle juga bagus banget ga cuma ngehindar serangan musuh tapi bisa tangkis juga.grafik bagus banget.event gamenya menarik dan ga pelit. karakter pas di pake battle juga bagus semua bahkan karakter tier A nya bagus.,tolong optimal pas loading kadang suka force close harap hilang overall bagus keren cerita tarik karakter variasi pas karakter omong rasa hidup sukagerakan karakter pas battle bagus tidak ngehindar serang musuh tangkis jugagrafik bagus bangetevent tarik tidak pelit karakter pas pakai battle bagus karakter tier bagus,Negative,Negative
"Karakter nya lucu lucu, lore nya jelas, gak kikir, gw saranin kalian download dah 🤗",karakter lucu lucu lore tidak kikir saran download deh,Negative,Negative
waktu main event yang tentang ketepatan biasa gerak targetnya kecepatan,waktu event tepat gerak target cepat,Negative,Negative
"please Hoyoverse , kasih gua yixuan. padahal udah gacha 10 kali.malah kasih Grace Mulu dah. padahal udah berharap gua. :(",please hoyoverse kasih gua yixuan gacha kalimalah kasih grace mulu deh harap gua,Negative,Negative
"untuk developer, saya pakai soc exynos 2100 ram 8gb pas awal login selalu auto close pas saya lihat ram kemakan 98%, tapi hanya belaku di grafik low dan high jadi saya harus di setingan medium yang menjadikan device saya menjadi panas, setelah saya coba di device lain yang menggunakan soc snapdragon 865 ram 8gb probem yang saya alami tidak terjadi, tolong optimasinya pada soc exynos terutama di memori",developer pakai soc exynos ram gb pas login auto close pas ram makan bela grafik low high ting medium jadi device panas coba device soc snapdragon ram gb probem alami tidak tolong optimasinya soc exynos memori,Negative,Negative
"game bagus tapi sering close sendiri pas loading awal , edan bener² berkali kali dan itu bikin jengkel entah kenapa pas konfigurasi data itu ngeleg bukan main tapi pas in game lancaŕ² aja , jika ini di benerin ya saya bakal naikin ratingnya",bagus close pas loading edan kali bikin jengkel pas konfigurasi data ngeleg bukan pas lanca benerin naikin ratingnya,Negative,Negative
Grafik nya ga bagus kalo main di hp samsung a33 5G terus ga bisa ketemu player lain malah ketemu npc bot doang,grafik tidak bagus hp samsung tidak tidak ketemu player ketemu npc bot doang,Negative,Negative
paling males kalo main game ada isu TAA (Temporal Anti-Aliasing) yang terlihat kasar/bergerigi 😮‍💨 tolong di fix,malas isu taa temporal antialiasing kasarbergerigi tolong fix,Negative,Negative
"Tolong tambahkan fitur simpan polychrome untuk keanggotaan inter-knot, terakhir saya login tanggal 1 januari saya masih memiliki 30 hari keanggotaan inter-knot tetapi saat saya login kembali(sekarang) keanggotaan sudah habis dan tidak diberi sisa polychrome tersebut.",tolong tambah fitur simpan polychrome anggota interknot login tanggal januari milik anggota interknot login kembalisekarang anggota habis tidak sisa polychrome,Negative,Negative
"untuk update yg terbaru mengalami stack di 50mb, sedangkan penyimpanan tersedia lebih dari itu. tolong pencerahan nya",update baru alami stack mbak simpan sedia tolong cerah,Negative,Negative
"saya sudah tidak bisa main lancar karena ketidak becusan developer untuk player mobile setiap update selalu aja bermasalah stutter fps drop karena FILE VULKAN yang tidak bisa diperbaiki ,saya sudah 2 kali instal ulang tetapi masih lag device saya menggunakan Snapdragon 8s gen3 walaupun series S tetapi chipset ini masih sangat powerful tetap saja game saya ngelag fps ngga mau diatas 40 fps set low sudah 10 X chat costumer service selalu dijawab AI AUTO REPLY yang memberikan saran yang sama 10X",tidak lancar tidak becus developer player mobile update masalah stutter fps drop file vulkan tidak baik instal ulang lag device snapdragon gen series chipset powerful ngelag fps tidak atas fps set low chat costumer service ai auto reply saran,Negative,Negative
pity ngk ngotak gameplay bosenin,pity tidak ngotak gameplay bosan,Negative,Negative
"tolonglah masa di hp Infinix hot 40 pro dgn chipset (dimensity 7020) lebih tinggi dibanding realme 9 (Snapdragon 685). Kagak bs jalan biasa dgn mulus jalan biasa loh, di realme jalan biasa lancar banget pas udh battle sama pas ultimate nya nyala lancar walaupun patah dikit. Ayolah logis dikit, chipset lebih tinggi masa malah jauh banget performanya.",tolong hp infinix hot pro chipset dimensity tinggi banding realme snapdragon kagak jalan mulus jalan loh realme jalan lancar pas battle pas ultimate nyala lancar patah dikit ayo logis dikit chipset tinggi performa,Negative,Negative
gacha nya busuk busuk wok,gacha busuk busuk wok,Negative,Negative
"mantep sih makin banyak hadiah dan event,tapi saran aja jarak antar banner agak sedikit dilamain biar dari keanggotaan cukup dapet polynya dan perbanyak b4 yang berguna sih kayak pan yinhu,nicole atau lucy gitu",mantap hadiah eventtapi saran jarak banner dilamain biar anggota polynya banyak guna yinhunicole lucy,Negative,Negative
"mantap, tapi menurutku agak buram loh aneh entah napa grafiknya buram gua udh rata kanan cmn buram/suram gitu kagak ada warna cmn pas di misi mayan lah.... yg lain ok cmn saranya bisa g sih loading mau keluar atau masuk bangunan jan loading lama"" agak kesel jer setiap mau masuk bagunan untung cepet progress loadnya kalo kagak emosi terus bawaanya...",mantap turut buram loh aneh grafik buram gua rata kanan cuman buramsuram kagak warna cuman pas misi lumayan ok cuman sara tidak loading bangun jangan loading kesel jer bagunan untung cepat progress loadnya kagak emosi bawaanya,Negative,Negative
"keren,tapi hp ku dah ga kuat :v wkwk ya lumayan lah walaupun cuma beberapa Minggu,thanks",rentap hp ku deh tidak kuat wkwk lumayan mingguthanks,Negative,Negative
"UPDATE VERSI ANGEL DELUSION ADALAH TERBURUK DARI UPDATE VERSI ZZZ,, SEMUA MISINYA TIDAK TERSELESAIKAN!!!!!KAYAK MAEN GUITAR HEROES,,",update versi angel delusion buruk update versi misi tidak terselesaikankayak guitar heroes,Negative,Negative
"jujur bansosnya gacor banget king😋, unik, mekanik yang menarik dan dari V2.3 sampai sekarang udah gk pernah dapat bug lagi aku betah banget aku sama ni game",jujur bansosnya gacor king unik mekanik tarik tidak bug betah,Negative,Negative
can't stop gooning,cant stop gooning,Negative,Negative
"aku mendedikasikan hpku beserta ram dan penyimpanannya hanya untuk game ini saja. beli hp tentu saja yang dipikirkan pertama kali ""bisa buat main zzz gak ya"" lofloflof",dedikasi hpku serta ram simpan beli hp pikir tidak lofloflof,Negative,Negative
developer tolong perbaiki bug touch ghost nya ini sangan mengganggu di game anda yg lain tidak ada terjadi touch ghost tapi di zzz sangat sering terjadi di even battle map maupun even pun terjadi tolong diperbaiki secepatnya,developer tolong baik bug touch ghost sangan ganggu tidak touch ghost even battle map even tolong baik cepat,Negative,Negative
GGWP bagus tapi kebanyakan black screen trus ni game banyak ngomongnya dan jangan lupa ni game berat harus spek yg mumpuni biar lancar main game ini...,ggwp bagus banyak black screen omong jangan lupa berat spek mumpuni biar lancar,Negative,Negative
Hp gw sering ngeframe sekarang njir😂,hp ngeframe anjir,Negative,Negative
asik aja hingga kata kata tak cukup untuk mengatakanya tetapi kekurangan tetap ada seperti force colse dll tetapi semua itu terbayarkan dengan permainan yang di sajikan oleh nya,asik tak kataka kurang force colse dll bayar main saji,Negative,Negative
gamenya sudah bagus.hanya 1 kendala.tolong size gamenya di perkecil.mengingat ini bukan game open world seperti genshin impact/honkai star rail.dan tolong pengoptimalan untuk HH lowrange dgn ram 12 GB mediatek g99 supaya saat roaming di kota tidak lag.dan adakan ON/OFF bayangan/shadow di pengaturan graphics.selebihnya bagus.semoga di notice sama pihak developer!,bagushanya kendalatolong size perkecilmengingat bukan open world genshin impacthonkai star raildan tolong optimal hh lowrange ram gb mediatek tidak roaming kota tidak lagdan adakan onoff bayanganshadow atur graphicsselebihnya bagussemoga notice developer,Negative,Negative
I request a reset button for story mode because I'm stuck due to a bug. saya mohon sediakan tombol reset untuk mode cerita karena saya stuck karena bug,request reset button for story mode because im stuck due bug sedia tombol reset mode cerita stuck bug,Negative,Negative
"game nya sangat bagus, tapi tolong. chipset dimensity 7025 milik saya sudah tidak sanggup menanggung game ini 😭",bagus tolong chipset dimensity milik tidak sanggup tanggung,Negative,Negative
"Tau game ini dari meme burger bangor di FB, baru sekarang kesampaian buat main karna dulu masih make HP kentang🥲",tau meme burger bangor fb pakai hp kentang,Negative,Negative
"ini kenapa dah akhir akhir ini gabisa login malah keluar sendiri saat di loading screen, sebenarnya gameplay di hpku lancar tapi kenapa terasa berat saat di loading screne.",deh tidak login loading screen gameplay hpku lancar berat loading screne,Negative,Negative
Tolong dioptimalkan,tolong optimal,Negative,Negative
aku senang saat banyak event membuat ku betah di game ini tidak pelit juga:),senang event ku betah tidak pelit,Negative,Negative
when yah menang ret op +b5 10 biji😅,when menang ret op biji,Negative,Negative
udah pensi gara2 device gak kuat,pensi gara device tidak kuat,Negative,Negative
miyabi cantik banget sumpah,miyabi cantik sumpah,Negative,Negative
"bahhhhh, gw maen 4 patch gk pernah low pity atau menang rate off anjirrrr, salah apa gua gacha gw kau busukkan MIHOYO???? 😭😭😭",bah patch tidak low pity menang rate off anjir salah gua gacha kau busuk mihoyo,Negative,Negative
"udh hard pity, kalah rate off mlu capek..",hard pity kalah rate off melulu capek,Negative,Negative
game baik gak kayak s*****e,tidak,Negative,Negative
woiii Setelah update kenapa zzz gua ngebug kontoll,woi update gua ngebug kontoll,Negative,Negative
absolute cinema,absolute cema,Negative,Negative
Yanagi nerf kecantikannya bisa ga? ga kuat sama manisnya 🥰🥰🥰,yanagi nerf cantik tidak tidak kuat manis,Negative,Negative
keren asli sampe begadang 24 jam gara gara main zzz,keren asli begadang jam gara gara,Negative,Negative
"Game Baik, agak 4no dikit 🤭",no dikit,Negative,Negative
lumayan,lumayan,Negative,Negative
"semuanya bagus, kurang di optimalisasi saja",bagus kurang optimalisasi,Negative,Negative
game nya sekarang berat dulu tidak berat seperti ini hem,berat tidak berat hem,Negative,Negative
"suram, sepi, pertarungannya membosankan",suram sepi tarung bosan,Negative,Negative
"gelooooo game hoyo pertama gweh, tpi ad masalah sikit, makin update kok makin berat rasanya, udh si itu aj",gelo hoyo gweh sikit update berat,Negative,Negative
please fix when bos fight wandering hunter sometimes game always freezes and force close after thats iqoo 13,please fix when bos fight wandering hunter sometimes always freezes and force close after thats iqoo,Negative,Negative
masih ada bug nembus ke bawah sesudah cut scene atau pas lagi jalan naik tangga,bug nembus cut scene pas jalan tangga,Negative,Negative
"Capek pity 80 terus, mana kalah lagi",capek pity kalah,Negative,Negative
ampass gacha,ampass gacha,Negative,Negative
min tolong komretibel kan game nya ke chipset kentang kayak unisoc😭,min tolong komretibel chipset kentang unisoc,Negative,Negative
"game baik gila, bansos banyak dak kek gensh-",gila bansos indak gensh,Negative,Negative
"game yang baik secara reward,tetapi tidak saat gacha. Sudah kalah 50/50 masih di kasih hard pity mentok,benar benar membuat pengalaman bermain yang sangat buruk kepada player baru,semoga dead game",rewardtetapi tidak gacha kalah kasih hard pity mentokbenar alam main buruk player barusemoga dead,Negative,Negative
"game edan, wareg bansos gini rating nya cuman 3.9, orang gila kh mereka, jelas"" game baik royal kayak gini masih bisa dapet b1?, gak waras sih kalean, coba lu cari game hoyo yg lain mana ada yg se baik ini, anak emasnya hoyo sih ini 🙂‍↔️🙂‍↔️",edan wareg bansos rating cuman gila kah royal tidak waras kalean coba cari hoyo anak emas hoyo,Negative,Negative
"blm optimal game nya,, gw main wuwa rata kanan aja lancar jaya",belum optimal wuwa rata kanan lancar jaya,Negative,Negative
untuk login butuh waktu lama sampe 3 hari dan belum selesai,login butuh waktu belum selesai,Negative,Negative
terlalu banyak pakai data internet. banyak bug.bikin sinyal ga stabil jadi ga nyaman mainnya,pakai data internet bugbikin sinyal tidak stabil tidak nyaman main,Negative,Negative
tolong kenapa pas dibuka game ya hitam doang+ baru loading malah keluar sendiri,tolong pas buka hitam doang loading,Negative,Negative
"agak kurang untuk optimasi di mobile, dan entahlah kayak cepet bosen feelnya",kurang optimasi mobile cepat bosan feelnya,Negative,Negative
"ngelag parah. padahal jaringan stabil buat game berat yang lain lacar aja cuma ZZZ yang ngelag, baik saat bertarung atau di luar pertarungan",ngelag parah jaring stabil berat lacar ngelag tarung tarung,Negative,Negative
"gameplay nya bagus tetap terasa berat untuk smartphone mid-range. (fps drop), mungkin bisa lebih di optimalkan lagi, agar bisa mendapatkan pengalaman bermain yang lebih baik...😀👍 itu aja sih.",gameplay bagus berat smartphone midrange fps drop optimal alam main,Negative,Negative
optimasi yg jelek game nya gabisa berjalan lancar padal aku main GI maupun wuwa rata kanan no shuttering dan stabill ini di zzz rata kiri pun nge freeze kadang,optimasi jelek tidak jalan lancar padal gi wuwa rata kanan no shuttering stabill rata kiri nge freeze kadang,Negative,Negative
game nya menjadi sangat berat setelah di update apakah chipset snapdragon 6 gen 1 sudah tidak kuat bermain game ini,berat update chipset snapdragon gen tidak kuat main,Negative,Negative
"comeback setelah 2th karena katanya TV nya udah gak ada, dan bener udah ilang. mantap klo gini lah. optimasi nya aja yang perlu di tingkatin lagi sj biar makin gud",comeback tv tidak hilang mantap optimasi tingkatin biar gud,Negative,Negative
kalah pity!!!,kalah pity,Negative,Negative
"kebanyakan side quest nya, mending kalau singkat ini pada panjang² semua bisa ngabisin waktu berjam-jam cuma buat nyelesain side quest doang, apalagi yang di outpost itu beh ngebosenin banget dah jadi feel main nya agak kurang dan buat nyelesain story nya jadi males",banyak side quest mending singkat ngabisin waktu berjamjam selesai side quest doang outpost beh ngebosenin deh feel kurang selesai story malas,Negative,Negative
"Saran untuk optimalisasi untuk beberapa device walau mempunyai spesifikasi yang memumpuni tapi suka terjadinya limit di 20fps, saya menggunakan dimensity 8350 Ultimate untuk bermain hanya sebentar stabil nya padahal hp pun tidak panas / hangat karna saya pakai cooler, sudahdi hapus chace dan file vulkan bisa membantu tapi nanti akan kembali tidak stabil game nya",saran optimalisasi device spesifikasi mumpuni suka limit fps dimensity ultimate main sebentar stabil hp tidak panas hangat pakai cooler sudahdi hapus chace file vulkan bantu tidak stabil,Negative,Negative
"Overall oke si, dari segi gameplay, cutscane dll, tapi bos nya susahin dikit, sambil garuk biji pun bisa ini mah lawan bos nya",overall oke segi gameplay cutscane dll bos susahin dikit garuk biji mah lawan bos,Negative,Negative
sehat-sehat game baik. kalau bisa untuk kedepannya perbanyak komedi atau scene lucu seperti di season 1 karena itu sangat lucu dan menghibur selama bermain (0w0),sehatsehat depan banyak komedi scene lucu season lucu hibur main,Negative,Negative
berat tolol gacha spesial bener pertama di kasih hard pity orang bakal langsung malas buat main!,berat tolol gacha spesial kasih hard pity malas,Negative,Negative
"optimisasinya jelek banget, stuttering Mulu, dah gitu sering banget frame drop pas battle. Pas di kota waifei peninsula juga sama gk pernah dapet 60 fps, device saya Poco X6 pro",optimisasinya jelek stuttering mulu deh frame drop pas battle pas kota waifei peninsula tidak fps device poco pro,Negative,Negative
uwogh perpaduan antara style combat hack n slash dan model mini open wolrd + dungeon based itu emang gokil sih ini game terbaik semasa hidup gw,uwogh padu style combat hack slash model mini open wolrd dungeon based gila baik hidup,Negative,Negative
fix the stuttering issue please,fix the stuttering issue please,Negative,Negative
"gak pernah selama gua main,gua gacha disini dpt char di low pity, hard pity mulu mau di rate off ataupun rate on.",tidak gua maingua gacha char low pity hard pity mulu rate off rate on,Negative,Negative
kok sekarang patah2 padahal HP saya poco f6 udah saya rata kiri,patah hp poco rata kiri,Negative,Negative
"asik, ga ky anak tiri game yoyo sebelah",asik tidak kaya anak tiri yoyo belah,Negative,Negative
why always pity 80+?,why always pity,Negative,Negative
game ini sangat seru tetapi sejak ada konten end game mulai susah bagi pemula yg ingin main zzz,seru konten end susah mula,Negative,Negative
"Untuk pihak developer tolong ini gamenya kenapa ya, saya main lancar fps stabil jika mengalami frame drop turunnya paling dari 60 ke 40, tapi suara yang keluar dari gamenya pecah apalagi jika menggunakan dolby atmos suaranya tambah pecah, ini bug atau emang optimalisasinya jelek, dan gamenya juga kadang force close tolong diperbaiki masalahnya jangan didiemin doang dev.",developer tolong lancar fps stabil alami frame drop turun suara pecah dolby atmos suara pecah bug optimalisasi jelek kadang force close tolong baik jangan didiemin doang dev,Negative,Negative
"entah kenapa sangat mengecewakan makin kesini tuh, terutama dengan adanya karakter baru yen shunguang kayak di segi ceritanya terlalu memaksakan pada salah satu karakter tersebut, lalu makin kesini ceritanya semakin memakan waktu yang lama yg misalkan di dalam perjalanan misi selalu bertarung dan bertarung lagi meskipun dengan mosnter yang kecil dan biasa namun itu terlalu memakan waktu bermain dan sehingga terasa bosan juga. Tolong kedepannya untuk misi itu yang mudah, cepat, dan fleksibel.",kecewa kesini tuh karakter yen shunguang segi cerita paksa salah karakter kesini cerita makan waktu jalan misi tarung tarung mosnter makan waktu main bosan tolong depan misi mudah cepat fleksibel,Negative,Negative
saya menyukai game ini sungguh suka bahkan game ini menjadi game gacha yang paling sering saya mainkan sehari saya bisa bermain setidaknya 5 jam karena banyak hal yang bisa dilakukan di zenless zone zero.Terimakasih kepada karyawan hoyoverse telah menciptakan game yang bagus ini saya benar benar menyukai game ini sepenuhnya😁👍,suka sungguh suka gacha main hari main jam zenless zone zeroterimakasih karyawan hoyoverse cipta bagus suka sepenuh,Positive,Negative
"gacaha dikasih hard pity mulu, hadeh",gacaha kasih hard pity mulu hadeh,Negative,Negative
"pertama login pasti selalu lag, apalagi ketika lawan musuh match pertama lag parah terus match ke dua lancar seperti semula. tanya costumer malah di jawab HP ga mampu padahal HP gua ROG 7 RAM 12/256GB. ini bug yang gua alami setiap update path",login lag lawan musuh match lag parah match lancar costumer hp tidak hp gua rog ram gb bug gua alami update path,Negative,Negative
"Tolong nerf anomaly resistance musuh yang ada di Shiyu Defense. Rasanya jadi males pake tim anomaly karna dah pada hampir gak kepake di versi sekarang, padahal char²nya bagus bagus, sayang banget",tolong nerf anomaly resistance musuh shiyu defense malas pakai tim anomaly deh tidak kepake versi charnya bagus bagus sayang,Negative,Negative
banyakin bansos nya developer,banyak bansos developer,Negative,Negative
bete,bete,Negative,Negative
gacha ampas amat anjir,gacha ampas anjir,Negative,Negative
"terimah kasih banyak atas update terbaru sekarang karena agent banyak yg di buff dan bansos yang melimpah, tetapi ada penurun kualitas story di season 2 ini, tidak seperti di s1 yang mempunyai animasi dan soundtrack yang sangat bagus, jujur untuk s2 menurut saya lumayan downgrade dari segi story, animasi, dan juga soundtrack, saya harap ada perubahan di s3 mendatang",terimah kasih update baru agent buff bansos limpah turun kualitas story season tidak animasi soundtrack bagus jujur lumayan downgrade segi story animasi soundtrack harap ubah,Negative,Negative
farming polycrome susah banget wok karena ini bukan gem open world jadi bingung mau farming kek mana lagi buat gacha mana ampas mulu lagi njenkkkk,farming polycrome susah wok bukan gem open world bingung farming gacha ampas mulu njenk,Negative,Negative
tolong perbaiki bug patah patahnya,tolong baik bug patah patah,Negative,Negative
"👎 +81 pull terus, parah, lag parah di awal, setiap kali login kaya harus render ulang animasi2nya di ingame nya",pull parah lag parah login render ulang animasi ingame,Negative,Negative
"tolonglah update ok baru tapi gua gak mau nyelesain misi utama karena suaranya yang bahasa Inggris kok hilang benerin jadi males main aku nanti kalau udah bener gua kasih bintang lima,udah disesuaikan lagi gua kasih bintang lima deh",tolong update ok gua tidak selesai misi utama suara bahasa inggris hilang benerin malas gua kasih bintang limaudah sesuai gua kasih bintang deh,Negative,Negative
Game sering force close. Saat login hampir selalu berhenti di loading 75% sampai 95% lalu keluar sendiri. Saat bermain juga sering tiba-tiba force close dan ini sangat mengganggu. Padahal spesifikasi HP saya sudah bagus dan seharusnya kuat menjalankan game ini. Mohon segera diperbaiki dan dioptimalkan karena masalah ini bikin pengalaman bermain jadi tidak nyaman.,force close login henti loading main tibatiba force close ganggu spesifikasi hp bagus kuat jalan baik optimal bikin alam main tidak nyaman,Negative,Negative
"Nih game udah bagus, tpi tolong dong tambahin opsi 45 fps kayak genshin biar mulus tapi ringan, dibanding 60 fps mulus tapi berat",bagus tolong tambah opsi fps genshin biar mulus ringan banding fps mulus berat,Negative,Negative
"mungkin lu bisa bilang ""lu aja kali yang gak hoki bla bla bla"" tapi sumpah dah, se pengalaman gw main game gacha, ini game drop rate nya sampah banget gile, saudaranya aja masih fine fine aja menurut gw, ini gw gacha selalu pity 75+ ampas banget sumpah dah, udahlah konten end game nya susah dan reward nya aja gak sepadan, lah ini ditambah gacha karakter susah...",bilang tidak hoki bla bla bla sumpah deh alam gacha drop rate sampah gila saudara fine fine gacha pity ampas sumpah deh konten end susah reward tidak padan tambah gacha karakter susah,Negative,Negative
"Main genshin , pgr , hsr dll lancar , giliran maen zzz pnas bet njir",genshin pgr hsr dll lancar gilir pnas anjir,Negative,Negative
gamenya bagus gak ada yang kurang kecuali game ini gak bisa dimainkan dalam waktu lama karena waktu aku mainin mode explorasi lemnian hollow beberapa jam tiba tiba keluar dari game sebanyak 2 kali padahal chipset saya mediatek dimensity 8200 ultimate dan juga aku pakai cooler th12 AI sama bypass charging supaya baterai saya gak panas,bagus tidak kurang kecuali tidak main waktu waktu mainin mode explorasi lemnian hollow jam chipset mediatek dimensity ultimate pakai cooler ai bypass charging baterai tidak panas,Negative,Negative
prasaan hpku ga kentang kentang amat RAM 12+6 DIMENSITY 8300U tpi kenapa terasa game berat betul genshin aja libas padahal gameplaynya oke banget tapi selalu udah berbulan bulan gamenya terasa panas,asa hpku tidak kentang kentang ram dimensity lu berat genshin libas gameplaynya oke bulan panas,Negative,Negative
lebih di optimalkan ya supaya semua device bisa lancar main ini,optimal device lancar,Negative,Negative
absolute cinema,absolute cema,Negative,Negative
apa ini kok setelah update malah Crash terus saya main genshin sama honkai full grafik tinggi aman aman aja,update crash genshin honkai full grafik tinggi aman aman,Negative,Negative
"tolong untuk optimalisasi gamenya lebih diperhatikan, karena ada beberapa device yg bagus/cukup untuk bermain ZZZ tapi masih mengalami frame atau bahkan force close yang membuat experience bermain menjadi buruk. Saya memberikan bintang 1 dengan harapan ulasan saya di notice oleh developer. sekian terimakasih",tolong optimalisasi perhati device baguscukup main alami frame force close experience main buruk bintang harap ulas notice developer sekian terimakasih,Negative,Negative
Absolute Cinema 🙌,absolute cema,Negative,Negative
"saya coba dulu gamenya, kalo gachan hard pity dan rate off. saya uninstall gamenya",coba gachan hard pity rate off uninstall,Negative,Negative
"terlalu banyak character cewek daripada cowoknya, saya sebagai player wanita , bosan melihat terlalu banyak character cewek nya , perbanyak character cowoknya ya hoyo, biar saya tidak jadi pensi 👍",character cewek cowok player wanita bosan character cewek banyak character cowok hoyo biar tidak pensi,Negative,Negative
"etdah, ini game force close mulu padahal gua pas main kagak ngelag sama sekali, force clowe nya itu pas du loading, kadang stuck di 75,46% abis itu keluar sendiri, hp gua infinix note 40",etdah force close mulu gua pas kagak ngelag force clowe pas du loading kadang stuck habis hp gua infinix note,Negative,Negative
"tolong dong Hoyo pertajam grafik zzz biar ga burem dimobile,masa dah rata kanan masih agak burem tingkat in sedikit lagu hehe",tolong hoyo tajam grafik biar tidak buram dimobilemasa deh rata kanan buram tingkat lagu hehe,Negative,Negative
absolute cinema ✋😆🤚,absolute cema,Negative,Negative
"nice game, pitynya kadang bagus kadang jelek, tapi story lebih bisa dinikmatin khususnya orang yang kurang suka fantasi isekai, sayang semakin lama update size semakin besar dan game makin berat, akhirnya diuninstall karena terlalu berat",nice pitynya kadang bagus kadang jelek story dinikmatin kurang suka fantasi isekai sayang update size berat diuninstall berat,Negative,Negative
"knp akun gw kag pernah menag rate off,mana high pity mulu,kg cuma chara nya doang,signatureny juga kg menang rate off juga,hoyo hoyo",akun kag menag rate offmana high pity mulukg chara doangsignatureny kg menang rate off jugahoyo hoyo,Negative,Negative
"game ZZZ adalah game terbaik selama ini, tapi tolong karakternya jangan terlalu mirip sama game gacha umumnya pertahanin visual ala ZZZnya belakangan karakter yg hadir jadi kehilangan jati diri visual ZZZ",baik tolong karakter jangan gacha pertahanin visual ala znya karakter hadir hilang jati visual,Negative,Negative
"sering banget muncul bug saat lag soalnya saya mainin story trus lag,nah ngestak di loding jadi aku close gamenya buat login ulang pas masuk e ngebug gabisa lanjutin. pengennya ngulang storynya aja cuma gabisa ngulang. KALAU BISA DI NEXT UPDATE TAU PART 2NANTI DITAMBAHIM VITUR SAAT KLUAR STORY ""APAKAH ANDA INGIN MENYIMPAN PROGRES ATAU MENGULANG"" itu aja sih saran gw gamenya bagus cuma minusnya bug ny banyak kalo pas lag",muncul bug lag mainin story lagnah ngestak loding close login ulang pas ngebug tidak lanjut ken ngulang storynya tidak ngulang next update tau part ditambahim vitur story simpan progres ulang saran bagus minus bug pas lag,Negative,Negative
"masih ada yang kurang dari event terbaru, seperti fitur keluar dari tutorial yang sangat memaksa itu tidak ada, tidak seperti pgr dan wuwa yang memiliki fitur close tutorial agar player bebas memilih dan bukan dipaksa untuk menekan",kurang event baru fitur tutorial paksa tidak tidak pgr wuwa milik fitur close tutorial player bebas pilih bukan paksa tekan,Negative,Negative
"di menit pertama buka game, dan battlenya selalu patah-patah, dan itu patah-patah yang parah banget... harus main terus sampai 10-15 menitan baru agak mendingan. ini terjadi setiap kali main, jadi tolong untuk di fix karna mengganggu pengalaman bermain",menit buka battlenya patahpatah patahpatah parah menit mending tolong fix ganggu alam main,Negative,Negative
This new patch it's so full of laggy and crash/not responding stuff. Not only happen on me but it's actually happen to a lot of player and it's almost 2-3 weeks but the dev doesn't concern about it so. Goodbye once again for ZZZ! guess what? i think i will stick with GI and HSR,this new patch its sok full of laggy and crashnot responding stuff not only happen on me but its actually happen lot of player and its almost weeks but the dev doesnt concern about sok goodbye once again for guess what think will stick with gi and hsr,Negative,Negative
game gak pelit selalu dapet bansos lumayan melatih otak,tidak pelit bansos lumayan latih otak,Negative,Negative
"gajelas bngt pertama kali main, gacha karakter limit smpe Pitty nya 80 tp malah rate off. kecewa bngt woy. udh Jelek banget gacha nya ampas mulu malah pas Pitty rendah dikasih rate off udh gt agent S yg jelek lagi",tidak gacha karakter limit pitty rate off kecewa woy jelek gacha ampas mulu pas pitty rendah kasih rate off agent jelek,Negative,Negative
"device redmagic 8s pro chipset Snapdragon 8 gen 2 leading version, izin komplain kepada pihak developer saya mengeluhkan adanya optimalisasi pada game anda, saya sebelumnya sudah mencari informasi ternyata chipset saya mampu menjalankan game tersebut dengan lancar dengan settingan rata kanan, tapi kenapa saya setting di mode hemat baterai saja masih ada force close?, tolong untuk update selanjutnya di optimalkan lagi. terimakasih dan terus kembangkan.",device redmagic pro chipset snapdragon gen leading version izin komplain developer keluh optimalisasi cari informasi chipset jalan lancar settingan rata kanan setting mode hemat baterai force close tolong update optimal terimakasih kembang,Negative,Negative
"Gamenya sudah bagus namun pliz lebih banyak polychromenya karena banyak banget karakter yang aku pengen tapi ga ada polychrome, dan tolong mudahkan atau beri mode easy untuk tantangan susah endgame karena ga semuanya punya karakter atau build yang sesuai dengan endgame tersebut",bagus pliz polychromenya karakter pengin tidak polychrome tolong mudah mode easy tantang susah endgame tidak karakter build sesuai endgame,Negative,Negative
"kikir kikir, bansos lancar mulu cuma gacha selalu pentok pity, woilah 2x gw kalah rate dapet soldier anjg",kikir kikir bansos lancar mulu gacha tok pity woilah kalah rate soldier anjg,Negative,Negative
"​""Please create an auto-battle feature, so that people who are busy working can play it more easily.""",please create an autobattle feature sok that people who are busy working can play more easily,Negative,Negative
untuk di android patah patah padahal SD 7 gen 4,android patah patah sd gen,Negative,Negative
"Game ini cukup menarik, seru, yah walau penyimpanan datanya cukup besar untuk sekelas game biasanya",tarik seru simpan data kelas,Negative,Negative
gamenya bagus banget buat gw dan lumayan friendly buat hp mid ke low gitu apalagi bansosnya banyak kali jirr 🥶 gw suka kok maininya walaupun ada patah patah agak sering tapi KLO pas bertarung sedikit sihh cuma pas katsin cerita aja yang aga ngelek itupun karna hp gw panas GK pake cooler btw banyakin bansosnya ya 😁,bagus lumayan friendly hp mid low bansosnya anjir suka main patah patah pas tarung pas katsin cerita aga ngelek itu hp panas tidak pakai cooler btw banyak bansosnya,Negative,Negative
Sebelumnya sering kali terjadi force close saat mencoba login. namun selang beberapa hari akhirnya hal itu sudah kembali normal,force close coba login selang normal,Negative,Negative
overall untuk permainannya cukup baik tetapi saya punya kendala yang di mana ketika saya loading in game (persentase itu) itu HP saya itu mengalami freeze atau mengalami penurunan FPS yang signifikan. Semoga pada update² berikutnya bisa dioptimalkan kembali. Untuk device yang saya pakai adalah Samsung Galaxy S24,overall main kendala loading persentase hp alami freeze alami turun fps signifikan moga update optimal device pakai samsung galaxy,Negative,Negative
mohon di tambahkan fitur login menggunakan Apple untuk android karena sayg tidak bisa login ke game karena telah mengtautkan nya ke akun iCloud Apple 🙏,tambah fitur login apple android sayg tidak login mengtautkan akun icloud apple,Negative,Negative
"saya minta tolong buat ganti email saya malah di persulit,jawaban nya demi keamanan,padahal emang nga mau membantu kocak perusahan besar buat bantu pemain kecil kaya saya ganti email aja di persulit hoyovers lucu",tolong ganti email persulitjawaban keamananpadahal tidak bantu kocak usah bantu main ganti email sulit hoyovers lucu,Negative,Negative
GAME GILAA SIH KLO HP KENTANG JNGN MAIN,gila hp kentang jangan,Negative,Negative
sudah bisa login tapi masih patah patah dan ngefrezz berhenti terus ke luar game,login patah patah ngefrezz henti,Negative,Negative
china ini lg stress atau butuh uang yha update shiyu defense makin susah yg lama shiyu defense 7 sudah setengah mati ngalahinnya sekarang shiyu defense nya tambah 3 boss nya dan butuh banyak karakter wuwa hbis update juga susah karena ada mekanik break baru karakter rate up di honkai star rail character type break lu mau bikin hype apa sih ga jelas banget,china stres butuh uang update shiyu defense susah shiyu defense mati ngalahinnya shiyu defense bos butuh karakter wuwa habis update susah mekanik break karakter rate up honkai star rail character type break bikin hype tidak,Negative,Negative
"Ini kenapa yah, sekarang FPS ku malah gak bisa naik,.stuck di 60 FPS, ngurang 1 / 2 Fps doang, padahal pake setingan rata kanan + Layar 2K, apa karena aku lock FPS nya ? padahal dulu di kota ERIDU, fps bisa tembus 200 Lebih, sekarang cuman 60 doang. tolong diperbaiki. aku main di Laptop.",fps ku tidak naikstuck fps ngurang fps doang pakai ting rata kanan layar lock fps kota eridu fps tembus cuman doang tolong baik laptop,Negative,Negative
"Ini game memang bagus dari segi Gameplay, grafik, desain karakter nya, (walaupun agak boring di end gamenya), bansos pun banyak, tetapi yang jadi masalah itu rate gachanya sangat rendah, saya sudah coba buat 2 akun, kedua akun itu pertama kali gacha dpt tier S agent di pity 80 dan itu kalah rate off, dpt karakter standar saya tau ada rinciannya tetapi ini seperti sudah di setting RNG nya, tidak seperti game hayoverse yang lain. Teruntuk player f2p lebih baik di pikirkan lagi kalau main ini game",bagus segi gameplay grafik desain karakter boring end bansos rate gachanya rendah coba akun akun gacha tier agent pity kalah rate off karakter standar tau rinciannya setting rng tidak hayoverse untuk player fp pikir,Negative,Negative
"menurut gua ini game terburuk yang pernah gua mainin,,di Snapdragon 888 malah force close anjiirrr sampah batt",gua buruk gua mainindi snapdragon force close anjiir sampah batt,Negative,Negative
Uji Coba Main Zenless Zone Zero Ram 8/128 GB Sekalian Mau Ganti HP Baru Ram 12/512 GB Biar Ngk Patah² ✊,uji coba zenless zone zero ram gb ganti hp ram gb biar tidak patah,Negative,Negative
"gj rate off Mulu, full pity ttp lose",gj rate off mulu full pity lose,Negative,Negative
"gamenya bagus cuman gacha nya mahal tidak worth it karakter untuk newbie cuman sedikit, misi utama dan side quest terlalu banyak jadi bingung",bagus cuman gacha mahal tidak worth karakter newbie cuman misi utama side quest bingung,Negative,Negative
pengen tahu gimna grafik zzz di open world rgp atau gta animenya masa GK ikut bersaing,pengin grafik open world rgp gta animenya tidak saing,Negative,Negative
suka sama game dengan gameplay seperti ini cuma setelah update 2.5 sering freze padahal sebelum update itu normal saja,suka gameplay update freze update normal,Negative,Negative
"dari awal rilis sampe skrng gk pernah bosen maen gim ini, udh gitu bansos gk pelit, jarang kena rate off gameplay Satisfying sehat2 gim baik",rilis tidak bosan gim bansos tidak pelit jarang rate off gameplay satisfying sehat gim,Negative,Negative
"Gamenya bagus cuman pada saat patch 2,5 terkadang pada saat loading Data Pas 75,30 itu terkadang freeze lalu keluar dri aplikasi berkali-kali harus mengulang Bisa tolong Ya Kreator Memperbaiki bug ini ataupun itu",bagus cuman patch terkadang loading data pas terkadang freeze aplikasi berkalikali ulang tolong kreator baik bug,Negative,Negative
"overall bagus, dari berbagai jenis game gacha, cm ini yg bisa bikin setiap elemen game tetep balance, grafik oke banget. cmn di update terbaru pas loading tp dll lumayan lama nunggunya, mungkin karena device juga yang low-mid. teruskan developer, kalo bisa bansosnya seringin yak hehe😹",overall bagus jenis gacha bikin elemen balance grafik oke cuman update baru pas loading dll lumayan nunggunya device lowmid terus developer bansosnya ringin hehe,Negative,Negative
"Game ini sangat bagus dan memanjakan mata, dari grafik, animasi dan cerita nya juga sangat seru dan menarik untuk terus di ikuti. Dan bagi saya setiap game yang dari Hoyoverse ini selalu menyajikan konten konten game yg menarik dan reward yg sepadanlah dengan kesulitannya, hanya saja setiap kali gacha suka sekali dikasih di hard pity itu membuat f2p seperti saya agak kesusahan untuk mengejar meta dan perkembangan nya",bagus manja grafik animasi cerita seru tarik ikut hoyoverse saji konten konten tarik reward padan sulit gacha suka kasih hard pity fp susah kejar meta kembang,Negative,Negative
Udah Gak Kuat Hp Ini,tidak kuat hp,Negative,Negative
gamenya beda banget sama genshin,beda genshin,Negative,Negative
analog nya sering GK gerak,analog tidak gerak,Negative,Negative
"game berat buat mobile dan optimalisasi buruk sekali. size berat karena render fisik karakternya. klo buat PC jgn di tanya, ini game PC cocoknya",berat mobile optimalisasi buruk size berat render fisik karakter pc jangan pc cocok,Negative,Negative
"baru main dikasih Kalah Rate Off, ga usah download ini game",kasih kalah rate off tidak download,Negative,Negative
"sudah tidak cocok bagi chipset snapdragon 6 gen 2, banyak bug! ini membuat saya sedikit kecewa, developer tidak memperingan device seperti genshin impact, tapi semakin memperberat device, saya sedih tidak bisa memainkannya lagi dalam jangka panjang",tidak cocok chipset snapdragon gen bug kecewa developer tidak pering device genshin impact berat device sedih tidak main jangka,Negative,Negative
"setelah bermain cukup lama dari mulai versi 1.0 sampai 1.9 tidak ada masalah tetapi semenjak update 2.0 sampai 2.5 banyak sekali masalah yang saya alami selaku player yang memainkan game ini .masalahnya bug keluar map,sering stack di in game ditampilan memuat konfigurasi data sering stack di 75,30% selain itu waktu saya bermain jaringan tiba tiba tidak stabil dan frame drop.itu saja keluhan dari saya mohon ditanggapi selaku developer zenless zone zero saya mohon lebih dioptimalin gamenya",main versi tidak semenjak update alami player main bug mapsering stack tampil muat konfigurasi data stack waktu main jaring tidak stabil frame dropitu keluh tanggap developer zenless zone zero dioptimalin,Negative,Negative
game absolute cinema🤭,absolute cema,Negative,Negative
"pls buat lebih ringan, optimalkan gamenya",pls ringan optimal,Negative,Negative
"Setelah update 2.0 gameplay sering lag,optimalisasi penggunaan ram juga parah setelah update ini, ram bisa habis dalam waktu 20 menit dan setelah itu gameplay jadi sering stuck,error,force close. pas udah masuk update 2.5 juga masih belum dibenerin ini masalah,gatau ini developernya kesusahan kah buat ngebenerin masalah ini atau gimana,moga aja kedepanya zzz lebih optimal lagi versi androidnya, sayang banget game sebagus ini optimalisasinya kacau",update gameplay lagoptimalisasi guna ram parah update ram habis waktu menit gameplay stuckerrorforce close pas update belum dibenerin masalahgatau developer susah kah ngebenerin gimanamoga depa optimal versi androidnya sayang bagus optimalisasi kacau,Negative,Negative
apa game kok lama banget loading nya udah nungguin nya beberapa menit lagi,loading tunggu menit,Negative,Negative
"BUG BUAT INFINIX NOTE 40 PRO 5G PLUS DIMENSITY 7020 8+8/256 OS 15.1.2.127 DEVNYA TEMBOK KAGAK DI BENERIN"" MAINTENANCENYA AMATIRAN DEV 1BILLION TP UDAH KEK DEV KECIL OPTIMALISASI AMPAS BGT KALAH SAMA DEV LAIN YG PENDAPATAN DIBAWAH HOYO 4 PATCH GW TUNGGU"" MASIH GK DIBENERIN GW UNINSTAL AJA DAH BUAT PLAYER YG MAU MAIN INI GAME MENDING JANGAN KALO DEVICE LU MID KE BAWAH AUTO BANYAK BANGET BUG AMPAS",bug infinix note pro tidak plus dimensity os devnya tembok kagak benerin maintenancenya amatir dev billion dev optimalisasi ampas kalah dev dapat bawah hoyo patch tunggu tidak dibenerin uninstal deh player mending jangan device mid auto bug ampas,Negative,Negative
"Game nya enak kok, tapi untuk device tinggi, yang rendah mending sabar aja lah dulu,karena game nya semakin update semakin berat.",device tinggi rendah mending sabar dulukarena update berat,Negative,Negative
"baru kali ini setelah update gameplay nya patah patah, ngeleg banget. padahal dari dulu gk pernah begini. kok malah patah patah yah?",update gameplay patah patah ngeleg tidak patah patah,Negative,Negative
tolong itu karakter nya jangan terlalu di besar besarkan ya,tolong karakter jangan besar,Negative,Negative
"game baik banyak hadiah dan reward,gacha nya juga gak susah banget,pity 30 bisa dpet hadiah utama,lumayan bersahabat sama device juga",hadiah rewardgacha tidak susah bangetpity dpet hadiah utamalumayan sahabat device,Negative,Negative
"oke oke aja game nya, aku ga tau mau rate apaan abis aku juga player baru",oke oke tidak tau rate habis player,Negative,Negative
"bagus di semua aspek, hanya saja optimalisasi nya masih kurang",bagus aspek optimalisasi kurang,Negative,Negative
gw harap kedepannya makin hebat ini game dan makin good. saran dari gw aja game rpg ini lebih ke story dan film jadi gw harap pas mau menjalankan quest utama jangan diselipkan mengerjakan dulu quest sampingan,harap depan hebat good saran rpg story film harap pas jalan quest utama jangan selip quest samping,Negative,Negative
"pengen maen tapi keberatan, kasih bintang 5 supaya didenger. ringanin sikit dong biar mediatek 7020 bisa main dan ngerasain suasanany.",pengin berat kasih bintang didenger ringanin sikit biar mediatek rasai suasanany,Negative,Negative
kenapa saya ga bisa masuk ke gamenya?? selalu keluar sendiri.. tolong dong,tidak tolong,Negative,Negative
Gw udah main ini sekitar setahunan dan belum gw rating juga karna game ini menurut gw sama aka seperti game gacha lainnya yang ceritanya template tapi ketika update 2.5 gw baru sadar bahwa cerita di zzz sangat bagus dan buat gw tersentuh. Terimakasih ZZZ telah membuat update yang sangat bagus terutama di cerita utamanya,tahun belum rating aka gacha cerita template update sadar cerita bagus sentuh terimakasih update bagus cerita utama,Negative,Negative
for close mulu aneh,for close mulu aneh,Negative,Negative
"Game dengan gameplay yang cukup menarik dan animasi yang bagus, pemilihan cerita yang menarik tetapi ada beberapa kekurangan seperti saat pertama kali mau masuk harus menunggu dan menguras hingga 29gb menurut saya game seperti ini memang berat tapi saran saya gamenya harus dioptimalkan lagi apalagi untuk pemain di HP yang ramnya kecil tetapi dari semua game RPG yang pernah saya mainkan ini salah satu game terbaik.",gameplay tarik animasi bagus pilih cerita tarik kurang tunggu uras gb berat saran optimal main hp ram rpg main salah baik,Negative,Negative
"plis lah optimasi benerin dulu, yakali orang main di cloud tetep force close kan aneh",plis optimasi benerin yakali cloud force close aneh,Negative,Negative
fandom sampah,fandom sampah,Negative,Negative
"Thank you, now the game doesn't lag anymore",thank you now the doesnt lag anymore,Negative,Negative
"tolong dong maksimalin saya pake dimensity 8200 masih kurang, udah di kurangin grafiknya dan masih sedikit patah patah",tolong maksimalin pakai dimensity kurang kurang grafik patah patah,Negative,Negative
optimalisasi nya jelek banget habis update sementara bintang satu dlu ntr kalo dah di fix ku naikin,optimalisasi jelek habis update bintang entar deh fix ku naikin,Negative,Negative
"kecewa bro,respon kalian kalo ada masalah lambat dan membingungkan percuma seruh game nya klo mau minta tolong respon nya lama,dan solusi yg di kasih memberat kan pemain",kecewa brorespon lambat bingung seruh tolong respon lamadan solusi kasih berat main,Negative,Negative
Need more male characters !!!!..... + disable shadow on low graphics settings for better performance on low devices,need more male characters disable shadow on low graphics settings for better performance on low devices,Negative,Negative
kok gak bisa buka gamenya,tidak buka,Negative,Negative
"bang kok aku nge frame yh pas main, udah ku turunin pake rendah banget loh, gimana nih hoyo, main genshin+hsr aja kaga ngelag+frame drop, kok ni zzz knf yh kira kira penasaran guwe",abang nge frame pas ku turunin pakai rendah loh hoyo genshinhsr kagak ngelagframe drop knf penasaran guwe,Negative,Negative
"saran teruntuk developer nya. kedepannya kasih mode untuk farming battery, dan mode untuk endless or something biar ngak flat. next aku kasih star 5+",saran untuk developer depan kasih mode farming battery mode endless something biar tidak flat next kasih star,Negative,Negative
menangin 50/50 gw woi ampas bat akun utama giliran akun ke dua malah gacor🥀🥀🥀🥀,menangin woi ampas akun utama gilir akun gacor,Negative,Negative
"gamenya bagus tapi, saya minta tolong buatkan versi Cloud karena selain bikin penyimpanan hp saya penuh game ini bikin peforma hp saya menurun karena kualitas hp saya yg kurang bagus sedangkan saya masih ingin memainkan gamenya dan dengan adanya versi cloud saya bisa memainkan game nya sepuas hati tanpa memikirkan penyimpanan dan performa hp saya",bagus tolong buat versi cloud bikin simpan hp penuh bikin forma hp turun kualitas hp kurang bagus main versi cloud main puas hati tanpa pikir simpan performa hp,Negative,Negative
kalian jangan banyak alasan ini game Peak🙌,jangan alas peak,Negative,Negative
"setelah update jadi suka fc, padahal dulu tidak. Dan juga frame drop parah. saya juga bermain Genshin dan HSR dan itu mulus mulus saja, tidak separah ini.",update suka fc tidak frame drop parah main genshin hsr mulus mulus tidak parah,Negative,Negative
"Game gacha terbaik yang pernah saya mainkan, ramah di hampir semua device, tidak pelit bansos, grafis memanjakan mata, mekanik bertarung yang sangat asik dan mudah bagi semua orang, karakter yang keren keren, plot dan pembawaan cerita yang menarik, dan tidak perlu waktu terlalu lama untuk menyelesaikan quest utama, terbaik lah pokoknya",gacha baik main ramah device tidak pelit bansos grafis manja mekanik tarung asik mudah karakter keren keren plot bawa cerita tarik tidak waktu selesai quest utama baik pokok,Negative,Negative
game terkeren lancar di ram 2gb grafik rata kanan no lag!,keren lancar ram gb grafik rata kanan no lag,Negative,Negative
sampah,sampah,Negative,Negative
"gimana mau comeback,game nya aja ga optimal,main hsr sama genshin masih aman aman aja,kalau ini ngeleg pindah map aja malah FC,mau ngeluh tapi ya udah lah",comebackgame tidak optimalmain hsr genshin aman aman ajakalau ngeleg pindah map fcmau ngeluh,Negative,Negative
"very bad optimizing, always stuttering on open world, why not back to its roots whe it's still using domain for missions instead of battle on open world, or just optimize it more",very bad optimizing always stuttering on open world why not back its roots whe its still using domain for missions instead of battle on open world just optimize more,Negative,Negative
game rusak hp snap 8 elite ga panas tapi pas fight sama salah satu bos nya pasti nge freeze sambil nge loop gitu trus tiba tiba not responding.aneh,rusak hp snap elite tidak panas pas fight salah bos nge freeze nge loop not respondinganeh,Negative,Negative
"Untuk Bos-Bos tolong di permudah (Tidak perlu signifikan), soalnya tidak semua Player bisa melakukannya dikarenakan Karakter yang belum memadai",bosbos tolong mudah tidak signifikan tidak player laku karakter belum pada,Negative,Negative
tolong lebih di optimalkan untuk gamenya,tolong optimal,Negative,Negative
"Setelah update jadi sering Force Close saat ""memuat konfigurasi data....75%""",update force close muat konfigurasi data,Negative,Negative
"Excellent to gameplay, graphic, and story but I'm very disappointed with the gacha system because it's always hard to get a 50/50. It always gives me a hard pity and fails to rate off. 🙃",excellent gameplay graphic and story but im very disappointed with the gacha system because its always hard get always gives me hard pity and fails rate off,Negative,Negative
"Mantap. Sebagai pengguna Snapdragon 7s gen 2 sudah bisa main, liat di bintang satu ada yang protes padahal pake chipset di atas gw masih bilang game berat. Yah, kalau berat ngapain di download maksa amat 😂🫵",mantap guna snapdragon gen bintang protes pakai chipset bilang berat berat download maksa,Negative,Negative
"plis donk hoyoverse, kasih pilihan pake MC wise/belle, toh juga sama sama kerja, gak kayak Honkai: star rail/Genshin Impact yang MC nya kalo udah dipilih bisa ngaruh ke cerita, sedangkan kalo zenless zone zero kan kedua MC partner, masa gak ada fitur nya sih buat ganti MC, kalo cutscene yang ada adegan sedikit romantis sama karakter perempuan kan kalo pake MC wise lebih kerasa, sedangkan sama belle jatoh nya lebih kayak cuman teman, plis dong dengerin saya, saya mewakilkan suara semua player....",plis hoyoverse kasih pilih pakai mc wisebelle tidak honkai star railgenshin impact mc pilih ngaruh cerita zenless zone zero mc partner tidak fitur ganti mc cutscene adegan romantis karakter perempuan pakai mc wise rasa belle jatuh cuman teman plis dengar wakil suara player,Negative,Negative
"buat game nya bagus, cuman pliss optimalin lagi game nya. buat genshin, wuthering waves lancar tapi ini rasa berat banget gamenya terus tambahin settingan matikan bayangan karakter soalnya itu yang buat gameplay berat...",bagus cuman pliss optimalin genshin wuthering waves lancar berat tambah settingan mati bayang karakter gameplay berat,Negative,Negative
gk kompatibel....... gh,tidak kompatibel gh,Negative,Negative
"game jahat anjir, masa selalu dpt bintang 5 di pity 80+ tapi selalu dikasih kalah, bikin bad mood aja😡😡",jahat anjir bintang pity kasih kalah bikin bad mood,Negative,Negative
"hai,saya ingin menyampaikan saran atau kritik masukan untuk game, saya suka sama game ini,tpi game nya terlalu memakan banyak ram jadi kadang gampang ngelag,terus saat mengkompilasi data atau shading suka force close sendiri,tolong di optimasi lgi untuk device kelas menengah, device: Infinix Hot 50",haisaya saran kritik masuk suka initpi makan ram kadang gampang ngelagterus kompilasi data shading suka force close sendiritolong optimasi device kelas tengah device infinix hot,Negative,Negative
tolong tmbol skip side quest dong hoyo,tolong tmbol skip side quest hoyo,Negative,Negative
Saat 1.7 saya tidak ada frame drop dan saat 2.0 saya mengalami banyak bug dan frame drop tolong di perbaiki🙏 dan untuk 2.5 saya mengalami frame drop lebih lama,tidak frame drop alami bug frame drop tolong baik alami frame drop,Negative,Negative
"buat yang main katanya banyak problem tuh berarti emang device kalian yang kalian paksa buat main di grafik yang ketinggian, kl mau main lancar main aja pake pc/laptop, toh ini juga termasuk game enteng buat laptop spek menengah",problem tuh device paksa grafik tinggi lancar pakai pclaptop enteng laptop spek tengah,Negative,Negative
selalu force close,force close,Negative,Negative
"semenjak update 2.5 saat loading di 75% pasti force close, tolong diperbaiki",semenjak update loading force close tolong baik,Negative,Negative
cerita terlalu bertele tele di versi 2.5,cerita tele tele versi,Negative,Negative
"kalah 80 pity mulu tidak dapat karakter yang diinginkan, sudah muak 😢",kalah pity mulu tidak karakter muak,Negative,Negative
perlu optimasi dalam in game agar tidak lag saat war rame,optimasi tidak lag war rame,Negative,Negative
apasi sebelum update lancar aja tapi setelah di ubdet malah keluar sendiri saat login payah,apas update lancar ubdet login payah,Negative,Negative
"pls mank hoyok, tambahin fitur ganti MC di main quest ataupun story quest. pls pls pls pls😭🙏🙏🙏🙏",pls mank hoyok tambah fitur ganti mc quest story quest pls pls pls pls,Negative,Negative
"Force Close tiap main, sudah hapus file vulkan berkali² tapi tidak membuahkan hasil (Device Samsung S23 dengan chip snapdragon 8 Gen 2 For Galaxy + sudah di kombinasi dengan cooler hp + vapor chamber external) ayolah gimana sih optimalisasi game ini? menjengkelkan saja, masa file vulkan sebesar 1,5 gigabyte? ngotak ga sih?",force close hapus file vulkan kali tidak buah hasil device samsung chip snapdragon gen for galaxy kombinasi cooler hp vapor chamber external ayo optimalisasi jengkel file vulkan gigabyte ngotak tidak,Negative,Negative
"saya suka game ini, karena selain lebih ringan dari kebanyakan game rpg developernya pun tidak pelit hadiah gratis. saya harap game ini semakin berkembang👍",suka ringan banyak rpg developer tidak pelit hadiah gratis harap kembang,Negative,Negative
"ini game Gooner kesukaan gua,hoyovers memang gak pernah gagal ✋😎🤚",gooner suka guahoyovers tidak gagal,Negative,Negative
GENSHIN BETTER,genshin better,Negative,Negative
Bro emang gak cocok kalo buat hape tapi game ini bagus,bro tidak cocok hape bagus,Negative,Negative
OPTIMALISASI SAMPAH LAG + FREEZE UDAH RATA KIRI DARI PATCH LUCIA PADAHAL MAIN WUWA PGR HSR GFL LANCAR DAPET MEDIUM CUSTOME EMANG DEV TEMBOK GK BECUS MAINTENANCE MENDING EOS AJA DAH INI GAME DAH KEK GAME BETA,optimalisasi sampah lag freeze rata kiri patch lucia wuwa pgr hsr gfl lancar medium custome dev tembok tidak becus maintenance mending eos deh deh beta,Negative,Negative
"game sampah bro, jangan di mainin, scamer gamenya",sampah bro jangan mainin scamer,Negative,Negative
kenapa force close woii oerengkat gw kompatibel anj chipsetnya juga lumayan helio g100,force close woii oerengkat kompatibel anjing chipsetnya lumayan hio tidak,Negative,Negative
"ALL MY ACCOUNT LOSE 50:50, WHY? WHY? IT'S ALWAYS LOSE 50:50, IN EVERY ACCOUNT I HAVE, AND IT ALSO ALWAYS ON HARD PITY, THIS CAN'T BE REAL, DOES THE SYSTEM MARK ON DEVICE OR WHAT????",all my account lose why why its always lose every account have and also always on hard pity this cant be real does the system mark on device what,Negative,Negative
"gimana si ga becus banget ngurus akun, udah 2 kali kehilangan akun ga ada notif apa apa di email tiba tiba log out dan ga bisa login bodohnya ayam",tidak becus urus akun hilang akun tidak notif email log out tidak login bodoh ayam,Negative,Negative
"Permisi developer, saya sudah update patch 2.5 kok makin parah. Sempat ngelag total sampai Force Close, saya juga sudah hapus beberapa memori supaya lancar kayak patch sebelumnya tapi malah makin parah. Tolong diperbaiki masalahnya wahai developer🫠, mungkin hp saya devicenya rada ampas(hanya jarak 36 GB saja dari total penyimpanan memori 242 GB). Hanya sebelum patch 2.5 itu hp saya masih lancar saja untuk mainkan ZZZ.",permisi developer update patch parah ngelag total force close hapus memori lancar patch parah tolong baik developer hp devicenya rada ampashanya jarak gb total simpan memori gb patch hp lancar main,Negative,Negative
"tidak bisa login,,,,terlalu banyak permintaan,silahkan coba beberapa saat lagi,, dicoba berkali-kali tetap gak bisa,,sucks!!!!",tidak loginterlalu permintaansilahkan coba coba berkalikali tidak bisasucks,Negative,Negative
game tidak jelas... terlalu banyak tahap download nya.. apa2an game bgini.. habis waktu dengan mendownload!!,tidak tahap download habis waktu mendownload,Negative,Negative
wow game bansos,wow bansos,Negative,Negative
gamenya fore close di hp chipset helio g100 tolong di perbaiki gamenya agar semua pemain bisa memainkan game ini,fore close hp chipset hio tidak tolong baik main main,Negative,Negative
Itu Update?,update,Negative,Negative
"gameplay & storynya seru banget! aku pun rela kalo harus ngerjain quest 4 jam di game ini karna seru aja gitu ceritanya. dia juga ga kikir dan tiap update log innya dikasih pull. ini emg game fanservice yg mostly berfokus ke karakter cewe, jadi ya kalo ga terlalu suka aku ga saranin main ya. karakter cowonya juga ada fanservicenya, tapi ga sebanding sm yg cwe. tapiii sebagai pemain genshin, fanservice karakter cowo yg aku dpt cm mereka bneran jd playable aku seneng aja sih hehe",gameplay storynya seru rela ngerjain quest jam seru cerita tidak kikir update log innya kasih pull fanservice mostly fokus karakter cewek tidak suka tidak saran karakter cowonya fanservicenya tidak banding cewek main genshin fanservice karakter cowok benar playable senang hehe,Negative,Negative
kmren download udh updet 31 gb. eh updet lagi 5 gb. udh giliran gacha dpt rank B TRUS. maaf gamennnya ku uninstall. dh ga menarik lagi,kemarin download updet gb eh updet gb gilir gacha rank maaf ku uninstall dah tidak tarik,Negative,Negative
optimalisasi please...!!!!!!!!,optimalisasi please,Negative,Negative
"tolong teman teman sekalian game ini adalah master piece bagi ku mungkin kalian suka dengan geme ini karena banyak hadiah menarik yang akan kalian claim saat update"" selanjutnya 🤩",tolong teman teman master piece ku suka geme hadiah tarik claim update,Negative,Negative
gamenya lumayan asik tapi saya ada saran supaya game ini bisa hapus scene story yang udah lewat biar hemat penyimpanan kayak saudaranya si HSR,lumayan asik saran hapus scene story biar hemat simpan saudara hsr,Negative,Negative
"dear zzz dev, mungkin ini mustahil di dengar tpi saya mau zzz pliss rilis 1 banner cowo dan cerita jangan romansa romansa truss pliss zzz dari patxh 1.0 -- 1.4 saya akui cerita bagus dan minim romansa karna fokus utama adalah hollow tapi di patch 2.0 sampai seterusnya mulai kehilangan identitas ayolah dev buat cerita lebih bagus dan jangan keseringan romansa romansa trus hanya karna mayoritas player zzz pilih wise.",dear dev mustahil dengar pliss rilis banner cowok cerita jangan romansa romansa truss pliss patxh aku cerita bagus minim romansa fokus utama hollow patch hilang identitas ayo dev cerita bagus jangan sering romansa romansa mayoritas player pilih wise,Negative,Negative
"Setelah update 2.5, hp ku stuck di 100% konfigurasi terus force close. padahal patch lalu baik baik aja.",update hp ku stuck konfigurasi force close patch,Negative,Negative
kalah rate off mulu gapernah sama sekali menang rate off,kalah rate off mulu tidak menang rate off,Negative,Negative
kalah rate off lagi,kalah rate off,Negative,Negative
absen bang gw maksa maen di hp yang cuma chipset ums9230 t606🤣😭,absen abang maksa hp chipset ums,Negative,Negative
"hnya mengingatkan, kalo pas ada event gacha jan di susahin buat player mobile",pas event gacha jangan susahin player mobile,Negative,Negative
setelah update 2.5 saya tidak bisa login ke game. terjadi Force Close aplikasi nya tolong di perbaiki. astaga,update tidak login force close aplikasi tolong baik astaga,Negative,Negative
"saya rasa masalah yang di alami pemain lain tentang ngeframe atau ngelag itu karena di sebabkan oleh 3.(1,RAM di bawah 8 GB 2,chipset bukan kelas atas 3,masalah jaringan yang kurang stabil) ini mungkin masalah yang di alami oleh pemain lain. tapi jika ada masalah lain mungkin memang dari gamenya sekian terimakasih dan saya minta maaf jika ada salah",alami main ngeframe ngelag sebab ram gb chipset bukan kelas jaring kurang stabil alami main sekian terimakasih maaf salah,Negative,Negative
Gamenya gak ada char yg telanjang bintang 1,tidak char telanjang bintang,Negative,Negative
"bansos banyak tapi gatchanya busuk banget, mentok pity mulu",bansos gatchanya busuk mentok pity mulu,Negative,Negative
gacha ampas,gacha ampas,Negative,Negative
"kok udah update tiba tiba keluar langsung yah?, padahal penyimpanan ku kosong 13 gb ,tolong diperbaiki update kali ini,saya sudah bersemangat untuk memainkan game ini tapi kenapa langsung keluar ,plis perbaiki lagi gamenya",update simpan ku kosong gb tolong baik update inisaya semangat main plis baik,Negative,Negative
game ini tidak ada kata kikir,tidak kikir,Negative,Negative
gamenya bagus tapi kenapa ya saya jarang menang rate on padahal udah 4x rate off di 4 patch udah gitu semuanya pity 80 Mulu rate offnya segitu ampasnya kah keberuntungan saya,bagus jarang menang rate on rate off patch pity mulu rate offnya segitu ampas kah untung,Negative,Negative
aduh sampai kesemutan main nya 🤣,aduh semut,Negative,Negative
mantul,mantul,Positive,Negative
better than genshin,better tahan genshin,Negative,Negative
absolute cinema 🔥💯🔥,absolute cema,Negative,Negative
"overall semuanyaa udah baguss, cuma minusnya tiap update pasti selalu ngelag plus tiba-tiba force close, ohyaa sama kalau tiap habis download data kan pasti ada kompilasi shader, itu juga kadang ngelagg bngt terus selalu force close.",overall bagus minus update ngelag plus tibatiba force close ohyaa habis download data kompilasi shader kadang ngelagg force close,Negative,Negative
"Game keren, ga kek kakaknya edit: masih bagus, game hoyo sangat worth it dan rekomendasi tapi tetap aja gak kek game kakaknya qiqirnya minta ampun sama powerkrepnya gila gilaan",keren tidak kakak edit bagus hoyo worth rekomendasi tidak kakak qiqirnya ampun powerkrepnya gila gila,Negative,Negative
"Halo untuk Developer,, saya sudah memainkan game ini dari awal rilis, selama ini saya bermain nya sangat aman dan lancar, tidak ada kendala sama sekali, tetapi pas update ke Versi 2,5, kenapa sangat sangat hancur? banyak bug, banyak kendala nya seperti device (Handphone) tidak lancar ketika sedang dimainkan, padahal sebelumnya saya memainkan nya sangat lancar. tolong di perbaiki lagi secepatnya... saya sangat terganggu di bagian ""device tidak lancar ketika sedang dimainkan"", sering nge freeze",developer main rilis main aman lancar tidak kendala pas update versi hancur bug kendala device handphone tidak lancar main main lancar tolong baik cepat ganggu device tidak lancar main nge freeze,Negative,Negative
"menurutku ini game keren abis, gila pokoknya, tapi ya.....buat kalian semua, harus siapkan device yg mumpuni...... sekian",turut keren habis gila pokok yabuat siap device mumpuni sekian,Negative,Negative
dimohon untuk optimalisasi,mohon optimalisasi,Negative,Negative
"game nya baik banget jir, tenks hoyo🌹",jir tenks hoyo,Negative,Negative
lumayan lh tolong di perbaiki lagi ya masalah pada bertarungnya,lumayan tolong baik tarung,Negative,Negative
"kebanyakan character cwe dibandingkan cwo apalagi character yg terbuka, kalo ada character cwo dibikin normal kyk manusia jngn aneh-aneh , banyakin character cwo yg op and skin buat character cwo plis ya HOYO yg main zzz g cm cwo tp cwe jg, sama ngasih polychrome jangan pelit",banyak character cewek banding cowok character buka character cowok bikin normal manusia jangan anehaneh banyak character cowok op and skin character cowok plis hoyo tidak cowok cewek asih polychrome jangan pelit,Negative,Negative
"Well done. Dimensity 6080 tidak ada keluhan patah patah(ada sih walaupun sedikit)😹👍🏽 Kalo bisa gacha nya gampangin dong :v, setiap gua main Game gacha musti ampas mulu hoki nya njirr😔🥀🥀",well done dimensity tidak keluh patah patahada gacha gampangin gua gacha musti ampas mulu hoki anjir,Negative,Negative
bansos nya banyak banget jadi suka deh gk kayak game sebelah,bansos suka deh tidak belah,Negative,Negative
comeback,comeback,Negative,Negative
dulu gamenya tidak bisa di mainkan karena tidak kompatibel sekarang sudah bisa tapi ada beberapa masalah berupa bug bayangan yang menutup wajah tapi tidak terlalu hitam jadi tidak di permasalahkan dan permainan masih bisa di mainkan dengan lancar sekarang bug bayangan yang menutup seluruh wajah sudah teratasi tetapi selalu layar handphone saya freeze di gamenya dan tidak bisa lanjut bertarung itu membuat saya gagal menjalankan misinya tolong di perbaiki segera,tidak main tidak kompatibel bug bayang tutup wajah tidak hitam tidak masalah main main lancar bug bayang tutup wajah atas layar handphone freeze tidak tarung gagal jalan misi tolong baik,Negative,Negative
GAME BAIKK GA KEK WUWELEKK,tidak wuwelekk,Negative,Negative
banyak bansos ya masa gk bintang 5,bansos tidak bintang,Negative,Negative
kenapa tidak support di MediaTek Dimensity 7025?,tidak support mediatek dimensity,Negative,Negative
"game ini menyediakan gameplay dan story yang sangat menarik, namun sayangnya semua hal itu tidak dibarengi dengan optimisasi yang baik untuk hp menengah kebawah... dari pengalaman gwah dan temen temen gwah yg udah nyoba ni game tu berad dan ga stabil banget fps nya bahkan untuk hp kelas menengah, semoga selanjutnya optimisasi game ini lebih diperhatikan.",sedia gameplay story tarik sayang tidak bareng optimisasi hp tengah bawah alam gwah teman teman gwah coba rad tidak stabil fps hp kelas tengah moga optimisasi perhati,Negative,Negative
"lebih optimalisasi lagi di mobile, krn belakangan banyak keluhan terutama kudu hapus file vulkan dlu baru lancar",optimalisasi mobile keluh kudu hapus file vulkan lancar,Negative,Negative
Mantep udah makin optimal di 7s gen2 yang masuk kategori chipset mid tapi ttp libas dan nga gampang panas moga aja next update makin stabil,mantap optimal gen kategori chipset mid libas tidak gampang panas moga next update stabil,Negative,Negative
"padahal udah UFS , tapi loading LAMAAAA",ufs loading,Negative,Negative
thanks hoyo ga pernah kalah rate off aku di game ini,thanks hoyo tidak kalah rate off,Negative,Negative
tolong lebih di optimalkan lagi di device mid range kebawah,tolong optimal device mid range bawah,Negative,Negative
bagus sih tapi gamenya buat ngantuk padahal gamenya bagus banget dan combatnya dikit banget gamenya fokus ke cerita doang lalu kebanyakan event yang menceritakan cerita yang panjang dan hadiah yang kurang banyak,bagus ngantuk bagus combatnya dikit fokus cerita doang banyak event cerita cerita hadiah kurang,Negative,Negative
"loading nya kebanyakan dan kelamaan, entahlah device gw yang ampas ,tapi game lain aman aja",loading banyak device ampas aman,Negative,Negative
"sebenarnya zzz awalnya bagus waktu storynya belum sampai suibian temple (versi 2.0),karena menurutku latar dari gamenya jadi berubah semenjak suibian temple muncul yang awalnya berlatar masadepan jadi fantasy dan sihir sihir,padahal awalnya aku tertarik sama zzz karena latarnya yang bercerita dimasadepan soalnya aku sudah bosen sama game yang berlatar fantasy dan sihir.",bagus waktu storynya belum suibian temple versi turut latar ubah semenjak suibian temple muncul latar masadepan fantasy sihir sihirpadahal tarik latar cerita dimasadepan bosan latar fantasy sihir,Negative,Negative
"Jujur, ini game terbaik yang pernah gw mainin. gameplay nya asik, story nya ngena bgt pernah ampe nangis, design karakter nya juga cakep"" dan game ini ga pelit"" klo kasih hadiah, pokoknya the best. sayangnya harus hapus game ini karena hp udah ga kuat. next time klo kebeli hp yg lebih mendukung, aku bakal main lagi sih",jujur baik mainin gameplay asik story ngena menang design karakter cakep tidak pelit kasih hadiah pokok the best sayang hapus hp tidak kuat next time kebel hp dukung,Negative,Negative
"Setiap login pasti selalu force close saat di tampilan login saya pakai Snapdragon 888 5G, semoga bug nya cepat diperbaiki agar gamenya bisa dimainkan dengan normal",login force close tampil login pakai snapdragon tidak moga bug cepat baik main normal,Negative,Negative
"Salah satu game hoyo yg gw suka selain hsr, gameplay nya seru BANGET, musik dalam game juga bikin gw betah, story game ini absolute cinema-ada bagian yg lucu dan serius jdi nya gk ngebosenin, cutscene keren gila, animasi karakter smooth parah, translate bahasa indonya gaul dan gk kaku😹. Kekurangannya game ini cukup berat, terkadang ada framedrop pas lawan musuh jdinya mengurangi pengalaman dalam bermain, apa solusinya klo fps drop? Upgrade hp🗿",salah hoyo suka hsr gameplay seru musik bikin betah story absolute cinemaada lucu serius tidak ngebosenin cutscene keren gila animasi karakter smooth parah translate bahasa indonya gaul tidak kaku kurang berat terkadang framedrop pas lawan musuh jdinya kurang alam main solusi fps drop upgrade hp,Negative,Negative
"Game dengan combat yang sangat menarik, dan animasi yang gerakannya tidak kaku, kemudian reward yang tidak kikir, saya suka game ini",combat tarik animasi gera tidak kaku reward tidak kikir suka,Negative,Negative
"bagus, bansos bnyk,sp selalu ada dawei nggak kayak benshin, tapi tolong lah percuma bansos banyak kalah pity 81 Lucia taik monyet,Prem yx gw nggak jdi taik,mana di hp ngelag"" semenjak 2.0 taik",bagus bansos bnyksp dawei tidak benshin tolong bansos kalah pity lucia tahi monyetprem yx tidak taikmana hp ngelag semenjak tahi,Negative,Negative
keseluruhan game bagus tetapi ada kekurangan di bagian optimalisasi rendering.player terlalu terbebani dengan detail yg terlalu banyak di mobile,bagus kurang optimalisasi renderingplayer beban detail mobile,Negative,Negative
jelek anjir banyak bugnya,jelek anjir bugnya,Negative,Negative
"gamenya bagus,meskipun hp gua kentang tapi gua bisa main dgn lancar tanpa leg sedikitpun( kecuali KLO hp gua udah panas ),meskipun grafiknya rendah yg penting lancar, gaskeun main guys",bagusmeskipun hp gua kentang gua lancar tanpa leg sedikit kecuali hp gua panas grafik rendah lancar gaskeun guys,Negative,Negative
"game ini adalah SALAH SATU game action rpg yang menurut gw terbaik, terutama dari segi actionnya nya, visual actionnya dan animasi saat actionnya udah bagus banget, apalagi dari segi cerita yang paling nggak bisa bikin ngehook untuk terus dimainin. Tapi ini dia yang menjadi kekurangan dari game ini, yaitu optimalisasi game, sayangnya bagian ini menjadi kekurangan yang menurut gw harus ditindaklanjuti oleh mihoyo, karena bisa memengaruhi experience dalam bermain.",salah action rpg baik segi actionnya visual actionnya animasi actionnya bagus segi cerita tidak bikin ngehook dimainin kurang optimalisasi sayang kurang ditindaklanjuti mihoyo pengaruh experience main,Negative,Negative
"makin berat di setiap update, terutama sistem map baru, ngeleg parah.",berat update sistem map ngeleg parah,Negative,Negative
"berniat ingin kembali bermain malah sering restart, perangkat saya ROG 8, bermain game lain aman, hanya game ini 🥲",niat main restart perangkat rog main aman,Negative,Negative
wise has a more Harem than aether at this point lol.,wise has more harem tahan aether at this point lol,Negative,Negative
untuk gamenya bagus tapi kurangi segi grafik dan ini sangat menganggu saya main dan itu saja keluhan saya,bagus kurang segi grafik menganggu keluh,Negative,Negative
"Game nya lumayan lancar di hp dengan chipset Snapdragon 7 gen 1 meskipun make grafik semi-medium, moga bisa lebih dikembangkan lagi fitur2 lainnya",lumayan lancar hp chipset snapdragon gen pakai grafik semimedium moga kembang fitur,Positive,Negative
"Permisi ini game knp bnyk sekali bug nya abis update,astaga.",permisi bug habis updateastaga,Negative,Negative
"zzz dev is so kind to player, but please its so laggy, i hope they can fix it on future update.",dev is sok kind player but please its sok laggy hope they can fix on future update,Negative,Negative
"sebenernya Kesel sih Sama Bos"" baru Yg Secara Gk Langsung NgePowercreep Agent"" lama Dulu Miyabi C3 sign Op bet Sebelum Muncul varian Bos yg punya Miasma"" Sekarang beneran Gk Bisa asal Nabrak"" pake miyabi lagi, Tapi Karena Game Ini Baik Gpp lah Gua Kasih B5, Ty Agent"" sama engine freenya wkwk",kesel bos tidak ngepowercreep agent miyabi sign op muncul varian bos miasma benar tidak nabrak pakai miyabi tidak apa gua kasih ty agent engine freenya wkwk,Negative,Negative
optimalisasi yang buruk,optimalisasi buruk,Negative,Negative
thanks hoyo gacha ku gapernah kalah rate off di game ini,thanks hoyo gacha ku tidak kalah rate off,Negative,Negative
"game nya bagus, tapi masih ada bugnya,,, dan alur cerita yang menarik..",bagus bugnya alur cerita tarik,Negative,Negative
saya harap gamenya lebih di optimalisasi untuk infinix GT30 pro,harap optimalisasi infinix pro,Negative,Negative
meskipun Suka Ngelag tapi overall gamenya lebih bagus dibanding Game hoyoblainnya build karakternya juga gampang Keren dah pokoknya,suka ngelag overall bagus banding hoyoblainnya build karakter gampang keren deh pokok,Negative,Negative
"game terbaik game action RPG dengan gaya bermain hack and Slash bener bener unik,gamenya seru dan sistem gachanya kgk pelit cuman rada grinding ajah, overall recommended (di naga 7 gen 3 sih gamenya lancar, klo dibawah itu harusnya bisa juga tapi grafiknya turunin)",baik action rpg gaya main hack and slash unikgamenya seru sistem gachanya tidak pelit cuman rada grinding overall recommended naga gen lancar bawah grafik turunin,Negative,Negative
main pake chipset dimensity 8350 pake setingan rata kiri fps masih ngedrop. fix apk nya yg bermasalah,pakai chipset dimensity pakai ting rata kiri fps ngedrop fix apk masalah,Negative,Negative
"ga banget komano manato dijadiin rank A doang, stop hp inflation",tidak komano manato jadi rank doang stop hp inflation,Negative,Negative
game ini kenapa sangat berat untuk dimainkan? Saya sudah ubah ke grafik rendah tapi masih sering framedrop dan itu sangat menganggu kenyamanan bermain saya. saya bermain genshin impact dan honkai starrail di grafik medium tidak ad frame drop tpi kenapa hanya zzz yang tidak bisa dijalankan dengan lancar. device yang saya gunakan sudah cukup kuat yaitu iqoo Z9 dengan Snapdragon 7 gen 3,berat main ubah grafik rendah framedrop menganggu nyaman main main genshin impact honkai starrail grafik medium tidak frame drop tidak jalan lancar device kuat iqoo snapdragon gen,Negative,Negative
gak bisa masuk ke game server reconnect mulu padahal ping udah bagus,tidak server reconnect mulu ping bagus,Negative,Negative
berat,berat,Negative,Negative
tetap semangat walaupun rating tidak bagus cepat update ya😁😁😁😁,semangat rating tidak bagus cepat update,Negative,Negative
game nya perfect semua tapi di tengah cerita game nya Ngefrezee dan berhenti. saya pengguna redmi note 14 5G agak kecewa tiba2 game berhenti dan tidak bisa di main kan.,perfect tengah cerita ngefrezee henti guna redmi note tidak kecewa henti tidak,Negative,Negative
"kekurangannya cuma karakter malenya ga banyak, tpi dri segi cerita dan visual udah bagus bangett, ga pelit resources juga",kurang karakter male tidak segi cerita visual bagus tidak pelit resources,Negative,Negative
"Force close, udh cek dan perangkat kompatible",force close cek perangkat kompatible,Negative,Negative
susah amat sih masuk game. di suruh ngulang ulang terus di loby padahal buka browser aja kuat dan buka game lainnya aja bisa. kecuali hsr terkadang sulit tapi ini udah pakai paketan tidak bisa,susah suruh ngulang ulang loby buka browser kuat buka kecuali hsr terkadang sulit pakai paket tidak,Negative,Negative
Aku sayang Jane🥰🥰🥰,sayang jane,Negative,Negative
"Game nya udh bagus kok sekarang juga udh ga sepatah patah dulu,lancar malah cuma boleh kali dikasih dailyn sama lucia",bagus tidak patah patah dululancar kasih dailyn lucia,Negative,Negative
Tolong hoyo gamenya di optimalkan lagi dan loading jangan lama lama,tolong hoyo optimal loading jangan,Negative,Negative
"please create character rank S, with corin personality, i just like her, but i can't carry her in high difficult 😭🤧",please create character rank with corin personality just like her but cant carry her high difficult,Negative,Negative
"rata rata yang retting 1 karna patah"" dan yang lainnya,padahal bukan salah game nya",rata rata retting patah lainnyapadahal bukan salah,Negative,Negative
"hard pity, pull 80x aja masi belum dapet liat tuh hsr ga berat berat amat",hard pity pull belum tuh hsr tidak berat berat,Negative,Negative
game ini sangat bagus tapi bisa gak pengunduh datanya bisa di batasi untuk handphone Snapdragon,bagus tidak unduh data batas handphone snapdragon,Negative,Negative
"Optimalisasi gamenya sangat buruk, gameplay suka patah patah, membuat gamplay tidak nyaman, tidak seperti game sebelah",optimalisasi buruk gameplay suka patah patah gamplay tidak nyaman tidak belah,Negative,Negative
"gak optimal, masa SD 8s gen 3 masih frame drop",tidak optimal sd gen frame drop,Negative,Negative
"I'm disappointed with this game now. What makes me disappointed is that the enemies are getting harder to fight. It feels like every time there is an update, the enemies are getting stronger! And that makes this game hard to play. And that makes it difficult for players who play for free like me, I've been playing this game since the beginning of the release and now I'm disappointed! Please fix it",im disappointed with this now what makes me disappointed is that the enemies are getting harder fight feels like every time there is an update the enemies are getting stronger and that makes this hard play and that makes difficult for players who play for free like me ive been playing this since the beginning of the release and now im disappointed please fix,Negative,Negative
"tolong ini konten end game terlalu susah untuk perfect clear, musuh boss terlalu keras dan mekanik terlalu cepat. susah sekali mendapatkan reward akhir.",tolong konten end susah perfect clear musuh bos keras mekanik cepat susah reward,Negative,Negative
unduh data nya gak ngotak jir mask 27GB,unduh data tidak ngotak jir mask gb,Negative,Negative
"knp harus terua rate off,, baru sekali rate on langsung rate off lagi mana hard pity trs bannernya kenapa diilangin 1 hari sebelum pergantian banner!?!?!? knp ga kaya honkai starrail",rua rate off rate on rate off hard pity bannernya diilangin ganti banner tidak honkai starrail,Negative,Negative
main sejak 1.0 hingga saat ini storynya sangat absolute cinema,storynya absolute cema,Negative,Negative
Narasi anomali di luar nurul dengan polesan grafis Magnetik Spirit bernostalgia ....,narasi anomali nurul poles grafis magnetik spirit nostalgia,Negative,Negative
"game nya bagus bangets,seru dan story ny menarik.Tapi plis hoyo berikan saya kehokian pas gacha kalah rate off mlu🤭🤭",bagus bangetsseru story menariktapi plis hoyo hoki pas gacha kalah rate off melulu,Negative,Negative
"game nya bagus grafik juga bagus banget,tapi ini sistem gachanya kenapa sulit banget buat kita mendapatkan karakter sss sekalian dapat ss malah bukan karakter yang kita incar munculnya malah karakter lain,dari gw pertama kali download zzz ini gw entah sudah berapa banyak buat gacha mendapatkan karakter Ellen Joe gak dapat dapat lain kali di diperbaiki gw juga kesel aja gak dapat karakternya",bagus grafik bagus bangettapi sistem gachanya sulit karakter ss bukan karakter incar muncul karakter laindari download gacha karakter ellen joe tidak baik kesel tidak karakter,Negative,Negative
gelap,gelap,Negative,Negative
game banyak bug. sering crash pas combat dan story. pas pencet ulti nge crash. tolong diperbaiki,bug crash pas combat story pas pencet ulti nge crash tolong baik,Negative,Negative
the game getting unplayable ini each update itu frame drop and frezze everytime in my phone samsung A54. please hoyo devs optimize this game more so we all can enjoy it again,the getting unplayable each update frame drop and frezze everytime my phone samsung please hoyo devs optimize this more sok we all can enjoy again,Negative,Negative
"Nih buat yg ngeleg ngeleg gtau ya, di hp ku Dimensity 8350 emng ngelag dan frame drop pas baru login nah itu keluar dulu dari game nya trus masuk lagi, jendela nya jangan dihapus baru bisa lancar 60fps+",ngeleg ngeleg tidak tau hp ku dimensity ngelag frame drop pas login jendela jangan hapus lancar fps,Negative,Negative
makin ngeleg ga dioptimalkan,ngeleg tidak optimal,Negative,Negative
saat terjadi update sering kali mengalami lag dan freeze,update alami lag freeze,Negative,Negative
"dari daily, weekly, semua quest ringan, panduan buat pemula juga jelas, mudah dimengerti . farming material karakter juga mudah, ada rekomendasi untuk pemula, advance, hingga tingkat kompe. walaupun disarankan memakai device yang mendukung, tapi untuk kenyamanan gameplay cukup nyaman untuk device kentang. bagi gamers yang tidak nyaman open world luas, penyelesaian puzzle yang rumit, quest yang berbelit Belit, game ini sangat recommended. dan yg terpenting, gamenya banyak bansos :D #zzzgamebaik!",daily weekly quest ringan pandu mula mudah erti farming material karakter mudah rekomendasi mula advance tingkat kompe saran pakai device dukung nyaman gameplay nyaman device kentang gamers tidak nyaman open world luas selesai puzzle rumit quest belit belit recommended penting bansos,Negative,Negative
waktu awal rilis pernah main ini game dan emg asik tapi download lagi skrg malah sering crash,waktu rilis asik download crash,Negative,Negative
bisu,bisu,Negative,Negative
"tolong untuk developer bisa diperbanyak char cowo nya, kalo bisa kakak nya shungguan di jadiin Playable karena char cowo tipis, dan sama sekali ga kepake disaya jadi dimohon perbanyak char cowo yang dapat menggeser sedikit char cewe yang high popularity saat ini🙏🏻",tolong developer banyak char cowok kakak shungguan jadi playable char cowok tipis tidak kepake saya mohon banyak char cowok geser char cewek high popularity,Negative,Negative
"sistem gachanya sangat ampas ,selalu dapat di hard pity 80 ,itu pun gk pernah menang rate off ,terkadang game nya juga sering frame drop. tolong di optimalkan lagi sistem gachanya ,jangan terlalu pelit jadi developer",sistem gachanya ampas hard pity tidak menang rate off terkadang frame drop tolong optimal sistem gachanya jangan pelit developer,Negative,Negative
aduh jadi game kok baik banget sih,aduh,Negative,Negative
"when i update the game the game was very leg and the game have a new problem is the dubbing is gone and is full of bug, i hope dev can handle about the bug and repair any problem in the game thank you.",when update the the was very leg and the have new problem is the dubbing is gone and is full of bug hope dev can handle about the bug and repair any problem the thank you,Negative,Negative
"ini yg komen lah / fram drop , perasaan gw yg chipset g100 aman aja di settingan medium",komen fram drop asa chipset tidak aman settingan medium,Negative,Negative
saya dulu bermain game ini aman aman saja tetapi setelah saya sudah lama tidak bermain dan kembali dengan device yg lebih baik malah framedrop parah padahal dulu g seframedrop ini sama yg merasakan bug lagging ini kebanyakan user Xiaomi sama seperti saya yang memakai redmi note 14 5g,main aman aman tidak main device framedrop parah tidak seframedrop rasa bug lagging banyak user xiaomi pakai redmi note tidak,Negative,Negative
game sempurna,sempurna,Negative,Negative
"kok optimisasi nya drop yah, sejak update patch 2.0 sering drop parah padahal di versi 1.- gk ada masalah sama sekali...",optimisasi drop update patch drop parah versi tidak,Negative,Negative
"optimalisasi nya kurang masa tiap habis update pada misi story sering patah patah, hapus data vulkan juga percuma, tolong lah mihoyo untuk optimalisasi nya ditingkatkan setiap habis update, biar semua playernya pada seneng..",optimalisasi kurang habis update misi story patah patah hapus data vulkan tolong mihoyo optimalisasi tingkat habis update biar playernya senang,Negative,Negative
2.4 Tidak Ada Suara VA Karakter,tidak suara va karakter,Negative,Negative
Bisu,bisu,Negative,Negative
"Bansos nya banyak sih tapi gacha akun saya ampas, gk pernah menang rate off",bansos gacha akun ampas tidak menang rate off,Negative,Negative
"tambahkan fps unlimited di mobile, fitur zoom in zoom out pada karakter",tambah fps unlimited mobile fitur zoom zoom out karakter,Negative,Negative
"abis update 2.4 lag parah, patah patah",habis update lag parah patah patah,Negative,Negative
"cara biar gak lag main gamenya, usahakan jangan download game yang lain yang mungkin makan cpu dan GPU. cukup main 2game aja, dipastikan game zzz gak bakal lag dan juga jangan main game kayak Naruto di emulator kayak Yuzu, masuk ke zzz jadi lag parah alhasil di restart pabrik dan download ulang zzz dan memainkannya jadi lancar lagi mainnya. jadi kalau mau main game lain selain zzz ya jangan download game yang berat berat yang makan cpu atau gpu karna pastinya cachenya yang berat makan ram",biar tidak lag usaha jangan download makan cpu gpu tidak lag jangan naruto emulator yuzu lag parah alhasil restart pabrik download ulang main lancar main jangan download berat berat makan cpu gpu pasti cachenya berat makan ram,Negative,Negative
"please Ye Shiyuan Playeble, Anti Void Hunters",please ye shiyuan playeble anti void hunters,Negative,Negative
"optimistis yang sangat buruk di update kali ini, saya tidak dapat masuk kedalam game setelah saya melakukan update. saya sangat kecewa sekali tentang beberapa suara karakter tidak ada atau bisu, sebagai sebuah game story ini sayang mengecewakan. saya berharap hal ini segera di perbaiki agar saya dapat menikmati story dari game ini.",optimistis buruk update tidak dalam update kecewa suara karakter tidak bisu story sayang kecewa harap baik nikmat story,Negative,Negative
beberapa dialog untuk voice jp hilang,dialog voice jp hilang,Negative,Negative
"game ampas ,ada event character baru gacha ampas mending gak usah ada rilisan char baru n tutup aja gamenya",ampas event character gacha ampas mending tidak rilis char tutup,Negative,Negative
game pelit dan terlalu pay to win,pelit pay win,Negative,Negative
"kenapa loading pas keluar gedung atau tempat selalu lama, saran sih kalo cuman keluar gedung gak perlu loading sih kecuali keluar area",loading pas gedung saran cuman gedung tidak loading kecuali area,Negative,Negative
jangan pakai hp kentang hehe,jangan pakai hp kentang hehe,Negative,Negative
makin hari makin ngelag,ngelag,Negative,Negative
"Game nya gokil sih ini. battle nya gak ngebosenin, story juga cukup bagus🗿👌 paling butuh event interaksi bareng player lain, entah itu pake Bangboo/Agen yang dipilih, pasti bakal lebih bagus",gila battle tidak ngebosenin story bagus butuh event interaksi bareng player pakai bangbooagen pilih bagus,Negative,Negative
"aku memainkan game ini dari patch 1.1, banyak sekali perubahan dalam game ini. aku memberi tau seberapa bagus game ini dari segi visual,gameplay serta story. akhirnya teman aku tertarik dengan game ini. membuat teman aku ingin memasukan karakter yang dia imajinasikan dalam game ini juga. karena, baru pertama kali teman aku mencoba game bertema anime sebagus ini. semangkin update game ini teman aku mulai tidak tertarik lagi dari segi konten game ini, merasa game ini lebih mengedepankan fanservice",main patch ubah tau bagus segi visualgameplay story teman tarik teman pasu karakter imajinasi teman coba tema anime bagus semangkin update teman tidak tarik segi konten depan fanservice,Negative,Negative
"Gamenya Keren, Cakep, Mantap... Karakternya desainnya bagus semua ga ada yang kurang... Cuman kenapa ZZZ makin update makin ngelag ya... Hp gua penyimpanannya masih banyak tapi kok Lag banget ya... Tolong optimalkan lagi Hoyoverse",keren cakep mantap karakter desain bagus tidak kurang cuman update ngelag hp gua simpan lag tolong optimal hoyoverse,Negative,Negative
game nya gak optimal sering frame drop hp panas snapdragon 860 aja bisa freeze tolong optimalkan lagi buat snapdragon 860,tidak optimal frame drop hp panas snapdragon freeze tolong optimal snapdragon,Negative,Negative
pity gua tinggi mulu yeee !!!!!!!!,pity gua tinggi mulu ye,Negative,Negative
"Gak kuat hp ku Wak, intinya bisa rata kiri grafik nya tapi tetap saja hp ku selalu overheat main ni game, tapi aku suka gameplay nya",tidak kuat hp ku wak inti rata kiri grafik hp ku overheat suka gameplay,Negative,Negative
Tolong perbaiki suara karakter ZZZ yang ngebug/hilang saat update patch sekarang developer. Tolong banget urgent nih 🙏🙏🙏,tolong baik suara karakter ngebughilang update patch developer tolong urgent,Negative,Negative
Tolong bisu nya ditambal,tolong bisu tambal,Negative,Negative
"gamenya bagus,no komen. itu klo ada yg ulasannya tentang device gk mendukung/ frame drop trus gk ush main,klo emng hp klen gk mendukung jangan maksa trus ulasannya jelek. itu hp klen yg kentang🥔",bagusno komen ulas device tidak dukung frame drop tidak mainklo hp tidak dukung jangan maksa ulas jelek hp kentang,Negative,Negative
Kecewa berat,kecewa berat,Negative,Negative
no comment ABSOLUTE CINEMA,no comment absolute cema,Negative,Negative
"game nya baik banget 🥰😹 gacha nya bagus terus🤑,paling untuk kritik daily nya yang lumayan cepet dah itu aja",gacha bagus teruspaling kritik daily lumayan cepat deh,Negative,Negative
"jp, en, kr lost the voicelines for the update, what the hell ?",jp en lost the voicelines for the update what the hell,Negative,Negative
"Yang masih Ngelag/ Framedrop, Coba deh ke Pengelolaan File, Pilih Android, Pilih Data, Cari dan Pilih yang Tulisan com.HoYoverse.Nap , Pilih files, Scroll ke bawah, ada yang namanya ""vulkan_pso_cache-cache.bin"" Dan ""vulkan_pso_cache.bin"" Hapus dulu Kedua file ini, lalu Login Ulang ke Gamenya, Nanti bakal Mengkompilasi Shader Ulang, Setelah itu Game bakal lebih Lancar, Lakukan Setiap Setelah Update Patch Biar Game Lancar Terus. Semoga Berhasil😅",ngelag framedrop coba deh kelola file pilih android pilih data cari pilih tulis comhoyoversenap pilih files scroll nama vulkanpsocachecachebin vulkanpsocachebin hapus file login ulang kompilasi shader ulang lancar laku update patch biar lancar moga hasil,Negative,Negative
tidak hp saya tidak bisa memainkan game ini dikarenakan tidak mendukung hp saya😭😭😭,tidak hp tidak main tidak dukung hp,Negative,Negative
gabisa login,tidak login,Negative,Negative
"lovee for this game, storynya ok, terutama fitur2nya, plg brguna fitur skip sih wkwk. Oh ya belakangan ini jg lg ada bnyk bug stlah update 2.0 terutama dimap terbaru. Kadang nembus pas lg lwn ethereal, keluar dr map, stuck dibawah map :) pls fix it. Frame srg ngdrop pdhl udh pke settingan terendah :( kecewa engga di fix²",lovee for this storynya ok fiturnya pulang brguna fitur skip wkwk oh bug stlah update map baru kadang nembus pas lwn ethereal map stuck bawah map pls fix frame srg ngdrop pakai settingan rendah kecewa tidak fix,Negative,Negative
"zzz tolong kalau bikin karakter jangan kebanyakan cewek, gw sebagai cowok juga ingin punya karakter cowok, masak cewek lebih kuat dibandingkan cowok. terus kalau bikin karakter itu jangan seperti fantasi, sewajarnya saja layaknya manusia, terus file vulkan dulu kayaknya cuman 1 sekarang 2 jadi tambah berat, padahal chace vulkan di hp ga bisa nyimpan sebanyak 512mb chace vulkan tersebut, makanya lag parah, jadi tolong di fix kurangi chace nya, dan jangan bikin karakter cewek lagi, udah muak parah",tolong bikin karakter jangan banyak cewek cowok karakter cowok masak cewek kuat banding cowok bikin karakter jangan fantasi wajar layak manusia file vulkan kayak cuman berat chace vulkan hp tidak nyimpan mbak chace vulkan lag parah tolong fix kurang chace jangan bikin karakter cewek muak parah,Negative,Negative
sistem gachanya tolol selalu hard pity giliran dapet malah char/wp dri banner standar,sistem gachanya tolol hard pity gilir charwp banner standar,Negative,Negative
"please hoyoverse fix and optimize this game on mobile version. I play this game with my Poco x7 pro always laggy and frame drop. but if i play other game like WW (you know that game) which is heavier when running, my phone can handle it and never laggy or frame drop. zzz is a good game so please this is my advice to you optimize mobile version of this game. hope you read this review. thx",please hoyoverse fix and optimize this on mobile version play this with my poco pro always laggy and frame drop but if play other like ww you know that which is heavier when running my phone can handle and never laggy frame drop is good sok please this is my advice you optimize mobile version of this hope you read this review thx,Negative,Negative
"game ini tidak disarankan untuk bermain di mobile karena kendala frame drop, mending bermain di laptop gaming/PC lebih smooth dan lancar ketimbang di mobile",tidak saran main mobile kendala frame drop mending main laptop gamingpc smooth lancar ketimbang mobile,Negative,Negative
"thanks gw sudah bermain sampai pre register juga, now gw cape, pensi. team hoyo sama aja.",thanks main pre register now capek pensi team hoyo,Negative,Negative
"Sebenarnya kalain ngapain aja sih!? Ngurus game baru lagi?? Ini user mobile pada ngeluh bug optimalisasi atau hot fix buat crash dari v2.0 masih aja tutup telinga. Heran aku, mau menikmati game aja harus pindah ke pc dulu.",kalain urus user mobile ngeluh bug optimalisasi hot fix crash tutup telinga heran nikmat pindah pc,Negative,Negative
"infinix gt 30 pro lag cuman 20 fps, padahal kemarinnya lancar aj",infinix pro lag cuman fps kemarin lancar,Negative,Negative
"I don't know if its just me, but in my phone this game is uplayable, and I have decent enough phone to be able to run freaking Delta force with high setting for 30 fps, but this game just freeze, maybe its just an optimization issue or something, either way its annoying",dont know if its just me but my phone this is uplayable and have decent enough phone be able run freaking delta force with high setting for fps but this just freeze maybe its just an optimization issue something either way its annoying,Negative,Negative
render susu 1gb perkarakter,render susu gb karakter,Negative,Negative
"tolong dong buat ZZZ nya tombol skip video nya dibikin agak naik ke atas, soalnya ngalangin video, ga enak nonton nya, meskipun cuman secuil, tapi tetep aja ada yang ngehalangin, rasa nya ga puas pas nonton, tolong yaa ZZZ bikin tombol skip video nya di naikin ke atas supaya ga nutupin bagian kecil video cutscene nya, dan kalo bisa pake alternatif lain kaya tap 2 kali dilayar buat memicu skip.",tolong tombol skip video bikin ngalangin video tidak tonton cuman cuil ngehalangin tidak puas pas tonton tolong bikin tombol skip video naikin tidak tutup video cutscene pakai alternatif tap layar picu skip,Negative,Negative
lag,lag,Negative,Negative
aku memutuskan menyerah device udah gak kuat😭😭,putus serah device tidak kuat,Negative,Negative
"worth it di hape tecno spark 30c dawg... gak ngeleg, setingan rendah juga oke",worth hape tecno spark dawg tidak ngeleg ting rendah oke,Negative,Negative
"apa ini kalah sama honkai impact, honkai impact aja gak nge frame masak ini lag banget kocak",kalah honkai impact honkai impact tidak nge frame masak lag kocak,Negative,Negative
tolong untuk zzz di patch kedepan ngelag dan freme dropnya dikurangi.,tolong patch depan ngelag freme drop rang,Negative,Negative
"untuk masalah ""lag"" kok tambah parah ya?!! mohon di optimalkan lagi!!! baru main 10 menit sudah nge-frezee, burnout, kalo di paksain bisa hancur HP ane 🤬🤬 btw ane pake snapdragon 8+ gen 2",lag parah optimal menit ngefrezee burnout paksa hancur hp ane btw ane pakai snapdragon gen,Negative,Negative
dari segi game oke aja cuma spek hp ku cuma ram 6 terlalu berat main ini game jadi maaf kalau ranting nya rendah,segi oke spek hp ku ram berat maaf ranting rendah,Negative,Negative
hoyoverse tolong buatin zenless zone zero yang cloud juga kayak genshin impact makasih,hoyoverse tolong zenless zone zero cloud genshin impact terima kasih,Negative,Negative
HP Menengah ke bawah sakit buat game ini,hp tengah sakit,Negative,Negative
"Grafis mantep, Story mantep, Animasi smooth parah, cuma kurang di optimisasi gua pake Poco F6 dulu maen smooth 60 fps tapi tiap ganti versi jadi sering drop 40 fps bahkan 30 fps, dan gua juga maen di Pc gtx 1660 super, kurang nya pas jalan jalan di Lumina square dan Failume heights lag parah cuma dapet 30 fps doang tolong di optimisasi lagi apalagi map map yang luas kadang frame drop.",grafis mantap story mantap animasi smooth parah kurang optimisasi gua pakai poco smooth fps ganti versi drop fps fps gua pc gtx super kurang pas jalan jalan lumina square failume heights lag parah fps doang tolong optimisasi map map luas kadang frame drop,Negative,Negative
gamenya aneh bnyk bug,aneh bug,Negative,Negative
"Mau di Hi3, Gi dan skrng ini. Hard pity + rate off.... Klo begini mending pensi. Kesannya kek gw di siksa sama devloper Hadeh Overall game bagus sih jdi gw tetap main. Tapi, ayolah mihoyo tolong kebaikannya sedikit saja 🙏😭🙏 dan yeap. terjadi lagi di bener yidhari. di pity 81 dan rate off. dah lah pensi ajh",hi gi hard pity rate off mending pensi kesan siksa devloper hadeh overall bagus ayo mihoyo tolong baik yeap yidhari pity rate off deh pensi,Negative,Negative
game rusak sering reboot system device gara² game ginian,rusak reboot system device gara,Negative,Negative
"aku rela ganti device hp setiap bulan buat mainin gamenya hoyo, entah kenapa ada sesuatu yang hilang sama ciri khasnya waktu awal rilis dengan sekarang, tapi gatau apa yg hilang.. vibesnya sudah mulai berbeda sejak 1.8, mungkin aku rindu dengan vibes zzz dulu yang lebih mirip City punk tapi sekarang lebih ke Fantasy, semoga zzz bisa memunculkan vibes nya yang dulu, karena itu adalah alasan ku bermain zzz.. oh iya... kapan harumasa rerun 🥲 semangat! semoga zzz menjadi game yang makin memukau!",rela ganti device hp mainin hoyo hilang ciri khas waktu rilis tidak tau hilang vibesnya beda rindu vibes city punk fantasy moga muncul vibes alas ku main oh iya harumasa rerun semangat moga pukau,Negative,Negative
Game ini sungguh menyenangkan apalagi battlenya sama storynya gak bikin ngebosenin cuman minesnya game ini hanya bisa dimainkan sama device tertentu tapi gak papa kita harus terus dukung developernya agar bisa mengembangkan game ini jadi lebih baik lagi!!!,sungguh senang battlenya storynya tidak bikin ngebosenin cuman mes main device tidak papa dukung developer kembang,Negative,Negative
game Baik gk pelit bansos,tidak pelit bansos,Negative,Negative
"Tolong Untuk Developer di optimalisasikan lagi game nya, dikarenakan masih sering terjadi nya frame drop di saat lagi battle",tolong developer optimalisasi frame drop battle,Negative,Negative
"semenjak update versi 2.0 suka tiba2 lag atau patah2. Mungkin karena HP saya (poco F6 12/512) memori full atau cache berlebih. setelah coba kosong kan memori, masih sama. search google, seharusnya HP saya masih Mumpuni untuk bermain. sudah setting rendah semua, masih sama. semoga ada solusi ya 🙏 overall masih jadi game favorit untuk saat ini soalnya 👍",semenjak update versi suka lag patah hp poco memori full cache lebih coba kosong memori search google hp mumpuni main setting rendah moga solusi overall favorit,Negative,Negative
Makin Update makin Berat nih game Padahal Dulu Dapat 40Fps malah turun jadi 20Fps karena Fitur² Baru,update berat fps turun fps fitur,Negative,Negative
semakin lama semakin berat dan gak optimal untuk bermain di handphone androin semoga kedepannya lebih di optimal kan agar lancar seperti awal rilis di android,berat tidak optimal main handphone androin moga depan optimal lancar rilis android,Negative,Negative
kenapa di update yang baru ini banyak buk yang utama mister tidak muncul dan di saat animasi vido render nya lama banget tolong di perbaiki,update buk utama mister tidak muncul animasi vido render tolong baik,Negative,Negative
"Gacha Terlalu Payah Dan Sering Force Close Padahal Saya Main Di Hp Flagship Zenfone 9, Masih Sering Force Close",gacha payah force close hp flagship zenfone force close,Negative,Negative
bagus banget game nya. loginnya cepeett banget gapake ribet. abis itu ringan abis cocok buat hp kentang. karakter cewenya juga pake baju tertutup lho,bagus loginnya cepeett tidak pakai ribet habis ringan habis cocok hp kentang karakter cewenya pakai baju tutup lho,Negative,Negative
tidak ramah lag berat binatang 1,tidak ramah lag berat binatang,Negative,Negative
2.3 sih oke lah ya ada peningkatan dibagian sistem gamenya mengurangi dampak lag tapi tetap masih ada lag patah patah,oke tingkat bagi sistem kurang dampak lag lag patah patah,Negative,Negative
"habis update 2.3 kenapa jadi gampang nge lag sih, setiap masuk in fight jadi patah2, padahal udh disetting rata kiri, tapi tetap sama aja , buat developer tolong segera difix lah, gak nyaman kalo main gitu terus...",habis update gampang nge lag fight patah disetting rata kiri developer tolong difix tidak nyaman,Negative,Negative
"Bro, admin, why am I trying to log in but can't? I've tried to log in several times but it's very difficult...",bro admin why trying log but cant ive tried log several times but its very difficult,Negative,Negative
frame drop mulu masi di tutorial gmn mau ke gameplay utama,frame drop mulu tutorial gameplay utama,Negative,Negative
game paling baik di sirkel hoyoverse😁. Tapi ini game berat jdi ga semua org mengerti kebaikannya,sirkel hoyoverse berat tidak erti baik,Negative,Negative
"sumpah ga ngerti mainnya gimana. ga cocok sama aku yg modelnya pick and play. langsung gelud. nih game kebanyakan bacot cerita sama tutor kepanjangan. terlalu bertele-tele. kukasih bintang 5 karna bagus² aja kok. aku nya aja yg skill issue mungkin. ga cocok di aku yg orangnya langsung pick and play, pengen gelud ga bertele-tele",sumpah tidak erti main tidak cocok model pick and play gelud banyak bacot cerita tutor panjang berteletele kasih bintang bagus skill issue tidak cocok orang pick and play pengin gelud tidak berteletele,Negative,Negative
"di hp poco m7 pro 5g aja patah"" ngefrem mending pikir dulu kalau mau maun ni game",hp poco pro tidak patah ngefrem mending pikir maun,Negative,Negative
"overall bintang 5, minusnya hp gw kagak sanggup lagi, rasa frame drop, gw GK menyalahkan gamenya, ini karena hp gw chipset nya masih Helio G200 yg artinya dibawah standar",overall bintang minus hp kagak sanggup frame drop tidak salah hp chipset hio tidak bawah standar,Negative,Negative
perangkat tidak kontiable 🗿,perangkat tidak kontiable,Negative,Negative
gw kasih bintang lima klo lagi hoki mahal,kasih bintang hoki mahal,Negative,Negative
kok cepet panas,cepat panas,Negative,Negative
"Perbanyak lagi sih scene yang membuat zzz ini terkesan beda , seperti scene isolde sebelum nya, dan juga jangan menghilangkan ciri khas game ini yaitu story komik nya. oiya utk chara yg blm rilis tapi udh masuk ke story seperti banyue kemarin itu scene nya jadi bikin pemain imajinasi ya 🙂‍↕️ ,jadi menurut saya kurangi sih soalnya ini di goreng di grub ef....",banyak scene kes beda scene isolde jangan hilang ciri khas story komik oiya chara belum rilis story banyue kemarin scene bikin main imajinasi kurang goreng grub ef,Negative,Negative
"sebenernya g ada keluhan signifikan,tapi semenjak update entah kenapa tiap awal maen selalu frame drop,tpi setelah satu match atau mencoba semua skill hero dalam 1 pertasndingan selanjutnya udah nggak drop lagi,ya meskipun g fatal,tapi cukuk mengganggu,tolong segera di fix dong,saya ga ada komen apapun selain itu,overall buat yg lain,daru graphic,gameplay,bgm,char,building serta story semuanya bagus 9/10",tidak keluh signifikantapi semenjak update frame droptpi match coba skill hero pertasndingan tidak drop lagiya tidak fataltapi cukuk mengganggutolong fix dongsaya tidak komen apa ituoverall laindaru graphicgameplaybgmcharbuilding story bagus,Negative,Negative
Absolute cinema ✋😐🤚,absolute cema,Negative,Negative
optimalisasi sangat buruk👎,optimalisasi buruk,Negative,Negative
"setiap pertama kali masuk battle pasti fps drop parah hampir gak playable sama sekali, gak tau ini bug atau masalah optimisasi. device POCO F7 PRO chipset snapdragon 8 gen 3 settingan medium high.",battle fps drop parah tidak playable tidak tau bug optimisasi device poco pro chipset snapdragon gen settingan medium high,Negative,Negative
"gampang lag, padahal game lain kayak hsr dan genshin aman aman aja. kadang juga suka freeze tiba-tiba pas lagi jalan-jalan doang. agak kecewa sih sebenernya, blom juga lama download ini game",gampang lag hsr genshin aman aman kadang suka freeze tibatiba pas jalanjalan doang kecewa belum download,Negative,Negative
"game gacha terbaek yg gweh mainin, sehat² staff² developer zzz🤭🥰, bansos nya banyakin yah sama jangan inflasi hp terus😘",gacha terbaek gweh mainin sehat staff developer bansos banyak jangan inflasi hp,Negative,Negative
"suka saja sama game play nya 😋, tapi sumpah gak suka banget bukain game nya yang kelamaan banget apalagi pas update data game kaya nungguin sinyal tv digital parabola aja tungguin selesai nya, numpuk juga emosi yang mainin game nih 🤬, gak usah banyak drama kalau kumpulin data game ke dalam handphone gede penyimpanan nya kalau masih butuh penyimpanan yang lain untuk data game yang bergerak 😠.",suka play sumpah tidak suka bukain pas update data tunggu sinyal tv digital parabola tungguin selesai numpuk emosi mainin tidak drama kumpulin data handphone gede simpan butuh simpan data gerak,Negative,Negative
"game yang bagus, dengan story yang cukup dalam, graphic yang di sajikan juga memanjakan mata, namun sedikit di sayangkan setelah update entah kenapa selalu mengalami lagging / FPS drop, overall game nya bagus dan recommended banget",bagus story graphic saji manja sayang update alami lagging fps drop overall bagus recommended,Negative,Negative
"Sejauh ini saya memainkan gamenya tak ada kendala, story yang bagus dan penggunaan bahasa Indonesia yang tidak kaku membuat experience bermain jadi seru. Namun yang saya sayangkan adalah tak ada fitur zoom in zoom out pada semi open world nya, saya berharap kedepannya bisa ditambahkan.",main tak kendala story bagus guna bahasa indonesia tidak kaku experience main seru sayang tak fitur zoom zoom out semi open world harap depan,Negative,Negative
"gamenya sudah sempurna! dari segi world, story, lore dan segala macamnya. Namunn sangat disayangkan optimalisasinya sangat kurang, bahkan s24 ultra aku gaa bisa handle game ini 😭😭 bikin cepet panas + kadang nge crash (?). jadi demi kesehatan hp ku, aku pensi dari game ini, semangat terua dev! semoga zzz bsia lebih baik lagi! karna ini 1 1 nya game hoyo yang bagusss banget! dan dev nya gak pelit + mendengarkan pemainnya",sempurna segi world story lore macam namunn sayang optimalisasi kurang ultra tidak handle bikin cepat panas kadang nge crash sehat hp ku pensi semangat rua dev moga bsia hoyo bagus dev tidak pelit dengar main,Negative,Negative
ni game rusak gak jelas,rusak tidak,Negative,Negative
GK sesuai expetasi loding terlalu lama terlalu banyak GK jdi mslh KLO loadding nya cepet ini udh nya lama dan. banyak loding nya,tidak sesuai expetasi loding tidak loadding cepat loding,Negative,Negative
"Gamenya bagus saya sudah main dari awal launching, tapi tetep sama saja kendala force close sering terjadi dipertengahan game, padahal handphone saya sudah diatas kata mumpuni dengan ram 12GB mohon diperbaiki lagi",bagus launching kendala force close tengah handphone atas mumpuni ram gb baik,Negative,Negative
"gacha selalu hard pity,bikin males main dapet char limit di 80 keatas,ini bukan gacha tapi sama aja kaya beli char yang udan paten harganya cuihhh, ""note: buat player baru yang f2p bakal kesusahan buat dapet char limit di game ini",gacha hard pitybikin malas char limit keatasini bukan gacha beli char udan paten harga cuih note player fp susah char limit,Negative,Negative
"Grafis yang memukau dan movement yang sangat sangat smooth, saya sangat menyukai gameplay game ini dan juga vibes2 cyberpunk di game ini. Untuk alur ceritanya sudah cukup bagus walau suka saya skip hehe, cuma ya.. yang bikin saya kesel itu udh gacha berkali-kali malah ampas mulu dapatnya, ohiya katanya dapet free 100x pull, itu sistem nya gimana? kok saya ga dapet? udah pre register padahal",grafis pukau movement smooth suka gameplay vibes cyberpunk alur cerita bagus suka skip hehe bikin kesel gacha berkalikali ampas mulu dapat ohiya free pull sistem tidak pre register,Negative,Negative
3 BINTANG KARENA GUA DIKASIH GRACE,bintang gua kasih grace,Negative,Negative
pls optimasi sir 🥀 gabisa dimaenin samsek euy di hsr yang map-nya setipe aja lancar mang,pls optimasi sir tidak dimaenin samsek euy hsr map tipe lancar,Negative,Negative
"Ayolah dioptimalkan, masa tiap kali selesai update versi selalu lag parah. Apalagi setelah update versi 2.3 sudah berhari-hari masih lag parah. Meskipun settingan sudah diturunin rata kiri juga masih lag. Device pakai snapdragon 8 elite masak lag parah.",ayo optimal selesai update versi lag parah update versi berharihari lag parah settingan diturunin rata kiri lag device pakai snapdragon elite masak lag parah,Negative,Negative
"mengesampingkan spek minimum device, game ini benar-benar dapat dinikmati sebagai player f2p dan yang tidak terlalu mengejar meta. Dengan powercreep yang tidak terlalu cepat seperti kakak-kakaknya, membuat sebagian besar character di zzz masih relevan tiap patch ke patch. Sejauh ini, zzz masih bisa dikategorikan sbg game baik, bansosnya lancar, polychrome yang bisa didapatkan cukup stabil. Meski begitu, buat new player zzz itu cukup try hard buat story awal-awal",samping spek minimum device benarbenar nikmat player fp tidak kejar meta powercreep tidak cepat kakakkakaknya character relevan patch patch kategori bansosnya lancar polychrome dapat stabil new player try hard story awalawal,Negative,Negative
Game nya asli kikir dan saya sudah gacha dan lewat pity masih tak dapat karakter yang saya ingin kan dan ini game agak berat padahal device saya lumayan memumpuni,asli kikir gacha pity tak karakter berat device lumayan mumpuni,Negative,Negative
"cabul banget gamenya, buat kalian yg mau main game ini mending urungkan aja niat nya, soalnya karakter"" nya cabul semua, masa jiggle fisik ampe segitunya",cabul mending urung niat karakter cabul jiggle fisik begitu,Negative,Negative
"Perfect 🤌, kalo nge lag tiap beres apdet coba deh hapus vulkan PSO cache bin ada 2 hapus aja.",perfect nge lag beres apdet coba deh hapus vulkan pso cache bin hapus,Negative,Negative
game jelek gw ga bisa login,jelek tidak login,Negative,Negative
dapetin agent SSR nya susah,agent ssr susah,Negative,Negative
"Another gooner's game, i like it 😋. Dan buat orang-orang yang maksa main ini game dan ngeluh frezee, patah"", force close, dan lag. Makanya rakit PC biar lancar, gw main di PC lancar"" ae 😜😜",another gooners like orangorang maksa ngeluh frezee patah force close lag rakit pc biar lancar pc lancar,Negative,Negative
berat banget main di hp tolong dioptimalisasi lagi,berat hp tolong optimalisasi,Negative,Negative
"Dari semua masalah keknya cuma ada 1 masalah yang emang rada mengganggu kadang suka nge-freeze tiba2 udah itu aja, tolong optimalisasi nya 😄🙏",kayak rada ganggu kadang suka ngefreeze tolong optimalisasi,Negative,Negative
"tolong jangan fokus di konten atau event nya saja, peforma game nya di pikirkan lah ini buruk sekali terkadang force close sendiri di beberapa device, banyak teman temanku bilang gamenya buruk peforma",tolong jangan fokus konten event forma pikir buruk terkadang force close device teman teman bilang buruk forma,Negative,Negative
"peran MC nya gak jelas banget di 2.0, dari proxy tiba2 jadi dukun mistis, kesan urban teknologinya tiba2 hilang dan jadi fantasi magic, emang ini genshin? tolol! developer cuma mikir cuan, gak punya pendirian bikin game sesuai passion mereka, maunya disetir mayoritas. lihat, sekarang jadi jelek kan gamenya karena ikut kemauan mayoritas.",peran mc tidak proxy dukun mistis kesan urban teknologi hilang fantasi magic genshin tolol developer mikir cuan tidak diri bikin sesuai passion mau setir mayoritas jelek mau mayoritas,Negative,Negative
WOY BENERIN SERVER BUSUK LU PING KUNING MULU,woy benerin server busuk ping kuning mulu,Negative,Negative
"Please banget benerin optimalisasi nya. Patch lalu kerasa enak, sekarang jadi jelek lagi. Mode Threshold sering banget ngebug visual freeze. Tolong hoyo untuk perbaikannya.",please benerin optimalisasi patch rasa jelek mode threshold ngebug visual freeze tolong hoyo baik,Negative,Negative
"knp jir tbtb mentok 20fps, pertama main setting max 60fps smooth, pas login lagi ngelag parah 20fps an, anehh.. HP infinix gt30 pro 12/512 btw",jir tbtb mentok fps setting max fps smooth pas login ngelag parah fps an anehh hp infinix pro btw,Negative,Negative
why give costume to a character that we cant even get. stupid game,why give costume character that we cant even get stupid,Negative,Negative
"gamenya bagus, cuman saya terganggu terhadap update selalu harus download 10gb, handphone saya tidak cukup ruang jika tetap seperti ini. saya juga kehilangan akun, padahal akun saya masih ada, gak pernah uninstall gamenya, dan saya pernah hubungkan akun saya ke gamenya tetapi akun saya masih hilang",bagus cuman ganggu update download gb handphone tidak ruang hilang akun akun tidak uninstall hubung akun akun hilang,Negative,Negative
"tolong diperbaiki optimalisasi nya , hp saya dimensiti 8300 ngelag parah kalo awal2 login",tolong baik optimalisasi hp siti ngelag parah login,Negative,Negative
Maaf karena di hp gua gak kompetibel saya kasih bintang 2 Sedangkan Gem HSR Bisa aja di download sama Gensin impact,maaf hp gua tidak kompetibel kasih bintang gem hsr download gensin impact,Negative,Negative
"paling sering fps nya aja yang sering drop, terus kalo abis update selalu ada bug baru kaya animasi gacha yang tiba tiba ke skip, padahal sebelum update ngga gtu, yaa itu aja sih selain itu aman aja, sehat sehat game baik",fps drop habis update bug animasi gacha skip update tidak aman sehat sehat,Negative,Negative
"It seems there's a problem with the Vulkan files causing the game to be unstable. I tried deleting the vulkan_pso_cache file and the game became stable. To the Hoyoverse Team, please release an update to fix this issue.",seems theres problem with the vulkan files causing the be unstable tried deting the vulkanpsocache file and the became stable the hoyoverse team please release an update fix this issue,Negative,Negative
Saat bermain ZZZ mulai dari versi 2.0 an kok sering ngelag ya? Padahal waktu saya bermain saat masih versi 1.0 an baik² saja. Device yang saya gunakan juga bukan terbilang kentang. Tolong diperbaiki lagi.,main versi an ngelag waktu main versi an device bukan bilang kentang tolong baik,Negative,Negative
"kecewa berat, gamenya udah main powercreep🥲",kecewa berat powercreep,Negative,Negative
Sering framedrop di awal main padahal device lumayan (Poco f5) tolong di fix la,framedrop device lumayan poco tolong fix,Negative,Negative
"apaansih, udh pity tinggi kalah rate off mulu lagi, drop rate nya kayanya bukan 50/50 tapi 35/65",apaansih pity tinggi kalah rate off mulu drop rate kaya bukan,Negative,Negative
saya bermain game zenless zone zero pada saat mengerjakan story zenless zone zero 2.3 saya mengalami freeze pada saat mengerjakan story zenless zone zero mohon segera tangani ya pihak hoyoverse,main zenless zone zero story zenless zone zero alami freeze story zenless zone zero tangan hoyoverse,Negative,Negative
"Oke untuk optimalisasi Grafik, taoi harus seimbang juga, masa iya hp poco x7 pro keluaran kemarin ngelag banget? duhai",oke optimalisasi grafik taoi imbang iya hp poco pro keluar kemarin ngelag duhai,Negative,Negative
thx for rate off,thx for rate off,Negative,Negative
Ini game keren banget tapi nggak bisa dimainin di hp kentang.... makanya rating sangat jelek karna nggak semua hp bisa download kara harus memory mumpuni kapasitas data aja sampai 26. gg lebih total sampai 29 GG... tapi sangat memuaskan buat dimainkan good job developer terimakasih sudah bikin game Lain dari pada yang lain,keren tidak dimainin hp kentang rating jelek tidak hp download kara memory mumpuni kapasitas data tidak total tidak muas main good job developer terimakasih bikin,Negative,Negative
"always hard pitty and lose 50/50, I'd like it 😭",always hard pitty and lose id like,Negative,Negative
"performa gamenya aneh saat di mainkan di hp infinix gt30pro, saat suhu hp panas terlihat gamenya sangat smooth, tapi saat pakai kipas fpsnya sering turun dan gameplaynya patah-patah. sangat aneh",performa aneh main hp infinix gtpro suhu hp panas smooth pakai kipas fpsnya turun gameplaynya patahpatah aneh,Negative,Negative
"Main di device POCO F5 sering frame drop sejak v 2.0, ga pernah ada peningkatan optimalisasi sama sekali, udah sering hapus file ""vulkan"" yang katanya jadi penyebabnya tapi tetap bermasalah sampai sekarang. HERAN GA PERNAH DI FIX. GAME SELAIN ZZZ, AMAN AJA TUH",device poco frame drop tidak tingkat optimalisasi hapus file vulkan sebab masalah heran tidak fix aman tuh,Negative,Negative
"Permainan ini sangat baik dan berjalan dengan lancar, terutama untuk permainan yang ringan seperti ini.",main jalan lancar main ringan,Negative,Negative
"Sebenarnya game ini sangat bagus, mekanik nya dan gameplay nya sangat keren, grafik nya juga sangat bagus tapi ini game gila atau gimana woyyy gua main dari LV 1 Sampai max LV cuma 1x menang rate off, ayolah hoyo buat kan capturing radiance kayak di kakaknya, biar GK tambah stres maen ni game nanti kalo di buat kan gua kasih B5",bagus mekanik gameplay keren grafik bagus gila woy gua lv max lv menang rate off ayo hoyo capturing radiance kakak biar tidak stres gua kasih,Negative,Negative
"ahh, game yg sangat seru, tapi sayang ga bisa main lagi, game nya sangat bagus👍,buat deplover semangat😁",ah seru sayang tidak bagusbuat deplover semangat,Negative,Negative
"untuk update sekarang sepertinya masalah masih belum ter-fix ya? main lebih dari 30 menit udah pasti bgt langsung ngadet ngadet eh pas dicek ram nya abis lho, buset ni game nyedot ram sampe abis ampe hp gue ngefreeze ga bisa dipencet gg, dulu kaga kaya gini sebelum update map yunkui summit, dulu masalah rendering sekarang masalah ini jir lah ada ae problem nya, dahal w main di naga 7+ gen2 masa udh gabisa ngangkat ni game cug, semoga cepet di optimasi ama developer yeee 👍🏻",update belum terfix menit ngadet ngadet eh pas cek ram habis lho buset nyedot ram habis hp ngefreeze tidak pencet tidak kagak update map yunkui summit rendering jir problem dahal naga gen tidak ngangkat cug moga cepat optimasi developer ye,Negative,Negative
"aku tadi main, ga bisa di login lagi kepental sendiri🗿",tidak login pental,Negative,Negative
patah2 di poco F4,patah poco,Negative,Negative
berattt,berat,Negative,Negative
nglek parah padahal Snapdragon 8 gen 1😅 baru kali ini,nglek parah snapdragon gen,Negative,Negative
malah nge freeze jaringan aman spek HP mumpuni udah di ubah settingan paling low tetep aja. gamenya error atau bug,nge freeze jaring aman spek hp mumpuni ubah settingan low error bug,Negative,Negative
"Ini setelah update setiap battle sering shuttering, sebelum nya aman dan lancar. perangkat snap 8 gen 2",update battle shuttering aman lancar perangkat snap gen,Negative,Negative
belum instal,belum instal,Negative,Negative
"saya sebagai pemain baru sangat tidak puas dengan sistem gacha game ini, saat saya gacha banner limit kenapa justru malah dapat caracter standar? padahal pemain baru loh. 11/12 kikir seperti Genshin",main tidak puas sistem gacha gacha banner limit caracter standar main loh kikir genshin,Negative,Negative
"sedih banget. update sekarang dah gak bisa main lagi. jalan2 di kota masih bisa, tapi waktu battle, karakternya freeze. install ulang pun tetap gak bisa. dengan berat hari akhirnya uninstall. bye ZZZ, Burnice selalu di hati 🥲",sedih update deh tidak jalan kota waktu battle karakter freeze install ulang tidak berat uninstall bye burnice hati,Negative,Negative
game ngantuk,ngantuk,Negative,Negative
"Optimalisasi kurang, Snapdragon 7 gen 3 sudah tidak kuat. Padahal dengan area dan peta yang tidak terlalu luas harusnya bisa lebih baik.",optimalisasi kurang snapdragon gen tidak kuat area peta tidak luas,Negative,Negative
"Basically this like honkai impact but light drama with it. it became sweat games where the endgame mode is just ""broke your hardware"" with HP inflation. reduce my star for it",basically this like honkai impact but light drama with became sweat games where the endgame mode is just broke your hardware with hp inflation reduce my star for,Negative,Negative
"gacha ya jangan pelit""Napa masa Piti tros",gacha jangan pelitnapa pit tros,Negative,Negative
gamenya bagus tapi setelah uptade terbaru kenapa gameplaynya terasa frame drop parah padahal di 2.2 kemarin normal² saja,bagus uptade baru gameplaynya frame drop parah kemarin normal,Negative,Negative
Game ini sangat cocok untuk orang sibuk tapi masih ingin berpetualang dan mengikuti cerita dari serial game. story event-nya yang ringkas membuat pekerja yang punya sedikit waktu bisa beradaptasi dan memainkannya di waktu senggang dan fitur skip yang sangat meringkas cerita,cocok sibuk tualang ikut cerita serial story eventnya ringkas kerja waktu adaptasi main waktu senggang fitur skip ringkas cerita,Negative,Negative
"game gak jelas,semakin update semagin tambah berat padahal hp saya udah support main ni game.devnya lebih mentingin buat karakter baru dari pada dengarin keluhan para player.jika seperti ini gamenya bakal dapetrating yg buruk terus-menerus di playstore dari para player android.",tidak jelassemakin update semagin berat hp support gamedevnya mentingin karakter dengar keluh playerjika dapetrating buruk terusmenerus playstore player android,Negative,Negative
"absolut cinema, lagu nya, lore nya, hp saya G99 Ultimate aja masih bisa (maksa) nanti rencana ganti hp atau upgrade pc buatain zzz lebih enjoy",absolut cema lagu lore hp tidak ultimate maksa rencana ganti hp upgrade pc buatain enjoy,Negative,Negative
"ini game lma2 kyk love story game,,story tellingnya gak kyk game2 pesaingnya,pdhl dev nya psti mumpuni,,ciri khas?Kalo bisa lebih baik knp tidak,, bahasa yg dipake jg lebay/kekanakan,mending English aja,,mgkn game ini khusus 12 ke bawah y,tp charnya rata2,,,sudahlah,,bansos ok,,jiggle fisik jgn ditanya,,harusnya 17+",love story gamestory tellingnya tidak pesaingnyapdhl dev mumpuniciri khaskalo tidak bahasa pakai lebaykekanakanmending english ajamgkn ytp charnya ratasudahlahbansos okjiggle fisik jangan ditanyaharusnya,Negative,Negative
"yes, Seed is cute, tapi game nya agak bikin boring, mirip game Honkai Impact 3, tapi yang ini kerasa lebih bikin boring, fitur perfect assist nya emang enak mirip ngeparry serangan musuh, hanya saja ada mode TV, emang mode nya santai tapi kalo targetnya panjang dan lama bakal bikin bosen, trus angka damage, untuk mengetahui itu crit damage atau damage normal agak susah buat di ketahui karena angka damage terlihat sama, buat physic jiggle saya suka, itu point utama dalam game ini",yes seed is cute bikin boring honkai impact rasa bikin boring fitur perfect assist ngeparry serang musuh mode tv mode santai target bikin bosan angka damage crit damage damage normal susah tahu angka damage physic jiggle suka point utama,Negative,Negative
"gamenya bagus tapi untuk setting grafik tolong di perbanyak seperti pengurangan detail di grafik rendah dan menghilangkan bayangan, soalnya walau sudah pakai perangkat menengah masih susah untuk menikmati gamenya dan ga semua orang menikmati detail, jadi tolong tambahkan lebih banyak setting grafik, walau sudah grafik hemat betrai tetap detail efek dan bayangan masih ada, tdk seperti kebanyakan game yg grafik rendah bayangan tidak ada dan detail tidak terlalu banyak",bagus setting grafik tolong banyak kurang detail grafik rendah hilang bayang pakai perangkat tengah susah nikmat tidak nikmat detail tolong tambah setting grafik grafik hemat betrai detail efek bayang tidak banyak grafik rendah bayang tidak detail tidak,Negative,Negative
Baru maen aja langsung di kasih kalah rete of njirr parah banget,kasih kalah rete of anjir parah,Negative,Negative
"awalnya lancar main gak patah patah tapi sekarang sering patah patah padahal penyimpanan masih banyak, tolong di stabilkan jangan sampai yg lain kabur dengan masalah kenyamanan dalam bermain !!",lancar tidak patah patah patah patah simpan tolong stabil jangan kabur nyaman main,Negative,Negative
"bagus tapi memakan banyak penyimpanan, makin ga support hp menengah kebawah kek saya cuma modal 8gb + keluaran terbaru tetep frame drop patah""",bagus makan simpan tidak support hp tengah bawah modal gb keluar baru frame drop patah,Negative,Negative
"Game terbaik , yg bilang game nya sering frame drop bearti HP kalian kentang untuk segera ganti kaya gua, bilang ga punya duit ya kerja, ga punya kerjaan nyupang sono di pelabuhan ratu🤣",baik bilang frame drop bearti hp kentang ganti gua bilang tidak duit tidak kerja nyupang sono labuh ratu,Negative,Negative
"Hal yang saya sukai dari Game ini adalah Cerita dan Storytelling dari Game ini yang Mudah di Pahami. Belum lagi Animasi Cutscene dan Karakter yang sangat Smooth banget, menjadikan Game ini sebagai Game Favorit Saya untuk Saat ini. dan juga Event yang di sajikan cukup banyak dan unik jadinya kita tidak cepat bosen. tapi kalau soal optimalisasinya game ini saya katakan tidak bagus atau jelek terutama kalau kita bermain di hp.",suka cerita storytelling mudah paham belum animasi cutscene karakter smooth jadi favorit event saji unik tidak cepat bosan optimalisasi tidak bagus jelek main hp,Negative,Negative
pliss jangan suka kasih hard pity 😭,pliss jangan suka kasih hard pity,Negative,Negative
nice lah dari segi cerita sama gameplay nya seru . cuman agak sedikit frame drop aja keknya device saya nya 😅,nice segi cerita gameplay seru cuman frame drop kayak device,Negative,Negative
"jelek banget makin ke sini sering lag, pdahal divice gw wuwa rata kanan aman. terus ga pernah tu dpt banner limited di pity rendah harus 80x dan itu pasti rate off gw main dri awal game rilis, dlu bagus sekarang gini.. pantes rating sampe 3.",jelek lag divice wuwa rata kanan aman tidak banner limited pity rendah rate off rilis bagus rating,Negative,Negative
"saya baru instal dengan kapasitas 29Gb,baru bermain 15 menit kemudian maintenance,,selah ada pembaruan skarang di suruh download lagi 6,8Gb,total penyimpanan kurang lebih 36Gb,dasar apes😮‍💨😮‍💨",instal kapasitas gbbaru main menit maintenanceselah baru suruh download gbtotal simpan kurang gbdasar apes,Negative,Negative
Terlalu sulit di beberapa bagian level DMG musuh yang gak otak sama jumlah nya belum lagi darah nya tebel banget,sulit level dmg musuh tidak otak belum darah tebal,Negative,Negative
"PLEASE ELLEN JOE... COMEBACK, I NEED AGENT ROLE ATTACK.",please ellen joe comeback need agent role attack,Negative,Negative
"size game tiap update makin besar, game makin berat",size update berat,Negative,Negative
"this game absolute peak, even i can't say anything",this absolute peak even cant sayang anything,Negative,Negative
"mekanisme battle nya seru banget, ada banyak banget karakter jadi gk bakal bosen sama karakter yang itu-itu aja, event tiap update nya juga banyak dan seru banget. paling tolong banyakin pertarungan nya biar makin seru trus tolong pity nya jangan tinggi banget dong🙏",mekanisme battle seru karakter tidak bosan karakter ituitu event update seru tolong banyak tarung biar seru tolong pity jangan tinggi,Negative,Negative
"pliss laa next update, optimasi grafiknya duluuu, grafik udah rata kanan tapi masih buram gambarnya",pliss next update optimasi grafik grafik rata kanan buram gambar,Negative,Negative
"sejauh ini, game ini bener"" layak dpt bintang 5, kalian yang nge rating dibawah bintang 3 itu udah gue tebak pasti kebanyakan orang"" yang maksa game ini lancar di device kentang",layak bintang nge rating bawah bintang tebak banyak maksa lancar device kentang,Negative,Negative
"Gamenya udh bagus. Heran sama yg kasih 1bintang. Palingan yg bilang ""lag"", ""patah patah"", ""grafik jelek"" pake hp kentang atau mungkin kaum yang ngaku ngaku pake hp gaming tapi processor nya helio g99. Ups g99🙊. Tau game berat ya pake device yg kuat! Jangan maksa maen pake kentang!. Sekian gorengan hari ini.",bagus heran kasih bintang paling bilang lag patah patah grafik jelek pakai hp kentang kaum aku aku pakai hp gaming processor hio tidak ups tidak tau berat pakai device kuat jangan maksa pakai kentang sekian goreng,Negative,Negative
"kok wuthering wave lebih lancar ya dari pada ini game, optimalisasi nya kurang mohon ya min, di optimalkan lgi",wuthering wave lancar optimalisasi kurang min optimal,Negative,Negative
bad,bad,Negative,Negative
dev...saran dikit nih buat beberapa tempat yg ada efek miasmanya di optimalin lagi dong atau untuk beberapa efek battle yg luar biasa Jedar jedor itu juga butuh peng optimalan gw udah yg paling bawah grafiknya perasaan masih ada aja frame drop nya pliss ya Dev cakep banget nih game gw ngikutin dari awal rilis btw🗿🗿🗿,devsaran dikit efek miasma optimalin efek battle jedar jedor butuh peng optimal grafik asa frame drop pliss dev cakep ikut rilis btw,Negative,Negative
tolong optimalisasinya di tingkat kan lagi,tolong optimalisasi tingkat,Negative,Negative
Stutter Mulu Lah,stutter mulu,Negative,Negative
1 jam bermain Malah bisa keluar dari Aplikasi game nya padahal lagi menjalankan misi penting,jam main aplikasi jalan misi,Negative,Negative
aduuhh ini game apa sih saya 2 ngalamin penghabisan (backup battery/ether battery) barusan saya cari (drive disc) buat yanagi sampe ludes backup 2400+ether battery 50 di slot ke 5 (electric bonus) gak di kasih yang ke 2 kalinya waktu pernah penghabisan dan sekarang juga sama.. 😡😡 punya karakter gacha ke gak berguna gak di naikin karna cari (drive disc) susah banget. developer nya cuma pentingin karakter baru doang gak pernah mikirin (rate drive disc)😡😡. KECEWA GUA SAMA GAME ZZZ 🙎‍♂️🙎‍♂️,aduh ngalamin habis backup batteryether battery barusan cari drive disc yanagi ludes backup ether battery slot electric bonus tidak kasih kali waktu habis karakter gacha tidak guna tidak naikin cari drive disc susah developer pentingin karakter doang tidak pikir rate drive disc kecewa gua,Negative,Negative
"banyak hal yang bisa dikritik disini. - Rata-Rata karakter (khususnya wanita) 'selalu' dibuat seolah-olah tertarik dengan MC (Khususnya cowok), Membuatnya terasa membosankan. saya tau, game ini dikhususkan untuk org yang tidak bisa mendapatkan pasangan di dunia nyata, namun, tetap saja ini buruk. - Story di S2 seakan-akan membuat ZZZ tidak terasa sama lagi, kehilangan vibe urban-nya. - Saya sangat kesusahan mendapatkan karakter S-rank, Hard Pity + Kalah rate off, tetap hard pity meski guarantee",kritik ratarata karakter wanita seolaholah tarik mc cowok buat bosan tau khusus tidak pasang dunia buruk story seakanakan tidak hilang vibe urban susah karakter srank hard pity kalah rate off hard pity guarantee,Negative,Negative
"kepada Hoyo yang terhormat kenapa semakin update semakin berat ya beberapa kali saya mengalami Force close, padahal hp saya lumayan bagus yaitu Poco x6 pro 5g tapi sering sekali force close tolong di tingkatkan lagi",hoyo hormat update berat alami force close hp lumayan bagus poco pro tidak force close tolong tingkat,Negative,Negative
MOHON PERBAIKI DAN STABILKAN LAGI GAME INI BANYAK YANG KECEWA KARENA FRAME DROP YANG SANGAT PARAH,baik stabil kecewa frame drop parah,Negative,Negative
"game bagus ,bansos gak pelit,quest yang seru dan cutscene yang sangat smoth sangat recomended,yang bilang game berat itu pasti kaum device kentang yang maksa pengen maen,sebelum mau maen game berat itu upgrade device dulu dek🫵🥴🥴🤪🤪",bagus bansos tidak pelitquest seru cutscene smoth recomendedyang bilang berat kaum device kentang maksa pengin maensebelum berat upgrade device dek,Negative,Negative
"gamenya bagus ceritanya menarik untuk di ikuti, hanya optimalisasi perangkat agak berat dan kadang patah patah",bagus cerita tarik ikut optimalisasi perangkat berat kadang patah patah,Negative,Negative
"sumpah sekarang gak optimal banget sering banget lag sama frame drop tiba tiba ,pas paryy atau nge Dodge aja jadi susah karna ngelag.yah gimana ya patch sebelum 2.0 masih aman banget,enak juga pas battle.Tapi setelah nya malah gak optimal kali,udah di buat grafik nya low padahal.hmm Kalo karena hp gw di bilang udah kentang ,gua main game hoyo ada tiga cuy hsr,gi ok aja gua mainin yah walau set grafik medium .tapi zzz sekarang mlh makin drop moga aja di benerin hoyo salah satu fav selain hsr.",sumpah tidak optimal lag frame drop pas paryy nge dodge susah ngelagyah patch aman bangetenak pas battletapi tidak optimal kaliudah grafik low padahalhmm hp bilang kentang gua hoyo cuy hsrgi ok gua mainin set grafik medium drop moga benerin hoyo salah favorit hsr,Negative,Negative
"maen d poco f7 lancar jaya, bisa rata kanan,tp panas, jd enak maen d grafik medium aja",poco lancar jaya rata kanantp panas grafik medium,Negative,Negative
"optimalisasi dalan game sangat buruk tidak seperti genshin / hsr yg dapat menyesuaikan diri dengan perangkat, mode yg dihadirkan cenderung monoton serta kurang menarik, dan rasio gacha yg sangat buruk, game ini layak mendapat rating 1 dari 10.",optimalisasi dal buruk tidak genshin hsr sesuai perangkat mode hadir cenderung monoton kurang tarik rasio gacha buruk layak rating,Negative,Negative
game nya bikin jari tangan pegel pukul gebuk terus menerus dan ada cara tertentu buat ngalahin musuhnya ga bagus bikin emosi aja pas main 😡😡😡,bikin jari tangan gel gebuk terus kalah musuh tidak bagus bikin emosi pas,Negative,Negative
"gamenya rada kikir, eventnya lumayan cuman sering kalah rate off.. semuanya kalah rate off",rada kikir eventnya lumayan cuman kalah rate off kalah rate off,Negative,Negative
"Bruh this game is hella heavy, fr. Devs gotta optimize it more, even tho my phone’s already mid-high spec. I swear when the fps drops, bugs go wild—like my Miyabi suddenly bald 💀, UI gets scuffed, textures broken, and all that trash. It’s mad annoying. For real, Hoyoverse better fix and optimize this game so it runs smooth on more Androids, and also buff performance on new chipsets like Dimensity",bruh this is hella heavy fr devs got ta optimize more even tho my phones already midhigh spec swear when the fps drops bugs go wildlike my miyabi suddenly bald ui gets scuffed textures broken and all that trash its mad annoying for real hoyoverse better fix and optimize this sok runs smooth on more androids and also buff performance on new chipsets like dimensity,Negative,Negative
"Saya bermain di android poco x6 pro dan kurasa itu bukan hp kentang, saya mengalami frame berat waktu baru login , apalagi waktu mode bertarung itu sangat ngeframe dan saya harus menunggu sekitar 10-15 menitan supaya bisa bermain dengan lumayan lancar dan itu sangat mengganggu kenyamanan dalam bermain. tolong optimalkan game agar lebih lancar. terimakasih hoyovers",main android poco pro rasa bukan hp kentang alami frame berat waktu login waktu mode tarung ngeframe tunggu menit main lumayan lancar ganggu nyaman main tolong optimal lancar terimakasih hoyovers,Negative,Negative
GAME SAMPAH 🚮 kualitasnya kek nggak pernah di render untuk spesifikasi dimensity 7000 harusnya udah bisa dimainkan lancar tapi malah ngecrash melulu,sampah kualitas tidak render spesifikasi dimensity main lancar ngecrash melulu,Negative,Negative
ini game download nya sangat lama 🗿 woy 200 GB ngak tuh,download woy gb tidak tuh,Negative,Negative
bagus gamenya ya walaupun hpku patah tapi gak papalah,bagus hpku patah tidak papa,Negative,Negative
😑 kenapa download nya ngulang,download ngulang,Negative,Negative
bagus banget yang bilang gak optimisasi berarti device nya emang kurang,bagus bilang tidak optimisasi device kurang,Negative,Negative
"walaupun sering rate off tapi gpp lah ya, yg penting ada jigle 🤭",rate off tidak apa jigle,Negative,Negative
"luar biasa, story g bikin ngtuk animasinya g pelit pelit, saya tunggu apdetan selajutnya 👍",story tidak bikin ngtuk animasi tidak pelit pelit tunggu apdetan selajutnya,Negative,Negative
semuanya dh bagus tetapi resolusinya gak bisa di ubah jadi gambarnya sedikit burik.,dah bagus resolusi tidak ubah gambar burik,Negative,Negative
Login ke game aja susah bgt. Semua game hoyoverse gk ada yg bener,login susah hoyoverse tidak,Negative,Negative
game cacat,cacat,Negative,Negative
"sangat tidak nyaman dimainkan dimobile, ui nggak bisa di setting, ketika monster besar datang menghampiri layar mobile langsung penuh, nggak bisa liat apa yang akan dilakukan oleh monster tersebut",tidak nyaman main dimobile ui tidak setting monster hampir layar mobile penuh tidak monster,Negative,Negative
"Game Busuk Gacha Selalu Dibuat Hard Pity Rate Off lagi Saking muaknya sama ni game gua hapus buang"" waktu main ni game",busuk gacha hard pity rate off saking muak gua hapus buang waktu,Negative,Negative
"di awal battle ngeframe parah harus di ulang battlenye 2x baru lumayan lancar gak terlalu frame drop, ini bug atau gmn?",battle ngeframe parah ulang battlenye lumayan lancar tidak frame drop bug,Negative,Negative
"gua tau game lu ngasih sistem 50/50, tapi dari total 12 agent b5 yang gua dapat cuma 4 yang menang rate off, w engin iya juga tuh kalah sekali di banner Seed, nusuk ke hati ngeliat kalah rate off, gua tau emang gitu konsep game lu hoyo gua tau, tapi kok kaya chance buat nge dapetin nya tu susah gitu dah, sorry zzz w kasih rating jelek walaupun gua ogah say sorry to you.",gua tau asih sistem total agent gua menang rate off engin iya tuh kalah banner seed tusuk hati kalah rate off gua tau konsep hoyo gua tau chance nge susah deh sorry kasih rating jelek gua ogah sayang sorry you,Negative,Negative
game yang tidak konsisten dan jelas. vibe urbannya cuman sesaat 👎🏻,tidak konsisten vibe urban cuman,Negative,Negative
"ngasih tutorial ga becus, pantes rating 3,6",asih tutorial tidak becus rating,Negative,Negative
gpp cuman mau bintang 1 aja,tidak apa cuman bintang,Negative,Negative
"Gajadi bang, waifu gw udah nyata",gajadi abang waifu,Negative,Negative
"Niat udah mau Comeback lagi pas udah download full data waktu mau masuk akun malah di spam ""Penghubungan waktu ke server melebihi batas waktu"" gajelas.",niat comeback pas download full data waktu akun spam hubung waktu server lebih batas waktu tidak,Negative,Negative
"kecewa banget, download full 25gb tapi ngga dapet grafik yg optimal, sekelas PGR aja lancar di setingan max, ini kualitas gambar burik hanya efect in battlenya aja yg agak menarik tapi berat kaya black beacon..",kecewa download full gb tidak grafik optimal kelas pgr lancar ting max kualitas gambar burik efect battlenya tarik berat black beacon,Negative,Negative
"Optimalisasi di game ini sangat payah, game yang lebih berat bisa berjalan dengan lancar tapi zzz sering patah2 gk jelas padahal sudah grafis rendah. tolong tingkatkan lagi demi kenyamanan player",optimalisasi payah berat jalan lancar patah tidak grafis rendah tolong tingkat nyaman player,Negative,Negative
"ini kenapa dah.. baru download pas dibuka gelap gulita, udah ditunggu lama masih sama, pas dihapus dan di instal ulang masih sama tolong perbaiki",deh download pas buka gelap gulita tunggu pas hapus instal ulang tolong baik,Negative,Negative
"Mekanik gamenya asik storynya mantul sama on point, tapi min ada yg masih kurang dariku, untuk kedepannya tolong min di tambah fitur untuk ganti MC untuk main story jadi bisa pakai (Belle/Wise)",mekanik asik storynya mantul on point min kurang dari depan tolong min fitur ganti mc story pakai bellewise,Negative,Negative
hard,hard,Negative,Negative
"kalah pity membuat ketertarikan ku sama game ini menghilang, asli aku udah buang buang waktu buat gacha dan besok nya mau ulang karena seed gacha nya tinggal 9 hari ku paksa mainin, dan pas semuanya kekumpul ku gacha sampe habis dan pas udah muncul kuning kuning ama lagu golden sign, dapat dapat bukannya seed malah koleda karena hal itu ku memutuskan gk prioritas kan zzz lagi dah aku mau coba game gacha yang lain dedikasi gua yang berujung gk guna dan aku gk belajar di hari pertama ujian mulai",kalah pity tari ku hilang asli buang buang waktu gacha besok ulang seed gacha tinggal ku paksa mainin pas kumpul ku gacha habis pas muncul kuning kuning lagu golden sign seed koleda ku putus tidak prioritas deh coba gacha dedikasi gua ujung tidak tidak ajar uji,Negative,Negative
"sangat di sayangkan patch kali ini membuat gamenya menjadi lebih berat, untuk pemain mobile, di patch sekarang selalu patah2, membuat player jadi kesusahan saat bermain...",sayang patch berat main mobile patch patah player susah main,Negative,Negative
"GRAFIK = 9/10 EFECT = 8/10 CHAR / AGEN = 10/10 MINUS KIKIR KEK GENSHIN! ORANG MAIN PENGEN CHAR BARU DIKASI YANG UDAH ADA. GIMANA GAK LU UNINSTAL DAPETIN 10 KUPON BUAT DRAW DIKASIH AMPAS. DAPETIN ITU UNTUK DRAW BUKAN 1-2 HARI. 4 HARI BARU BISA DRAW 10 ( IKUTIN STORY / MISI TANPA HENTI. 4 HARI JUGA DRAW PERTAMA X RATE 1% MUNGKIN UNTUK CHAR/AGEN YANG KITA SERING LIAT DI SOSMED ( EVENT LAGI) JUJUR MUAK JUGA. SESERU APAPUN GAME KALO TIDAK RAMAH UNTUK F2P. ""KECEWA SIH ASLI""",grafik efect char agen minus kikir genshin pengin char kasi tidak uninstal kupon draw kasih ampas draw bukan draw ikut story misi tanpa henti draw rate charagen sosmed event jujur muak seru apa tidak ramah fp kecewa asli,Negative,Negative
"stop inflasi hp, buff beberapa agent udah tau pity sering medit + ga pernah di kasih menang rate on. ya kali Luh nyuruh gw solo pake Lycaon m3",stop inflasi hp buff agent tau pity medit tidak kasih menang rate on lu nyuruh solo pakai lycaon,Negative,Negative
"fitur ganti mc nya udh ada tapi cuman saat mode kepercayaan agen doang, tolong dong fitur ganti mc nya sepenuhnya aja kaya game wuthering waves, jadi bisa ngeliat scene mc cowok ( soalnya mc ku cewek )",fitur ganti mc cuman mode percaya agen doang tolong fitur ganti mc sepenuh wuthering waves scene mc cowok mc ku cewek,Negative,Negative
"game bagus tapi ada bug di rahasia agen kucing dan tikus bagian dua,tolong developer fix dong",bagus bug rahasia agen kucing tikus duatolong developer fix,Negative,Negative
"bisa gk bikin kayak sistem yang bisa mendeteksi klo player ini itu pernah ""top up"" atau enggak gitu, biar klo ke deteksi gk pernah ""top up"" bisa lah kasih kayak hadiah polycrome nya di gandakan, soal nya player f2p kayak saya ini susah, apalagi klo gk ada bisa di farming buat dapetin polycrome, dah gitu hard pity pulak",tidak bikin sistem deteksi player top up biar deteksi tidak top up kasih hadiah polycrome ganda player fp susah tidak farming polycrome deh hard pity,Negative,Negative
saya pengguna mobile dengan prosesor snapdragon 8 elite. ketika setiap saya login dan memulai battle kenapa selalu frame drop dan pertempuran menjadi lagging?,guna mobile prosesor snapdragon elite login battle frame drop tempur lagging,Negative,Negative
"Nih game makin berat aja, tolong developer dioptimalkan lagi gamenya karena masalah lag ini sangat mengganggu padahal device yang saya pakai ini lumayan mumpuni dan juga grafik game ini agak buram mau disetting ke grafik tinggi sekalipun masih aja buram, mohon direspon 🙏",berat tolong developer optimal lag ganggu device pakai lumayan mumpuni grafik buram disetting grafik tinggi buram direspon,Negative,Negative
"you guys wanna know what a true beauty is? thats Evelyn Chevalier. If life is a song, then Evelyn is the only note worth listening to. she's not only Pretty or Beautiful; she's Gorgeous, Lovely, Stunning, Attractive, Elegant, Exquisite, Charming, Captivating, Alluring, Radiant, Flawless, Glowing, Stylish, Fashionable, Chic, Breathtaking, Scenic, Picturesque, Sublime, Divine, Refine, Ineffable, Perfect. all that. the only right words that can truly describe her Refinement—is ""Evelyn Chevalier.""",you guys wan na know what true beauty is thats evelyn chevalier if life is song then evelyn is the only note worth listening shes not only pretty beautiful shes gorgeous lovely stunning attractive elegant exquisite charming captivating alluring radiant flawless glowing stylish fashionable chic breathtaking scenic picturesque sublime divine refine ineffable perfect all that the only right words that can truly describe her refinementis evelyn chevalier,Negative,Negative
GAME PELIT KIKIR,pelit kikir,Negative,Negative
ngasih tutorial gak jelas amat susah banget prakteknya,asih tutorial tidak susah praktek,Negative,Negative
Kapan Adain mode tv lagi,ada mode tv,Negative,Negative
game nya si bagus tapi ini 28gb + Cok☠️ dan itu semua 25 GB cuman berisi geol geol doang jir🗿,bagus gb cok gb cuman isi geol geol doang jir,Negative,Negative
plis makin hari game nya makin berat untuk android ringankan beban android,plis berat android ringan beban android,Negative,Negative
"tolong tambahkan cowoknya dong, kebanyakan cewek nih",tolong tambah cowok banyak cewek,Negative,Negative
bjingan woi kntl apa maksud nya melebihi batas waktu server gw sampai gak bisa login 2 hari ayolah hoyo kalau bikin game diurus update terus2 an bug gak diurus tailah hoyo kontl,bjingan woi kntl lebih batas waktu server tidak login ayo hoyo bikin urus update an bug tidak urus tailah hoyo kontl,Negative,Negative
"seru banget sih sekelas game mobile ini bisa dibilang game AAA versi lite, grafik kartun enak dipandang, mekanisme combat-nya full action dan juga unik, ga pelit hadiah walaupun masih sama aja seperti game-game pendahulunya ada aja harga paket top up yang ga worth it, story-nya bagus dimana dua karakter utama bisa saling interaksi di tiap cerita, overall ⭐⭐⭐⭐⭐. (untuk sekarang)",seru kelas mobile bilang versi lite grafik kartun pandang mekanisme combatnya full action unik tidak pelit hadiah gamegame dahulu harga paket top up tidak worth storynya bagus mana karakter utama interaksi cerita overall,Negative,Negative
game bagus ceritanya gampang dimengerti daripada hsr device infinix note 30 g99 juga lancar di settingan low 30 fps,bagus cerita gampang erti hsr device infinix note tidak lancar settingan low fps,Negative,Negative
"Terlalu susah mendapatkan stat yang diinginkan, padahal saya sudah melakukan farming Drive disc lebih dari 200 kali namun masih belum bisa mendapatkan stat yang diinginkan di dalam satu set Drive disc saja",susah stat farming drive disc belum stat set drive disc,Negative,Negative
"the game Force close and crashed my phone, Infinix gt 30 pro",the force close and crashed my phone infinix pro,Negative,Negative
absolute cinema ✋🏻😌🤚🏻,absolute cema,Negative,Negative
"mekanik menantang,keren, dan ngak ribet story quest nya jadi lebih cepet nyelesein bansos juga lancar jadi nya happy, tapi serius deh banyak bgt bug yg ter sembunyi, tapi masih enak bgt buat story nya 😅😁😄",mekanik menantangkeren tidak ribet story quest cepat nyelesein bansos lancar happy serius deh bug ter sembunyi story,Negative,Negative
"So far, there have been no complaints about the game the devs are always quick to respond to issues. Maybe the only concern is memory usage, which needs to be optimized because it consumes a lot of RAM when played for too long, eventually leading to a force close. On mid-range phones (like the Poco F5), it can actually run at max settings and stays smooth for a while, even perfectly fine when using a cooler. But as mentioned, after about 30 minutes, RAM usage shoots up to around 90%.",sok far there have been no complaints about the the devs are always quick respond issues maybe the only concern is memory usage which needs be optimized because consumes lot of ram when played for too long eventually leading force close on midrange phones like the poco can actually run at max settings and stays smooth for while even perfectly fine when using cooler but as mentioned after about minutes ram usage shoots up around,Negative,Negative
"sebenernya game nya oke, cuman ntah kenapa sering drop frame walaupun grafis ku atur low, fps dari 60 bisa drop ke 10-15 fps. aku make samsung s24 fe fyi. tolong pihak developer di optimalkan lagi 😃",oke cuman drop frame grafis ku atur low fps drop fps pakai samsung fe fyi tolong developer optimal,Negative,Negative
"game bongko sumpah gue gacha gak dapet apa apa sudah mentok pity,bagi devloper: apa dapet banner itu mana mungkin dapet. ya kan hahahah lucu sekali sampe stres ahahhaahhahah",bongko sumpah gacha tidak mentok pitybagi devloper banner hahahah lucu stres ahahhaahhahah,Negative,Negative
"Kepada developer, game ini benar benar bagus, bagus banget, sangat bagus dan benar benar game yang cocok dengan saya atau genre yang aku suka, open world tapi tidak terlalu luas, game ini perfect!, sempurna bagi saya, minusnya game ini membuat hp saya sangat sangat panas!, padahal saya memainkan Wuthering Waves yang dimana Wuthering Waves lebih berat daripada zzz seharusnya zzz tidak seberat itu, mohon untuk dioptimalkan, ini game yang benar benar sempurna bagi saya!",developer bagus bagus bagus cocok genre suka open world tidak luas perfect sempurna minus hp panas main wuthering waves mana wuthering waves berat tidak berat optimal sempurna,Negative,Negative
game nya bagus cuma karena isolde mati jadinya ga mood💔😡 bikin isolde playable cepat 😡😡😡😠,bagus isolde mati tidak mood bikin isolde playable cepat,Negative,Negative
"Game gooner!, game yang mementingkan karakter cewek saja, udah 2 patch update terbaru karakter Rank S nya cewek melulu. Ada karakter Cowok cuma jadi Rank A😂 Lalu sistem Gacha pity nya busuk banget, cuma di game Hoyoverse ini rate pity gacha nya paling busuk, selalu kalah rate off 🤣, minimal contoh sistem gacha di genshin, kalo sering kalah rate off tuh ada jaminan Win 😂 KATANYA DEV LISTNED🤮",gooner penting karakter cewek patch update baru karakter rank cewek melulu karakter cowok rank sistem gacha pity busuk hoyoverse rate pity gacha busuk kalah rate off minimal contoh sistem gacha genshin kalah rate off tuh jamin win dev listned,Negative,Negative
banyakin character puri nya ya😹,banyak character puri,Negative,Negative
"game nya kenapa makin kesini makin lag dah, perasaan sebelum nya gak se lag ini, di tambah lagi entah kenapa sekarang loadingnya makin lama. mohon untuk dev nya di betulkan lagi ini game padahal saya suka sama zzz karna seru bangett menurut saya jadi tolong di update supaya tidak lag dll",kesini lag deh asa tidak lag loadingnya dev betul suka seru tolong update tidak lag dll,Negative,Negative
"Oke mantap mode tv udh hilang, tpi tetap b1 krna gacha di ini game terlalu busuk, dan juga patah2 anjirr di dimensity 8300 ultra",oke mantap mode tv hilang gacha busuk patah anjir dimensity ultra,Negative,Negative
menunggu male character dps bintang 5 yang tak kunjung ada,tunggu male character dps bintang tak kunjung,Negative,Negative
mau download malah perangkat anda tidak kompatibel dengan versi ini,download perangkat tidak kompatibel versi,Negative,Negative
game jlk kalah rate of mulu setiap kali gacha,jlk kalah rate of mulu gacha,Negative,Negative
jelek cepat dead game,jelek cepat dead,Negative,Negative
"sepertinya persentase menang rate off disini bukan 50/50 dikarenakan saya selalu kalah rate off dgn pity yang sangat tinggi, overal saya suka dgn gamenya namun saya kesal dgn sistem 50/50 di game ini",persentase menang rate off bukan kalah rate off pity tinggi overal suka kesal sistem,Negative,Negative
"woi ngasu, data udh gw download penuh kok gw ga login lama datanya ilang? perbaiki lah sia sia gw download seharian😡😡😡😡😡",woi ngasu data download penuh tidak login data hilang baik sia sia download hari,Negative,Negative
not bad,not bad,Negative,Negative
saya suka dgn gameplay yg disediakan namun untuk fitur gacha dan hadiah untuk newbie yg baru memulai sangat sedikit dan bahkan sulit untuk mendapatkan character yg di inginkan karna sistem nya yg selalu kalah di rate off karna itu para newbie yg F2P sulit mengejar para player lama kecuali kalian P2W,suka gameplay sedia fitur gacha hadiah newbie sulit character sistem kalah rate off newbie fp sulit kejar player kecuali pw,Negative,Negative
rate gacha nya ampas sekali,rate gacha ampas,Negative,Negative
"aku turunin bintangnya, GPU PowerVR memang seampas itu kah? chipset udah kenceng Dimensity 7025 ultra, cuman gara gara GPUnya TOLOL jadi kena limit texture sama Frame drop mulu, tolong segera diperbaiki ya min, biar semua kalangan bisa menikmati game kalian",turunin bintang gpu powervr ampas kah chipset kencang dimensity ultra cuman gara gara gpunya tolol limit texture frame drop mulu tolong baik min biar kalang nikmat,Negative,Negative
tiba tiba force close login ulang suruh download 25gb gila gila,force close login ulang suruh download gb gila gila,Negative,Negative
ada bug............ pas story karakter baru. di tangga karakter nya GK ikut ke bawah. malah terbang pake sketboar kayak alex,bug pas story karakter tangga karakter tidak terbang pakai sketboar alex,Negative,Negative
"game kikir, baru maen dah dikasih high pity mulu ngent. bikin akun sampe 5 lebih masih aja high pity + selalu kalah rate off mulu gaje, di game hoyo laen gacor gacor aja gachanya. ini kek apa gitu au dah uninstall aja gw dah males",kikir deh kasih high pity mulu ngent bikin akun high pity kalah rate off mulu tidak hoyo gacor gacor gachanya au deh uninstall deh malas,Negative,Negative
Akhirnya ZZZ memberikan banyak hadiah hanya pity untuk gacha mendapatkan karakter nya susah.,hadiah pity gacha karakter susah,Negative,Negative
game seru tp hpku gak kuat... mungkin nanti klo aku ganti device bakal comeback,seru hpku tidak kuat ganti device comeback,Negative,Negative
tidak bisa di downnload,tidak downnload,Negative,Negative
"udah update kok malah ngeframe device poco x6 pro ,padalan sebelum update rata kanan lancar lancar aja tanpa frame",update ngeframe device poco pro padalan update rata kanan lancar lancar tanpa frame,Negative,Negative
"setiap update kenapa harus ada kekurang ,entah itu patah dan ada bug di story agen buat developer setiap update tolong di perhatikan",update kurang patah bug story agen developer update tolong perhati,Negative,Negative
"habis update malah ngebug, mau jalankan story gak bisa",habis update ngebug jalan story tidak,Negative,Negative
game nya berat bngt banyak bug trs suka keluar sendiri (crash) patah patah GK nyaman main ni game tolong lah di optimalin lagi biar GK nge frame saat bermain,berat bug suka crash patah patah tidak nyaman tolong optimalin biar tidak nge frame main,Negative,Negative
Telat nge Rating,telat nge rating,Negative,Negative
intinya ini game bikin gw terhibur dan gw lumayan suka sama alurnya,inti bikin hibur lumayan suka alur,Negative,Negative
game bagus cuman rate gacha nya parah dimohon untuk mempermudah player supaya tidak terlalu stress karena gachanya slalu ampas,bagus cuman rate gacha parah mohon mudah player tidak stres gachanya ampas,Negative,Negative
S-Rank Billy Please :),srank billy please,Negative,Negative
"aku bermain game ini dari awal perilisannya dan game ini memang game yang bagus dengan sistem gacha yang menurut ku lumayan bagus juga sejauh 7 karakter limit yang aku gacha belum pernah kalah ret off, dan selalu dapat di 50 atau 20 kali pull, soal panorama game ini grafik nya bagus, tapi khusus di kota atu six stret itu bahkan 8 gen 2 di iqoo 12 pun juga bisa frem drop",main rilis bagus sistem gacha ku lumayan bagus karakter limit gacha belum kalah ret off pull panorama grafik bagus kota six stret gen iqoo frem drop,Negative,Negative
"Banyak Waifu,grafik gausah di tanya,cuman naikin sedikit reward per misi di game ini,dah itu aja🗿",waifugrafik tidak tanyacuman naikin reward misi inidah,Negative,Negative
I love this game sooo much and i hope the next update will be more fun then before 😁👍,love this sok much and hope the next update will be more fun then before,Negative,Negative
"cukup bagus, dan gampang buat ngumpulin ticket gacha, tapi game ini membuat HP ku cepat panas saat game ini dimainkan, tolong optimalkan suhunya, jangan buat terlalu panas dan berat",bagus gampang ngumpulin ticket gacha hp ku cepat panas main tolong optimal suhu jangan panas berat,Negative,Negative
aku sudah bermain game ini saat pertama kali ada di play store. aku mengalami pengalaman yg enak disini dan aku merasa cerita dan event yg diberikan sangat emosional dan enak utk dimainkan. Aku berharap game ini akan terus berkembang dan aku akan terus memainkan game ini. stay update! •~•,main play store alami alam cerita event emosional main harap kembang main stay update,Negative,Negative
"game sangat cocok untuk bersantai,tapi keluhannya yaitu semenjak masuk update 2.0 banyak terjadi bug terutama bug map jadi saya memohon untuk update kedepannya tolong optimalisasi dan tolong fix bug nya demikian terimakasih 🙏",cocok bersantaitapi keluh semenjak update bug bug map mohon update depan tolong optimalisasi tolong fix bug terimakasih,Negative,Negative
lho hari ini telat update min?,lho telat update min,Negative,Negative
"udah gak ketolong, ni game, emang bagusnya pensi semua game hoyo kecuali HSR bansos seimbang hasil gacha, lah ZZZ bansos lumayan tapi rate pelit(rate kecil) hight pity terus anjir🗿🗿terus engine ngapain pake rate on/off segala, hadeh sumpah ni game, udah banyak bug, ngefram, Banyak masalah satu Dev sama hoyo, Gak improve sama player nya, 2026 tambah sepi, 2027 tutup",tidak tolong bagus pensi hoyo kecuali hsr bansos imbang hasil gacha bansos lumayan rate pelitrate hight pity anjirterus engine pakai rate onoff hadeh sumpah bug ngefram dev hoyo tidak improve player sepi tutup,Negative,Negative
hard pity buat dapetin karakter nya 🥺🥺🥺,hard pity karakter,Negative,Negative
Setelah update 2.0 sering lag bahkan main medium 30fps di android chipset D8300 sering framedrop yang membuat pengalaman bermain tidak nyaman. Pesan untuk developer untuk segera memperbaikinya agar pengalaman bermain player lebih nyaman seperti patch2 sebelumnya..,update lag medium fps android chipset framedrop alam main tidak nyaman pesan developer baik alam main player nyaman patch,Negative,Negative
uuu game bokep,lu bokep,Negative,Negative
dari Grafik gak cocok di HP .. Ini cocok nya jd Game PC. Uninstal aja kalo masih main di HP,grafik tidak cocok hp cocok pc uninstal hp,Negative,Negative
game ini cocok bagi kalian yang dulu suka main Basara atau god of war pas zaman zaman main PS karena game ini membawa kita kepada suatu petualangan yang di mana kita akan di hadapi dengan para character yang keren yang akan menghadang semua ethereal ( musuh yang ada di zenless zone zero) dengan mekanik yang bisa dibilang cukup sulit 🗿😂 namun ya game ini bukan game ringan ya kawan- kawan pastikan hp kalian bagus kalau mau main game gacha kayak gini🗿😁😓 Ini harus keluar duit ga? engga usah,cocok suka basara god of war pas zaman zaman pas bawa tualang hadap character keren menghadang ethereal musuh zenless zone zero mekanik bilang sulit bukan ringan kawan kawan pasti hp bagus gacha duit tidak tidak,Negative,Negative
gem tolol,gem tolol,Negative,Negative
"game jelek, waktu sinyal lagi reconnect musuh tetap bisa ngehajar karakter smpe mati",jelek waktu sinyal reconnect musuh ngehajar karakter mati,Negative,Negative
"woilah, tolobg optimalisasi lah wok, udah ngambil banyak penyimpanan terus nge frame lagi cok. tolong lah kalau bisa kek PGR lah woi, grafik rata kiri masih nge frame disini. tolong lah hoyo",woilah tolobg optimalisasi wok ngambil simpan nge frame cok tolong pgr woi grafik rata kiri nge frame tolong hoyo,Negative,Negative
tidak disarankan buat hp yang harga 2 juta kebawah jir,tidak saran hp harga juta bawah jir,Negative,Negative
gacha nya ampas masak baru pertama gacha langsung rate off,gacha ampas masak gacha rate off,Negative,Negative
Nice game banyakin resource gacha,nice banyak resource gacha,Negative,Negative
kapan Helio g81 ku ini normal saat memainkan game ini,hio tidak ku normal main,Negative,Negative
"sejujur nya semua gameplay yang diberikan sudah bagus semua, tetapi pengoptimalisasinya agak kurang untuk handphone kalangan tengah, semoga next update bisa dioptimalisasikan dengan benar",jujur gameplay bagus optimal kurang handphone kalang tengah moga next update optimalisasi,Negative,Negative
"tolong jangan kayak gini hoyo, design karakter kalian istimewa mau pun cewek atau cowok, tapi seimbangkanlah perilisan karakter cowok rank S padahal itu yang membuat game kalian populer di dalam cerita maupun event tertentu 😞",tolong jangan hoyo design karakter istimewa cewek cowok imbang rilis karakter cowok rank populer cerita event,Negative,Negative
"GK bisa login,servernya error",tidak loginservernya error,Negative,Negative
selalu kalah rate offf trs eventnya dikit bat jadi pemain f2p atau free to play kesusahan termasuk saya sendiri,kalah rate of eventnya dikit main fp free play susah,Negative,Negative
"kebanyakan karakter bersusu, dan kurang karakter cowok. sekali nya ada karakter cowok pasti cuma rank A bukan S. game bikin males main",banyak karakter susu kurang karakter cowok karakter cowok rank bukan bikin malas,Negative,Negative
kena rate off gw jir,rate off jir,Negative,Negative
"sudah bisa dimainkan tetapi masih ada glitch dalam permainan apa lagi saat battle itu pasti tiba tiba ngeglitch padahal kemarin saya main tidak ada glitch,dan saya sudah download ver yang terbaru,harap segera diperbaiki",main glitch main battle ngeglitch kemarin tidak glitchdan download ver terbaruharap baik,Negative,Negative
"salah satu game gacha yang kalo kalian kalah 50:50 pertama kali.. bakal kalah 50:50 seterusnya sampe game ini tutup. bayangin dari jaman banner ellen joe rilis sampe sekarang selalu hard pitty 80 keatas dan ga pernah menang 50:50 sekalipun. hampir semua player zzz ngalamin hal yang sama selalu kalah banner dan mentok pitty. beda sama game hoyoverse lain, zzz game paling ga ramah buat gacha",salah gacha kalah kalah tutup bayang jaman banner ellen joe rilis hard pitty atas tidak menang player ngalamin kalah banner mentok pitty beda hoyoverse tidak ramah gacha,Negative,Negative
game gooning developer fokus game baru bukan memperbaiki kualitas game nya sekarang. hoyo hoyo dawei tolol,gooning developer fokus bukan baik kualitas hoyo hoyo dawei tolol,Negative,Negative
Manless Zero,manless zero,Negative,Negative
"akun saya hilang tolong kembalikan saya sudah lama memainkan akun itu plis tolong atasi masalah ini, saya sangat sedih kehilangan akun yang sudah lama saya rawat",akun hilang tolong kembali main akun plis tolong atas sedih hilang akun rawat,Negative,Negative
"game nya bagus, tapi bagian arsip rahasia agen bagian nekomata agak nge bug tembus tembok nps nya juga gak ada, mohon di perbaiki",bagus arsip rahasia agen nekomata nge bug tembus tembok nps tidak baik,Negative,Negative
Manless Zero!!?,manless zero,Negative,Negative
"kecewa dengan agent komano manato dijadikan A Rank:), byee zzz",kecewa agent komano manato jadi rank byee,Negative,Negative
kenapa game ini berat banget sekarang dulunya versi 2.0 ringan sekarang makin berat terus grafik nya udah kurangin masih berat banget,berat dulunya versi ringan berat grafik kurang berat,Negative,Negative
"manato A rank? seriously? and made some random characters steals the spotlight instead? everyone know better that manato is loved by the community, and you guys decided to make him A rank..?",manato rank seriously and made some random characters steals the spotlight instead everyone know better that manato is loved by the community and you guys decided pakai him rank,Negative,Negative
"gamenya ga bervariasi , terlalu banyak karakter cewek dan rasio karakter cowonya sedikit sekali, kayaknya populasi laki laki di new eridu berkurang karna hampir punah kena miasma (khusus cowok kena miasmanya parah).",tidak variasi karakter cewek rasio karakter cowonya kayak populasi laki laki new eridu kurang punah miasma cowok miasma parah,Negative,Negative
Game sampah,sampah,Negative,Negative
"sangat mengecewakan game dengan planning banner yg sampah ,baru setahun udh ad 4 dps ice sedangkan element lain lain spt api ether g ad",kecewa planning banner sampah tahun dps ice element api ether tidak,Negative,Negative
"game nya bagus, mekanik combat nya juga GG, grafik nya bagus,story nya pun mantap dan gampang di mengerti,satu tambahan saja buat developer nya banyakin karakter pria,jangan kebanyakan wanita terus,itu aja sih kalau soal sering nge lag,saya nggak bisa protes Krn ini game emang butuh perangkat yang tinggi,saya cukup tau diri,nggak kayak orang lain yang ngeluh sering frame drop tapi hp nya mid,hadehh",bagus mekanik combat tidak grafik bagusstory mantap gampang mengertisatu tambah developer banyak karakter priajangan banyak wanita terusitu nge lagsaya tidak protes butuh perangkat tinggisaya tau diringgak ngeluh frame drop hp midhadehh,Negative,Negative
"banyakin karakter cwo dong, cwe mulu dah perasaan",banyak karakter cowok cewek mulu deh asa,Negative,Negative
please change Komano's rarity into S-Rank,please change komanos rarity into srank,Negative,Negative
"gua suka sih bang lihat game nya, tapi Enda bisa di download di android vivo y35 saya, agak sedih sih, tolong dong di kompertibel buat HP vivo nya bang.",gua suka abang enda download android vivo sedih tolong kompertibel hp vivo abang,Negative,Negative
"sangat bagus, tapi untuk saat ini perbanyak karakter pria dan kurangi desain terbuka berlebihan untuk karakter wanita, itu sangat tidak penting",bagus banyak karakter pria kurang desain buka karakter wanita tidak,Negative,Negative
Game apaan nih? karakter cowo di diskriminasi. parah. kita player cewe jg mau dimanja sm husbu dong!,karakter cowok diskriminasi parah player cewek manja husbu,Negative,Negative
banyakin s rank cowo 🤬 jangan a rank mulu apa aelah,banyak rank cowok jangan rank mulu alah,Negative,Negative
Manato is an A rank? I'm quitting this game bye~,manato is an rank im quitting this bye,Negative,Negative
Menless Zone Zero,menless zone zero,Negative,Negative
"kenapa akunku selalu kalah rate off ya, udah 7 kali. aku rasa ada yang aneh dengan peluang 50:50-nya. dari 7 kali rate off, 7-7 nya kalah. ku harap ini bug dan developer bisa memperbaikinya. Sayang sekali padahal aku suka banget gamenya :( . . . saran : boleh ditambahkan sistem special wish kaya interwined wishnya genshin jika player terus terusan kalah pada banner limited.",akun kalah rate off aneh peluang rate off kalah ku harap bug developer baik sayang suka saran sistem special wish interwined wishnya genshin player terus kalah banner limited,Negative,Negative
"game terlalu berat optimasi payah, poco f5 gw gk bisa ngangkat lag parah bahkan sampai bikin hang ke os nya, penyakit dari awal ini game kecewa sih",berat optimasi payah poco tidak ngangkat lag parah bikin hang os sakit kecewa,Negative,Negative
"ngikut tren rating jelek karena komano A rank, lagian nih game berat setelah 2.0",ngikut tren rating jelek komano rank berat,Negative,Negative
KENAPA MANATO RANK A. HOYO DURJANA,manato rank hoyo durjana,Negative,Negative
"the most popular character is just A-rank, but two random characters we’ve never seen before are S-rank, lol",the most popular character is just arank but two random characters weve never seen before are srank lol,Negative,Negative
Game isi gooner,isi gooner,Negative,Negative
tolong optimasi game nyaa😭😭😭,tolong optimasi,Negative,Negative
"i dont want to give higher stars when the marketing department messed so bad for making the MOST ANTICIPATED MALE CHARACTER in season 2, an A RANK, while a new female char in the faction is a S Rank. even JP and CN sides are mad about this decision. u need to learn, if u guys dont care about male characters at all, just dont make one to bait us to playing the game! stop this unfairness! i loved season 1 so much, but season 2 is such a DISAPPOINTMENT, also ur Season 2 character design sucks!!",dont want give higher stars when the marketing department messed sok bad for making the most anticipated male character season an rank while new female char the faction is rank even jp and cn sides are mad about this decision lu need learn if lu guys dont care about male characters at all just dont pakai one bait us playing the stop this unfairness loved season sok much but season is such disappointment also ur season character design sucks,Negative,Negative
"WHERE IS THE MALE S RANK YOU PROMISE US, I HATE HOW YOU ONLY CARE ABOUT YOUR MALE FANS WHEN WE HYPE THE MALE S RANK THE MOST, AND THE MANATO DRAMA IS SO CRAZY I WILL NOT PAY FOR ANY OF YOUR BANNER IF THIS KEEP GOING ON. YOU ONLY CARE ABOUT YOUR CHINESE FANS THAN THE GLOBAL SO IM DONE WITH THIS GAME.",where is the male rank you promise us hate how you only care about your male fan when we hype the male rank the most and the manato drama is sok crazy will not pay for any of your banner if this keep going on you only care about your chinese fan tahan the global sok im done with this,Negative,Negative
change Manato to s rank please,change manato rank please,Negative,Negative
Komano Manato's S tier taken by a random girl and turn into A. Could've make both S instead he into A,komano manatos tier taken by random girl and turn into couldve pakai both instead he into,Negative,Negative
misogyny game. release more meta s rank males if u want them sell well,misogyny release more meta rank malas if lu want them sell well,Negative,Negative
optimalisasinya sampah,optimalisasi sampah,Negative,Negative
"liar, you say that male and female 5 star character get 1:1 ration very dissapointing 😡😒😒😒",liar you sayang that male and female star character get ration very dissapointing,Negative,Negative
hilangkan dong fiktur teka teki di tengah stage ganggu bangett,hilang fiktur teka teki tengah stage ganggu,Negative,Negative
udah setahun gw maen nih game gw player f2p kalo gacha ampas mulu njirr parah udah muak gw ini terakhir kali maen nih game,tahun player fp gacha ampas mulu anjir parah muak,Negative,Negative
"Dari segi story, character, visual, combat. Game ini dapat dibilang masterpiece, Hanya satu yang membuat saya kurang nyaman, GW KALAH RATE OFF MULU COKKK 😭😭 CAPE GW NGULI SIANG MALAMM 😭😭",segi story character visual combat bilang masterpiece kurang nyaman kalah rate off mulu cok capek nguli siang malamm,Negative,Negative
oi dev kalo ngasih pengaturan kustom tombol tuh jangan setengah² masih harus di buat sebebas mungkin lah kayak di game sebelah (walaupun beda genre game)🙏,oi dev asih atur kustom tombol tuh jangan bebas belah beda genre,Negative,Negative
game ini bagus cerita nya asik gameplay seru banget tapi ada kurang nya kayak di gameplay sering frame drop tiba-tiba padahal aku udah coba game yang lebih berat dari zzz tapi lebih lancar dari zzz mohon di optimisasi lagi 👍,bagus cerita asik gameplay seru kurang gameplay frame drop tibatiba coba berat lancar optimisasi,Negative,Negative
"ternyata cara main nya sama seperti honkai impact 3rd yaa,aku kirain petualang open world tanpa batas kayak game Genshin Impact,kurang tertarik sih, baru download langsung aku uninstall lagi setelah tau cara main game nya dari YouTube,TPI masih mending ketimbang star rail yang berbasis giliran,gak rame walaupun bnyak karakter yang baik sihh",honkai impact rd yaku tualang open world tanpa batas genshin impactkurang tarik download uninstall tau youtubetpi mending ketimbang star rail bas gilirangak rame karakter,Negative,Negative
udah aman udah nyaman nggak ada gangguan,aman nyaman tidak ganggu,Negative,Negative
"dari awal main gapernah menang rate off,bijilah",tidak menang rate offbijilah,Negative,Negative
hmmm langsung aja ini game lumayan enak di G99 Ultimate (itel rs4) dan saran gw kalo mau maen ini game pake kipas biar enak maen dah,hm lumayan tidak ultimate itel rs saran pakai kipas biar deh,Negative,Negative
"the pity form gacha it's to high, and every new character must have their weapon. like, what? thats to gready man",the pity form gacha its high and every new character must have their weapon like what thats gready man,Negative,Negative
"Versi sekarang kadang sering ngestuck di black screen padahal jaringan lancar spesifikasi smartphone juga mumpuni tapi sering kek gini, hal ini sering bikin saya rugi kuota karena harus hapus data game terus di download lagi",versi kadang ngestuck black screen jaring lancar spesifikasi smartphone mumpuni bikin rugi kuota hapus data download,Negative,Negative
maaf ya ku kasih bintang 2. Karena ini game udah kayak nonton Anime kebanyakan dialog dan cerita. di tambah game nya pelit gacha selalu dapat ampas 30x gacha cuman dapat beruang bikin malas main. dan baru sadar ternyata ini game buatan HOYO. game HOYO terkenal pelit nya🙏maaf aku hapus lagi ya.. awal main ingin dapat karakter yang imut lucu eh pas gacha di kasih nya beruang. membuat mood hilang,maaf ku kasih bintang tonton anime banyak dialog cerita pelit gacha ampas gacha cuman beruang bikin malas sadar buat hoyo hoyo kenal pelit nyamaaf hapus karakter imut lucu eh pas gacha kasih beruang mood hilang,Negative,Negative
"thermal throttle issue, frame drop mid battle, kurang baik dalam optimisasi, device yang saya pakai sudah sangat cukup untuk game berat",thermal throttle issue frame drop mid battle kurang optimisasi device pakai berat,Negative,Negative
combatnnya seru trs gachanya juga ga kikir2 bgt lah klo dibanding game sebelah,combatnnya seru gachanya tidak kikir banding belah,Negative,Negative
gacha ampas,gacha ampas,Negative,Negative
"tolong optimalkan ketika berada di map sixth street, ketika memasuki map tersebut, terasa patah patah dan frame drop, padahal saat gameplay mampu menjalankan game dengan fps yang stabil, tolong untuk segera di perbaiki:)",tolong optimal map sixth street pasuk map patah patah frame drop gameplay jalan fps stabil tolong baik,Negative,Negative
tolong keluarkan banner Ellen Joe lagi nnti saya borong semuanya,tolong keluar banner ellen joe borong,Negative,Negative
"Makasih ya Hoyoverse udah bikinin game sebagus ini, Udah game nya bagus nggak pelit lagi, tapi minusnya game nya belum di optimalkan kayaknya, soalnya pas waktu main kadang lancar kadang frame drop padahal device pake chipset Dimensity 7300 Ultimate dan pake grafik rendah loh padahal 🥲. jadi kesimpulannya ini game hampir banget sempurna dan sekian terimakasih 🙏",terima kasih hoyoverse bikin bagus bagus tidak pelit minus belum optimal kayak pas waktu kadang lancar kadang frame drop device pakai chipset dimensity ultimate pakai grafik rendah loh simpul sempurna sekian terimakasih,Negative,Negative
"sedih sih karena diberlakukan dua kali verifikasi karena handphone/device baru padhal disatu akun cuman tertaut satu email dan ngga ada aktifin sebelumnya fitur dua verifikasi dua email, dan pada akhirnya Handphone/device sebelumnya rusak jadinya ngga bisa masuk lagi karena lupa email yang yang tertaut satunya karna dua kali verifikasi dah lah hilang akun jadi malas main lagi huuft :(",sedih laku verifikasi handphonedevice padhal satu akun cuman taut email tidak aktifin fitur verifikasi email handphonedevice rusak tidak lupa email taut satu verifikasi deh hilang akun malas huuft,Negative,Negative
"gameplay enak, story udh sekelas nonton anime tapi sambil main. ga ngebosenin jelas, cuma. banyak agent yg bisa dipilih tapi cuma itu² aja. fokus ngebagus²in 1 tapi ga dapet yg lain. contoh yg tier S. kikir sudah jelas, ampas tiap dapet emas dapetnya yg sama, ato gear dari agent lain. susah dapet token gachanya jir... awal² lancar aja, cuma tetep bentaran doang. gua pengen nyoba² agent lain pun jadi males. sekian, gamemya bagus cuma aing ga dapet hoshino miyabi beberapa kali dan aing kecewa.",gameplay story kelas tonton anime tidak ngebosenin agent pilih fokus ngebagusin tidak contoh tier kikir ampas emas dapetnya gear agent susah token gachanya jir lancar bentar doang gua pengin coba agent malas sekian gamemya bagus aing tidak hoshino miyabi aing kecewa,Negative,Negative
"di infinix gt 20 pro sangat parah frame drop, waktu battle fps nya 18-29 walau sudah di setting medium. sementara game lain bisa dilibas high 60 fps.... aneh memang optimalisasi android nya, giliran PC bisa unlimited fps",infinix pro parah frame drop waktu battle fps setting medium libas high fps aneh optimalisasi android gilir pc unlimited fps,Negative,Negative
game ini peak sekali bansos besar walaupun hoki hokian kalau gacha nya tapi overall dari segi fight bagus smooth banget cerita prolog lumayan lama tapi oke banget dialog nya gak kaku bagus lah untuk bos sesuai kemampuan masing-masing kalau lu ngestack atau gak bisa kalah kan bos nya itu bukan bos nya yang op tapi lu nya aja yang skill issue overall game ini bagus banget,peak bansos hoki hoki gacha overall segi fight bagus smooth cerita prolog lumayan oke dialog tidak kaku bagus bos sesuai mampu masingmasing ngestack tidak kalah bos bukan bos op skill issue overall bagus,Negative,Negative
kenapa dari awal main sampe sekarang mau menang rate off atau kalah slalu hard pity. kasihan f2p sumpah capek banget,menang rate off kalah hard pity kasihan fp sumpah capek,Negative,Negative
loadingnya lama banget bahkan bisa sampe 5 hari nungguin,loadingnya tunggu,Negative,Negative
game parah pelitnya,parah pelit,Negative,Negative
butut,butut,Negative,Negative
"makin lama makin berat ni game, performanya menurun ga kyk dlu. sekarang banyak frame dropnya",berat performa turun tidak frame drop,Negative,Negative
"gara gara game ini, android saya jadi bootlop saat meng uninstall,",gara gara android bootlop meng uninstall,Negative,Negative
"Game nya seru asik, coman gacha nya ampas selalu hard pity",seru asik coman gacha ampas hard pity,Negative,Negative
frame rate drop after anniversary update and too much waste time at log in session,frame rate drop after anniversary update and too much waste time at log session,Negative,Negative
"kecewa sih sama game ini terutama di bagian kelancaran game aku pake chipset d8350 masih lag setingan medium 60 fps, di game sebelah yang make unreal engine 4 malahan lancar jaya setingan medium 60 fps kocak ni game",kecewa lancar pakai chipset lag ting medium fps belah pakai unreal engine lancar jaya ting medium fps kocak,Negative,Negative
optimalisasi lagi game nya,optimalisasi,Negative,Negative
masih terdapat bug dalam beberapa permainan,bug main,Negative,Negative
bad.,bad,Negative,Negative
udah bagus untuk segi battlenya cuma menurutku UI nya kurang enak dilihat kyk gimana gituh,bagus segi battlenya turut ui kurang,Negative,Negative
"bug makin banyak dari hadiah story nggak muncul, darah musuh kebal, tidak bisa login akun 😌",bug hadiah story tidak muncul darah musuh kebal tidak login akun,Negative,Negative
kalah Mulu ahh,kalah mulu ah,Negative,Negative
"mode tv nya lemot sama delay mending gak usah ada, sama ribet harus ini harus itu jadi bosen mainin game nya. niatnya mau selesaiin side quest malah ada mode tv bete gwe🥱",mode tv lot delay mending tidak ribet bosan mainin niat selesaiin side quest mode tv bete gwe,Negative,Negative
"nge,bug di bagian cerita nekomata",ngebug cerita nekomata,Negative,Negative
stuck di loading gak bisa masuk.tolong dong depelover nyaa bertindak,stuck loading tidak masuktolong depelover tindak,Negative,Negative
gamenya seru storynya absolut cinema tapi semenjak update 2.0 gak tau kenapa laut nya jadi hitam dan efek dari elemen ice juga jadi hitam tolong diperbaiki bug hitam nya hoyo,seru storynya absolut cema semenjak update tidak tau laut hitam efek elemen ice hitam tolong baik bug hitam hoyo,Negative,Negative
"pengoptimalan game kurang baik, padahal udah di setting ke yang terrendah tapi masih aja ngelag ngelag padahal main game lain dengan grafik yang tinggi biasa aja.",optimal kurang setting terrendah ngelag ngelag grafik tinggi,Negative,Negative
too much unnecessary dialog in the event,too much unnecessary dialog the event,Negative,Negative
game tersampah yang pernah saya nyoba selama hidup. karena gamenya tidak ramah dengan handphone yang cuma 30Gb dan ZZZ itu memperlukan 38Gb untuk di mainkan dan juga banyak bug yang meresahkan untuk di mainkan,sampah coba hidup tidak ramah handphone gb perlu gb main bug resah main,Negative,Negative
ni game berat bat jiiirrr🗿,berat jir,Negative,Negative
"Game Anti KIKIR sih menurut gw soalnye gw dlm waktu 2 hari bisa dapet 2 Chara S Di Low Pity,tapi kalo bisa banyakin bansosnya karna gw nggak bisa sering main karna harus sekolah, 3 hari perbulan baru bisa megang handphone jadinya gw banyak ketinggalan event....pliss min😣🤧",anti kikir soalnye waktu chara low pitytapi banyak bansosnya tidak sekolah bulan pegang handphone tinggal eventpliss min,Negative,Negative
"Mengenai Patch 2.1, Dev perlu memberi effort lebih karna banyak kurangnya pada update ini (Patch 2.1) yaitu dari segi minim nya Optimalisasi, masalah Kompatibilitas, Resource management yang buruk (Loading screen berat) dan Library Vulkan/GL yang berubah belum tentu kompatibel dengan semua GPU. Pada Patch < 2.0 sebelumnya masih playable dan cukup stabil tanpa shuttering berlebihan.",patch dev effort kurang update patch segi minim optimalisasi kompatibilitas resource management buruk loading screen berat library vulkangl ubah belum kompatibel gpu patch playable stabil tanpa shuttering,Negative,Negative
tolong tambah lagi mode explore nya dong,tolong mode explore,Negative,Negative
"dahah malas, udah top up mahal, malah dikasih kalah rate off pity tinggi. uninstal aja",dahah malas top up mahal kasih kalah rate off pity tinggi uninstal,Negative,Negative
"Battle yang Tidak Seimbang, Boss kadang terlalu overpower, farming dan leveling up karakternya terlalu rumit, lama dan ada batasan juga setiap harinya...",battle tidak imbang bos kadang overpower farming leveling up karakter rumit batas hari,Negative,Negative
Sejauh ini enak aja sih mainnya dari performa atau story. yah semoga aja gak ada bug hehe. dan ini main lagi karna gacha Miyabi dapat kwkwk,main performa story moga tidak bug hehe gacha miyabi kwkwk,Negative,Negative
stuck dipilih server. gk bisa diapa apain. cuma tv doang yg ganti chanel,stuck pilih server tidak apa apa tv doang ganti chanel,Negative,Negative
Optimization for Samsung A56 pls,optimization for samsung pls,Negative,Negative
"Di lemnian hollow nge lag bgt pls, lagi ribut stutter tiba tiba, jdi susah nge parry atau perfect dodge. Tolong optimisasi nya dong. Endgame content reward nya juga kurang tambahin dikit, sisa nya aman cuma butuh optimisasi sama penambahan reward dikit, jgn mager lah game nya udh bagus tpi kurang optimisasi",lemnian hollow nge lag pls ribut stutter susah nge parry perfect dodge tolong optimisasi endgame content reward kurang tambah dikit sisa aman butuh optimisasi tambah reward dikit jangan mager bagus kurang optimisasi,Negative,Negative
permulaan yg cukup buruk buat pemula bagi saya dikasih duplikat standard banner padahal berusaha gacha dangriding susah payah buat banner limit sungguh mengecewakan,mula buruk mula kasih duplikat standard banner usaha gacha dangriding susah payah banner limit sungguh kecewa,Negative,Negative
5 star male character pls,star male character pls,Negative,Negative
"Dari segi design character,visual,battle nya itu semua sudah sangat bagus hanya saja mungkin ada beberapa yang perlu diperhatikan lagi dari segi event, jujur saja event yang ada di Zzz itu cukup minim rewardnya dan beberapa f2p Player yang hanya mengandalkan dari event pasti akan sedikit kesusahan untuk gacha character dan weapon nya, mohon untuk menambah kan jumlah event yang ada dalam 1 patch atau menambah kan reward.... :)",segi design charactervisualbattle bagus perhati segi event jujur event zzz minim rewardnya fp player andal event susah gacha character weapon tambah event patch tambah reward,Negative,Negative
"gamenya seru, gameplay menantang, fiturnya juga banyak, tapi tolong banyakin konten endgamenya untuk para pemain endgame. jangan cuma fokus ke para pemula dong kasian para pemain lama🙏",seru gameplay tantang fiturnya tolong banyak konten endgamenya main endgame jangan fokus mula kasihan main,Negative,Negative
Makin sini makin sana... Dahlah.,dah,Negative,Negative
gameplay yg kompleks namun tidak rumit👍,gameplay kompleks tidak rumit,Negative,Negative
gk perlu gw jelasin lagi bro kenapa gw kasih b5,tidak jelasin bro kasih,Negative,Negative
gacha hard ampas kalah mulu ampe standar gw lengkap,gacha hard ampas kalah mulu standar lengkap,Negative,Negative
karena banyak Tobrut baik hati lagi penyayang 😋,tobrut hati sayang,Negative,Negative
"Lumayan buat waktu luang, Meskipun farm nya boros bangat Battery. Gaada masalah sih, Cuman. kenapa setiap kalah, selalu dapat KOLEGA ( Karakter Najis ).",lumayan waktu luang farm boros battery tidak cuman kalah kolega karakter najis,Negative,Negative
solid tapi lag nya parah bet,solid lag parah,Negative,Negative
game ampas terancam resiko gk ngapa²in,ampas ancam resiko tidak,Negative,Negative
jika device anda kentang ga usah main deh dripada rating ga jelas,device kentang tidak deh rating tidak,Negative,Negative
FPSnya sering drop,fpsnya drop,Negative,Negative
"Setelah update 2.0 game jadi terasa lebih berat padahal versi sebelumnya tidak begitu, versi sekarang lebih banyak bag lebih banyak framedrop dan penggunaan ram yang berlebihan mengganggu pengalaman bermain, mohon pihak hoyoverse segera mengoptimalkan lagi game zzz ini agar nyaman dimainkan di versi sekarang",update berat versi tidak versi bag framedrop guna ram ganggu alam main hoyoverse optimal nyaman main versi,Negative,Negative
saya sudah bermain zzz lebih dari 4 bulan nah setelah update season 2 ini kenapa jadi lebih berat ya? dan kenapa setiap memasuki map dalam hollow selalu frame drop padahal spesifikasi handphone saya sudah mendukung untuk game ini. saya jadi harus re - login agar tidak frame drop dalam game nya. tolong di optimalisasikan lagi game nya agar saya juga betah untuk bermain di zzz,main update season berat pasuk map hollow frame drop spesifikasi handphone dukung re login tidak frame drop tolong optimalisasi betah main,Negative,Negative
ada bug di dalam misi arsip video.. jadi gak bisa lanjutkan misi yang lainnya.. segera di perbaiki!!!,bug misi arsip video tidak lanjut misi baik,Negative,Negative
"waktu maen dulu gk lag2 amat, tpi sekarang maen brs kyk maen di hp kentang padahal y hp sangat mumpuni dalam bermain",waktu tidak lag brs hp kentang hp mumpuni main,Negative,Negative
boss nya terlalu mudah bisakah update kedepannya boss nya agak dipersulit lagi?,bos mudah update depan bos sulit,Negative,Negative
"sebenernya gamenya bagus banget malah,aku dah pke grafik full juga oke,tapi asal main kalo uda panas hapenya framenya drop,tapi kadang kalo dingin juga bisa drop frame rateny,mungkin aj gameny yg bermslh klo ga internet sy,tpi saya stiap kli frame drop saya lgsg cek internet dan gd mslh mungkin bs di perbaiki untuk permasalahan ini trims",bagus malahaku deh pakai grafik full oketapi panas hapenya framenya droptapi kadang dingin drop frame ratenymungkin gameny bermslh tidak internet sytpi frame drop cek internet gd baik masalah terima kasih,Negative,Negative
hard pity👎,hard pity,Negative,Negative
"hard pity terus, rate off lagi...😡",hard pity rate off,Negative,Negative
males. gacha busuk,malas gacha busuk,Negative,Negative
"zzz why??? your game is very good, the content is interesting, the prizes are many, but why does your game always forclose, I have been playing this game since 1.4 and I have not found any problem at all but why since this update it has become like this, honestly this is very annoying, I can't even complete the quest properly, my tablet is more than enough to handle your game",why your is very good the content is interesting the prizes are many but why does your always forclose have been playing this since and have not found any problem at all but why since this update has become like this honestly this is very annoying cant even complete the quest properly my tablet is more tahan enough handle your,Negative,Negative
"saya menemukan kejanggalan ""bug"" di rak arsip vdeo ""permainan tikus dan kucing"" di sana tidak bisa melakukan aktivitas memutar cerita atau pun memainkan quest saran kepada devolovers tolong di perbaiki ""rak arsip vdeo"" terimakasih",temu janggal bug rak arsip vdeo main tikus kucing tidak aktivitas putar cerita main quest saran devolovers tolong baik rak arsip vdeo terimakasih,Negative,Negative
"optimalitation your graphic in mobile, too blur in game, need improve and upgrade your engine",optimalitation your graphic mobile too blur need improve and upgrade your engine,Negative,Negative
I drop the rate because I lost 4 50/50 (ima drop it again if i lose on the 5),drop the rate because lost ima drop again if lose on the,Negative,Negative
"overall gamenya bagus cuman tolong di perbaiki bug yang ada. gw lagi kerjain side quest lycaon dan harus bertemu belle setelah mengunjungi lumina square, saat lagi balik nih si belle/wise nggak ada sama sekali padahal kordinator lokasinya jelas-jelas ada didepan map. tolong diperbaiki secepatnya ya 🙏",overall bagus cuman tolong baik bug kerjain side quest lycaon temu belle unjung lumina square bellewise tidak kordinator lokasi jelasjelas depan map tolong baik cepat,Negative,Negative
"tolong tingkatkan perfoma untuk handphone spek mid,terkadang saat lagi menjalankan story FPS Turun menjadi 30-10",tolong tingkat perfoma handphone spek midterkadang jalan story fps turun,Negative,Negative
"developer, saran ku tambahkan fitur pengaturan kontroler bebas soalnya sempit banget tombolnya dan buat kan fitur joystick agar bisa mendapatkan pengalaman bermain dengan stick konsole",developer saran ku tambah fitur atur kontroler bebas sempit tombol fitur joystick alam main stick konsole,Negative,Negative
gada fitur telanjang,tidak fitur telanjang,Negative,Negative
"map gw ilang boss, kasih bansos baru bintang 5🤙",map hilang bos kasih bansos bintang,Negative,Negative
DEVICE PADA KENTANG BANYAK BACOT,device kentang bacot,Negative,Negative
Semoga hoki,moga hoki,Negative,Negative
"[tapi grafik fullmax dihp gua masi buriqk tapi mungkin karna settingan cuma sampe hd doang/resolusi hp gua yg 4k?] Ini game mihoyo terberat dari spek yg diminta jadi wajar klo ada yg force close, black screen/stuck load. Klo low spek sadar diri, dari jaman genshin v1.0 ngeluh berat tapi ga mau ganti device, ya ga usah maen, maen roblok gih biar makin goooob🤣",grafik fullmax dihp gua buriqk settingan hd doangresolusi hp gua mihoyo berat spek wajar force close black screenstuck load low spek sadar jaman genshin ngeluh berat tidak ganti device tidak roblok gih biar gob,Negative,Negative
"saya tidak dapat bisa bermain zzz karena di hp saya muncul notifikasi menunjukkan bahwa ""Zenless zone zero crash karena alasannya sendiri""padahal device saya sudah mendukung untuk developer mohon untuk di perbaiki agar pengalaman bermain bisa di dapat",tidak main hp muncul notifikasi zenless zone zero crash alas sendiripadahal device dukung developer baik alam main,Negative,Negative
"buat klean yang ngeluh nih game kok berat, yah emang spek nya udah tinggi coy bahkan lebih berat daripada genshin, wuwa sama hsr. saran buat klean mending main di PC aja biar nyaman. sama yang nginstall tanpa liat spek device nya emang geblek sih",klean ngeluh berat spek tinggi coy berat genshin wuwa hsr saran klean mending pc biar nyaman nginstall tanpa spek device geblek,Negative,Negative
"tolong utk ukuran game nya dikecilin, device gw dh gk kuat awowkwk",tolong ukur dikecilin device dah tidak kuat awowkwk,Negative,Negative
"weww, pertama, ini salah satu game yang bisa ku mainin dari company yg sama. reward gila gilaan, the quality?? the combat? gausah di omongin deh intinya seru banget, mekaniknya di aku agak membingungkan ya, sekarang lagi coba coba mahamin lagi.. jujur ya, agak ketar ketir pas ngelawan musuh di beberapa kontrak gitu, kontrak juga ada banyak yg menurutku susah, di numpuk pula. but i have a lot of fun in this game😻",weww salah ku mainin company reward gila gila the quality the combat tidak omong deh inti seru mekanik bingung coba coba mahamin jujur ketar tir pas lawan musuh kontrak kontrak turut susah numpuk but have lot of fun this,Negative,Negative
gila berat banget,gila berat,Negative,Negative
game ramah f2p gak pelit gacha,ramah fp tidak pelit gacha,Negative,Negative
"optimalisasi nya tolong lah,spek dah mumpuni masih lag",optimalisasi tolong lahspek deh mumpuni lag,Negative,Negative
rate off adalah fitur,rate off fitur,Negative,Negative
"its stuck in server choosing menu, when i pause download because my connection is bad, and i try again when my connection is back to normal.",its stuck server choosing menu when pause download because my connection is bad and try again when my connection is back normal,Negative,Negative
Absolute cinema,absolute cema,Negative,Negative
gua kira update 49 gb ternyata aku salah (2.1),gua update gb salah,Negative,Negative
"powercreep gila,tembak geser doang GK bisa di event",powercreep gilatembak geser doang tidak event,Negative,Negative
"Untuk update sekarang, hp android langsung tidak bisa ngangkat lagi Karena update terbaru ini, mohon tolong di cek lagi untuk developer",update hp android tidak ngangkat update baru tolong cek developer,Negative,Negative
"i loved this game but, why i always got high pity? 😭",loved this but why always got high pity,Negative,Negative
Terlalu banyak karakter wanita Tier S. Semakin brutal pula design dan jiggling efeknya.,karakter wanita tier brutal design jiggling efek,Negative,Negative
"gamenya udah lumayan, pity nya tolong gedein dikit yg guarantee char banner, masa tiap patch aku lost pity terus :'(",lumayan pity tolong gedein dikit guarantee char banner patch lost pity,Negative,Negative
optimalisasi patch sekarang kok ampas banget,optimalisasi patch ampas,Negative,Negative
butuh pengoptimalan yang lebih baik,butuh optimal,Negative,Negative
saya ada masalah jaringan disuruh cek jaringan tapi ga ada masalah sama jaringan mihoyo pls fix this,jaring suruh cek jaring tidak jaring mihoyo pls fix this,Negative,Negative
game tidak kikir aku tadi gacha Miyabi di V2.1 langsung dapet 2 (•^•),tidak kikir gacha miyabi,Negative,Negative
semoga cepat optimal,moga cepat optimal,Negative,Negative
"game bagus ga kikir ,yang pada nyalahin sering force close segala macam fixs itu yang salah HP elu artinya HP lu kentang bukan game nya ,makanya ganti HP",bagus tidak kikir salah force close fixs salah hp lu hp kentang bukan ganti hp,Negative,Negative
Tolong ada kan kolaborasi karakter,tolong kolaborasi karakter,Negative,Negative
"Tolong developer kembali kan lah perangkat yang tidak kompatibel, saya ingin main game ZZZ ini juga.",tolong developer perangkat tidak kompatibel,Negative,Negative
gua kasih 3 bintang dulu. soal nya agak berat ini game padahal bukan open world kaya genshin. semoga ada pengembangan agak di ringan kan,gua kasih bintang berat bukan open world genshin moga kembang ringan,Negative,Negative
iya sih bnyk bansos tapi sistem pity gk ad otak udh kalah rate off 8x sama bnyk bug,iya bansos sistem pity tidak otak kalah rate off bug,Negative,Negative
"saya suka game play nya, cuma sejak update 2.0 sering patah patah bahkan setelah grafik diturunkan masih sama saja",suka play update patah patah grafik turun,Negative,Negative
setelah update 2.0 kenapa main di hp cepet panas ya,update hp cepat panas,Negative,Negative
untuk gameplay mudahlah dan ga mikir juga,gameplay mudah tidak mikir,Negative,Negative
Sistem gachanya masih sama saja buruk kemarin sudah kalah 5 kali berturut-turut sekarang lagi sudah 4 kali berturut-turut coba tolong adaptasi sistem gacha seperti capturing radiance yang ada di geshin impact supaya akun yang sial seperti akun saya yang presentasi menang 50/50 sangat rendah bisa jadi lebih baik dan ada rasa semangat untuk terus memainkan game ini,sistem gachanya buruk kemarin kalah berturutturut berturutturut coba tolong adaptasi sistem gacha capturing radiance geshin impact akun sial akun presentasi menang rendah semangat main,Negative,Negative
"disini banyak orang bangak ternyata, lu pada udahlah main gratisan banyak ngeluh lagi, udah tau hp kgk mampu jgn banyak ngeluh apa lagi gratisan mainnya, develop nya bukan cuma ini game yang diurus bangak mesti ada bug nya nama juga gamee, lu pada kasih rating kgk ngotak org bangak, gue yang itel 65p mentok2 minimum kgk ngeluh kek lu pada, baru aja framedrop dikit dah pada ngeluh, baru aja crash keluar aja ngeluh, ya sadar diri berarti HP LU YANG KGK BISA BUAT NI GAME, manja bet minta ini itu👎",bangak gratis ngeluh tau hp tidak jangan ngeluh gratis main develop bukan urus bangak mesti bug nama gamee kasih rating tidak ngotak bangak itel mentok minimum tidak ngeluh framedrop dikit deh ngeluh crash ngeluh sadar hp tidak manja,Negative,Negative
"udah lebi ngelek lagi pas update kecewa si, padahal ningkatin performa lebi penting dari grafik",lebi ngelek pas update kecewa ningkatin performa lebi grafik,Negative,Negative
setelah update 2.1 makin parah frame nya dah gitu sering banget force close,update parah frame deh force close,Negative,Negative
"tetep main walaupun, patah patah, frame drop, hp panas🤫🧏‍♂️",patah patah frame drop hp panas,Negative,Negative
"Maaf kasih B3 dulu semenjak update 2.0 FPS drop parah, padahal pake Dimensity 8300-Ultra, mau di setting grafik low/high 30/60 FPS sama aja, bahkan cuman jalan2 di lumine store/sixth street jg frame drop😑😑, sebelum nya di 1.3/1.4 main aman2 aja gak pernah frame drop setting high/60fps",maaf kasih semenjak update fps drop parah pakai dimensity ultra setting grafik lowhigh fps cuman jalan lumine storesixth street frame drop aman tidak frame drop setting highfps,Negative,Negative
"update 2.0 bikin performa gamenya turun jauh, semoga di update 2.1 bisa diperbaiki optimalisasinya",update bikin performa turun moga update baik optimalisasi,Negative,Negative
"best game, tapi frame nya harus optimalisasi",best frame optimalisasi,Negative,Negative
gatau. pokoknya Miyabi must pull.,tidak tau pokok miyabi must pull,Negative,Negative
game berkelas😎,kelas,Negative,Negative
"semenjak update gamenya semakin berat, lag, frame drop, bahkan overheat. optimalisasi nya jelek",semenjak update berat lag frame drop overheat optimalisasi jelek,Negative,Negative
"terimakasih sebesar besarnya kepada tim developer karna telah membuat karakter secantik, pintar, kuat, sabar, tulus, memesona, elegan, unik, dewasa, perhatian, manis, bijak, lembut, tangguh, lucu, menawan, ceria, karismatik, cerdas, penuh kasih, hangat, setia, penyayang, berani, keren, anggun, inspiratif, rendah hati, menakjubkan, suportif, keren abis, natural, berkharisma, tenang, mandiri, pemikir, penyemangat, stylish, kreatif, optimis, bijaksana, kalem, bersinar, breedable seperti alice",terimakasih besar tim developer karakter cantik pintar kuat sabar tulus pesona elegan unik dewasa perhati manis bijak lembut tangguh lucu tawan ceria karismatik cerdas penuh kasih hangat setia sayang berani keren anggun inspiratif rendah hati takjub suportif keren habis natural berkharisma tenang mandiri pikir semangat stylish kreatif optimis bijaksana kalem sinar breedable alice,Negative,Negative
seru banget dengan alur cerita nya,seru alur cerita,Negative,Negative
gim baik banyak bansos. tidak seperti genshin gim dah 5taun GK ada improve story ampas bansos dikit dah lah gua sebenernya dah males maen gi story banyak yeping quest lama ngabisin waktu GK ada fitur skip gak kaya zzz ada fitur skip tapi story Mayan seru malah GK kepake fitur skipnya GK sabar pengen liat lanjutan story nya dan terimakasih sudah memberi banyak bansos gem baik moga kedepanya makin baik perkembangan gamenya dan makin banyak bansos,gim bansos tidak genshin gim deh tahun tidak improve story ampas bansos dikit deh gua deh malas gi story yeping quest ngabisin waktu tidak fitur skip tidak fitur skip story lumayan seru tidak kepake fitur skip tidak sabar pengin lanjut story terimakasih bansos gem moga depa kembang bansos,Negative,Negative
sudah lumayan dimainkan,lumayan main,Negative,Negative
"Untuk segi game udah bagus, jalan cerita dan dll. dan menurutku game ini cocok untuk waktu santai, apalagi pencinta game combat, tapi sekali update banyak banget yang harus di download. tapi menurutku tetep work it👍👍",segi bagus jalan cerita dll turut cocok waktu santai cinta combat update download turut work,Negative,Negative
"game bagus udah, lu pada yang main suka frame drop sadar diri njir",bagus suka frame drop sadar anjir,Negative,Negative
Yuzuha cantik banget,yuzuha cantik,Negative,Negative
"BUKAN UNTUK HP KENTANG, DAH TAU KENTANG MAKSA NGASIH RATING B 1,",bukan hp kentang deh tau kentang maksa asih rating,Negative,Negative
"game nya sih bagus bagus saja, tapi optimalisasi jaringannya itu jelek sekali, login butuh waktu yang lama, kadang ketika bermain jaringannya sering putus putus",bagus bagus optimalisasi jaring jelek login butuh waktu kadang main jaring putus putus,Negative,Negative
"halo, aku merasa game ini sudah bagus menurut ku dari segi ramah f2p dan yang lain lain. tapi apakah ini sebab device atau kesalahan game ini ketika ketika pertama kali bertarung saat nge skill mengalami freeze dan mengalami trothling tolong optimalisasi untuk game ini dan juga agar bisa nge zoom karakter 🙏",bagus ku segi ramah fp device salah tarung nge skill alami freeze alami trothling tolong optimalisasi nge zoom karakter,Negative,Negative
berat banget game ini,berat,Negative,Negative
"Jujur untuk keseluruhan game nya itu bener bener bagus mulai dari mekanik game nya, alur ceritanya, ragam animasinya itu bener bener worth it tapi sangat disayangkan pada optimalisasi pada game nya, hpku (Helio g85) udh rata kiri masih saja suka drop fps nya, patah patah, sehingga membuat gameplay nya agak mengecewakan, login aja hampir 3 menit, padahal game yang lain dari hoyoverse ini login nya kurang dari 2 menit, semoga pihak hoyoverse bisa mengatasi hal ini 🙏🏻 I love your game~",jujur bagus mekanik alur cerita ragam animasi worth sayang optimalisasi hpku hio tidak rata kiri suka drop fps patah patah gameplay kecewa login menit hoyoverse login kurang menit moga hoyoverse atas love your,Negative,Negative
min hoyo doain gw dapat hp baru buat main ini game,min hoyo doain hp,Positive,Negative
"cerita sangat santai dan ga perlu mikir banyak, character storynya kalau bisa jangan dark banget😭, gamenya ga pelit ngasih poly, tapi kayaknya Denny currency kemahalan deh cepet banget habis kalau upgrade char",cerita santai tidak mikir character storynya jangan dark tidak pelit asih poly kayak denny currency mahal deh cepat habis upgrade char,Negative,Negative
"ada beberapa bug ketika saya bermain, seperti buka ke gacha itu cuma suara doang",bug main buka gacha suara doang,Negative,Negative
pasti kalah retoff nggak pernah menang,kalah retoff tidak menang,Negative,Negative
"emang sih sekarang gamenya jadi rada berat. biasa main di hp mediatek g100 masih bisa. sekarang sering patah"". jadi mauga mau ganti hp ke exynos jadi tambah lancar setingan ultra 60fps juga masih lancar, paling hp cepet panas aja.",rada berat hp mediatek tidak patah mauga ganti hp exynos lancar ting ultra fps lancar hp cepat panas,Negative,Negative
Malah jadi under performance di hp ku yang spek mid-range. Sering frame drop padahal fps settingan 30 fps dan grafik low,under performance hp ku spek midrange frame drop fps settingan fps grafik low,Negative,Negative
update cuma buat gondal gandul doang,update gondal gandul doang,Negative,Negative
tolong di optimalkan lagi seperti ada fitur menghilangkan bayangan di setingan grafisnya agar tidak terlalu berat di telepon genggam yang memiliki spesifikasi rendah,tolong optimal fitur hilang bayang ting grafis tidak berat telepon genggam milik spesifikasi rendah,Negative,Negative
makin hari makin berat buat dimainkan di handphone. Piper soukaku ju fufu,berat main handphone piper soukaku ju fufu,Negative,Negative
Too much size for non open world game,too much size for non open world,Negative,Negative
"GAME SIALAN, UDH 2X RATE OFF GAGAL DPTIN ASTRA, UPGRADE STAT DISC KYK GACHA BNGST EMOSI GW",sial rate off gagal dptin astra upgrade stat disc gacha bngst emosi,Negative,Negative
"Bagus gamenya, mainnya juga enjoy gk ada lag issue👍👍",bagus main enjoy tidak lag issue,Negative,Negative
sering close sendiri (device:rog phone 3),close devicerog phone,Negative,Negative
bagus Wak tydak kikir btw gwh chipset helio g100 lancar KLO udh panas :v,bagus wak tydak kikir btw gwh chipset hio tidak lancar panas,Negative,Negative
GAMENYA BAGUS MESTI ADA SEDIKIT BUG YANG MENGANGU,bagus mesti bug mengangu,Negative,Negative
"mohon untuk lebih dioptimalkan lagi gamenya, sekali jalan gamenya langsung makan 8 gb ram apa gk gila tu? versi sekarang juga makin ngelag sekelas 7 gen 3 rata kiri masih kena sturter",optimal jalan makan gb ram tidak gila versi ngelag kelas gen rata kiri sturter,Negative,Negative
habis update malan forclose padahal pake chipset dimen 8350 tapi forclose kalo battle kadang suka framedrop buat yang pake xos 15.0.3 kalian pas forclose xos kalian ngebug gak punya ku ngebug dong,habis update malan forclose pakai chipset dimen forclose battle kadang suka framedrop pakai xos pas forclose xos ngebug tidak ku ngebug,Negative,Negative
"setelah update game jadi sangat berat dan tidak optimal, fps cuma dapet di 20an",update berat tidak optimal fps an,Negative,Negative
AKU BUTUH HUGOOOOO,butuh hugo,Negative,Negative
fix lag please,fix lag please,Negative,Negative
"Perfect lah pokoknya!! story-tellingnya seru kagak bikin ngantuk,mekaniknya seru,power creep tipis banget walaupun minesnya pity itu hard banget sih",perfect pokok storytellingnya seru kagak bikin ngantukmekaniknya serupower creep tipis mes pity hard,Negative,Negative
update 2.0 performa nya ga stabil masa iya spek Snapdragon 8 gen 2 di sett paling low/mode battery aja masih stutter 😅. di PC juga gtu ada ngelag2 dikit apalagi masuk ke map baru lebih parah,update performa tidak stabil iya spek snapdragon gen sett lowmode battery stutter pc ngelag dikit map parah,Negative,Negative
game nya bagus keren banget lah tapi kasih gw ju fufu woy! gw udah main nih game buat dapet ju fufu tadi dapet S tapi bukan Ju fufu sialan nih game!! kasih gw ju fufu!!!!!!!!!!!!!!,bagus keren kasih ju fufu woy ju fufu bukan ju fufu sial kasih ju fufu,Positive,Negative
"sebenernya udah bagus, yang perlu di perhatikan hanya bug. karena kadang game ini masih mengalami bug kecil kecilan. walaupun begitu, game ini memiliki keunggulan yang sangat amat berdampak yaitu mudahnya memperoleh sumber daya (Polychrome). untuk size game nya memang berat karena tidak mungkin game sebagus ini size-nya ringan. dan untuk gamer yang memiliki device yang cukup kuat. game ini sangat worth it!",bagus perhati bug kadang alami bug kecil milik unggul dampak mudah oleh sumber daya polychrome size berat tidak bagus sizenya ringan gamer milik device kuat worth,Negative,Negative
"download data terlalu lama, udh pake wifi ttp aja lambat bgt download nya... malesin bgt nunggu download data nya ga cocok buat dimaenkan",download data pakai wifi lambat download malesin tunggu download data tidak cocok dimaenkan,Negative,Negative
tolong keluarkan character Ellen joe lagi,tolong keluar character ellen joe,Negative,Negative
this game is amazing but can you do ju-fufu rerun please. I missed 70% of the event because school. I was studying and I forgot about this game and never played it. sorry,this is amazing but can you jufufu rerun please missed of the event because school was studying and forgot about this and never played sorry,Negative,Negative
kebanyakan fan servis dan Lore cerita kurang menarik,banyak fan servis lore cerita kurang tarik,Negative,Negative
gg ni game,tidak,Negative,Negative
"kurang greget konten endgamenya, event tv dan shiyu defense terlalu memakan waktu banyak. terlalu banyak mode. tidak ramah untuk yang baru main dari 2.0 ini",kurang greget konten endgamenya event tv shiyu defense makan waktu mode tidak ramah,Negative,Negative
"plis lah ya komiknya dibanyakin, masa 2.0 komiknya makin dikit beda sama season 1 moga aja dibanyakin di 2.1 sama moga hoki gacha miyabi",plis komik dibanyakin komik dikit beda season moga dibanyakin moga hoki gacha miyabi,Negative,Negative
"semenjak update kemarin dan map baru gamenya jadi berat banget padahal sebelumnya aman aman aja tapi sekarang sering force close,frame dropnya parah banget sampe berasa ga main",semenjak update kemarin map berat aman aman force closeframe drop parah asa tidak,Negative,Negative
"well game sih menurutku ya. story,event,grafik semuanya 4,9/5 lah. nah untuk kalian yang main ngerasa game ini cukup berat. jangan dimaenin, hoyoverse emang nyiksa device lu kalo device lu ga sesuai spek yang game ini minta. jadi pintar pintar dalam memilih game ya adik adik.",well turut storyeventgrafik berat jangan dimaenin hoyoverse nyiksa device device tidak sesuai spek pintar pintar pilih adik adik,Negative,Negative
"bagus sih game nya, lumayan juga bansos nya buat newbie aku juga main game hiyoverse yg lain jdi ak tw bansos zzz lumayan banyk dri game hoyo yg lain",bagus lumayan bansos newbie hiyoverse tau bansos lumayan banyk hoyo,Negative,Negative
"game sampah,p2w parah lebih parah dari dmc pk",sampahpw parah parah dmc pakai,Negative,Negative
"3d map feature is really heavy, please give initial map setting option only",map feature is really heavy please give initial map setting option only,Negative,Negative
to restart the videotape system my account is buggy and make the inter-knot mission easier to find via profile that's it,restart the videotape system my account is buggy and pakai the interknot mission easier find via profile thats,Positive,Negative
"muachh, makasih udah bikin game kayak gini. dulu sempet main HI3 lumayan suka sama gameplay nya, trus pindah ke HSR cuman karna device gak kuat terpaksa pensi dini. setelah zzz rilis beuh jadi betah main ni game kerasa lebih ringan di device yang saya punya dan tidak separah saat main HSR. Untuk kedepannya semoga makin baik dan bug nya segera di perbaiki.",muachh terima kasih bikin hi lumayan suka gameplay pindah hsr cuman device tidak kuat paksa pensi rilis beuh betah rasa ringan device tidak parah hsr depan moga bug baik,Negative,Negative
"udah bagus game ya, tergantung orang orang sih, kadang kan ada orang lain ngomong ""game ya terlalu berat, sering ngeframe parah, gamenya sering ngebug"". kan wajar namanya game berat ya sering ngeframe. itukan salah orang sendiri kenapa nggak main di pc atau nggak beli hp yang kuat buat mainin ni game. itu sih pendapatku soal game ini, nagih sih ni game, masterpiece. menurutku soalnya dari story nya absolute sinema banget. semangat terus developer nya🔥",bagus gantung kadang omong berat ngeframe parah ngebug wajar nama berat ngeframe itu salah tidak pc tidak beli hp kuat mainin dapat nagih masterpiece turut story absolute sinema semangat developer,Negative,Negative
busuk,busuk,Negative,Negative
semenjak update 2.0 berat banget sebelumnya lancar tolong untuk dev optimisasinya di perbaiki,semenjak update berat lancar tolong dev optimisasinya baik,Negative,Negative
"saya selalu mendapatkan pengalaman yang buruk dengan game ini, apa benar device saya atau memang game nya yang berat, bahkan game open world seperti wuthering wave saja yang merender banyak tempat device saya masih bisa mengatasi hal tersebut, di zzz saya selalu kesulitan Karena selalu saja force close bahkan hanya menjalankan event dan buka map selalu force close, saya berharap kedepan bisa lebih di prioritaskan mengenai pengoptimalan nya, terimakasih",alam buruk device berat open world wuthering wave merender device atas sulit force close jalan event buka map force close harap depan prioritas optimal terimakasih,Negative,Negative
"game baik, ga pelit bansos. sukaaaaa bangetttt",tidak pelit bansos suka,Negative,Negative
"adios, hp gw ngeframe jir",adios hp ngeframe jir,Negative,Negative
Mohon maaf di update kali ini kenapa gamenya menjadi lebih berat Saya cuma berjalan di dalam toko saja fpsnya langsung drop padahal baru login,maaf update berat jalan toko fpsnya drop login,Negative,Negative
"Login lama di Lobby, akun mihoyo yang sering hilang, Pas main TV semua , Penyimpanan yang hampir menyamai kakak nya, bintang 5",login lobby akun mihoyo hilang pas tv simpan sama kakak bintang,Negative,Negative
"halo, aku ada masalah frame drop saat menyelesaikan beberapa konten terbaru di versi 2.0, tolong segerah di tangani. spec device dimensity 8100, 8/256",frame drop selesai konten baru versi tolong gerah tangan spec device dimensity,Negative,Negative
gua main ini game cuma mau liat Miyabi nya doang,gua miyabi doang,Negative,Negative
jujur saja sudah cukup ok tapi kadang bug musuh nyangkut di atas g bisa di serang tapi kalo ad kompensasi jadi bintang 5 ini ratingnya,jujur ok kadang bug musuh nyangkut tidak serang kompensasi bintang ratingnya,Negative,Negative
"sejauh ini alur cerita bagus, karakter cakep cakep, ada banyak fitur yang keren banget, dan yang pasti gachanya gampang dan enak banget, overall 9/10 zzz minus di banyak bug doang pas masuk hollow mau eksplor tuh, karena aku main di mobile jadi sering framedrop tapi gapapa aku tetap cinta hugo!",alur cerita bagus karakter cakep cakep fitur keren gachanya gampang overall minus bug doang pas hollow eksplor tuh mobile framedrop gapapa cinta hugo,Negative,Negative
"sukak banget ama ni game sangat sangat peduli dengan playernya, tidak ada kepelitan. tiap ada bug juga langsung diusahakan fiks. mantap bet dah. lanjutkan kerja kerasnya tim zenless",suka peduli playernya tidak pelit bug usaha fiks mantap deh lanjut keras tim zenless,Negative,Negative
bansos bnyk ty devs,bansos ty devs,Negative,Negative
lain kali gak usah kasih gacha ampas event nya itu ya di kasih karakter itu bukan karakter lain selain event dah ngarep dapat karakter yg aku mau di event malah di kasih ampas mentok lagi tolong di ubah caranya biar gak jadi bahan penghinaan sama player lain ):(,tidak kasih gacha ampas event kasih karakter bukan karakter event deh harap karakter event kasih ampas mentok tolong ubah biar tidak bahan hina player,Negative,Negative
kalau mau orang isi survey setidaknya jangan kasi hadiah sampah,isi survey jangan kasih hadiah sampah,Negative,Negative
tolong banget inimah jangan dikasih hard pity + kalah rate off terus 🙏,tolong inimah jangan kasih hard pity kalah rate off,Negative,Negative
tambahkan lebih banyak char laki laki,tambah char laki laki,Positive,Negative
"Kepada yth developer Zenless Zone Zero, saya ingin menyampaikan keluhan yang sepertinya berupa bug frame drop pada game ini, padahal spesifikasi Android saya sudah mampu menjalankan dengan 60 fps dan Grafik tertinggi, namun selalu saja terdapat frame drop, mohon untuk di perbaiki ya🙏",yth developer zenless zone zero keluh bug frame drop spesifikasi android jalan fps grafik tinggi frame drop baik,Negative,Negative
"game santai, cukup menarik. mirip tapi g sesampah gi dan hsr",santai tarik tidak sampah gi hsr,Negative,Negative
"Keren gk ada masalah saya main udah hampir genap 100 hari, mungkin yg jadi masalah tiap selesai update besar game pasti terasa berat jadi tiap selesai update besar kami mohon disegerakan optimalisasi",keren tidak genap selesai update berat selesai update segera optimalisasi,Negative,Negative
Woy hoyo ko di versi 2.0 ini sering ngeframe dan force close? padahal spek hp saya sudah memenuhi kriteria untuk main zenless dan masih saja sering force close dan ngeframe,woy hoyo versi ngeframe force close spek hp penuh kriteria zenless force close ngeframe,Negative,Negative
"Cape sama game ini, dari awal rilis gua maen gak pernah dikasih menang rate off, se sial inikah gua di game ini? udh mana kena hard pitty mulu, udh nguli cape² gak ada hasil nya sama sekali, al hasil kalo udh kalah rate off nunggu rerun lagi baru dapet, padahal gua suka bngt sama game nya, tapi stress gua lama² Izin pamit thank udh mengisi kegabutan gua selama ini 🙏🙏🙏",capek rilis gua tidak kasih menang rate off sial gua hard pitty mulu nguli capek tidak hasil al hasil kalah rate off tunggu rerun gua suka stres gua izin pamit thank isi kegabutan gua,Negative,Negative
lumayan kalo keluar Miyabi ku masih 5 bintang kalo next benner🗿 aku janji🗿👍 terima kasih ya ini lebih baik di banding genshin yang ku main apa yang aku inginkan langsung dapat karakter tapi butuh usaha sih di banding genshin mau ambil kotak-kotak lagi zzz lebih mudah aku kumpulkan kerana quest yang cukup mudah dan nyaman main buat malam untuk story:v AKU MAU MIYABI!!!,lumayan miyabi ku bintang next benner janji terima kasih banding genshin ku karakter butuh usaha banding genshin ambil kotakkotak mudah kumpul rana quest mudah nyaman malam storyv miyabi,Negative,Negative
"Saya sekarang menggunakan poco x7 pro untuk memainkan game ini dan grafiknya rata kiri, tapi entah kenapa masih juga sangat berat di mainkan. Apalagi ketika saya menggunakan karakter ""Yi Xuan"" entah itu special Atk ataupun menggunakan ultimate, itu benar-benar sangat berat dan bahkan drop fps sampai ke bawah 10.",poco pro main grafik rata kiri berat main karakter yi xuan special atk ultimate benarbenar berat drop fps,Negative,Negative
saya tidak mendapatkan my wipe Caesar😡😡,tidak my wipe caesar,Negative,Negative
"untuk reward anniversary zzz, ini adalah anniversary pertama yg terbaik, terimakasih Zenless Zone Zero telah mematahkan kutukan anniversary game gacha lainnya, sedikit tambahan sebesar mungkin di update kedepan size nya tidak terlalu besar",reward anniversary anniversary baik terimakasih zenless zone zero patah kutu anniversary gacha tambah update depan size tidak,Negative,Negative
"Kebanyakan karakter cewek ga seimbang banget karakter cowoknya cuma seberapa doang, bahkan bisa itung jari. + lag after update",banyak karakter cewek tidak imbang karakter cowok doang itung jari lag after update,Negative,Negative
"update versi terbaru game semakin berat saja. sering drop fps, apalagi di map baru, itu lag parah.. padahal sebelum update sangat lancar di snapdragon 7gen3, semoga update kedepan nya akan stabil.. terimakasih",update versi baru berat drop fps map lag parah update lancar snapdragon gen moga update depan stabil terimakasih,Negative,Negative
"gamenya masih belum optimal, dan masih sering frame drop fps hanya dapat di belasan-20an",belum optimal frame drop fps belasanan,Negative,Negative
bagus tapi gila makin berat semenjak update,bagus gila berat semenjak update,Negative,Negative
game jelek,jelek,Negative,Negative
keseringan kalah rate off mana high pity lagi,sering kalah rate off high pity,Negative,Negative
"Good game i like the combat and style ,i prefer this than genshin impact ,hm maybe about device problem or lag while in combat maybe developer can fix it ,but overall this good",good like the combat and style prefer this tahan genshin impact hm maybe about device problem lag while combat maybe developer can fix but overall this good,Negative,Negative
aplikasi terlalu banyak bug dan force close. saya udh coba reinstal pun tetap sama,aplikasi bug force close coba reinstal,Negative,Negative
pengalaman saya ketika bermain zzz cukup baik dari story awas sampingan identifikasi iden ya cukup baik hanya masih ada bag di sebagian map.... mohonebih di perbaiki lagi ya. dan jika boleh saya ingin meminta awas story yang bagus ada dramanya dan cukup membuat para pemain merasakan apa yang di rasakan karakter atau agen dalam awas storynya seperti sedih berempat atau senang dan jika bisa suara sound ivec nya lebih menggelegar lagi ya biar lebih seru dan pengalaman pemain menjadi lebih enjoy,alam main story awas samping identifikasi iden bag map mohonebih baik awas story bagus drama main rasa rasa karakter agen awas storynya sedih empat senang suara sound ivec gelegar biar seru alam main enjoy,Negative,Negative
"saya tidak bisa masuk game, game berhenti di layar pemilihan server, tolong di perbaiki yaa",tidak henti layar pilih server tolong baik,Negative,Negative
"gamenya bagus, banyak bansos, event menarik, tapi jangan sering sering update ya, soalnya jaringan disini jelek wkwkwk",bagus bansos event tarik jangan update jaring jelek wkwkwk,Negative,Negative
ini kenapa... saat mengecek deskripsi w-engine kok deskripsinya otomatis menggulir ke bawah padahal tidak di scroll..saya jadi pusing mau membacanya belum selesai baca deskripsi sudah langsung menggulir kebawah.. bug??,ecek deskripsi wengine deskripsi otomatis gulir tidak scrollsaya pusing baca belum selesai baca deskripsi gulir bawah bug,Negative,Negative
"Sgt peak, storynya menarik, tidak bertele-tele. luar biasa. colab sama to be hero x dongg hehe hanya saran, semoga saya bisa mendapatkan alice di patch depan 🤭 Oh iya, jika bisa mohon tambahkan settingan render 0,6 agar game bisa berjalan dengan lebih ringan 🤭",peak storynya tarik tidak berteletele colab be hero hehe saran moga alice patch oh iya tambah settingan render jalan ringan,Negative,Negative
jujur ni game seru. Tapi yang bikin keselnya itu ada 2.install datanya sama lagnya sih. tapi ya saya wajarin lah soalnya berhubung saya mainnya dihp yg udh 5 thn dipake sih. tape tetep kok rame banget. sampe saya rela hapus Genshin yang loading nya setengah hari:/ Semangat deh. Semoga sukses yaahh. Mihoyo number 1!,jujur seru bikin kesel install data lagnya wajarin hubung main dihp tahun pakai tape rame rela hapus genshin loading semangat deh moga sukses mihoyo number,Negative,Negative
"Bintang 4 dulu secara menyeluruh game ZZZ ini bagus, sehat sehat game baik oke, alasan saya memberikan bintang 4 karna ada beberapa effect yang bikin lag (mungkin karna device?..) kadang frame. drop overall good game nya moga di optimalkan lagi ini frame drop di Spek hp 6 GB hampir setara snapdragon edit: mohon word building nya di rendahkan lagi supaya tidak lag dan event seperti quest, mini games itu jangan terlalu lama",bintang bagus sehat sehat oke alas bintang effect bikin lag device kadang frame drop overall good moga optimal frame drop spek hp gb tara snapdragon edit word building rendah tidak lag event quest mini games jangan,Negative,Negative
update baru membuat game nya makin berat sering freeze dan crash developer fix that please,update berat freeze crash developer fix that please,Negative,Negative
GAME ABSOLUTE CINEMA ABISZZZZZ,absolute cema abisz,Negative,Negative
Game kebanyakan loading mau maen jadi males karena bosen nunggu loading,banyak loading malas bosan tunggu loading,Negative,Negative
"This game can't stand for 1 hour to be played cause after 30 minutes it's start to lagg and then crash, my device is poco F5 i can played WUWA for 2 hours even if my phone feels heat it can run WUWA smoothly and i can finish their new release quest very well from the start to the end, but instead in ZZZ i have to relog every time when is start to lagg and begin to crash out",this cant stand for hour be played cause after minutes its start lagg and then crash my device is poco can played wuwa for hours even if my phone feels heat can run wuwa smoothly and can finish their new release quest very well from the start the end but instead have relog every time when is start lagg and begin crash out,Negative,Negative
"gajelas bener, aku punya akun pas awal rilis skrg kok ilang ya game lucu",tidak akun pas rilis hilang lucu,Negative,Negative
absolute cinema🔥🔥🔥,absolute cema,Negative,Negative
"Setelah update patch 2.0 ini jadi sering force close tanpa sebab dan frame drop di map yang terbaru sekarang. Lag juga semakin menjadi, apalagi saat sesi fight malah bener-bener ngelag di map terbaru. Padahal di map lain tidak begitu.",update patch force close tanpa frame drop map baru lag sesi fight benerbener ngelag map baru map tidak,Negative,Negative
"maaf nih kok semenjak update ini game malah sering frame drop, padahal sebelumnya dengan setingan yg sama aman aman aja bahkan saat fight juga aman, tolong perbaiki",maaf semenjak update frame drop ting aman aman fight aman tolong baik,Negative,Negative
kok jaringannya kuning terus dh gak di zzz sama genshin impact kuning mulu,jaring kuning dah tidak genshin impact kuning mulu,Negative,Negative
"animasinya ga kaku, reward ga pelit, desainnya karakter nya menarik, story nya juga bagus",animasi tidak kaku reward tidak pelit desain karakter tarik story bagus,Negative,Negative
😐enakan awal awal main sekarang malah beh,enak beh,Negative,Negative
loading screen nya bisa dibuat lebih menarik nggak. Kadang bosen kalau mau log in,loading screen tarik tidak kadang bosan log,Negative,Negative
jelek,jelek,Negative,Negative
losing 75:25 twice in a row is super impressive,losing twice row is super impressive,Negative,Negative
kenapa aku tidak bisa install 😭padahal pengen mainn tidak bisaa,tidak install pengin mainn tidak,Negative,Negative
gua main di PC sih tapi ini ⭐5 hahaha,gua pc hahaha,Negative,Negative
saya perwakilan seluruh fans ZZZ ingin memberikan saran kpd Hoyo untuk membuat kan fitur NIKAH🥰,wakil fan saran hoyo fitur nikah,Negative,Negative
"gamenya ga gimana gimana, General lah ga bisa di puji yang berlebihan, udah bagus. 1 hal gw suka banget di game ini adalah komunitasnya, ga banyak drama, ramah sama orang yang baru maen, gw yang baru maen aja langsung betah ya gara gara setiap gw tanya komunitasnya gaada yang bacotin skill issue atau apalah, game dengan fandom terbaik selama gw maen game gacha.",tidak general tidak puji bagus suka komunitas tidak drama ramah betah gara gara komunitas tidak bacot skill issue apa fandom baik gacha,Negative,Negative
lagging force close android,lagging force close android,Negative,Negative
"render susu, pls kurangin ak g sanggup",render susu pls kurang tidak sanggup,Negative,Negative
kalah 50/50 dpt koleda sma sgnya😡😭,kalah koleda sgnya,Negative,Negative
terlalu banyak karakter cewek nya..yang cowok cuma beberapa doang tapi saran ku berbayak juga karakter cowok nya biar seimbang.. terus sistem gacha juga oh satu lagi game ini sudah terlalu berat banyak player yg ke walahan karena tiap bulan nya itu nambah memori yang besar.,karakter cewek nyayang cowok doang saran ku bayak karakter cowok biar imbang sistem gacha oh berat player walah tambah memori,Negative,Negative
"game kurang optimal, masih suka frame drop, sama tambahin fitur matiin shadow dan lain lain agar tidak berat, devide sudah cukup mumpuni, jalandi kota aja serasa frame drop apalagi pas battle, tolong segera di optimalisasi",kurang optimal suka frame drop tambah fitur matiin shadow tidak berat devide mumpuni jalandi kota serasa frame drop pas battle tolong optimalisasi,Negative,Negative
"dari segi cerita, karakter, combat sistem, dan map baru sangat bagus. tapi ada kekurangan yang sangat mengganggu seperti optimilisasi game yang kurang dan sistem map yang kurang mulus akh berharap semoga di perbaiki🙏",segi cerita karakter combat sistem map bagus kurang ganggu optimilisasi kurang sistem map kurang mulus akh harap moga baik,Negative,Negative
kaga bisa main force closing padahal hp saya redmagic 8s pro tolong dibenarkan atau di optimalkan,kagak force closing hp redmagic pro tolong benar optimal,Negative,Negative
"semakin update game nya semakin ngelag, jadi saya kesusahan untuk memainkan nya di android jadi saya kasih bintang 1 , jadi mohon untuk di optimalkan untuk HP vivo Y17s 🙏",update ngelag susah main android kasih bintang optimal hp vivo ys,Negative,Negative
"map baru di 2.0 dan map hollow sangat sangat buruk, untuk device saya, yang sebelumnya di versi 1.7 aman aman sahaja. jika tidak bisa di fix dalam waktu dekat, tutup saja servernya dan perbaiki. jangan menunggu patch depan baru di fix",map map hollow buruk device versi aman aman sahaja tidak fix waktu tutup servernya baik jangan tunggu patch fix,Negative,Negative
"maaf tetapi akun saya mengalami bug yang dimana tiba"" mc masuk kedalam bangunan saat sedang mengerjakan misi arsip yang berjudul ""permainan kucing dan tikus (I)"" tetapi karena sistem permainan yang tidak memperbolehkan mereset ulang cerita dari awal membuat saya stuck dicerita tersebut. Apakah dari pihak developer memiliki sebuah saran untuk menyelesaikan bug tersebut? karena bug ini sangat menggangu saya (nggak bisa lanjut story S1 bjir), saya juga telah mengscreenshot bugnya.",maaf akun alami bug mana mc dalam bangun misi arsip judul main kucing tikus sistem main tidak boleh mereset ulang cerita stuck cerita developer milik saran selesai bug bug menggangu tidak story bjir mengscreenshot bugnya,Negative,Negative
"zzz tolong bansos nya lebih dikasi lebih karena gacha sangat sulit dan juga hasil grinding yang tak seberapa, udh 5 kli gagal pulangin char gara² kurang polychrome(dalam posisi rate on) dan event tolong diperbanyak, saya sebatas char saja sudah sulit apalagi sign , tolong ya Zetzetzet, ingfo hari ini zzz game bagus karena saya dapet karakter mentok pity di 89 keren pokoknya habis sudah 😮‍💨",tolong bansos kasi gacha sulit hasil grinding tak gagal pulangin char gara kurang polychromedalam posisi rate on event tolong banyak batas char sulit sign tolong zetzetzet ingfo bagus karakter mentok pity keren pokok habis,Negative,Negative
gacha rate sampah,gacha rate sampah,Negative,Negative
"game baik, tapi tolong ukuran game nya di perkecil biar gak terlalu berat.",tolong ukur kecil biar tidak berat,Negative,Negative
tidak bisa login ke akun saya. saya login menggunakan akun goggle saya tapi verifikasi googlenya di email orang lain,tidak login akun login akun goggle verifikasi googlenya email,Negative,Negative
"apalah ni optimasi nya busuk rtx 40 series masa frame drop mulu di 40- 50 fps aneh ,game sebelah aja yg lebih realistis rtx on high masih bisa dpt 100+ fps loh aneh bgt ni game butuh device sedewa apa sih buat main ini game😪",apa optimasi busuk rtx series frame drop mulu fps aneh belah realistis rtx on high fps loh aneh butuh device dewa,Negative,Negative
"coba main game ini lagi , pas selesai install malah nge lag smp display server macet gbs di apa2in ... syg lah game gini tolong diperbaiki lagi bug nya",coba pas selesai install nge lag display server macet tidak apa sayang tolong baik bug,Negative,Negative
"kurang optimal untuk mobile, terlalu berat. mulai banyak leg sejak update 2.0",kurang optimal mobile berat leg update,Negative,Negative
"gak sesuai banner gacha nya terus-terusan , malah makin berat lg.",tidak sesuai banner gacha terusterusan berat,Negative,Negative
"Gacha banner apa , dapet apa , berturut-turut lagi.",gacha banner berturutturut,Negative,Negative
Masih butuh optimalisasi lagi,butuh optimalisasi,Negative,Negative
Setelah update malah tambah berat. Device yang saya pakai sama dan settingan grafik juga masih sama dari awal main. Tapi setelah update semakin sering mengalami frame drop dan bahkan force close. Sudah coba menurunkan grafik tapi hasilnya sama aja. Tolong diperbaiki karena ini sangat mengganggu gameplay,update berat device pakai settingan grafik update alami frame drop force close coba turun grafik hasil tolong baik ganggu gameplay,Negative,Negative
"gamenya bagus cuman minta tolong grafiknya bisa lebih direndahin sama jangan kebanyakan rilis char perempuan terus, plis saya butuh char laki² yang sigma",bagus cuman tolong grafik direndahin jangan banyak rilis char perempuan plis butuh char laki sigma,Negative,Negative
"game makin berat, sudah gitu kolaborasi merchandise dikit dasar gak niat banget . mengecewakan",berat kolaborasi merchandise dikit dasar tidak niat kecewa,Negative,Negative
tidak bisa masuk kedalam game selalu stuck,tidak dalam stuck,Negative,Negative
kaga bisa login.. 5 menit stuck di loading screen..,kagak login menit stuck loading screen,Negative,Negative
gamenya bagus tapi sayang memori saya nangis tiap main ni game🥀🗿,bagus sayang memori menang,Negative,Negative
bugnya masih banyak setelah update 2.0 tolong diperbaiki,bugnya update tolong baik,Negative,Negative
sizenya bengkak amat 100gb cuma buat ngerender susu🥀🥀,sizenya bengkak gb ngerender susu,Negative,Negative
"tolong buat musuh jngan makin dipersusah tiap update, tidak semua player disini mengerti kombo-kombonya, jngan mikirin yang proplayernya, banyak dari kami yang hanya ingin menikmati farming mudah dan storynya saja, serta menikmati setiap desain karakter baru,, jujur kami kesulitan untuk setiap update karena boss mingguan jadi makin sulit, terima kasih",tolong musuh jangan susah update tidak player erti kombokombonya jangan pikir proplayernya nikmat farming mudah storynya nikmat desain karakter jujur sulit update bos minggu sulit terima kasih,Negative,Negative
"saya suka dengan gameplaynya,dan tolong jangan kasi di pity tinggi lah ya,sekian",suka gameplaynyadan tolong jangan kasih pity tinggi yasekian,Negative,Negative
gg game baik,tidak,Negative,Negative
"Gamenya jadi semakin sering frame drop, dari beberapa update patch yang lalu mulai dari banner burnice awal rilis masih enjoy main, tapi mulai banner miyabi rilis gamenya udah mulai aneh apalagi sekarang pas update banner Yi Xuan gamenya semakin sering framedrop dan lag. Semoga secepatnya di optimalisasikan mengingat ini game dengan engine unity harusnya tidak seberat UE4",frame drop update patch banner burnice rilis enjoy banner miyabi rilis aneh pas update banner yi xuan framedrop lag moga cepat optimalisasi engine unity tidak berat ue,Negative,Negative
"map waifei peninsula nya lag banget kentot, update 2.0 bukannya tambah optimal malah tambah buruk, sebelum update 2.0, fight masih stabil ga nge-frame tpi setelah update malah ngelag kentot lah",map waifei peninsula lag kentot update optimal buruk update fight stabil tidak ngeframe update ngelag kentot,Negative,Negative
ga ngotak njr 50 GB buat hp doang,tidak ngotak njr gb hp doang,Negative,Negative
misi yang di mode tv terlalu sulit,misi mode tv sulit,Negative,Negative
"sejak update 2.0 sering lag, pdahal pake prosesor Snapdragon 888👎👎👎👎",update lag pakai prosesor snapdragon,Negative,Negative
"setelah update anniversary, ada beberapa bug yang membuat karakter keluar area pada saat bertempur yang membuat jadi stuck dan force close. di tambah saat memulai game selalu kompilasi shader yang membuat agak lama login. padahal tidak ada download data.",update anniversary bug karakter area tempur stuck force close kompilasi shader login tidak download data,Negative,Negative
saya ga suka game ini karna sepupu saya,tidak suka sepupu,Negative,Negative
"Setelah update ukuran game nya makin besar, udah nyampe 50GB. Udah ukuran nya gede, bug nya makin banyak. Pas baru buka game nya langsung battle itu patah patah, tapi habis itu baru lancar, ketika menjelajah itu rasanya berat banget, padahal device udah lumayan gitu, Pas mau buka tap event sama menu itu terkadang cuman suara doank, habis itu langsung FC. Tolong di optimalkan gameplay nya, percuma juga konten nya banyak, tapi ga bisa di nikmati karena kurang optimal.",update ukur gb ukur gede bug pas buka battle patah patah habis lancar jelajah berat device lumayan pas buka tap event menu terkadang cuman suara doang habis fc tolong optimal gameplay konten tidak nikmat kurang optimal,Negative,Negative
"Untuk versi terbaru dari ZZZ sedikit mengecewakan karena hilangnya mode TV Saya berharap ke depan pemain diberi opsi bermain memilih pakai mode TV atau tidak. Meski ukuran game membesar, ini bisa diatasi dengan opsi hapus salah satu mode. Misal, Player 1 suka mode TV bisa hapus mode pertarungan, Player 2 suka mode pertarungan bisa menghapus mode TV. Jujur, daya tarik utama Zenless Zone Zero adalah mode TVnya tanpa mode TV ZZZ terasa seperti RPG biasa seperti Honkai impact 3rd dan sejenisnya.",versi baru kecewa hilang mode tv harap main opsi main pilih pakai mode tv tidak ukur besar atas opsi hapus salah mode player suka mode tv hapus mode tarung player suka mode tarung hapus mode tv jujur daya tarik utama zenless zone zero mode tvnya tanpa mode tv rpg honkai impact rd jenis,Negative,Negative
tolong hapus mode TV..,tolong hapus mode tv,Negative,Negative
"buh frame nya sering freeze parah banget, menggangu gameplay, tolong lah hoyo",buh frame freeze parah menggangu gameplay tolong hoyo,Negative,Negative
banyakin agent laki laki,banyak agent laki laki,Negative,Negative
komiknya banyakin lah,komik banyak,Negative,Negative
setelah update 2.0 game terasa berat dan leg,update berat leg,Negative,Negative
"hard pity mulu woiiii, player f2p kek gua gimana enjoy nya kocag",hard pity mulu woi player fp gua enjoy kocag,Negative,Negative
"sejak update 2.0 sering Force close, sebelumnya main di HIGH aman aja ga pernah FC,tapi sekarang meskipun diturunkan ke low/mode hemat daya juga tetap FC, untuk developer mohon segera diperbaiki",update force close high aman tidak fctapi turun lowmode hemat daya fc developer baik,Negative,Negative
min tolongin optimalkan grafik nya di update yang 2.0 ini soalnya sring frame drop padahal sebelumnya gak frame drop,min tolongin optimal grafik update sring frame drop tidak frame drop,Negative,Negative
"new update, often crashing 🤦‍♂️",new update often crashing,Negative,Negative
"kalo bikin event yang adil dikit bang, cewe sama cowonya diseimbangin🙂",bikin event adil dikit abang cewek cowonya diseimbangin,Negative,Negative
game tai,tahi,Negative,Negative
"sebenernya bagus bagus saja tapi setelah update terbaru sekarang bug ada dimana mana dan tiba tiba frame drop, padahal sebelum rilisnya map baru saya tidak mengalami frame drop tolong mihoyo tolong perbaiki",bagus bagus update baru bug mana frame drop rilis map tidak alami frame drop tolong mihoyo tolong baik,Negative,Negative
"mending uninstall aja, setelah update malah makin gajelas gamenya, sering banget ngecrash, padahal main game lain juga kayak genshin, hsr, wuwa, aman semua gak pernah sampe ngecrash... udh minta saran lewat pengaduan tpi sampe sekarang belum ada perubahan.",mending uninstall update tidak ngecrash genshin hsr wuwa aman tidak ngecrash saran adu belum ubah,Negative,Negative
"Since the 2.0 update, I've been experiencing random freeze and stuttering on both mobile and PC. Thanks for making the game practically unplayable",since the update ive been experiencing random freeze and stuttering on both mobile and pc thanks for making the practically unplayable,Negative,Negative
"bau banget digame ini baru kemarin download bikin 2 akun gaca di benner limit pity70 dapat kucing dua dua nya bukan buat orang baru main lagi hepy bikin emosi yg ada, ngga lagi download ini game",bau digame kemarin download bikin akun gaca benner limit pity kucing bukan hepy bikin emosi tidak download,Negative,Negative
Harusnya game model begini ringan tolong optimalisasi lagi buat device poco x5 pro 5G snapdragon 778G Ram8/258 Sering Forceclose Setting rendering tinggi masih Blur HSR di Poco X5 Pro Lancar rata kanan 60Fps masa Zenles nggak tolong optimalisasi lagi Hoyo,model ringan tolong optimalisasi device poco pro tidak snapdragon tidak ram forceclose setting rendering tinggi blur hsr poco pro lancar rata kanan fps zenles tidak tolong optimalisasi hoyo,Negative,Negative
"Kualitas video cutscene di dalam game terlalu buruk, bitrate sangat rendah seperti video kualitas 144p, saking buruknya membuat epic story-nya jatuh. Tolonglah tingkatkan kualitas video cutscene-nya menjadi FHD 1080p dengan bitrate tinggi, walaupun akan menambah data gamenya tapi di dalam gamenya sudah ada fitur hapus data story jadi tidak masalah.",kualitas video cutscene buruk bitrate rendah video kualitas saking buruk epic storynya jatuh tolong tingkat kualitas video cutscenenya fhd bitrate tinggi tambah data fitur hapus data story tidak,Negative,Negative
game ga ramah f2p yakali udah capek² nguli pity udah 90 dapetnya rank s yang bukan banernya come on hoyo,tidak ramah fp yakali capek nguli pity dapetnya rank bukan banernya come on hoyo,Negative,Negative
"buset makin berat mode farm di map baru, mending balik mode tv kayak dl, masih ringan genshin hsr open worldnya",buset berat mode farm map mending mode tv ringan genshin hsr open worldnya,Negative,Negative
pls optimalkan untuk Samsung A54. di versi terbaru ini sangat frame patah-patah. low setting pun sering frame.,pls optimal samsung versi baru frame patahpatah low setting frame,Negative,Negative
"i'm comeback to zzz, terima kasih untuk developer karna sudah menghapus mode tv secara permanen, mode paling ampas dan ga berguna di game ini. karna mode tv membuat sebagian player merasa exclusive dan gatekeeping sampai mereka mengusir player yg tidak menyukai mode tv dan menyuruh berpindah untuk main honkai impact. semoga system contract HDD dari npc bisa kembali lagi dengan format explore terbaru seperti quest contract di temple yunkui summit, kita bisa menjelajah hollow sungguhan",im comeback terima kasih developer hapus mode tv permanen mode ampas tidak guna mode tv player exclusive gatekeeping usir player tidak suka mode tv suruh pindah honkai impact moga system contract hdd npc format explore baru quest contract temple yunkui summit jelajah hollow sungguh,Negative,Negative
Cuma kurang suka di misi mode TV.,kurang suka misi mode tv,Negative,Negative
"game nya kurang ramah, banyak sekali trotling, patah patah, ditambah update 2.0 ini yang makin memberatkan game, renderingnya yang lambat, suka freeze tiba tiba, geser layar aja patah patah banget, udh di settingan paling rendah aja masih parah banget, tolong untuk kedepannya di optimalkan, jangan setiap update malah memberatkan kinerja gamenya, tapi di ringanin gamenya, agar banyak yang main, terimakasih",kurang ramah trotling patah patah tambah update berat renderingnya lambat suka freeze geser layar patah patah settingan rendah parah tolong depan optimal jangan update berat kerja ringanin terimakasih,Negative,Negative
gacha sampah mls bgt pity 80 Mulu satt,gacha sampah mls pity mulu satt,Negative,Negative
"event mancing nya terlalu susah 2 jam ga selesai selesai, kadang kadang glitch keluar dari zona pertandingan dan ngestuck",event mancing susah jam tidak selesai selesai kadang kadang glitch zona tanding ngestuck,Negative,Negative
"setelah update 2.0 udah mulai bagus optimalisasinya dan tidak delay dan fps drop, namun terkadang sering terjadi frame drop dan freeze. semoga bisa lebih di optimalkan lagi.",update bagus optimalisasi tidak delay fps drop terkadang frame drop freeze moga optimal,Negative,Negative
please make it for phones that can't play this game,please pakai for phones that cant play this,Negative,Negative
gak bisa login😭😭😭,tidak login,Negative,Negative
"sudah jelas, sistem GATCHA yang sangat AMPAS 2x gak dapat karakter utama dari bulan kemarin, terus saja spam Grace",sistem gatcha ampas tidak karakter utama kemarin spam grace,Negative,Negative
"2.0 version is so good, but too much lag and freeze, also bugs. please optimize this game quickly 🙏🏼",version is sok good but too much lag and freeze also bugs please optimize this quickly,Negative,Negative
tidak kompatibel,tidak kompatibel,Negative,Negative
"sacera keseluruhan game udah bagus, tapi kenapa game nya sering ngeclose sendiri padahal jaringan dan device saya sudah cukup mampu untuk beberapa game berat seperti ini menurut saya. bahakan game² seperti GI, wuwa, pgr, dengan grafik rata kanan tidak pernah ngeclose secara terus menerus seperti ini.",sacera bagus ngeclose jaring device berat bahak gi wuwa pgr grafik rata kanan tidak ngeclose terus,Negative,Negative
"setelah membuka fitur baru map lalu ingin membuka event hp saya crash, tolong di perbaiki!",buka fitur map buka event hp crash tolong baik,Negative,Negative
"gamenya udah mantep, bansos banyak, top pokoknya. Untuk developer tolong dipertahankan kaya gini biar gak ada yang pindah ke game lain 🤗🤗",mantap bansos top pokok developer tolong tahan biar tidak pindah,Negative,Negative
"NEW ENGINE ❎ NEW FORCE CLOSE✅ Good job hoyo, my device was okay running in highest res but now even the lowest one make my device overheat and force close. GO UPDATE THIS CRUCIAL PROBLEM NOW!",new engine new force close good job hoyo my device was okay running highest res but now even the lowest one pakai my device overheat and force close go update this crucial problem now,Negative,Negative
cs emailnya ga respon dawg 💔,cs email tidak respon dawg,Negative,Negative
"gem pelit gacha, ga rekomen buat judi addict",gem pelit gacha tidak rekomen judi addict,Negative,Negative
"device yg gwe pake infinix gt 20 pro, D8200 ultimate, sebelum update patch 2.0 lancar banget, tapi setelah update malah sering freeze dan lag, kalau storage masih aman malah di kurangin dri yg awalnya 35 jadi 26 gb, tolong segera di perbaiki optimalisasinya",device gwe pakai infinix pro ultimate update patch lancar update freeze lag storage aman kurang gb tolong baik optimalisasi,Negative,Negative
game baik 🥰🥰🥰🥰(walau kalah di Astra Yao),kalah astra yao,Negative,Negative
CoA aja gameplay nya mirip-mirip masih 60fps an lha ini cuma dapat 30fps nguwawor mihoyo cok,coa gameplay miripmirip fps an fps nguwawor mihoyo cok,Negative,Negative
"overall baik, tp patah-patah nya parah bgt",overall patahpatah parah,Negative,Negative
very bad game a lot bug,very bad lot bug,Negative,Negative
game makin berat dan masih belum dioptimalkan karena ada beberapa bug yang bikin kesulitan saat battle.,berat belum optimal bug bikin sulit battle,Negative,Negative
update 2.0 parah bangett sering forced close padahal main genshin dan hsr enak2 aj.... jadi ngeframe terus parah banget....,update parah forced close genshin hsr ngeframe parah,Negative,Negative
aku login ulang kok ngestuck di 45:50% terus aneh,login ulang ngestuck aneh,Negative,Negative
"setelah aniversary saya sedikit bingung ini ngebug atau gimana, saya mau login memakai wifi kenapa tidak bisa, mohon di perbaiki untuk kedepannya saya berharap tidak ada lagi masalah seperti ini untuk hoyong mohon diperiksa mungkin ada masalah.",aniversary bingung ngebug login pakai wifi tidak baik depan harap tidak hoyong periksa,Negative,Negative
"Hi developer, I want to ask why after the 1st anniversary update, there are so many bugs in this update? I have tried updating and Re-download on Play Store but still having problems, what's going on?",hi developer want ask why after the st anniversary update there are sok many bugs this update have tried updating and redownload on play store but still having problems whats going on,Negative,Negative
"setelah update 2.0 game freeze saat loading, frame drop, dan stuck",update freeze loading frame drop stuck,Negative,Negative
"too much lag, need more optimizing",too much lag need more optimizing,Negative,Negative
astagaaa abis update bugnyaaaa,astaga habis update bugnya,Negative,Negative
game nya seru gak sampe 1 bulan udah bisa dapat karakter S dan ada fitur skip :D Bangboo nya lucu lucu world nya keren :) tapi pas masuk dalam domain/hollow nya pernah kejadian 2 kali musuh nya masuk dalam tanah dan gw ngulang karna musuh nya masuk ke dalam tanah :v klo karakter sendiri juga pernah masuk dalam tanah dan gw coba masuk ulang dan bisa :) klo yng musuh gw blm coba msk ulang :0 semoga karakter dan monster nya gak masuk ke dalam tanah lagi :) nyebelin soal nyaa kwkw,seru tidak karakter fitur skip bangboo lucu lucu world keren pas domainhollow jadi musuh tanah ngulang musuh tanah karakter tanah coba ulang musuh belum coba ulang moga karakter monster tidak tanah sebal kwkw,Negative,Negative
very lag when playing on android,very lag when playing on android,Negative,Negative
"Untk kalian yang ga bisa login atau layarnya hitam, berarti hp anda kentang, coba menggunakan spek yang minim seperti dimensyt 1080 atau snapdragon 732g",tidak login layar hitam hp kentang coba spek minim dimensyt snapdragon tidak,Negative,Negative
"game baik game baik game baik game baik kasih aku W engine Yixuan, kumohon jangan kalah rate off, aku sayang sekali Yixuan KUMOHON",kasih engine yixuan mohon jangan kalah rate off sayang yixuan mohon,Negative,Negative
gak kayak game kikir,tidak kikir,Negative,Negative
game ngga jelas mau login aja susah segala terlalu banyak permintaan tunggu beberapa saat lgi game ko kayak gini dasar game ngga jelas,tidak login susah minta tunggu dasar tidak,Negative,Negative
"Makin Parah Amat PATAH"" WOI. tolonglah di perbaiki 🙏🙏🙏",parah patah woi tolong baik,Negative,Negative
"Apaan dah awal game ini keluar ga ada sama sekali masalah dalam install ini game, pas mau install lagi malah ga bisa, kocak kocak.",deh tidak install pas install tidak kocak kocak,Negative,Negative
saya harap setelan graphic mirip seperti GI sama HSR . Kalau bisa ada setelan 45fps.,harap setel graphic gi hsr setel fps,Negative,Negative
kebanyakan update napa ga sekalian?,banyak update tidak,Negative,Negative
"tolong dioptimalkan lagi, saya memakai device yang mumpuni tetapi lag nya parah banget!!!",tolong optimal pakai device mumpuni lag parah,Negative,Negative
"game kikirr ga pernah dapat Char S asem , genshin aja quest dapat 100 ini masa cuman 25 asemn sibal gak usah download anniversary kikir",kikirr tidak char asem genshin quest cuman asemn sibal tidak download anniversary kikir,Negative,Negative
aplikasi jelek,aplikasi jelek,Negative,Negative
bad optimize v2.0,bad optimize,Negative,Negative
setelah update kok malah gak bisa masuk yah.padah sebelum update lancar-lancar aja nih game tolong dong di perbaiki,update tidak yahpadah update lancarlancar tolong baik,Negative,Negative
tolong di device saya kenapa ada kesalah texture atau efek glicth yang berlebih saya kurang nyaman untuk bermain game zzz ini tolong di perbaiki seri hp : poco F1 problem : error/glicthing efek texture,tolong device salah texture efek glicth lebih kurang nyaman main tolong baik seri hp poco problem errorglicthing efek texture,Negative,Negative
"ngelag bangt, jadi susah buat login, tolong di perbaiki hoyo, saya sangat terganggu jadi bikin males main",ngelag susah login tolong baik hoyo ganggu bikin malas,Negative,Negative
"aku memainkan 3 game hoyo, genshin, hsr, zzz, tolong untuk zzz berikan rate tinggi untuk gacha, karena gacha saya ampas melulu, mau dapat burnice m6 dpt nya burnice m4 sisanya masuk ke serigala dark sistem bahkan sampai m3 🥲😭, terus pas mau gacha selalu dapatnya sekitar 19 ke bawah di jamin dapat 🥲, tolong mang hoyo di pertimbangkan sistem gachanya :D",main hoyo genshin hsr tolong rate tinggi gacha gacha ampas melulu burnice burnice sisa serigala dark sistem pas gacha dapat jamin tolong hoyo timbang sistem gachanya,Negative,Negative
"sejak update ke 2.0 untuk cerita jadi lebih menarik tpi kenapa saat battle terjadi frame/patah².. sedangkan adegan lain tidak... kalau dikira HP sya,pas main game lain yang lebih berat kok gk.... tolong diperbaiki karna ini sangat mengganggu",update cerita tarik battle framepatah adegan tidak hp syapas berat tidak tolong baik ganggu,Negative,Negative
"Satu hal yang membuat saya kesal adalah ""hyper bug"" dimana2 setelah update, hal ini tidak dapat saya maafkan karena saya kehilangan banyak polychrome saya kumpulkan selama ini untuk gacha dan bug itu terjadi ketika undi karakter dimana game terhenti dan saya kehilangan banyak polychrome saya dan tidak mendapatkan apa-apa sama sekali!! saya menuntut kompensasi penggantian dari polychrome saya yang hilang tersebut atau kalian menutup game ini secara permanen saja!!",kesal hyper bug mana update tidak maaf hilang polychrome kumpul gacha bug undi karakter mana henti hilang polychrome tidak apaapa tuntut kompensasi ganti polychrome hilang tutup permanen,Negative,Negative
"game sampah, bikin emosi terus tolol",sampah bikin emosi tolol,Negative,Negative
"Gamenya bagus pembawaan story sama design karakternya juga mantap poll mudah dimengerti pulak tapi kok sayangnya cutsenenya kok GK fullscreen,kenapa cutsenenya GK kayak genshin full layar kok di zzz cutsene yah atas Ama bagian bawah ada hitam hitam maksudnya GK fullscreen gitu kalok bisa diubah hoyo",bagus bawa story design karakter mantap poll mudah erti sayang cutsenenya tidak fullscreenkenapa cutsenenya tidak genshin full layar cutsene hitam hitam maksud tidak fullscreen ubah hoyo,Negative,Negative
"Tolong dong Hoyoverse Frame Dropnya parah banget sejak Update 2.0. Padahal udah seru banget sejak belum update, Hp saya udah Snapdragon 6s lo masih leg parah. Udah di instal ulang Hp nya masih sama aja.",tolong hoyoverse frame drop parah update seru belum update hp snapdragon lo leg parah instal ulang hp,Negative,Negative
"season 2 nya ngelag bgt co, terutama dibagian yg hollow baru itu, ga stabil sama sekali, downgrade parah🤬🤬🤬🤬",season ngelag cowok bagi hollow tidak stabil downgrade parah,Negative,Negative
"ini game gachanya terlalu aneh menurut saya..selalu mendapatkan di hard pity dan kalah rate off mulu,,perlu effort untuk nguli cuma hasilnya selalu nihil...jadi sudah tidak semangat main ini game, sistem gachanya bukan 50/50 melainkan 90/10...keseringan kalah di hard pity....saya sarankan naikan rate nya jika hard pity biar player tidak terlalu kecewa..",gachanya aneh sayaselalu hard pity kalah rate off muluperlu effort nguli hasil nihiljadi tidak semangat sistem gachanya bukan sering kalah hard pitysaya saran naik rate hard pity biar player tidak kecewa,Negative,Negative
optimalisasi nya permudah dong hp ku udah ga kuat😔,optimalisasi mudah hp ku tidak kuat,Negative,Negative
tolong di perbaiki bug nya,tolong baik bug,Negative,Negative
"ini kenapa makin patah patah ya klo pass maen story trs battle,padahal game Laen berat ga sampe kaya gini kadang sampe ngefrezz mungkin ada yg kejadian nya sama padahal gw pake pocco f4",patah patah pas story battlepadahal berat tidak kadang ngefrezz jadi pakai pocco,Negative,Negative
update-nya gak ngotak sampai 18GB an 🥲 total penyimpanan udah mau 50GB aja 😭,updatenya tidak ngotak gb an total simpan gb,Negative,Negative
"tolong banget dan butuh solusi masalah bug setelah update 2.0 saya mendapatkan bug quest,sebelum update,saya bermain quest balas dendam virtual yang belum saya selesaikan,tapi ketika update 2.0 saya malah tidak bisa melanjutkan quest special ini sebelum bug terjadi saya keluar story ketika Yanagi dan worker H.I.A sudah selesai conversation,setelah saya cek besok nya sekaligus update 2.0 saya malah tidak bisa melanjutkan quest dan tidak ternavigasi untuk melanjutkan nya mohon perbaiki bug ini",tolong butuh solusi bug update bug questsebelum updatesaya main quest balas dendam virtual belum selesaikantapi update tidak lanjut quest special bug story yanagi worker hia selesai conversationsetelah cek besok update tidak lanjut quest tidak navigasi lanjut baik bug,Negative,Negative
Jujur apdetan 2.0 gamenya tambah berat sebelum apdet aku main lancar lancar aja jujur setelah apdet 2.0 asli udah mentok rata kiri sedangkan akubmaen genshin belum sepenuhnya rata kiri lancar lancar aja lah ini aslinya tolong di benerin klo hoyover kesusahan nyari masalahnya dimana menurut aku itu mini map-nya hilangin aja ganggu banget sebelum ada itu lancar sekarang jadi drop bnget sementara rating b1,jujur apdetan berat apdet lancar lancar jujur apdet asli mentok rata kiri akubmaen genshin belum sepenuh rata kiri lancar lancar asli tolong benerin hoyover susah cari mana mini map hilang ganggu lancar drop rating,Negative,Negative
"saya suka game nya, tapi sayangnya gamenya sangat berat, lebih berat dari Genshin Impact, padahal bukan game open world. Sering lag. Tolong developer lebih di optimalkan lagi untuk user Mobile",suka sayang berat berat genshin impact bukan open world lag tolong developer optimal user mobile,Negative,Negative
Ret_timeout_desc_01 mulu males gw updatenya,rettimeoutdesc mulu malas updatenya,Negative,Negative
"saya kasi bintang 1 di updte anniversary pertama ini karena game semakin berat ditambah musuh semakin susah dihadapi tidak seperti sebelum anniversary. untuk map sekarang semakin membingungkan, story yang agak rumit, dan rate sistem gacha yang agak kurang , walaupun hadiah banyak tapi gacha seperti tidak diuntungkan development mungkin bisa jadi masukan terimakasih",kasih bintang updte anniversary berat tambah musuh susah hadap tidak anniversary map bingung story rumit rate sistem gacha kurang hadiah gacha tidak untung development masuk terimakasih,Negative,Negative
"after update, hp cepat panas",after update hp cepat panas,Negative,Negative
"dari segi cerita,karakter,dan dunianya menarik banget. hanya satu yang kurang,tiap ada update pasti di suruh download hampir 12 GB bahkan lebih coba aja ga download ulang,itu aja sih dari gw selebih nya ok ok aja.",segi ceritakarakterdan dunia tarik kurangtiap update suruh download gb coba tidak download ulangitu lebih ok ok,Negative,Negative
"ni game rate gacha di limited nya kaya kecil banget, ga pernah di kasih menang rate on",rate gacha limited tidak kasih menang rate on,Negative,Negative
ini kenapa yah kok abis update 2.0 pas mau login malah stuck terus crash? mohon diperbaiki,habis update pas login stuck crash baik,Negative,Negative
"semenjak update 2.0 performa nya jadi patah patah apalagi saat melawan musuh,saya sudah melakukan segala cara,bahkan memakai grafik paling rendah masih sama,di update sebelumnya 1.7 terasa aman aja,mau sebanyak apapun musuh gak terlalu lag",semenjak update performa patah patah lawan musuhsaya carabahkan pakai grafik rendah samad update aman ajamau apa musuh tidak lag,Negative,Negative
"Banyak BUG nya susah mau masuk game,kadang mau berhenti aja,tapi char udah naik level,dan ga ada arahan untuk naik tingkat....ada tulisan proxy itu,dah level 20 ga bisa naik naik. Coba seperti Star Rail di arah kan kalau mau naik level,harus ambil apa dimananya,ini ZZZ ga ada penjelasannya. pemain itu bukan dewa serba tau,ini mau naik level aja susah..... selesaikan proxy itu ke mana saja,harusnya di tuntun kerjakan apa dulu. Ga ada penjelasan.",bug susah gamekadang henti ajatapi char leveldan tidak arah tingkatada tulis proxy itudah level tidak coba star rail arah levelharus ambil dimananyaini tidak jelas main bukan dewa serba tauini level susah selesai proxy sajaharusnya tuntun kerja tidak jelas,Negative,Negative
update 2.0 makin beratt ampassszz.kurang optimalisasi,update beratt ampaszzkurang optimalisasi,Negative,Negative
"keren segi grafiknya nggak kalah dari game lain, grafik udah paling detail nggk ada keluhan sama sekali",keren segi grafik tidak kalah grafik detail tidak keluh,Negative,Negative
optimalisasi kurang,optimalisasi kurang,Negative,Negative
"Untuk story, fitur dan lain lain saya suka terutama fight nya walaupun memang sulit bagi pemula seperti saya tapi lama kelamaan untungnya sudah terbiasa , tapi tolong lah servernya agak dibenerin hoyo, kadang saya mau login malah menghubungkan terus, tapi overall sangat enjoyable mantapp",story fitur suka fight sulit mula untung biasa tolong servernya dibenerin hoyo kadang login hubung overall enjoyable mantap,Negative,Negative
meninggalkan jejak until this game winner GOTY,tinggal jejak until this winner goty,Negative,Negative
"terjadi Force close tiba tiba saat di tengah permainan, sehingga harus masuk aplikasi lagi, tolong perbaiki!",force close tengah main aplikasi tolong baik,Negative,Negative
"halo hoyoverse, saya sangat bangga mempunyai game dengan grafik smooth seperti ini dan anniversary ke 1, dan ada 1 bug dan dimana saat memulai story season 2 terjadinya tembus dinding dan tidak bisa bergerak saya ingin bug tersebut segera di betulkan dan semoga game ini akan berkembang pesat 🙏🙏🙏",hoyoverse bangga grafik smooth anniversary bug mana story season tembus dinding tidak gerak bug betul moga kembang pesat,Negative,Negative
Gamenya gak optimal di HP midrange.,tidak optimal hp midrange,Negative,Negative
jalan cerita dh makin gg cuman minus nya skrng dh sering force close tolong diperbaiki lagi biar ga menganggu player selesain misi/dll.,jalan cerita dah tidak cuman minus dah force close tolong baik biar tidak menganggu player selesain misidll,Negative,Negative
kok jadi ngelag ya? sebelum update lancar2 aja.,ngelag update lancar,Negative,Negative
mohon untuk developer agar membuat size game ringan karena hp saya tidak mendukung device dari gamenya🙃,developer size ringan hp tidak dukung device,Negative,Negative
"plis lah ngapa pas abis apdet , ngerjain event malah bnyk bug dan sering patah² sebelum nya GK ada kendala loo semoga bisa di benerin",plis ngapa pas habis apdet ngerjain event bug patah tidak kendala lo moga benerin,Negative,Negative
"hadeh ngestuck mulu di loading masuk, tolong diperbaiki developer",hadeh ngestuck mulu loading tolong baik developer,Negative,Negative
"udah hard pity rate off lagi,Dev pelit, ngasih polychrome dikit banget game haram",hard pity rate off lagidev pelit asih polychrome dikit haram,Negative,Negative
"di versi 2.0 ini mah parah dari segi optimisasi sering banget lag,ngebug",versi mah parah segi optimisasi lagngebug,Negative,Negative
"ngelag 2.0 ini parah banget perasaan ga kyk lalu, jelek pula grafiknya.",ngelag parah asa tidak jelek grafik,Negative,Negative
v2.0 jadi for close,for close,Negative,Negative
"saya tidak bisa login kembali ke akun saya yang bernama Fujimiya karena email yang terkait telah di hack oleh seseorang, apakah ada cara lain agar bisa login kembali min?🙏",tidak login akun nama fujimiya email kait hack login min,Negative,Negative
"selepas update malah jadi sring nge freeze sma force close trs ,tolong di fixx ,hp saya infinix hot 10s",lepas update sring nge freeze force close tolong fixx hp infinix hot,Negative,Negative
"Asuuuu! mau berapa lapis tuh scan file nya download data, cek data, menganalisis data, masuk game, mengompilasi shader lah apalah!!! banyak kali layer nya",asu lapis tuh scan file download data cek data analis data kompilasi shader apa layer,Negative,Negative
"min kenapa versi terbaru malah berat banget, terlalu makan ram pdahal ram 12gb tapi saat d ingame tiba2 suka ngcrash, tolong perbaiki min",min versi baru berat makan ram ram gb ingame suka ngcrash tolong baik min,Negative,Negative
Gak normal ini game habis update 2.0 gacca yixuan 150x pull Lom dapet gak adil masih enakan sistem gacca nya Genshin Impact,tidak normal habis update gacca yixuan pull lom tidak adil enak sistem gacca genshin impact,Negative,Negative
"lang parah habis update gimana min , kebanyakan effek hp saya nge frame sd 870 🥲",lang parah habis update min banyak effek hp nge frame sd,Negative,Negative
"Jujur ya menurut gw update 17GB buat 1 versi aja tuh menurut gw too much bgt.. apalagi total size sebelumnya udh 29GB. Gw bukan berarti penyimpanan gw ga cukup atau apa tpi kayak ngotak dikit lah, setidaknya 17GB buat beberapa versi kedepan biar gausah download lagi, Ini 17 GB buat 1 versi aja💀",jujur update gb versi tuh too much total size gb bukan simpan tidak ngotak dikit gb versi depan biar tidak download gb versi,Negative,Negative
"kenapa saya tidak bisa memainkan game ini, dengan alasan perangkat tidak kompatibel apakah game ini terlalu berat untuk di mainkan, jika memang game ini terlalu berat untuk pengguna android lalu untuk apa di rilis untuk pengguna android.",tidak main alas perangkat tidak kompatibel berat main berat guna android rilis guna android,Negative,Negative
sedikit masukan dari saya mungkin loading masuk game bisa dibikin engga terlalu berat dari segi animasi sama fitur perpindahan video karena membuat animasinya macet ketika memperbaharui data. sangat disayangkan game sebagus dan seniat ini kalo playernya kecewa dengan hasil yang telah devloper kasih.,masuk loading bikin tidak berat segi animasi fitur pindah video animasi macet baharu data sayang bagus niat playernya kecewa hasil devloper kasih,Negative,Negative
lumayan,lumayan,Negative,Negative
kenapa setiap habis update selalu ada lag saat dilobby login atau saat di battle field,habis update lag dilobby login battle field,Negative,Negative
hoyo tolong optimalisasi lagi soalnya sering frame drop,hoyo tolong optimalisasi frame drop,Negative,Negative
I NEED MORE HOT MENN!!!!!!!!!!!,need more hot menn,Negative,Negative
ini untuk upgrade versi ke 2.0 jadi berat banget ya ini game sering frame drop sampai keluar sendiri. mohon untuk segera di repair supaya makin asik mainin gamenya. makasih,upgrade versi berat frame drop repair asik mainin terima kasih,Negative,Negative
"terlalu berat semenjak update 2.0 , device saya tidak kuat",berat semenjak update device tidak kuat,Negative,Negative
Setelah update gamenya stuck di menu title tolong perbaiki atau berikan penjelasannya (hp saya Oppo Reno 5),update stuck menu title tolong baik jelas hp oppo reno,Negative,Negative
game rusak.abis update akun malah ilang padahal emailnya ga di apa apain.mana udah ada anby b5,rusakabis update akun hilang email tidak apainmana anby,Negative,Negative
"Cerita nya membuat orang penasaran, pertarungan nya asik, character nya bagus bervariasi, dan sifat² character nya beda² jadi boleh lah",cerita penasaran tarung asik character bagus variasi sifat character beda,Negative,Negative
kok pas update season banyak frame drop ?,pas update season frame drop,Negative,Negative
"dari segi gameplay sangat memuaskan, akan tetapi saya menemukan bug lain pada karakter yang ber element ice seperti lycaon dan Ellen di mana saat ultimate tampilan Ice nya berwarna hitam bukan biru, sekian penjelasan dari bug nya mohon di perbaiki, Salam proxy🙏",segi gameplay muas temu bug karakter ber element ice lycaon ellen ultimate tampil ice warna hitam bukan biru sekian jelas bug baik proxy,Negative,Negative
"gamenya sebenarnya sudah sangat bagus dan dari segi hadiah dan event paling banyak dari game hoyo yang lain, cuman hanya 1 yang sangat disayangkan. yaitu banyaknya drop frame yg parah di android padahal hp saya speknya sangat mumpuni untuk memainkan game ini, bahkan di update terbaru kali ini gamenya semakin parah saya tidak dapat mengupdate nya karena akan selalu freeze ketika saya mencoba nya. sampe sekarang saya masih tidak bisa login karena ngestuck di layar awalnya karena freeze tadi itu",bagus segi hadiah event hoyo cuman sayang banyak drop frame parah android hp speknya mumpuni main update baru parah tidak mengupdate freeze coba tidak login ngestuck layar freeze,Negative,Negative
ngelag ajg,ngelag ajg,Negative,Negative
tolong buat pemain baru kalo gacha banner limited chance buat Hero nya lebih besar lah masa baru main langsung hard pity,tolong main gacha banner limited chance hero hard pity,Negative,Negative
"sejak update pas main sering keluar sendiri, frame drop, lag parah , mohon di optimalkan dulu,",update pas frame drop lag parah optimal,Negative,Negative
"Tolong donh zzz bisa di optimal kan lagi di Snapdragon 7s gen 2 main rata kiri aja selalu hancur fps nya apalagi semenjak update 2.0 tambah tidak nyaman sama sekali buat main,untung hadiah anniv nya bgs jdi msh saya ksh bintang 4.Jadi tolong dioptimalkan lagi zzz untuk snapdragon 7s gen 2🙏",tolong donh optimal snapdragon gen rata kiri hancur fps semenjak update tidak nyaman mainuntung hadiah anniv bagus kasih bintang tolong optimal snapdragon gen,Negative,Negative
stack di bagian loading screen dan unduhan,stack loading screen unduh,Negative,Negative
"Gatau kenapa update yang sekarang jadi bikin berat banget sampe sering frame drop, padahal sebelumnya lancar bgt. Malah kerasa lebih berat dari pada GI yang jenis gamenya pure open world",tidak tau update bikin berat frame drop lancar rasa berat gi jenis pure open world,Negative,Negative
"gamenya asik dan tantangannya seru banget, cerita dan karakternya juga menarik tapi ada satu hal yang bikin aku kesal, misi mode TV, tolong hilangkan mode itu, mode itu banyak bug, dan selalu bikin bosan saat memainkannya",asik tantang seru cerita karakter tarik bikin kesal misi mode tv tolong hilang mode mode bug bikin bosan main,Negative,Negative
"Please deh pra-unduh nya jgn kegedean, masa versi skrng pra-unduh nyampe 17GB lbh. Pdhl saya suka story game-nya! Tp size-nya sangat mengecewakan. Terlalu besar.",please deh praunduh jangan gede versi praunduh gb suka story sizenya kecewa,Negative,Negative
"after the latest update, there is lag and forceclose device ram 8",after the latest update there is lag and forceclose device ram,Negative,Negative
tolong perbaiki kompabilitas masa hp saya download genshin dan hsr bisa tapi download zzz malah tidak kompatibel tolong cepat diperbaiki,tolong baik kompabilitas hp download genshin hsr download tidak kompatibel tolong cepat baik,Negative,Negative
"entah kenapa gamenya terlalu berat, sedangkan Genshin saja enteng saat di main kan. tolong untuk kedepannya di bikin lebih stabil lagi gamenya, terima kasih hame baik",berat genshin enteng tolong depan bikin stabil terima kasih hame,Negative,Negative
setelah ver 2.0.. perfomance ga stabil.. tolong perbaiki karena saya ga bisa menikmati ceritanya kalau perfomance nya ga stabil,ver perfomance tidak stabil tolong baik tidak nikmat cerita perfomance tidak stabil,Negative,Negative
"Ini gak tau hp akunya yang eror atau emang dari sana nya server lagi nge lag pas update 2.0, di tengah pertarungan suka nge pause sendiri, pas mau nge pull aja suka keluar sendiri, bagi aku update ini memuaskan ya soalnya hadiahnya juga banyak banget cuman jadi sering suka nge bug, tolong perbaiki lagi ya bug di game nya, terimakasii",tidak tau hp aku eror server nge lag pas update tengah tarung suka nge pause pas nge pull suka update muas hadiah cuman suka nge bug tolong baik bug terimakasii,Negative,Negative
"gameplay bagus asli parah , cuman ada saran buat setting poco F6 gk min? udh rata kiri tetap aja lag parah 😭 apakah saatnya pensi main ZZZ semenjak update v2.0",gameplay bagus asli parah cuman saran setting poco tidak min rata kiri lag parah pensi semenjak update,Negative,Negative
update 2.0 rusak. penyimpanan masih ada 5 GB tapi disuruh kosongkan ruangan 50 MB karena penyimpanan tidak cukup. Game aneh,update rusak simpan gb suruh kosong ruang mbak simpan tidak aneh,Negative,Negative
Absolute cinema ✋😐🤚,absolute cema,Negative,Negative
game baik kasi 5 dulu entar kalah turunin ke 1 lagi,kasih entar kalah turunin,Negative,Negative
stuck saat update versi terbaru,stuck update versi baru,Negative,Negative
"Secara ukuran tidak beda-beda jauh dengan versi sebelumnya, tapi di versi ini jauh lebih lag entah kenapa. Terlebih saat menggunakan Yixuan.",ukur tidak bedabeda versi versi lag yixuan,Negative,Negative
shiyu defense yang kelima yang tahap awal terlalu makan waktu animasi musuhnya bikin makan waktu,shiyu defense tahap makan waktu animasi musuh bikin makan waktu,Negative,Negative
"jujur aja secara cerita game ini bagus sih apalagi combatnya seru, cuma yang di sayangkan dari game ini itu gachanya sih, gak pernah sekalipun menang rate off udah gitu hard pity mulu lagi, sekarang lagi di tahap udah gak punya niat main game ini lagi. udah capek ngulinya",jujur cerita bagus combatnya seru sayang gachanya tidak menang rate off hard pity mulu tahap tidak niat capek ngulinya,Negative,Negative
setelah update versi game menjadi sangat berat,update versi berat,Negative,Negative
maaf ku rubah lagi rating nya.. gilee....aneh semenjak update S2 Dimensty 8200 ULTRA gw berasa Kentang banget jangan kan grafik sedang Grafik Rendah aja Masih Ngeframe dahh lah fokus beli PC aja..,maaf ku rubah rating gileeaneh semenjak update dimensty ultra asa kentang jangan grafik grafik rendah ngeframe fokus beli pc,Negative,Negative
"tiap update selalu framedrop, padahal main game berat yang lain lancar lancar aja",update framedrop berat lancar lancar,Negative,Negative
"dari segi cerita, karakter, combat nya sangat bagus",segi cerita karakter combat bagus,Negative,Negative
karena setelah update sering kali jaringan eror padahal kalo di buat main yg lain lancar lancar aja bahkan warna sinyal nya hijau,update jaring eror lancar lancar warna sinyal hijau,Negative,Negative
"yeah selamat anniversary yang ke satu!!! moga makin baik lagi developernya kepada para Player kali aja sistem gachanya dibaikin dikit biar kaya honkai impact aja 90 pull ga ada rate off pasti dapet, soalnya gachaku selalu rate off dah gitu kalah mulu lagi iri banget liat yang pada share gachanya banyak yang ijo ga tau mereka adil atau bayar apa banyak yang make mod(cheater) mungkin",yeah selamat anniversary moga developer player sistem gachanya dibaikin dikit biar honkai impact pull tidak rate off gachaku rate off deh kalah mulu iri share gachanya ijo tidak tau adil bayar pakai modcheater,Negative,Negative
"manteppp, apalagi di anniversary ini. kita sebagai player di kasih bansos, tapi ini gw mo ngeluhin 1 aje. ini game berat banget asli, versi sebelumnya ga berat bet padahal. apa emang ini belom optimal buat di andro? semoga aje sih next update lancar lagi. tp overall ni game oke, satu satunya game RPG yang gw mainin. karena ya emang gw lebih suka game sim,cuma gegara bosen. pengen lah coba game ini, dan behh langsung pengen main terus,jangan lupa ya bree.optimalin biar ga ngelag saat di pake main",mantap anniversary player kasih bansos ngeluhin berat asli versi tidak berat belum optimal andro moga next update lancar overall oke satu rpg mainin suka simcuma gegara bosan pengin coba behh pengin terusjangan lupa breeoptimalin biar tidak ngelag pakai,Negative,Negative
"Jelek bgt optimasinya, gua main di Snapdragon 8 gen 1+ tetep aja ngelag pas main hollow zero",jelek optimasinya gua snapdragon gen ngelag pas hollow zero,Negative,Negative
setelah update V2.0 malah eror ga bisa masuk. katanya storage penuh padahal storage masih banyak....,update eror tidak storage penuh storage,Negative,Negative
"goog game for combat mechanic, bit after download data update always crash in front of the game, need to re download, not imersive on handphone and always lost rate off + hard pitty",goog for combat mechanic bit after download data update always crash front of the need re download not imersive on handphone and always lost rate off hard pitty,Negative,Negative
kecewa aku gacha 110x gak dapat yi xuan😮‍💨,kecewa gacha tidak yi xuan,Negative,Negative
habis update jadi ngeframe nian,habis update ngeframe nian,Negative,Negative
"Layar mendadak freeze di layar loading, tidak bisa masuk, akan langsung force close. Ini masalah dan keluhan banyak player, gamenya tidak diperhatikan. Butuh pertanggung jawaban.",layar dadak freeze layar loading tidak force close keluh player tidak perhati butuh tanggung,Negative,Negative
"kalah rate off trus, mana hard pity pula, banyak bansosnya tapi gacha nya bapuk banget, ga kaya game hoyo lain",kalah rate off hard pity bansosnya gacha bapuk tidak hoyo,Negative,Negative
"overall bagus aja lek game nya,tapi update 2.0 ini masih bener"" harus di optimalisasikan lagi sih. battle jadi agak ga stabil fps di x7 pro rata kanan. padahal udah main pakai cooler juga.",overall bagus lek nyatapi update optimalisasi battle tidak stabil fps pro rata kanan pakai cooler,Negative,Negative
optimalisasi masih kurang di chipset dimensity 7300 dapet fpsnya gak stabil di kisaran 11-46 fps jarang dapet diatas 50 fps padahal sudah mentok kiri grafiknya,optimalisasi kurang chipset dimensity fpsnya tidak stabil kisar fps jarang atas fps mentok kiri grafik,Negative,Negative
Jigle fisiknya gak ngotak,jigle fisik tidak ngotak,Negative,Negative
"beli HP baru buat main game ini. Tetep aja enakan main di PC, tpi buat sekarang di HP dulu. Jadi harapan ku buat pengembang, klo update jangan terlalu massive karena ini memang game berat buat HP. nb: PENGEN GACHAAA",beli hp enak pc hp harap ku kembang update jangan massive berat hp nb pengin gacha,Negative,Negative
"GILA INI ANIV NYA UDH SEKALIAN DI ROMBAK ULANG. BANYAK HAL YANG BERUBAHH DAN MAKIN BANYAK FITUR BARU. WAH MAKASIH BANYAK SIH AMA HOYO, SEMOGA HARI KALIAN MINGGU TERUS! 🎉🎉🎉",gila aniv rombak ulang berubahh fitur terima kasih hoyo moga minggu,Negative,Negative
Fandom nya Adem Ayem 😹👍,fandom adem ayem,Positive,Negative
"Karena dikit lagi update versi 1.4 udah saatnya download lagi, tapi download apk dulu.. Datanya mah belakangan kalo udh update 1.4 🤣",dikit update versi download download apk data mah update,Negative,Negative
bug gk bisa update didalamnya,bug tidak update dalam,Negative,Negative
parah ga bisa login abis update ini,parah tidak login habis update,Negative,Negative
akun gw hokian disini jir ketimbang di hsr sma hi3😹😹😹,akun hoki jir ketimbang hsr hi,Negative,Negative
ini kenapa ya saya stuck di loading screen setelah update,stuck loading screen update,Negative,Negative
rate gacha nya tolong di tingkatin lagi lah todd,rate gacha tolong tingkatin todd,Negative,Negative
baru anniversary 1 tapi sangat buruk di pra-unduh malah nge stack gmn sii updatenya malah makin kacau,anniversary buruk praunduh nge stack updatenya kacau,Negative,Negative
RATE BUSUK,rate busuk,Negative,Negative
Seru sih dari sisi mana pun bansos nya juga banyak tapi makan memory nya banyak banget,seru sisi bansos makan memory,Positive,Negative
Menurut gua dari segi gameplay udah bagus. Namun tolong dipermudah kan cari drive disc nya. saya sudah menghabiskan 3000+ battery cuma dapet 5 drive disc yang bagus. udah sih itu aja,gua segi gameplay bagus tolong mudah cari drive disc habis battery drive disc bagus,Negative,Negative
"sebelumnya sudah sangat Bagus! tetapi Update 2.0 terlalu berat! bahkan Login saja selalu Stuck pada Loading Screen, semoga bisa diseimbangkan secepatnya...",bagus update berat login stuck loading screen moga imbang cepat,Negative,Negative
"Bejir kalah 5 kali rate off berturut high pity, termasuk high pity kalah dan guarante ny. Woi balikin duit gw masa wr gw 12%",bejir kalah rate off high pity high pity kalah guarante woi balikin duit wr,Negative,Negative
"This game is playable on Snapdragon 680, but I installed this game outside the Playstore. Please help me install it on Playstore and improve performance for Snapdragon 680.",this is playable on snapdragon but installed this outside the playstore please help me install on playstore and improve performance for snapdragon,Negative,Negative
panjang umur game baik ❤❤‍🩹🌹,umur,Negative,Negative
Panjang umur game baik🥰🥰,umur,Negative,Negative
"Waktu masuk game layar menghitam rek, belum juga donlot data nye 😭😞",waktu layar hitam rek belum donlot data nye,Negative,Negative
"bagus gamenya, overall semuanya oke, 10/10 cuma, kalau data sih besar banget ya, Buat saya yg memorinya kecil, 128gb ga cukup nnti kedepannya",bagus overall oke data memori gb tidak depan,Negative,Negative
"Ga usah di tanya, the best pokoknya",tidak the best pokok,Negative,Negative
"this game is so fun, i like every update since the biggining!!!",this is sok fun like every update since the biggining,Negative,Negative
Kecewa gacha 80 pull pertama dapat karakter standar kecewa kecuali klo dah veteran kalah gpp.. Gamplay seru sih,kecewa gacha pull karakter standar kecewa kecuali deh veteran kalah tidak apa gamplay seru,Negative,Negative
moga di game ini gw hoki aminn,moga hoki amin,Negative,Negative
"kurangi misi eksplorasi,karena itu butuh waktu yang lama yang tidak semua orang punya waktu",kurang misi eksplorasikarena butuh waktu tidak waktu,Negative,Negative
ga ada yang menarik sih gw main cuman karena vivian,tidak tarik cuman vivian,Negative,Negative
"menurut ku dari story quest atau segi apapun udah mantap apalagi plot plot di setiap story yang sangatlah absolute cinema, kalo masalah gacha no komen karena tergantung keberuntungan masing masing, tapi kalo di zzz ini menurutku sistem gacha nya dah enak bet karena dah di kasih tau pity berapa baru bisa dapat karakter, gak perlu ngitung ngitung sendiri pity nya",ku story quest segi apa mantap plot plot story absolute cema gacha no komen gantung untung turut sistem gacha deh deh kasih tau pity karakter tidak ngitung ngitung pity,Negative,Negative
"Menurut saya game ini cukup seru karena punya mekanik hack and Slash dan gameplay cepat yg mengharuskan untuk Dodge dan Parry soal sistem hadiah tidak terlalu pelit dan story cukup seru, bakan tanpa terasa ceritanya hampir selesai tanpa sadar semoga kedepanya semakin berkembang menjadi lebih baik 👌👍",seru mekanik hack and slash gameplay cepat harus dodge parry sistem hadiah tidak pelit story seru bak tanpa cerita selesai tanpa sadar moga depa kembang,Negative,Negative
game online make me life,online pakai me life,Negative,Negative
season 1 is an absolute cinema season I hope the next season will be more dope,season is an absolute cema season hope the next season will be more dope,Negative,Negative
gilak Yi Xuan cantik bangettt auhhhhhhhhhhhhhhhhhhhhh,gila yi xuan cantik auh,Negative,Negative
"dari semua game hoyo yang pernah gw mainin, cuman ni game yang bener2 jatuh cinta ma gw",hoyo mainin cuman jatuh cinta,Negative,Negative
"Overal sudah sangat bagus, ini adalah game gacha ideal menurut saya. Karena tidak terlalu memakan banyak waktu untuk daily, weekly atau end game. Semuanya to the point. Hadiah event, quest dll juga rewarding. Bahkan untuk f2p seperti saya, hanya selang 1 patch bisa mendapatkan 1-2 s rank (1 diantaranya dengan sign nya). Minus mungkin hanya di UI yang mudah bikin tersesat, tapi kalau sudah terbiasa bukan lagi jadi masalah. Animasi, Grafis, Cerita, Karakter, Gameplay dll. tidak usah ditanya.",overal bagus gacha ideal tidak makan waktu daily weekly end the point hadiah event quest dll rewarding fp selang patch rank sign minus ui mudah bikin sesat biasa bukan animasi grafis cerita karakter gameplay dll tidak,Negative,Negative
"Hack and Slash nya sangat menghibur, koh hoyo tidak pernah gagal dengan game buatannya.",hack and slash hibur koh hoyo tidak gagal buat,Negative,Negative
"masih kurang optimal di snapdragon 8s gen 3, waktu gameplay fight sering patah2",kurang optimal snapdragon gen waktu gameplay fight patah,Negative,Negative
ademin bagi² bansos nih 🤭,ademin bansos,Negative,Negative
"Habis update terbaru ini game sering terjadi crash padahal spesifikasi tinggi, sudah mengatur kesetelan rendah tetap saja",habis update baru crash spesifikasi tinggi atur setel rendah,Negative,Negative
"lihat dari gamenya bagus, jalan ceritanya juga, gameplaynya juga bagus... tetapi ada sedikit kesalahan apa gimana ya? jadi gini kan saya mau main di jam 03:30 karena terbangun oleh alarm, nah pada saat saya mau main tulisan nya koneksinya tidak ada dan itu sinyal wifinya masih full dan saya uji coba menonton youtube itu lancar, mohon perbaikannya segera ya 😄",bagus jalan cerita gameplaynya bagus salah jam bangun alarm tulis koneksi tidak sinyal wifinya full uji coba tonton youtube lancar baik,Negative,Negative
"favoritku saat ini daripada hsr, wuwa, dan genshin.. genshin dah ga seasik dulu, pelit bansos ga kayak zzz, hsr, wuwa",favorit hsr wuwa genshin genshin deh tidak seasik pelit bansos tidak hsr wuwa,Negative,Negative
"dari segi gameplay fresh banget apalagi bansosnya lancar,moga aja konsisten terus bansosnya",segi gameplay fresh bansosnya lancarmoga konsisten bansosnya,Negative,Negative
Min untuk update selanjutnya tolong buatin fitur hapus data data patch lalu yang ga kepake min soalnya zzz size nya udah makin gede ini aja pas setelah update size nya jadi 57 GB jadi makan penyimpanan,min update tolong fitur hapus data data patch tidak kepake min size gede pas update size gb makan simpan,Negative,Negative
size nya gk ngotak,size tidak ngotak,Negative,Negative
"TERIMAKASIH BANYAK UNTUK TIM ZENLESS ZONE ZERO, SUDAH MEMBUATKAN CERITA MUSIM 1 INI BENAR-BENAR LUAR BIASA.. SAMPAI JUMPA BESOK DI MUSIM BERIKUTNYA ✨✨👋😁",terimakasih tim zenless zone zero buat cerita musim benarbenar jumpa besok musim,Negative,Negative
"game ny bikin orang pay to win, kebanyakan fan service ny, sorry rating gk mendukung. sange/10",bikin pay win banyak fan service sorry rating tidak dukung sange,Negative,Negative
panjang umur game baik🥰,umur,Negative,Negative
panjang umur game baik,umur,Negative,Negative
"next update 2.0 udah gk bisa main, storage udah tidak mumpuni, dan fitur hapus stori quest masih belum ada di update ini",next update tidak storage tidak mumpuni fitur hapus stori quest belum update,Negative,Negative
kurang optimal,kurang optimal,Negative,Negative
optimalisasi game nya jelek banget,optimalisasi jelek,Negative,Negative
"size nya ga ngotak dah ngalah2in genshin. total size 29gb tambah update 16gb -_-"" baru juga main dah pensi aku. kecewa x ah",size tidak ngotak deh kalah genshin total size gb update gb deh pensi kecewa ah,Negative,Negative
"sebenarnya game nya bagus, dari segi cerita, combat, dll. cuman mungkin ukuran aplikasinya terlalu besar untuk device mobile, mungkin bisa kali di optimalkan lagi agar para user mobile tidak terlalu memikirkan sisa penyimpanan nya, jadi para pengguna Handphone menengah bisa terus bermain tanpa memikirkan sisa penyimpanannya di handphone mereka. itu aja si dari saya semoga bisa di optimalkan ya 😄👍",bagus segi cerita combat dll cuman ukur aplikasi device mobile optimal user mobile tidak pikir sisa simpan guna handphone tengah main tanpa pikir sisa simpan handphone moga optimal,Negative,Negative
"tidak Tau kenapa , akun saya kena penangguhan , padahal saya tidak melakukan pelanggaran apapun, Dan tidak mengunakan palikasi pihak ketiga",tidak tau akun tangguh tidak langgar apa tidak mengunakan palikasi tiga,Negative,Negative
"ga dpt hugo, kalah rate off 2 kali. apalah. personal bgt.",tidak hugo kalah rate off apa personal,Negative,Negative
tidak bisa mendownload sqngat bingung sudah pakai cara cara di youtube dan lain lain dan tetap tidak bisa pls bantu,tidak mendownload sqngat bingung pakai youtube tidak pls bantu,Negative,Negative
kebanyakan dowload gajelas,banyak dowload tidak,Negative,Negative
"Dari desain karakter, world building, dan cerita beneran bagus dan sangat bisa dinikmati. Developernya baik juga suka manjain player sama hadiahnya 🥰 dan hadiah first anniv beneran gacor. Terimakasih hoyoverse sudah ngebuat game ini dan manjain playernya ❤",desain karakter world building cerita benar bagus nikmat developer suka manja player hadiah hadiah first anniv benar gacor terimakasih hoyoverse ngebuat manja playernya,Negative,Negative
akhirnya nunggu beli HP baru buat maen game ini,tunggu beli hp,Negative,Negative
"Semoga dibaca,tolong ini sistem farming discnya sedikit di permudah karena sangat susah untuk mendapatkan main stat dan sub stat yang kita inginkan semoga segera di ubah ya game terbaik👍",moga dibacatolong sistem farming discnya mudah susah stat sub stat moga ubah baik,Negative,Negative
saya ingin agar setingan grafik nya lebih banyak agar device yang tidak mendukung masih bisa memainkan game nya dengan lancar,ting grafik device tidak dukung main lancar,Negative,Negative
ngulang lagi save datanya ilang,ngulang save data hilang,Negative,Negative
Kebanyakan misi. Misi yang 1 belum selesai udah dikasih misi lagi jadi bingung mau nyelesain yang mana dulu ditambah naikin levelnya dipersulit,banyak misi misi belum selesai kasih misi bingung selesai tambah naikin level sulit,Negative,Negative
goated game. bayangin kalian bisa menikmati story yg memukau dengan cinematic cutscene yg fantastis secara gratis. animasi yg fluid dibarengi dengan desain karakter yg menarik merupakan poin plus dari game ini. tetapi yg membuat saya jatuh cinta pada game ini adalah world building yg membuat dunianya terasa hidup. dan jangan lupakan sistem gacha yg cukup player friendly. 5/5 star no drama,goated bayang nikmat story pukau cinematic cutscene fantastis gratis animasi fluid bareng desain karakter tarik poin plus jatuh cinta world building dunia hidup jangan lupa sistem gacha player friendly star no drama,Negative,Negative
"tolong berikan opsi 45fps, agar tidak memberatkan pemain mobile",tolong opsi fps tidak berat main mobile,Negative,Negative
gabut,gabut,Negative,Negative
ribet mesti jalankan misi harian,ribet mesti jalan misi hari,Negative,Negative
"perkara bansos (Genshin could never), perkara tombol skip story (Genshin could never), Perkara dev dengerin saran masukan komunitas (Genshin could never)...Gameplay seru parry-parry. Story untuk saat ini masih biasa aj gk begitu wahh. Design karakter jangan ditanya (ini game size gede gara-gara jiggle jigglenya ini pasti). tema world yang gk terlalu Fantasy. Gooner game? masa bodo, kek gk tau drama Genshin dulu aj....saran kalo pas main dan pengen enjoy gamenya jangan join komunitas",perkara bansos genshin could never perkara tombol skip story genshin could never perkara dev dengar saran masuk komunitas genshin could nevergameplay seru parryparry story tidak design karakter jangan size gede garagara jiggle jigglenya tema world tidak fantasy gooner bodo tidak tau drama genshin ajsaran pas pengin enjoy jangan join komunitas,Negative,Negative
"game baik, panjang umur. gacha nya sangat wangi",umur gacha wangi,Negative,Negative
"overall game ini menurut saya sudah bagus, tetapi ada hal yang menurut saya sangat aneh, processor handphone saya (Dimensity 8400 ultra) bisa dibilang cukup kuat untuk menjalanlan game ini, tetapi entah mengapa di setelan graphic medium, ada saja gejala patah patah atau freeze di tengah permainan, menurut saya itu cukup mengganggu pengalaman bermain saya, mungkin optimalisasi game ini masih kurang?, semoga kedepannya game ini dapat saya mainkan dengan lancar 🙏",overall bagus aneh processor handphone dimensity ultra bilang kuat menjalanlan setel graphic medium gejala patah patah freeze tengah main ganggu alam main optimalisasi kurang moga depan main lancar,Negative,Negative
"gim hoyo emang dari dulu kikir,!!!sampe ke artefak pun pelit nya gila,habis 8 ribu bttry ga dapet 1 pun artefak yg bagus!!!!! udah gacha habis 4 ribu yg disk ungu pun sama aja,buat 1 artefak aja ga dapet yg bagus!!!",gim hoyo kikirsampe artefak pelit gilahabis ribu bttry tidak artefak bagus gacha habis ribu disk ungu ajabuat artefak tidak bagus,Negative,Negative
terimakasih game baik walau akun ku selalu hard pity + blm pernah menang rate off yasudah lah,terimakasih akun ku hard pity belum menang rate off yasudah,Negative,Negative
"developer baik, ga kaya kikir impact",developer tidak kikir impact,Negative,Negative
plis lah jangan compatibel aku mau main bisa ketemu Ellen joe 😭,plis jangan compatibel ketemu ellen joe,Negative,Negative
gacha rate off,gacha rate off,Negative,Negative
bad,bad,Negative,Negative
ADMIN bugnya tolong diperbaikin. Aduh ya hp saya samsung s22 ultra masih aja nge bug pas battle jadi hang error ... tolong game nya udh bagus tapi BUGNYA MASYAALLAH ....,admin bugnya tolong diperbaikin aduh hp samsung ultra nge bug pas battle hang error tolong bagus bugnya masyaallah,Negative,Negative
"optimalisasi game kurang sering frame drop, padahal main hsr tidak seperti ini",optimalisasi kurang frame drop hsr tidak,Negative,Negative
"Cerita keren, karakternya keren, dan upgrade nya engga terlalu susah, event juga engga nyusahin, dan translate bahasanya halus banget keren. Hp saya bagus jadi enak mainnya. Saya berharap sensor karakternya di turunin lagi hehe. semoga tim dev terus sehat. terimakasih",cerita keren karakter keren upgrade tidak susah event tidak susah translate bahasa halus keren hp bagus main harap sensor karakter turunin hehe moga tim dev sehat terimakasih,Negative,Negative
"woy hoyo halaman login google/Facebook nya di gw kok empty padahal di salah satu akun google nya udah bagus semua, tolong gimana cara ngatasinnya",woy hoyo halaman login googlefacebook empty salah akun google bagus tolong ngatasinnya,Negative,Negative
"asli ni akun w Napa hoyo, kalah rate off 3x berturut turut, gda fitur kek capturing kah, sumpah keras banget. ga hsr ga ini sama sama busuk akun w, sumpah hoyo kasih menang rate off lah, cape kalah Mulu, nyiksa batin doang dah lah",asli akun hoyo kalah rate off tidak fitur capturing kah sumpah keras tidak hsr tidak busuk akun sumpah hoyo kasih menang rate off capek kalah mulu nyiksa batin doang deh,Negative,Negative
ampas2 udah hapus semua data sampe 28 gb masih gak bisa download data zzz nya kecewa aku,ampas hapus data gb tidak download data kecewa,Negative,Negative
"overall dari segi gameplay memang bagus, karakter limited juga bagus, story + event juga asik buat dimainin, build char yaa agak susah dikit lah. Dari opini saya, untuk Endless tower damage bossnya agak sedikit diturunkan, karena beberapa pengguna mobile merasa kesusahan untuk memainkan beberapa lantai dari Endless tower termasuk saya. Mungkin kedepannya bisa di seimbangkan karena ini adalah masalah yang lumayan menjengkelkan",overall segi gameplay bagus karakter limited bagus story event asik dimainin build char susah dikit opini endless tower damage bossnya turun guna mobile susah main lantai endless tower depan imbang lumayan jengkel,Negative,Negative
"Dari ceritanya aku suka dan yang lain nya, dan aku ngerti kenapa karakter itu sulit didapat karna sistem gacha, tetapi aku hanya merasa kurang di sistem coop, plis hoyoverse, kasi biar bisa main coop di cerita utama atau dia bisa main di quest yang lain atau bisa berkeliaran ditempat kita, jangan hanya di arcade saja.",cerita suka erti karakter sulit sistem gacha kurang sistem coop plis hoyoverse kasih biar coop cerita utama quest liar tempat jangan arcade,Negative,Negative
waifunya geol2 jir 😋,waifunya geol jir,Negative,Negative
"Game nya sangat menarik dan bagus cocok buat kalian yg suka perpaduan elegan antara aksi cepat, cerita menarik, karakter karismatik, dan dunia bergaya futuristik yang imersif. Cocok bagi kamu yang ingin merasakan sensasi bertarung ala anime dengan gaya yang keren dan suasana penuh misteri. Kalau kamu suka genre action RPG dengan sentuhan anime futuristik dan sistem pertarungan cepat, ZZZ wajib ada di daftar mainmu.",tarik bagus cocok suka padu elegan aksi cepat cerita tarik karakter karismatik dunia gaya futuristik imersif cocok rasa sensasi tarung ala anime gaya keren suasana penuh misteri suka genre action rpg sentuh anime futuristik sistem tarung cepat wajib daftar main,Negative,Negative
"bagus banget ini game, tema nya kek ada cyberpunk dan hal lainnya karakter cewe nya cantik cantik gameplay nya kerena dari segi map dan animasinya,, karakter cowonya juga ganteng ganteng terutama Lycaon😋 btw perbanyak karakter furry min",bagus tema cyberpunk karakter cewek cantik cantik gameplay rena segi map animasi karakter cowonya ganteng ganteng lycaon btw banyak karakter furry min,Negative,Negative
tolong optimalkan versi mobile,tolong optimal versi mobile,Negative,Negative
"Sudah bosan dengan game tipe open world dan turn base, akhirnya nyoba zzz dengan gameplay hack & slash, gk bisa dibilang sempurna tapi sudah sangat bagus untuk game yang umurnya belum genap satu tahun 🙌",bosan tipe open world turn base coba gameplay hack slash tidak bilang sempurna bagus umur belum genap tahun,Negative,Negative
loading screen ny cukup lama dan agak framedrop pas battle tolong optimalisasi pada android,loading screen framedrop pas battle tolong optimalisasi android,Negative,Negative
"kasih lah fitur skip gitu di mode waktu cari material buat up charnya, biar gak buang² waktu buat grindingnya, sama waktu ane maen story ""tikus berbulu domba"" waktu pake jane tiba² musuhnya hilang sendiri waktu dilawan, kejadiannya udh 2x, jadi males mau lanjut gamenya",kasih fitur skip mode waktu cari material up charnya biar tidak buang waktu grindingnya waktu ane story tikus bulu domba waktu pakai jane musuh hilang waktu lawan jadi malas,Negative,Negative
kocak gw urus login nyampe 1 jam,kocak urus login jam,Negative,Negative
"woi baikin servernya lah, masa gw login google/FB muter mulu",woi baikin servernya login googlefb muter mulu,Negative,Negative
"Game bagus tapi sayang eksekusi konten end gamenya jelek,kayak di shiyu defense contohnya.ada musuh yg ngeblink2 ngilang ,trus ada momen pas ngilang musuhnya gak bisa di hit.Kita kehilangan waktu hampir 10 detik.mau gak mau kalo mau efektif kek dipaksa ngedamage yg gedhe di waktu musuhnya bisa di hit.Krn sisa waktunya kebuang buat animasi. Untuk sekarang sih bisa fullstar tapi lama2 hal gini kalo dinormalisasikan bakal jadi kebiasaan devnya. Lebih suka musuh yg adu mekanik,bukan adu animasi",bagus sayang eksekusi konten end jelekkayak shiyu defense contohnyaada musuh ngeblink hilang momen pas hilang musuh tidak hitkita hilang waktu detikmau tidak efektif paksa ngedamage gedhe waktu musuh hitkrn sisa buang animasi fullstar normalisasi biasa devnya suka musuh adu mekanikbukan adu animasi,Negative,Negative
Tolong tambahkan pilihan 45fps di menu pengaturan grafik,tolong tambah pilih fps menu atur grafik,Negative,Negative
absolutely cinema✋😐🤚,absolutely cema,Negative,Negative
"laporan buat game ini ,untuk gameplay aman aja pas battle juga smooth,cutscene,dll tapi masalahnya setiap buka tab event berasa berat bgt trus hp jadi stuck solusinya relog ulang biar kerefresh ,permasalahan ini gk cuma sekali setiap buka tab event selalu lag dan patah patah,jdi tolong difix secepatnya ,kalo udah difix bintang 5 dehh🙏",lapor gameplay aman pas battle smoothcutscenedll buka tab event asa berat hp stuck solusi relog ulang biar kerefresh masalah tidak buka tab event lag patah patahjdi tolong difix cepat difix bintang deh,Negative,Negative
"gamenya bagus dan punya tema yang menarik. sayangnya tidak berjalan lancar di Tecno Spark 30C, terutama ketika battle dan mode roamingnya.",bagus tema tarik sayang tidak jalan lancar tecno spark battle mode roamingnya,Negative,Negative
tolong buat ketika sedang percakapan animasi karakter ketika sedang berbicara dibuat lebih hidup Tolong buat setting medium untuk kualitas karakter dan lingkungan tolong hadirkan fitur mengganti proxy utama soalnya saya menyukai wise sebagai MC tapi juga ingin memakai Belle di event2 santai,tolong cakap animasi karakter bicara hidup tolong setting medium kualitas karakter lingkung tolong hadir fitur ganti proxy utama suka wise mc pakai belle event santai,Negative,Negative
"Tolong gamenya yg misi masuk masuk ke TV itu benar benar gak berguna, di hapus aja misi yg masuk bamboo masuk TV, game bagus seperti ini jadi game nyebelin dan jelek....",tolong misi tv tidak guna hapus misi bamboo tv bagus sebal jelek,Negative,Negative
gak tahu mau main apa lagi kesepian banget soalnya,tidak sepi,Negative,Negative
lost 50/50,lost,Negative,Negative
"jangan maen ni game kalo g mau stres, di sini paytowin banget apalagi buat player baru kurang banget ni game char standar g ada yg mendukung char gratis nya juga kurang mendukung, kalo mau build character juga susah, walau ni game banyak bansos nya tapi kek g ada guna nya, gw selalu kena high pity dari awal maen dan g jarang gw kalah rate off walau udh pity 90 80 sampe gw bingung harus nguli di mana lagi. Ya buat developer nya emg harus benerin sistem gacha nya",jangan tidak stres paytowin player kurang char standar tidak dukung char gratis kurang dukung build character susah bansos tidak high pity tidak jarang kalah rate off pity bingung nguli developer benerin sistem gacha,Negative,Negative
bug ce terus hoyo hoyo,bug ce hoyo hoyo,Negative,Negative
"jujur saya kecewa di banner vivian padahal udh 1 kali kalah rate off malah di kasih lagi, jujur kecewa banget,padahal gwe pengen banget punya vivian☝😞",jujur kecewa banner vivian kalah rate off kasih jujur kecewa bangetpadahal gwe pengin vivian,Negative,Negative
game ny gg cug,tidak cug,Negative,Negative
"aku pemain baru, terlalu di susahkan,gacha limit buat akun baru pertama kali rate off(pelit),sub quest menumpuk,puzzle Tv terlalu pusing dan panjang lebar,membuat saya bingung. cara dapat bahan di bataskan,setidaknya kasih 2x hasil,hell nah pelit.",main susahkangacha limit akun rate offpelitsub quest menumpukpuzzle tv pusing lebarmembuat bingung bahan bataskansetidaknya kasih hasilhell pelit,Negative,Negative
mantap man. Gacha gak rate off🗿🗿,mantap man gacha tidak rate off,Negative,Negative
"gamenya bagus, favorit dah pokoknya 🔥 tapi semoga bisa lebih di optimalisasi lagi, agak ngelag di device ku 😅🙏",bagus favorit deh pokok moga optimalisasi ngelag device ku,Negative,Negative
"setelah mendownload, dan masuk kedalam game, saya mencoba untuk pick server asia dan server lain² tapi tidak bisa, begitu juga dengan tanda silang dipojok Tidak bisa di click, karna ada sfx tv di background click. Saya mencoba uninstall dan install lagi, tetapi tidak bisa. Aku tidak tau kenapa tidak bisa, bisa memperbaiki atau apa gitu? Ini menggangu aku untuk picking server.",mendownload dalam coba pick server asia server tidak tanda silang pojok tidak click sfx tv background click coba uninstall install tidak tidak tau tidak baik menggangu picking server,Negative,Negative
Tetep dengerin para player dan aku bakal trus ikutin nih game nyampe aku mati,dengar player ikut mati,Negative,Negative
"setelah update sering bug di loading screen... hadeh padahal dulu"" gk pernah",update bug loading screen hadeh tidak,Negative,Negative
"Hallo developer. ada bug lagi dengan tombol kembali/back berkali² gak bisa kembali lalu baru bisa kembali, kadang2 ada kek gitu. tolong perbaiki ya biar bisa klik sekali aja supaya gak repot, terima kasih🙏😇",developer bug tombol kembaliback kali tidak kadang tolong baik biar klik tidak repot terima kasih,Negative,Negative
cocok lah game nya,cocok,Negative,Negative
"min saya pemain baru gak bisa masuk server ,"" penghubung ke server melebihin batas waktu "" gitu terus dari tadi sudah satu jam saya coba login gak bisa mohon bantuanya",min main tidak server hubung server lebih batas waktu jam coba login tidak bantuanya,Negative,Negative
gg gaming Ada hoshimi miyabi,tidak gaming hoshimi miyabi,Negative,Negative
jelek,jelek,Negative,Negative
My first gacha game,my first gacha,Negative,Negative
"untuk developer, saya sangat menyukai game game ini karena gameplay, grafik dan alur cerita yang menarik, saya telah bermain dari awal season hingga dan sangat terhibur dengan game ini, tolong nanti update untuk kedepannya berikan fitur kelola ruang untuk memori dong biar engga terlalu memakan banyak penyimpanan karena patch update terbaru sangat besar, agar nantinya bisa terus bermain game ini kedepannya 😔🙏🏻 terimakasih",developer suka gameplay grafik alur cerita tarik main season hibur tolong update depan fitur kelola ruang memori biar tidak makan simpan patch update baru main depan terimakasih,Negative,Negative
"habis update malah sering freze/patah², padahal device saya chipset Snapdragon gen 2",habis update frezepatah device chipset snapdragon gen,Negative,Negative
"ada masalah bug saat login, walaupun id dan password benar tapi stuck di halaman login.",bug login id password stuck halaman login,Negative,Negative
"Game baik,misalnya ada powercreep semoga gak gila kayak yang sebelah",baikmisalnya powercreep moga tidak gila belah,Negative,Negative
"saya suka game ini,tapi berat di hape saya",suka initapi berat hape,Negative,Negative
optimalisasi nya makin ampass untuk os Android,optimalisasi ampass os android,Negative,Negative
jelek,jelek,Negative,Negative
Di ROG 6 kenapa game ini bug fixel??? fixel di dalam game terlihat error? pada saat battle pun juga error?? apakah ini semacam bug??? tolong di perbaiki,rog bug fixel fixel error battle error bug tolong baik,Negative,Negative
saya kasi bintang 3 dulu soalnya ini saya kg bisa download di hp Oppo a77s jadi nya saya download lewat link punya orang di YouTube tolong di perbaiki biar saya gampang kalau ada update dari game ini terimakasih,kasih bintang kg download hp oppo as download link youtube tolong baik biar gampang update terimakasih,Negative,Negative
"Gw terpaksa kasi bintang jelek, yg bener aj udah 3 versi gw gacha udah hard pity dikasi Rate Off pulak. nggak fair bener.",paksa kasih bintang jelek versi gacha hard pity kasi rate off tidak fair,Negative,Negative
"gampang terputus dari server, jadi ga nyaman main nya",gampang putus server tidak nyaman,Negative,Negative
tolong di perbaiki setelah update malah jadi patah patah,tolong baik update patah patah,Negative,Negative
"the best sih ini, satu satu nya game yang ga pelit co, gampang nyari buat gacha nya. gak kaya genshin yg mati matian nyari primogem cuma buat sekali gacha",the best tidak pelit cowok gampang cari gacha tidak genshin mati mati cari primogem gacha,Negative,Negative
sediakan fitur replay pleaseee👉 👈🥺,sedia fitur replay please,Negative,Negative
"lama² merasa membosankan, jujur... gacha juga selalu ampas.",bosan jujur gacha ampas,Negative,Negative
tujuan saya bermain adalah untuk mengumpulkan semua char cewe,tuju main kumpul char cewek,Negative,Negative
setelah update game nya malah aneh sering banget freeze 1 detik / fps drop 1 detik padahal sudah settingan grafis paling rendah tetap sama seharus nya device saya lumayan kompatibel dengan game ini (dimensity 7025 ultra ram 8+8) dan kasus ini saya lihat tidak sedikit tolong di perbaiki,update aneh freeze detik fps drop detik settingan grafis rendah harus device lumayan kompatibel dimensity ultra ram tidak tolong baik,Negative,Negative
"game nya keren bagus , style nya gue banget tapi sayangnya saya telat main jadi mager buat main....",keren bagus style sayang telat mager,Negative,Negative
sangat menguras waktu ya😁,uras waktu,Negative,Negative
"(Infinix note 40) Lancar setting low pada update 1.7, dan rendah stuttering. game arcde seru sih game ZZZ semoga kedepannya semakin banyak game Arcadenya, Story seru untuk di ikuti, content end game juga mayan banyak. cuma untuk gacha selalu high pity sih🥲, buat yang belum main cobain aja recomend👍",infinix note lancar setting low update rendah stuttering arcde seru moga depan arcadenya story seru ikut content end lumayan gacha high pity belum coba recomend,Negative,Negative
"sayang di perangkat saya tidak kompatibel, padahal pengen banget main gamenya, semoga cepet kebeli HP baru.",sayang perangkat tidak kompatibel pengin moga cepat kebel hp,Negative,Negative
update kali ini cukup menarik dari alur cerita sampai combat,update tarik alur cerita combat,Negative,Negative
"gk kerasa bentar lagi anniv, biasa main di pc lbih lebar, di mobile buat daily ajh",tidak rasa bentar anniv pc lebar mobile daily,Negative,Negative
"adain fitur hapus data misi terdahulu dong, kayak genshin ama hsr",ada fitur hapus data misi genshin hsr,Negative,Negative
tolong jangan terlalu ketat untuk gacha w-engine .. berilah kemudahan untuk f2p🤤,tolong jangan ketat gacha wengine ilah mudah fp,Negative,Negative
penjelasan singkat game ini 1).mudah dipahami dalam segala gameplay 2).sistem mekanik rotasi cukup simpel 3).daily dan events cukup fun dan mudah 4).konten end fun dan bermacam-macam mekanik unik. sekian dam terimakasih,jelas singkat mudah paham gameplay sistem mekanik rotasi simpel daily events fun mudah konten end fun bermacammacam mekanik unik sekian dam terimakasih,Negative,Negative
butut,butut,Negative,Negative
absolut cinema,absolut cema,Negative,Negative
lumayan,lumayan,Negative,Negative
Please fix pixelated graphic bug,please fix pixelated graphic bug,Negative,Negative
"dear dev, can you fix the bug loggin, i try everything to login but still the game said ""too many request bla bla bla"" i try login with Facebook or X (Twitter) and even use VPN its still same cant login the game, i just wanna link my account to gmail so it's gonna ez to login, can u fix it right now, i try so many things except uninstall and install again i dont wanna redownload again cuz its gonna take so long time, pls dev fixed right now",dear dev can you fix the bug loggin try everything login but still the said too many request bla bla bla try login with facebook twitter and even use vpn its still same cant login the just wan na link my account gmail sok its gon na ez login can lu fix right now try sok many things except uninstall and install again dont wan na redownload again cuz its gon na take sok long time pls dev fixed right now,Negative,Negative
"Saya menunggu versi 2.0, semoga tidak mengecewakan 👋",tunggu versi moga tidak kecewa,Negative,Negative
"saya mengalami bug di battle game yaitu pergerakannya berulang kali seperti stuck, device rog 6",alami bug battle gera ulang stuck device rog,Negative,Negative
dari segi gameplay bagus tapi tolong di perbaikii permasalahan frame drop sama freeze nya,segi gameplay bagus tolong perbaikii masalah frame drop freeze,Negative,Negative
"saya pake Poco x7 Pro aman² bae rata kanan, mulus kek paha mantan..",pakai poco pro aman bae rata kanan mulus paha mantan,Negative,Negative
serius rating umurnya 12?🤣🤣🤣,serius rating umur,Negative,Negative
Tolong banget ini mah story utama bisa di stop. Gk bisa ngerjain quest yg lain jadinya.,tolong mah story utama stop tidak ngerjain quest,Negative,Negative
"Bagus gamenya,banyak bansos juga, tapi apa gunanya banyak bansos kalo gachanya ampas banget masa gw dari awal main 1.2 Ampe sekarang GK pernah menang rate off 4 banner yg gw gacha kalah semua🥲, kalo bisa naikin rate banner agen nya dong dikit juga gpp biar GK ampas"" banget dan bikin betah main🙏",bagus gamenyabanyak bansos guna bansos gachanya ampas tidak menang rate off banner gacha kalah naikin rate banner agen dikit tidak apa biar tidak ampas bikin betah,Negative,Negative
"game bagus , bansos banyak , gachanya bkin stres (soft pity mlu jir, mana kalah 4 in a row)",bagus bansos gachanya bikin stres soft pity melulu jir kalah row,Negative,Negative
"game bagus, game play bagus alur ga bikin ngantuk jos pokoknya mah",bagus play bagus alur tidak bikin ngantuk jos pokok mah,Negative,Negative
to much 18+ char pls change the rating,much char pls change the rating,Negative,Negative
kalah rate off terus,kalah rate off,Negative,Negative
absolute cinema✋😮🤚,absolute cema,Negative,Negative
Tecara keseluruhan saya sangat puas. Tidak ada komentar. Semoga kedepannya bisa lebih baik.,tecara puas tidak komentar moga depan,Negative,Negative
"bring Back the tv mode please,i so Miss the feature :'(",bring back the tv mode pleasei sok miss the feature,Negative,Negative
"good game,but the game size is very large,30 GB cuma buat render susu🤣",good gamebut the size is very large gb render susu,Negative,Negative
Gila sih ini game. Mantap brutal,gila mantap brutal,Negative,Negative
"server gagal masuk untuk hari ini,,",server gagal,Negative,Negative
"Maaf B3 dulu. Entah kenapa pas sudah selesai download data, pas verifikasi datanya selalu force close di 72% tolong diperbaiki min. Kalau dah diperbaiki gw tambahin bintangnya",maaf pas selesai download data pas verifikasi data force close tolong baik min deh baik tambah bintang,Negative,Negative
"gameplay ama ceritanya saya suka tapi tolong lebih optimizdkan gameplay soalnya masih sering patah patah saat main, jadi males main",gameplay cerita suka tolong optimizdkan gameplay patah patah malas,Negative,Negative
Berattttt,berat,Negative,Negative
"Game yg sangat Indah, Combat System yg imbang, seru, apalagi parry nya keren banget satisfying maennya, blom storynya yang Absolute Cinema parah keren lah, tapi tolong bagian dialogue antar karakter di jalanan di buat lebih menarik, kek ditambahin suaranya kek atau animasi lagi ngomong gitu😺✌🏻",indah combat system imbang seru parry keren satisfying maennya belum storynya absolute cema parah keren tolong dialogue karakter jalan tarik ditambahin suara animasi omong,Negative,Negative
"saya suka game ini karna dada nya goyang goyang Ama bagian belakang nya, apalagi pake karakter kek Jane doe beh SEGAR 🐺🐺🐺🐺",suka dada goyang goyang pakai karakter jane doe beh segar,Negative,Negative
"saya yang main genshin dari 1.1 dan main hsr juga dari 2.0, merasa bahwa ZZZ walaupun baru tapi dia menawarkan hal yang sangat-sangat menguntungkan bagi player dibandingkan dua game hoyo yang tadi lebih dulu rilis, hal itu saya rasakan karena mudahnya grinding polychrome untuk gacha disini dan sistem build yang sangat mudah jika dibandingkan hsr dan genshin karena sangat mudah mendapatkan disk yang dibutuhkan. belum juga bansos tiap update nya mantep bener.. keep it up..",genshin hsr tawar sangatsangat untung player banding hoyo rilis rasa mudah grinding polychrome gacha sistem build mudah banding hsr genshin mudah disk butuh belum bansos update mantap keep up,Negative,Negative
10 gb konten battle&story 30 gb boing boing 😋 canda😁 (gw suka game ini) gw beri rate ⭐5,gb konten battlestory gb boing boing canda suka rate,Negative,Negative
"game nya bagus pake banget, mau dari sisi penyampaian cerita, gameplay, grafik, animasi, bahkan sampai detail dari tiap karakter nya bener-bener udah bagus banget. tapi sayang karena hp ku yg emang udah ga sanggup, mau gamau terpaksa dihapus dulu gamenya untuk sementara",bagus pakai sisi sampai cerita gameplay grafik animasi detail karakter benerbener bagus sayang hp ku tidak sanggup tidak paksa hapus,Negative,Negative
"terlalu banyak istilah baru di awal, kalo bisa sih dibikin lebih mudah lg buat player baru mahamin alur ceritanya. sejauh ini masih gapaham sama alur ceritanya😅",istilah bikin mudah player mahamin alur cerita gapaham alur cerita,Negative,Negative
"slesai download yg bkn lg ukuran ringan,pas main mekanismenya terlalu RIBET💢 lngsung di buat kapok.",slesai download bikin ukur ringanpas mekanisme ribet kapok,Negative,Negative
nyesel ga main dari 1.0🥲,sesal tidak,Negative,Negative
banyakin fury,banyak fury,Negative,Negative
"Bug masih banyak buat hp mid range,giliran gini aja pada bintang 4,klo ngasih komplain itu to the point sekalian ga ush nanggung,terus loading juga kelamaan,sekelas unity masa ga bisa,sayang banget nih fandom public enemy",bug hp mid rangegiliran bintang asih komplain the point tidak nanggungterus loading kelamaansekelas unity tidak bisasayang fandom public enemy,Negative,Negative
Kebanyakan character perempuan bikin boring,banyak character perempuan bikin boring,Negative,Negative
"Dari segi visual, story, gameplay, event, dan konten sudah sangat bagus. mungkin bisa di tambahkan fitur ""dummy"" (dikarenakan fitur latihan koordinasi kurang efisien karena mudah musuh dikalahkan) saya rasa akan memudahkan player untuk berlatih kombo dan mengkalkulasi dps dari agen mereka.",segi visual story gameplay event konten bagus tambah fitur dummy fitur latih koordinasi kurang efisien mudah musuh kalah mudah player latih kombo kalkulasi dps agen,Negative,Negative
"layarnya kenapa hitam saat masuk gamenya😞 gatau itu bug atau bukan tapi setiap masuk layar tetap hitam☝😔,, semoga cepet diperbaiki ya dev",layar hitam tidak tau bug bukan layar hitam moga cepat baik dev,Negative,Negative
"Game nya bagus, walau kadang sedikit frame tapi tetep ajah bagus dari segi cerita Chara dll. intinya sangat wajib di download dibandingkan ghensin🗿",bagus kadang frame bagus segi cerita chara dll inti wajib download banding ghensin,Negative,Negative
PEAK GAME (Kalo bisa pity di setiap banner karakter jangan hard semua pls encok player f2p),peak pity banner karakter jangan hard pls encok player fp,Negative,Negative
bukan open world jdi gampang bosen aplgi rate on gacha sulit bngt gila kikirnya setara ama genshin ya kali harus rate off 2/3× baru dpt character limit banner gila developer kikir mohon di mudahkan lgi rate on nya kya gamenya kuro developer mohon diperbaiki,bukan open world gampang bosan rate on gacha sulit gila kikir tara genshin rate off character limit banner gila developer kikir mudah rate on kaya kuro developer baik,Negative,Negative
"Jika saja ada event 3 atau 4 bulan sekali dengan reward mendapatkan skin random untuk para agent, maupun yang bayar atau gratis",event reward skin random agent bayar gratis,Negative,Negative
"makin lama HP inflation nya semakin parah, dan hoyoverse memaksa kita untuk mengepull setiap banner ini mengesalkan",hp inflation parah hoyoverse paksa mengepull banner kesal,Negative,Negative
"semuanya sudah bagus, dari jalan cerita, design character lalu gamplaynya yg unik. tetapi mungkin untuk pengguna agak berat yh beda dari game sebelah seperti hsr dimana datanya tuh masih ada yg dihilangkan jadi ga terlalu berat. kalo untuk zzz itu harus siapkan memory yahh tapi sudah bagus sih semoga bisa memberikan kesan yg lebih bagus 👍",bagus jalan cerita design character gamplaynya unik guna berat beda belah hsr mana data tuh hilang tidak berat siap memory bagus moga kesan bagus,Negative,Negative
"literally new experience for me in gaming.android game that feel like playstation 4 game.hoyo plz i have some issue when the enemy already finish their combo some time there a unseen attack that just come after the combo with no alert or sign of attack is this a bug or lag,please respond the answer or fix it. i can say that pgr/wuwa fight are more stable and optimize.but zzz sytem combat are unique.",literally new experience for me gamingandroid that feel like playstation gamehoyo plz have some issue when the enemy already finish their combo some time there unseen attack that just come after the combo with no alert sign of attack is this bug lagplease respond the answer fix can sayang that pgrwuwa fight are more stable and optimizebut sytem combat are unique,Negative,Negative
"game rusak, setelah update ke 1.6 sering terjadi eror",rusak update eror,Negative,Negative
GAME BAIK LANJUTKAN 😋😋,lanjut,Negative,Negative
"frame drop, lagging parah, ampe ngefreeze sedangkan main star rail sama genshin gk lag walau grafik medium, ini mah udah mentok rendah penghemat baterai tetep aja lag, ui terlalu rumit gk kayak star rail ataupun genshin,",frame drop lagging parah ngefreeze star rail genshin tidak lag grafik medium mah mentok rendah hemat baterai lag ui rumit tidak star rail genshin,Negative,Negative
jangan dongok kaya HSR yak,jangan dongok hsr,Negative,Negative
"Gua gtw sih, kenapa bikin tombol skip di main quest, sedangkan side questnya gak ada, mungkin bisa ditambahkan ke side questnya juga tombol skipnya",gua tidak tau bikin tombol skip quest side questnya tidak side questnya tombol skip,Negative,Negative
people who said that this is just a gooner game just never actually tried and actually taking in the contents in-game and official stuffs. same like other gacha games fates,people who said that this is just gooner just never actually tried and actually taking the contents ingame and official stuffs same like other gacha games fates,Negative,Negative
"Battle mechanic is very nice, very addicted. the only problem that I meet is Shiyu Defense Node 5 - 7 has too much HP, well build character can't even clear node 7 now. please adjust Shiyu Defense again.",battle mechanic is very nice very addicted the only problem that meet is shiyu defense node has too much hp well build character cant even clear node now please adjust shiyu defense again,Negative,Negative
"Zenless Zone Zero tuh gila sih... gameplay-nya cepet, animasinya halus banget, terus desain karakternya keren semua! Udah pasti jadi game favorit gue sekarang. tapi masalah nya cuma 1, kadang suka force close kalo pake paket data grafik rata kiri tapi kalo pake wifi mau grafik rata kanan masih bisa lanjut. btw hpku prosesor nya Snapdragon 778G (masih bisa) kalo udah teratasi force close nya ku kasih bintang 5",zenless zone zero tuh gila gameplaynya cepat animasi halus desain karakter keren favorit kadang suka force close pakai paket data grafik rata kiri pakai wifi grafik rata kanan btw hpku prosesor snapdragon tidak atas force close ku kasih bintang,Negative,Negative
"dalam segi mekanisme bermainnya bagus, tetapi sangat disayangkan semakin update ciri khas dari game malah makin lama ditiadakan, yaitu mode TV. mungkin beberapa pemain tidak setuju dengan mode karena membosankan atau apalah. tapi dalam story ini membuat ciri khas pemain makin lama makin hilang.",segi mekanisme main bagus sayang update ciri khas tiada mode tv main tidak tuju mode bosan apa story ciri khas main hilang,Negative,Negative
rate off so bad for player.,rate off sok bad for player,Negative,Negative
"gw main di laptop karena di hp GK kuat,saat main LG bosan njir kalo GK ada story baru wkwkkw tp menurut ku gamenya masih bagus kok",laptop hp tidak kuatsaat bosan anjir tidak story wkwkkw ku bagus,Negative,Negative
karna gw sepuh wkwk,sepuh wkwk,Negative,Negative
"Game gila HARD PITY TERUS.... bukan menang 50/50 malah kalah kocak, PENSI DINI udah paling bagus",gila hard pity bukan menang kalah kocak pensi bagus,Negative,Negative
"gimana hoyo? apa sudah di acc kan permintaan saya tentang berkolaborasi dengan perusahaan besar lainnya? moonton, nintendo, dan sony? semoga bisa dilihat komentar saya dan di acc... terima kasih.",hoyo acc minta kolaborasi usaha moonton nintendo sony moga komentar acc terima kasih,Negative,Negative
"kecewa sama gacha nya,, nyari gacha di game susah,, makanya pas ada event gacha terbatas di gacha,, malah hero lain yg di kasih emang babi ,, dah la sama pensi aja semoga lancar,, emang saya bkn p2w ,, saya cuma mau menikmati game makasih telah ada untuk mencoba gaya game yg berbeda,, saya pamit",kecewa gacha cari gacha susah pas event gacha batas gacha hero kasih babi deh pensi moga lancar bikin pw nikmat terima kasih coba gaya beda pamit,Negative,Negative
"Bagus main dari awal rilis gak pernah nemu bug Semoga gak kayak kakaknya jangan masukin hal"" yg gak perlu Soal hp inflasi masih bisa diatasin selama lu gak skill isue powercreep juga belum kerasa",bagus rilis tidak nemu bug moga tidak kakak jangan pasuk tidak hp inflasi diatasin tidak skill isue powercreep belum rasa,Negative,Negative
"When viewed from specific angle, the agent will appear faded worse update ngl.",when viewed from specific angle the agent will appear faded worse update ngl,Negative,Negative
Gacha nya lumayan ampas,gacha lumayan ampas,Negative,Negative
"saya gacha trigger , sudah 90x pull , bukan dapet trigger , malah dapet jane , apa apaan ini , tidak ada garansi di banner limited nya , jadi saya uninstal",gacha trigger pull bukan trigger jane tidak garansi banner limited uninstal,Negative,Negative
"Untuk cerita semuanya sudah bagus, sudah sempurna, dan enjoy untuk dimainkan",cerita bagus sempurna enjoy main,Negative,Negative
boring,boring,Negative,Negative
Android 10 bugg warna rusak tolong buat A10 di optimalilasi lagi males upgrade versi android nyaman di A10,android bugg warna rusak tolong optimalilasi malas upgrade versi android nyaman,Negative,Negative
bikin lebih ringan tolong,bikin ringan tolong,Negative,Negative
"aplikasinya bagus dan seru untuk di mainkan, pas gacha dapet di 80pull kurang jadi gak terlalu kikir kayak genshin, dan dapetin itemnya juga sangat mudah",aplikasi bagus seru main pas gacha pull kurang tidak kikir genshin item mudah,Negative,Negative
baru kali ini saya kecewa sama game ini.. padahal saya pake poco F1 dgn chipset SD 845 Andreno 2.8 dan ram 6 gb....di Genshin impact saya lancar jaya apalagi pake fps 60 mid grafis . kenapa game ZZZ ada kelap kelip kek berantakan saat lawan kroco?? tolong pebaiki gamenya dari yg kelap kelip saat lawan org apalagi make char efek tebel kek miyabi dan selalu kedap kedip kayak kelebihan cahaya itu... tolong perbaiki gamenya hoyoverse... di tiktok sudah ada yg kena hal yang serupa sejak banner miyabi,kecewa pakai poco chipset sd andreno ram gbdi genshin impact lancar jaya pakai fps mid grafis kelap kelip beranta lawan kroco tolong baik kelap kelip lawan pakai char efek tebal miyabi kedap kedip lebih cahaya tolong baik hoyoverse tiktok banner miyabi,Negative,Negative
untuk segi story udah bagus cukup bagus ....di divice ram 6 udah cukup worthit walau pun saat ultimate sedikit frame drop....kendala utama kenapa cahce dari story lama klo di hapus pas login lagi dia ke download lagi yah? tolong developer untuk data story lama nya bisa di hapus atau di download sesuai player nya dong. soalnya saat di hapus pas login lagi dia dowload lagi berhubungan storagenya yang lumayan gede loading screen nya juga lama. dimohon developer untuk meminimalkan penyimpanan👏,segi story bagus bagus divice ram worthit ultimate frame dropkendala utama cahce story hapus pas login download tolong developer data story hapus download sesuai player hapus pas login dowload hubung storagenya lumayan gede loading screen mohon developer minimal simpan,Negative,Negative
bagus tapi ga tau knp bosen,bagus tidak tau bosan,Negative,Negative
gacha ampas sekali dapet agen s dapet nya grace,gacha ampas agen grace,Negative,Negative
"game zzz dari segi gameplaynya cukup menjanjikan jujur sangat seru utk di mainkan, mengusurkan tema hack and slash dari segi combo/chain attack aku suka bgt, fisiknya pun di game ini sgt perfect mulai dari agennya dan hewan kyk kucing pun di beri fisik ketika sedang berjalan. saran ku sih tolong utk agen cowok dan ceweknya di imbangin msk semua agen mayoritasnya cewek semua, tolong adakan fitur Co-op antar player utk melwn boss mingguan dll, dan tolong divacenya jgn terlalu gede",segi gameplaynya janji jujur seru main usur tema hack and slash segi combochain attack suka fisik perfect agen hewan kucing fisik jalan saran ku tolong agen cowok cewek imbangin agen mayoritas cewek tolong adakan fitur coop player melwn bos minggu dll tolong divacenya jangan gede,Negative,Negative
"waktu menggunakan controller selalu bermasalah, fix this ASAP",waktu controller masalah fix this asap,Negative,Negative
lagi percobaan pake hape Infinix 50 hot pro plus,coba pakai hape infinix hot pro plus,Negative,Negative
lumayan gede(memori usagenya),lumayan gedememori usagenya,Negative,Negative
"di 2 banner kalah rate off hard pity, mana rate on sama hard pity lagi. masih mending kalau resources buat gacha pemain baru melimpah, kebanyakan in game currency buat gacha bisa diakses kalau udh punya 2 tim yang proper. serasa dipaksa buat Top Up cuma buat ngejar progres game. gameplay buat di hp mid range juga belum teroptimalisasi, masih sering crash gak jelas padahal kondisi hp masih normal.",banner kalah rate off hard pity rate on hard pity mending resources gacha main limpah banyak currency gacha akses tim proper serasa paksa top up ngejar progres gameplay hp mid range belum optimalisasi crash tidak kondisi hp normal,Negative,Negative
Seru banget game play nya 😄😄 Tapi apakah gem ini boleh dikecilin size nya karena saya bermain genshin juga dan size penyimpanan saya cuman 128 jadi hoyoverse tolong kecilin app nya jika bisa.,seru play gem dikecilin size main genshin size simpan cuman hoyoverse tolong kecilin app,Negative,Negative
"kok aplikasi GK kompatibel dengan hp saya, sementara game hoyoverse lainnya bisa",aplikasi tidak kompatibel hp hoyoverse,Negative,Negative
dh g lama login sekalinya login musti pake email lg bikin kesel aja mending genshin langsung main,dah tidak login sekali login musti pakai email bikin kesel mending genshin,Negative,Negative
optimalisasi nya tolong diperhatikan yh😡,optimalisasi tolong perhati,Negative,Negative
Overall menurut gw udh bagus cuma tolong lahh gw 100x search belum dapet soldier 0 nya gimana ini mentok dapet beruang bawa tiang masjid melulu dapet s pun malah dapet rina,overall bagus tolong search belum soldier mentok beruang bawa tiang masjid melulu rina,Negative,Negative
kenapa sering froce close game bout,froce close bout,Negative,Negative
"Size gamenya terlalu besar, kayak game open world genshin impact atau star rail , download data sampek 27 GB , weleh2",size open world genshin impact star rail download data gb weh,Negative,Negative
"bagus cuma banyak yang gk support,kalo udh bisa support semua device GG dah",bagus tidak supportkalo support device tidak deh,Negative,Negative
di game ini pakai kontrol otomatis ga? kalau iya ga jadi download,pakai kontrol otomatis tidak iya tidak download,Negative,Negative
perbanyak bait romance belle sama char lakik plis😑,banyak bait romance belle char laki plis,Negative,Negative
game bagus banyak bansos buat gacha tapi jangan cuma buat gacha doang Denny juga lah 1/10juta Denny atau berapa kek jangan cuman seribu buat apa jir dikit banget ayolah bansos Denny nya juga banyakin😭,bagus bansos gacha jangan gacha doang denny juta denny jangan cuman ribu jir dikit ayo bansos denny banyak,Negative,Negative
sering nge freeze Dev kadang nge crash parah di device saya,nge freeze dev kadang nge crash parah device,Negative,Negative
Di Quest Prajurit berhati silver 2 Rest 4 bug berupa tembus tembok bug glict tidak bisa melanjutkan qust tersebut.Saya pakek hp Poco F5,quest prajurit hati silver rest bug tembus tembok bug glict tidak lanjut qust tersebutsaya pakai hp poco,Negative,Negative
"i came back after a long time and played it for a week, not much has changed the game is still as bad as before",came back after long time and played for wig not much has changed the is still as bad as before,Negative,Negative
"Ketemu komentar yg sangat membantu banget di sini, sekarang udh 100% lancar di medium pake g99 puas banget mainnya tapi tetep main di low aja, biar hp ku awet wkwkw",ketemu komentar bantu lancar medium pakai tidak puas main low biar hp ku awet wkwkw,Negative,Negative
"Terjadi masalah pada cutscane story utama yang dimana hilangnya BGM di bagian cutscane tersebut sedangkan voice over karakter di dalam cutscane tersebut masih ada. Hal tersebut membuat saya jadi males buat lanjutin story utamanya ini, karena saat terjadi cutscane epik saya hanya bisa mendengar karakter di dalam cutscane tersebut bicara sedangkan bagian BGM ini tidak ada sama sekali dan saya sudah coba download ulang untuk bagian data dari game ini namun masih sama saja",cutscane story utama mana hilang bgm cutscane voice over karakter cutscane malas lanjut story utama cutscane epik dengar karakter cutscane bicara bgm tidak coba download ulang data,Negative,Negative
"game binatang, rate off + hard pity mulu",binatang rate off hard pity mulu,Negative,Negative
"setelah update jadi suka frame drop,tolong cepet optimalin ya developer",update suka frame droptolong cepat optimalin developer,Negative,Negative
kurang kompatibel,kurang kompatibel,Negative,Negative
"game baik, bansos lancar makin stabil semenjak update 1.6 ini, yang dulu saya main udah pake settingan rendah masih mendapatkan frame drop sekarang lancar, gameplay asik, apalagi design karakternya mantap banget njir 🤭",bansos lancar stabil semenjak update pakai settingan rendah frame drop lancar gameplay asik design karakter mantap anjir,Negative,Negative
Game Gacha GK Jelas GK pernah Dapat B5 di benner anby malah dapat yang lain gaje blok,gacha tidak tidak benner anby tidak blok,Negative,Negative
gamenya berat banget tidak friendly buat hp kentang kaya punya gw,berat tidak friendly hp kentang,Negative,Negative
"Buat misi susah plis lah bisa ganti agen kyk yg dulu sama buat apa diksh cutscene jg gitu loh, diksh timer biar cepet cepetan malah dikasib cutscene + dialog",misi susah plis ganti agen diksh cutscene loh diksh timer biar cepat cepat dikasib cutscene dialog,Negative,Negative
"tolong di optimalkan lagi, masih suka nge frame, padahal hp saya udah memenuhi spek minimal",tolong optimal suka nge frame hp penuh spek minimal,Negative,Negative
game haram dikasih hard pity kalah rate off,haram kasih hard pity kalah rate off,Negative,Negative
"Tolong perbaiki masalah frame nya, semakin lama, malah semakin parah! Frame drop, freeze, dan selalu Bug ketika sedang farming chip!",tolong baik frame parah frame drop freeze bug farming chip,Negative,Negative
"There are bugs in some stages, please fix it hoyoverse 😊😊",there are bugs some stages please fix hoyoverse,Negative,Negative
"Tolong ketika hapus data misi jangan terlalu kecil dong, ini ukuran dah membludak di device ku contoh lah seperti honkai starrail dari 26gb jadi 17gb, lah ini game 28 gb masih saja 28 gb",tolong hapus data misi jangan ukur deh membludak device ku contoh honkai starrail gb gb gb gb,Negative,Negative
Sound background cutscene nya gaada jadi ga seru sama awkward cuman bisa denger va nya,sound background cutscene tidak tidak seru awkward cuman dengar va,Negative,Negative
Gamenya bagus. Hanya saja persentase mendapatkan drive disc stats bagus sangat sulit. Bahkan untuk mencari sub stats yang bagus juga sangat sulit terutama saat meng upgrade drive disc. Tolong diberikan kemudahan bagi player untuk farming drive disc karena tidak semua orang punya waktu untuk farming drive disc dan tanpa drive disc yang bagus kekuatan karakter jadi kurang maksimal dan konten end game jadi sangat susah,bagus persentase drive disc stats bagus sulit cari sub stats bagus sulit meng upgrade drive disc tolong mudah player farming drive disc tidak waktu farming drive disc tanpa drive disc bagus kuat karakter kurang maksimal konten end susah,Negative,Negative
"Tolong teka-teki di game ini jangan dibuat terlalu mudah, buat apa anda membuat teka-teki tetapi ujung-ujungnya akan diberi tahu jawabannya? hal ini membuat saya merasa sedang buang buang waktu dan bosan.",tolong tekateki jangan mudah tekateki ujungujungnya jawab buang buang waktu bosan,Negative,Negative
kenapa gak bisa di instal di hp Poco x3 pro,tidak instal hp poco pro,Negative,Negative
Gajelas gw nyambungin akun game pake akun ini biasa di pake tapi pas udah update kok malah jadi nyambung ke akun lama mana itu akun udh gada padahal dulu gw bind akunnya pake akun ini kok bisa berpindah akun gitu,tidak sambung akun pakai akun pakai pas update sambung akun akun tidak bind akun pakai akun pindah akun,Negative,Negative
Sisanya udah bagus tapi tolong dong tambahkan fitur hapus quest terdahulu sama kayak di genshin impact dan honkai star rail agar size gamenya gak terlalu besar,sisa bagus tolong tambah fitur hapus quest genshin impact honkai star rail size tidak,Negative,Negative
BRO FIX YOUR GACHA SYSTEM,bro fix your gacha system,Negative,Negative
"Performa game nya berantakan gak kayak dulu, aku pakai Xiaomi Pad 6s pro di game berat lainya aman, cuman disini aja yang fps drop parah. Sering force close waktu gacha dll.....",performa beranta tidak pakai xiaomi pad pro berat lai aman cuman fps drop parah force close waktu gacha dll,Negative,Negative
Absolute cinema ✋😐🤚,absolute cema,Negative,Negative
Tak bisa download zzz di mobile,tak download mobile,Negative,Negative
Abis update terbaru ini malah ngebug tolonglah developer masa iya ngestuck di loading chapter misi mulu di relog juga tetep sama agak 😣,habis update baru ngebug tolong developer iya ngestuck loading chapter misi mulu relog,Negative,Negative
Kalah hard pity 4 kali berturut turut,kalah hard pity,Negative,Negative
Sedikit kecewa di update terbaru ini karna karakter terbaru yaitu pulchra tidak memiliki jiggle on her chest😔 seperti nicole dan rina,kecewa update baru karakter baru pulchra tidak milik jiggle on her chest nicole rina,Negative,Negative
"sangat buruk, terlalu sering update dengan konsumsi data cukup besar tapi penambahan fitur cuma sedikit, terlalu banyak loading yang memakan data seperti kompilasi shader, memuat data dan lain lain",buruk update konsumsi data tambah fitur loading makan data kompilasi shader muat data,Negative,Negative
"coba download game ini lagi kirain masalah frezee & lagging nya udah di fix ternyata tetap sama aja. ayo dong dengerin keluhan player gmana sih, saran gua pikir² dulu dah yang mau download game ini menuhin penyimpanan doang cumang buat download game cacatt kaya gini",coba download frezee lagging fix ayo dengar keluh player saran gua pikir deh download menuhin simpan doang cumang download cacatt,Negative,Negative
"Setelah update V1.6 optimisasi-nya jadi buruk, di versi sebelumnya di device saya (Helio G100, ram 8) bisa berjalan dengan setting grafis medium bisa berjalan dengan sedikit frame drop, dan setting grafis rendah bisa berjalan lancar dengan sesekali frame drop. Setelah update ini menjadi sangat lag, dan menjadi tidak playable di grafis medium, di grafis paling rendah pun jadi sering terjadi frame drop bahkan tidak semulus di grafis medium versi sebelumnya",update optimisasinya buruk versi device hio tidak ram jalan setting grafis medium jalan frame drop setting grafis rendah jalan lancar frame drop update lag tidak playable grafis medium grafis rendah frame drop tidak mulus grafis medium versi,Negative,Negative
"gem baik, GK kayak gem sebelah",gem tidak gem belah,Negative,Negative
Semoga makin optimal karena sedikit lag,moga optimal lag,Negative,Negative
Saya nunggunya udah dari bulan Februari kemarin udah Lelah saya nunggunya capek Tolong diperbaiki dong di HP saya bug-nya yang warna muka karakter masih belum normal dan performanya tolong ditingkatkan lagi dan dioptimalkan dan warna muka karakter jadi normal di infinix note 40 Pro 5g RAM 8 GB memori internal 256 GB chipset MediaTek dimensity 7020 please HoYovers 🥺😭🙏🥺😭,nunggunya februari kemarin lelah nunggunya capek tolong baik hp bugnya warna muka karakter belum normal performa tolong tingkat optimal warna muka karakter normal infinix note pro tidak ram gb memori internal gb chipset mediatek dimensity please hoyovers,Negative,Negative
Main game nya lancar tapi ga bisa update di play store ga kompatibel katanya aneh,lancar tidak update play store tidak kompatibel aneh,Negative,Negative
pls more rewards,pls more rewards,Negative,Negative
Hoyoverse tolong untuk login masuk ke dalam permainannya dipercepat lama banget gw nungguin kga masuk masuk,hoyoverse tolong login main cepat tunggu kga,Negative,Negative
G100 aman sih cuman set 30fps aja,tidak aman cuman set fps,Negative,Negative
A game that change my entire life🤩,that change my entire life,Negative,Negative
"Masih nggak nyaman ternyata padahal niatnya mau comeback tapi di suguhi yang kek gini dahlah uninstall aja, nggak nyaman banget UI sama musiknya",tidak nyaman niat comeback suguh dah uninstall tidak nyaman ui musik,Negative,Negative
"konten end game seperti deadly assault dan lainnya yang memiliki level enemy diatas 60 (lv.70 dst) itu sudah gak masuk akal dan terlampau hard game bagi para pemain yang f2p. resource upgrade skill terlalu dibatasi (perburuan keji - 1 minggu/3x/3 drop item) padahal satu karakter butuh 3 bahkan 4 drop item untuk upgrade. SUNGGUH SANGAT TIDAK BERPIHAK KE PENGEMBANGAN KARAKTER!!!. ngembangin karakternya susah karena resource yang terlalu terbatas,dikasih enemy lv70+ note:karakter mentok di level 60",konten end deadly assault milik level enemy atas lv dst tidak akal lampau hard main fp resource upgrade skill batas buru keji minggux drop item karakter butuh drop item upgrade sungguh tidak pihak kembang karakter ngembangin karakter susah resource terbatasdikasih enemy lv notekarakter mentok level,Negative,Negative
"Masih ada glitch nya, terus beberapa tombol menu harus buka menu yang lain dulu, jadi agak ribet klo belum hapal",glitch tombol menu buka menu ribet belum hapal,Negative,Negative
Gak ada fitur telanjang,tidak fitur telanjang,Negative,Negative
Jangan Hard pity mulu lah min😭😭,jangan hard pity mulu min,Negative,Negative
Baru aja main klo kalah rate off sama hard pity bintangnya kuturunin,kalah rate off hard pity bintang kuturunin,Negative,Negative
"Come on developer, why did I lose the rate off twice, first in w engine, second in character, come on, when will I get lucky again, come on, please",come on developer why did lose the rate off twice first engine second character come on when will get lucky again come on please,Negative,Negative
Gua enggak tau pas pencarian sinyalnya evelyn mau dapet agenyya loh dapetnya malah soldier 11 ini enggak tau bag atau apa padahal gua udah ditunggu tunggu malah enggak dapet😔😔😔,gua tau pas cari sinyal evelyn agenyya loh dapetnya soldier tau bag gua tunggu tunggu,Negative,Negative
Game ampas🤬🤬,ampas,Negative,Negative
Absolut Cinema game Hoyo kali ini,absolut cema hoyo,Negative,Negative
"Sia-sia saya menghabiskan waktu 2 hari ini untuk evelyn,,, padahal belum pernah dapat char limited sama sekali",siasia habis waktu evelyn belum char limited,Negative,Negative
Kapan Ellen akan di resale? Edit- I got it with her Engine🦈,ellen resale edit got with her engine,Negative,Negative
Game bagus 50/50 kek anj gk bs kek game lain,bagus anjing tidak,Negative,Negative
"Menurut saya deadly assaults terlalu berat untuk f2p,makin update mkin powecreep,dpet 2 bintang aja susah sekali,tolong lah di optimalin,agar player tidak kesulitan untuk memainkanya",deadly assaults berat fpmakin update powecreepdpet bintang susah sekalitolong optimalinagar player tidak sulit memainkanya,Negative,Negative
hp teman saya gak bisa main game ini lontol,hp teman tidak lontol,Negative,Negative
berat bgt rate karakternya,berat rate karakter,Negative,Negative
dikasi pity 80an mulu kocakk,kasi pity an mulu kocakk,Negative,Negative
"buat yg bilang game ini jelek sering force close, upgrade device kalian, wajar lah ngelag/ngeframe klo yg dipake kentang 🥔🥔🥔🥔",bilang jelek force close upgrade device wajar ngelagngeframe pakai kentang,Negative,Negative
Rate karakter lebih susah dari game hoyoverse lainnya,rate karakter susah hoyoverse,Negative,Negative
Loading nya lama sampai bikin batre habis duluan,loading bikin batre habis duluan,Negative,Negative
Gak sabar update ke versi 1.6 nya ni,tidak sabar update versi,Negative,Negative
"Pas gw login masuk ke menu mulai tiba-tiba akun gw di tuduh menggunakan aplikasi pihak ke tiga, padahal gw menggunakan android kenapa dituduh menggunakan pihak 3 ya, gw aja nggak bisa menggunakan aplikasi pihak ketiga loh ini game paling terburuk yang gw main serius, masa akun gw di banned selama 2075 emang game terburuk deh ini",pas login menu tibatiba akun tuduh aplikasi android tuduh tidak aplikasi tiga loh buruk serius akun banned buruk deh,Negative,Negative
Game nya seru tapi gacha nya ampas sudah bolak-balik dapet karakter tier S yang sama,seru gacha ampas bolakbalik karakter tier,Negative,Negative
"Dasar game bagus, susah buat berhenti mainin, dan saran saya tombol UI nya gedein lagi buat di hp soalnya jari saya gede",dasar bagus susah henti mainin saran tombol ui gedein hp jari gede,Negative,Negative
"I adore this game, but please add a fiture for deleting the quest data that has already done, Cos this game size feel a little bit to much i think",adore this but please fiture for deting the quest data that has already done cos this size feel little bit much think,Negative,Negative
updatenya dipercepat👌👌,updatenya cepat,Negative,Negative
Tidak bisa nginstal,tidak nginstal,Negative,Negative
"Secara Gameplay game ini bagus, cuma optimalkan lagi lah saat download data itu lama banget nunggu nya padahal Wifi lancar tapi kecepatan download nya gak nyampai 1mb/detik",gameplay bagus optimal download data tunggu wifi lancar cepat download tidak nyampai mbdetik,Negative,Negative
"Tulung lah hoyo kaga di hsr kaga di gi kaga di zzz sama aja co masa harus kalah rate off terus guaranteed terus kalah lagi si hoyo cape kocak main berjam jam ngabisin waktu kalah Mulu emang SE ampas itukah akun ku sampe tiga akun harus di gituin. Terus mau relic, artefak,disc semuanya pasti main stat def sub crit rate/dmg sumpah dah hoyo kapan jadi char aing kalo di giniin. Kalo ga ya menang 3 kali kalah baru hoyo😞",tulung hoyo kagak hsr kagak gi kagak cowok kalah rate off guaranteed kalah hoyo capek kocak jam jam ngabisin waktu kalah mulu ampas akun ku akun begitu relic artefakdisc stat def sub crit ratedmg sumpah deh hoyo char aing begini tidak menang kalah hoyo,Negative,Negative
sempurna,sempurna,Negative,Negative
Lumayan lah,lumayan,Negative,Negative
"Makin kesini makin berat aja padahal sebelum nya saya main di setting high 30fps bisa stabil sekarang udah di turunin ke mid bahkan ke low pun tetep masi frame drop,plis devlop gausah ngurusin TT katakter trus",kesini berat setting high fps stabil turunin mid low frame dropplis devlop tidak urus tt katakter,Negative,Negative
apa banget dah tiba tiba banget akun ke log out. dh masuk pake akun yg biasa di pake kok malah suruh ulang dri awal. kecewaaa banget njg,deh akun log out dah pakai akun pakai suruh ulang kecewa njg,Negative,Negative
Sampah,sampah,Negative,Negative
Rate gacha kecil,rate gacha,Negative,Negative
"Jelek banget style karakter nya. Musik nya juga ga cocok buat selera gw. Terlebih mekanik nya standar ga begitu keren ternyata, sial! Gw di bohongin sama orang2 kalo ZZZ bagus, ternyata biasa saja ga sesuai sama selera permainan saya.",jelek style karakter musik tidak cocok selera mekanik standar tidak keren sial bohongin bagus tidak sesuai selera main,Negative,Negative
Game HoYo yang gak lumayan kikir ketimbang game-game sebelumnya... Kombat nya asik karakter nya menarik.. tapi minta saran untuk kurangi karakter Furry nya,hoyo tidak lumayan kikir ketimbang gamegame kombat asik karakter tarik saran kurang karakter furry,Negative,Negative
Tolong floor di Shiyu defense di tambahkan karena kurang menantang menurut saya 🔥🔥🔥,tolong floor shiyu defense tambah kurang tantang,Negative,Negative
Gacha ampas harus nya dapet Hero kelas S yg sesuai malah dapet kelas S ampas,gacha ampas hero kelas sesuai kelas ampas,Negative,Negative
Udah gacha mentok pity malah gak dapet yang di banner cape cape grinding kuontol,gacha mentok pity tidak banner capek capek grinding kuontol,Negative,Negative
"Perfect game android di 2025! Tapi tolong unlock 90/120 fps dong, biar kerasa makin smooth.",perfect android tolong unlock fps biar rasa smooth,Negative,Negative
"gua main game ini gara"" suka liat etnime",gua gara suka etnime,Negative,Negative
"Buat yg pengen main,harus sediakan ruang penyimpanan sekitar 20an GB dan itu berat banget dan ngelag bgt sejauh aku main,tapi dapat game yg oke",pengin mainharus sedia ruang simpan an gb berat ngelag maintapi oke,Negative,Negative
"Tolong tambahkan tombol skip pada semua dialog, agar langsung ke pilihan akhirnya saja",tolong tambah tombol skip dialog pilih,Negative,Negative
"Emang sesusah itu kah dapat karakter Limited di game ini? Kok bisa saya pernah baru download game ini di kasih Rate Off saat saya ngegacha mana lagi udah mainin di game Berjam jam dapatnya malah sampah, lalu pernah sudahnya Rate Off saya Rate On di situ saya sudah bersyukur dan di Banner selanjutnya saya ngegacha semoga dapat lagi ehh kok malah Rate Off dan sudah itu di banner selanjut saya Rate On dan sudah itu Rate Off begitu terus selalu bergantian dah lah mending Hapus aja bikin capek saja😒",susah kah karakter limited download kasih rate off ngegacha mainin jam jam dapat sampah sudah rate off rate on situ syukur banner ngegacha moga eh rate off banner lanjut rate on rate off ganti deh mending hapus bikin capek,Negative,Negative
"Pls hoyo,ak udh muak,hilangkan semua yang berbau jomok☹️",pls hoyoak muakhilangkan bau jomok,Negative,Negative
"Rate off nya apa coba,udah dua kali kena rate off masih aja ga dapet agen di banner",rate off cobaudah rate off tidak agen banner,Negative,Negative
Coba aja gachaku ampas,coba gachaku ampas,Negative,Negative
"Game smph, gacha ampas mulu, udh cape2 lama2 kumpulin resource buat gacha, sia sia aja",smph gacha ampas mulu capek kumpulin resource gacha sia sia,Negative,Negative
Gacha ampas rate off,gacha ampas rate off,Negative,Negative
game rusak padahal sinyal gua lancar malah di bikin lag setiap mau login harus nunggu animasi muter lama bat gak kayak biasanya,rusak sinyal gua lancar bikin lag login tunggu animasi muter tidak,Negative,Negative
Butuh Optimalisasi,butuh optimalisasi,Negative,Negative
Karena games nya di android tidak dapat menggunakan gamepad yang ada kabel nya yang bisa ke detek cuman game pad wireless saja tolong di tambahkan untuk yang gamepad kabel biar kedetek,games android tidak gamepad kabel detek cuman pad wireless tolong tambah gamepad kabel biar kedetek,Negative,Negative
"Semenjak mode tvnya banyak yg hilang, ini game semakin enak untuk dimainkan, minusnya recoil charnya terlalu over",semenjak mode tvnya hilang main minus recoil charnya over,Negative,Negative
Awful gacha experience,awful gacha experience,Negative,Negative
Karakter nya menggoda 😋😋,karakter goda,Negative,Negative
Saya tidak suka dengan mode tivinya bikin pusing Ngak jelas bikin boring,tidak suka mode tivinya bikin pusing tidak bikin boring,Negative,Negative
"Minus nya, update kali ini yg agak ngebuat lag parah, apalagi pas mau masuk, sama klo lagi masuk Hollow ngelag parah banget, cuman itu saja",minus update ngebuat lag parah pas hollow ngelag parah cuman,Negative,Negative
"I'm using a Google Pixel 5 cellphone and there are lots of light glitches happening, why? Can't my cellphone read the game data? I hope it gets fixed soon",im using google pixel cellphone and there are lots of light glitches happening why cant my cellphone read the data hope gets fixed soon,Negative,Negative
"Tertarik sih, hanya saja belum menemukan kesempatan untuk mengunduhnya",tarik belum temu sempat unduh,Positive,Negative
"ku kasih bintang 5 lagi karna game baik banyak bansos. tapi please zzz/mihoyo, permudahkan gacha stat/substat drive disk. terutama crit & crit damage 🙏😩.",ku kasih bintang bansos please zmihoyo mudah gacha statsubstat drive disk crit crit damage,Negative,Negative
"game nya bagus gak pernah kalah 50/50 😂. tapi untuk pihak dev tolong di kurangin dong hal2 sensitif dari char cewe nya seperti aset nya berlebihan dan terbuka, tambahin juga char cowo yang benar2 jantan dan badas kek si anton atau si lycaon (tapi versi manusia). gua main game ini selalu waspada njir biar ga keliatan teman gua dikelas krna dituduh game pekob padahal gua suka game ini karna grafiknya bagus ,story nya not bad lah , gameplaynya, dan ada gacha nya juga (walaupun 50/50😐).",bagus tidak kalah dev tolong kurang sensitif char cewek aset buka tambah char cowok jantan badas anton lycaon versi manusia gua waspada anjir biar tidak teman gua kelas tuduh pekob gua suka grafik bagus story not bad gameplaynya gacha,Negative,Negative
Perfect Stupid Bad Gacha Game THIS GAME IS VERY UNFRIENDLY TO CASUAL PLAYERS,perfect stupid bad gacha this is very unfriendly casual players,Negative,Negative
Sebelum Miyabi Rerun ga bakal login 😐,miyabi rerun tidak login,Negative,Negative
"Sudah enjoy tapi untuk hp saya, saya rasa masih terlalu berat karena sering drop fps walau tidak parah",enjoy hp berat drop fps tidak parah,Negative,Negative
Gaada masalah udah keren grafik rata kanan 👍,tidak keren grafik rata kanan,Negative,Negative
Untuk kedepannya saran saya tambahin fitur pose karakter saat di ajak foto donk biar gak cuman jadi patung doank itu sih yang saya inginkan ohh iya kalau bisa semoga ada kostum nikahnya miyabi dan coba buat fairy ada tubuh manusianya donk min soalnya gw cinta banget sama fairy apalagi fairy tipe gw banget soalnya gw suka yang besi besi hahaha semoga di baca yah makasih👏❤️,depan saran tambah fitur pose karakter ajak foto biar tidak cuman patung doang oh iya moga kostum nikah miyabi coba fairy tubuh manusia min cinta fairy fairy tipe suka besi besi hahaha moga baca terima kasih,Positive,Negative
Lumayanlah,lumayan,Negative,Negative
"Udah Main Big Four game Hoyo, Bikin males zzz cuman selalu Rate off terus anjc bikin males lanjut gua",big four hoyo bikin malas cuman rate off anjc bikin malas gua,Negative,Negative
"Game bagus,keren memanjakan mata & D kekuranganya cuman di ukuranya aja sih berat bener hampir sama dengan genshin padahal secara map & world nya jauh lebih gede genshin",baguskeren manja kekuranganya cuman ukuranya berat genshin map world gede genshin,Negative,Negative
Hard pity mulu kon,hard pity mulu kon,Negative,Negative
"Sistem gacha nya ampasss, event bukanya bikin have fun malah bikin frustasi, powercreep gila",sistem gacha ampas event buka bikin have fun bikin frustasi powercreep gila,Negative,Negative
Game bagus cocok buat anak anak,bagus cocok anak anak,Negative,Negative
"Sistem gachanya jelek. Aku sudah kumpul banyak polycrome dan saat Guarantee 100% akan dapat yang sama dengan banner, tapi aku tidak dapat. Game ini palsu, dan hanya memikirkan uang saja.",sistem gachanya jelek kumpul polycrome guarantee banner tidak palsu pikir uang,Negative,Negative
Bikin sange🥵,bikin sange,Negative,Negative
"Semenjak update versi terbaru sering banget frame drop, yang tadi sebelumnya lancar aja mainnya jadi kurang nyaman semenjak terjadi frame drop, sebelumnya emang ada frame drop juga cuma gk sesering sekarang",semenjak update versi baru frame drop lancar main kurang nyaman semenjak frame drop frame drop tidak sering,Negative,Negative
"Rate gacha ampas,tolong banyak player yang ngeluh soal rate gacha nya selalu nyentuh high pity...tolong dioptimalkan rate gacha nya ini malahan bukan kek 50/50 tapi malah 20/80 untuk menangnya",rate gacha ampastolong player ngeluh rate gacha nyentuh high pitytolong optimal rate gacha bukan menang,Negative,Negative
Bagus tapi GK saranin untuk orang yang beriman,bagus tidak saran iman,Negative,Negative
SETELAH SAYA BERMAIN 2 BULAN MENURUT SAYA PITY GACHA DI GAME INI TERLALU KEJAM! SAYA SERING MENDAPATKAN KARAKTER BINTANG 5 DI PITY 80 KE ATAS,main pity gacha kejam karakter bintang pity,Negative,Negative
Gacor parah wak,gacor parah wak,Negative,Negative
Game tai,tahi,Negative,Negative
FITUR TV GAK JELAS,fitur tv tidak,Negative,Negative
dear mihoyo kenapa saya kalah rate off padahal sudah nabung dan hard pity dan dapatnya signature nya KUCING bukan evelyn,dear mihoyo kalah rate off nabung hard pity dapat signature kucing bukan evelyn,Negative,Negative
"Animasi ketika battle terlalu lama dan terkesan terlalu lebay sehingga mengganggu ketika battle, beberapa animasinya gak bisa di cancel sehingga gampang di hit musuh apalagi yang sekali hit langsung mati, padahal ini game yang memiliki battle yang sat set, dan ketika udah ganti karakter, karakter lama masih bisa kena hit, moga kedepannya bisa lebih di sesuaikan",animasi battle kes lebay ganggu battle animasi tidak cancel gampang hit musuh hit mati milik battle sat set ganti karakter karakter hit moga depan sesuai,Negative,Negative
Untuk saat ini sudah bagus. Jika bisa saran untuk mendapatkan weapon atau apa sejenisnya buat chance 100 persen dan di pity 50 dapat. Agar peminat main zenless zone zero bertambah.,bagus saran weapon jenis chance persen pity minat zenless zone zero tambah,Positive,Negative
"Drop Rate S Agent Kecil Banget, Walaupun Dapet High Pity Malah Kalah Rate Off☠️☠️",drop rate agent high pity kalah rate off,Negative,Negative
1.5 menggila,gila,Negative,Negative
Capek rate off di high Pity mulu langsung males main lagi berujung uninstall I'm really tired of collecting 80 master tapes in case it ends up being a rate off,capek rate off high pity mulu malas ujung uninstall im really tired of collecting master tapes case ends up being rate off,Negative,Negative
"gamenya overall sudah bagus tapi side quest di game ini kurang banyak daripada genshin atau hsr tolong dilebihkan lagi side quest, puzzle, sama chest nya agar player gampang grinding polychrome🙏🙏🙏",overall bagus side quest kurang genshin hsr tolong lebih side quest puzzle chest player gampang grinding polychrome,Negative,Negative
Bad,bad,Negative,Negative
"how scummy hoyoverse company can be : Gacha System & Monetization Low Drop Rates: Their games (Genshin Impact, ZZZ, etc.) use gacha mechanics with extremely low rates for 5-star characters (0.6% base rate in Genshin). This encourages excessive spending. FOMO (Fear of Missing Out): Limited-time banners pressure players into spending money before a character or weapon disappears for months, Lack of Community Engagement & Transparency Ignoring Feedback",how scummy hoyoverse company can be gacha system monetization low drop rates their games genshin impact etc use gacha mechanics with extremely low rates for star characters base rate genshin this encourages excessive spending fomo fear of missing out limitedtime banners pressure players into spending money before character weapon disappears for months lack of community engagement transparency ignoring feedback,Negative,Negative
Gilaaa baguss bangett di Story Chapter 5 Epikk Parahhh 🔥🙌Absolute Cinema🙌🔥,gila bagus story chapter epikk parah absolute cema,Negative,Negative
"Patch boring and resources limit, powercreep too fast marketing, after i full build hero i cant used cause its already out of meta , godfinger char dog cantbeused always make dc from server",patch boring and resources limit powercreep too fast marketing after full build hero cant used cause its already out of meta godfinger char dog cantbeused always pakai dc from server,Negative,Negative
Absolute cinema,absolute cema,Negative,Negative
always lose rate off,always lose rate off,Negative,Negative
Absolute cinemaaaa,absolute cema,Negative,Negative
Har pity tai,har pity tahi,Negative,Negative
Developer asu gacha gw rate of mulu tai,developer asu gacha rate of mulu tahi,Negative,Negative
Game nya bgus banget tapi sistem gacha nya g beda jauh sama game-game mihoyo sebelum nya,bagus sistem gacha tidak beda gamegame mihoyo,Negative,Negative
"I found whether it was a bug or not when I played using a Xiaomi 12T device using a controller, there were no problems at all in terms of game control. but when I tried to play using the Xiaomi 14T Pro using the same controller a delay occurred in the game and it was really uncomfortable because the controller I was using was still the same and there were no problems when I tested with the DS4 tester. I hope HOYOVERSE sees my review and tries to fix this problem Overall this game is great 👍",found whether was bug not when played using xiaomi device using controller there were no problems at all terms of control but when tried play using the xiaomi pro using the same controller delay occurred the and was really uncomfortable because the controller was using was still the same and there were no problems when tested with the ds tester hope hoyoverse es my review and tries fix this problem overall this is great,Negative,Negative
"Saya pindsh hp, enggak bisa login, katanya username atau password salah. Saya klik lupa kata sandi akun tidak terdaftar, saya klik lah daftar akun, eh gmailnya sudah terhubung ke akun lain(payah game satunya juga sama) :v pensi ajalah malas",pindsh hp login username password salah klik lupa sandi akun tidak daftar klik daftar akun eh gmailnya hubung akun lainpayah satu pensi aja malas,Negative,Negative
Its bringing back energy that I lost from a tiring day,its bringing back energy that lost from tiring day,Negative,Negative
"Hp ku patah"" main game ini",hp ku patah,Negative,Negative
HARD PITY DAPET NYA AMPAS GA PERNAH MENANG RATE OFF SAMA LEVEL INTERKNOOT NYA LAMA BANGET NAIKNYA,hard pity ampas tidak menang rate off level interknoot naik,Negative,Negative
Buat Dev game nya super bagus dan seru tapi buat login susah setelah ganti akun dikit dikit terlalu banyak permintaan dan baru bisa login setalah nunggu berjam jam game kog gak ada kebebasan dalam bermain,dev super bagus seru login susah ganti akun dikit dikit minta login seta tunggu jam jam tidak bebas main,Negative,Negative
sering frame drop padahal hp syaa termasuk lumayan kuat main game genshin rata kanan,frame drop hp syaa lumayan kuat genshin rata kanan,Negative,Negative
"Pity gacha yang terlalu tinggi Dan masih ada kemungkinan rate of, sungguh game iblis, walaupun gamenya seru.",pity gacha tinggi rate of sungguh iblis seru,Negative,Negative
Semenjak update terbaru entah mengapa saat memulai game rasanya berat sekali ni game padahal sebelumnya nggak ada patah patah malah sangat lancar. kalo masalahnya ke device saya bermain genshin impact disetingan rata kanan dan tidak ada kendala lag sama sekali. Tolong ini bisa diperbaiki segera,semenjak update baru berat tidak patah patah lancar device main genshin impact ting rata kanan tidak kendala lag tolong baik,Negative,Negative
Game tidak ramah f2p mentok pity asu,tidak ramah fp mentok pity asu,Negative,Negative
Force close mulu njir di Xiaomi pad 6s pro,force close mulu anjir xiaomi pad pro,Negative,Negative
Masa saya setiap gacha selalu hard pity itupun kalah rate off. Tolong dong hoyo saya sudah meluangkan waktu saya untuk main game ini minimal menang lah.,gacha hard pity itu kalah rate off tolong hoyo luang waktu minimal menang,Negative,Negative
"Langsung ke intinya aja, boba nya geter² jir 😋",inti boba geter jir,Negative,Negative
Game bajing kebanyakan loading,bajing banyak loading,Negative,Negative
"Untuk sekelas game berat paling tidak diberikan mini game/preferensi karakter,map,mode,dsb... 25gb di awal nungguin penuh gabut juga hloo... Mohon untuk dipertimbangkan hal tersebut. Untuk gameplay sangat bagus,",kelas berat tidak mini gamepreferensi karaktermapmodedsb gb tunggu penuh gabut hloo timbang gameplay bagus,Negative,Negative
Kebanyakan dapet deff mulu kesel,banyak deff mulu kesel,Negative,Negative
"Please fix the network on the Asian server, it's very slow.",please fix the network on the asi server its very slow,Negative,Negative
Gameplay barunya keren jadi gak ribet deh,gameplay baru keren tidak ribet deh,Negative,Negative
"dari segi gameplay gw suka, tpi gacha gw ampas bet ampas🙄",segi gameplay suka gacha ampas ampas,Negative,Negative
Tmr mulu gem jelek,tmr mulu gem jelek,Negative,Negative
"Kecewa banget, susah susah ngumpulin polychrome buat dapetin ellen. Eh gacha mentok malah dapat soldier 11 yang udah dipunya. Padahal kan jaminan gacha terakhir dapat ellen 😡😤🤬,",kecewa susah susah ngumpulin polychrome ellen eh gacha mentok soldier punya jamin gacha ellen,Negative,Negative
Frame drop terus bikin main patah patah,frame drop bikin patah patah,Negative,Negative
"All sudah bagus sih apa lagi mode tv nya sudah di hilangkan, saran buat kasih mode buat bettl bersama teman di mode tertentu",all bagus mode tv hilang saran kasih mode bettl teman mode,Negative,Negative
"Ada penurunan di Bagian Optimisasi, Di device yg mempuni Pun Sering Stuttering. Luamayan mengganggu",turun optimisasi device pun stuttering luamayan ganggu,Negative,Negative
"Poco X6 Pro dengan Chipset D8300 Ultra, sering terjadi delay 1 detik setiap bergerak di tempat yang sepi atau rame, bahkan baru saja login di hp nya langsung terjadi patah patah. Apalagi saat kombat juga lebih parah padahal saya menggunakan Fan cooler external. Ini semua terjadi saat Update Versi 1.5",poco pro chipset ultra delay detik gerak sepi rame login hp patah patah kombat parah fan cooler external update versi,Negative,Negative
"Ini setiap update nge stutter mulu sama lagging, harus nunggu optimalisasi render, mana itu bisa berulangkali dan itu sangat menjengkelkan karena bisa mengganggu pengalaman bermain",update nge stutter mulu lagging tunggu optimalisasi render berulangkali jengkel ganggu alam main,Negative,Negative
Absolute Cinema,absolute cema,Negative,Negative
"Storynya bagus banget, cuman ada beberapa bug seperti voice Inggris tidak keluar dari beberapa karakter di special event/Cutscene",storynya bagus cuman bug voice inggris tidak karakter special eventcutscene,Negative,Negative
"Apakah bisa di porting lagi grafiknya,seperti nonaktifkan bayangan,Resolusi dll? Untuk device low end seperti saya yang sangat ingin memainkan game ini 😅",porting grafiknyaseperti nonaktif bayanganresolusi dll device low end main,Negative,Negative
"Tolong game nya kenapa sering ngefreeze yah? Padahal spek hp ku kuat buat main nya, semenjak update ke versi 1.5 gameplay nya jadi sering ngefreeze sama keluar dari game nya sendiri",tolong ngefreeze spek hp ku kuat semenjak update versi gameplay ngefreeze,Negative,Negative
Game ini gila gacha nya hard pity terus gak recommend dimainin,gila gacha hard pity tidak recommend dimainin,Negative,Negative
"Woyyy hoyo,lu buta apa!?,lu tulii!??,ini game cuman di update untuk nambahin event² sama cewek² Waifuble doang,luu cobak liat banyak yg sering ngelag,bug bahkan ngefreez sendiri,lahh koneksi sdh stabil, grafis juga sdh di atur yg paling rendah masih aja Ngelag, plis lahh kalo update sama nambahin patch baru ituuu jangan cuman nambahin karakter sama ngenalin fraksi baruuu doang, event² lain juga lu suka tambahin,cobak lu denger keluhan kamii, cobak luu buat patch bug fix sama yg lainnya",woy hoyolu buta apalu tulini cuman update nambahin event cewek waifuble doangluu coba ngelagbug ngefreez sendirilahh koneksi stabil grafis atur rendah ngelag plis update nambahin patch jangan cuman nambahin karakter ngenalin fraksi doang event suka tambahincobak dengar keluh kami coba lu patch bug fix,Negative,Negative
Tv mode nya ngerusak ini game padahal game nya dah bagus tp gara2 mode tv buang2 eaktu bgt lu kira kita oengguran apa main jalan vulak balik di tv mode kek apa tau,tv mode ngerusak deh bagus gara mode tv buang eaktu oengguran jalan vulak tv mode tau,Negative,Negative
"Gacanya ampas bat sumpah , di pity 90 baru dapet karakter S, karakter rate off pula.",gacanya ampas sumpah pity karakter karakter rate off,Negative,Negative
BAD RATE!,bad rate,Negative,Negative
"Battle, story, animasi, dan design characternya perfecto. Game ini masih playable dan enjoyable untuk chipset g99 (gw pake samsung a24) cuma settingan grafik harus dikustom sesuai kebutuhan dan loadingnya juga lama. Untuk f2p masih bisa have fun karena gw jg f2p. Overall game ini dikerjakan dengan sangat bagus sehingga hasilnya memuaskan dan perlu optimalisasi yang lebih baik lagi kedepannya. Edit: setelah update 1.5 saat baru login akan kerasa ngelag dan patah-patah beberapa menit aja",battle story animasi design characternya perfecto playable enjoyable chipset tidak pakai samsung settingan grafik dikustom sesuai butuh loadingnya fp have fun fp overall bagus hasil muas optimalisasi depan edit update login rasa ngelag patahpatah menit,Negative,Negative
"mengapa saya memainkan event match 25 baru begitu patah patah, sedangkan game yang lain tidak dan juga gameplay dari gamenya.",main event match patah patah tidak gameplay,Negative,Negative
Inovasi baru dalam dunia game android,inovasi dunia android,Positive,Negative
Please help me frame drop on Snapdragon 845 and crash Make sure smooth gameplay ITS enough for me,please help me frame drop on snapdragon and crash pakai sure smooth gameplay its enough for me,Negative,Negative
"aduh admin, ini gimana sih masa saya pake wifi gak bisa download data gamenya, gk mungkin pake data buat download 25 gb kan? mahal😠",aduh admin pakai wifi tidak download data tidak pakai data download gb mahal,Negative,Negative
kenapa dub englishnya hilang dikit kan jadi gak seru mainnya tolong ya pasang kembali biar gak bosen.,dub englishnya hilang dikit tidak seru main tolong pasang biar tidak bosan,Negative,Negative
Tolong optimalkan atau minimal kurangi lag lah hp ku dingin tapi pas di in game misal lagi PVP tiba tiba patah patah itu gak enak wak,tolong optimal minimal kurang lag hp ku dingin pas pvp patah patah tidak wak,Negative,Negative
"Saya setelah update 1.5 mengalami bug yang tidak jelas saat login ke akun zzz saya terdapat tulisan ""terlalu banyak permintaan,tolong di coba beberapa saat Nanti"" mohon segera di fiks",update alami bug tidak login akun tulis permintaantolong coba fiks,Negative,Negative
tolong banyakin karakter cowok ya,tolong banyak karakter cowok,Negative,Negative
Frame drop parah seiring waktu main,frame drop parah iring waktu,Negative,Negative
"Setelah update 1.5 sering frame drop, padahal sebelumnya ga ada tuh frame drop. Semoga cepet di fix ya nanti balik bintang 5",update frame drop tidak tuh frame drop moga cepat fix bintang,Negative,Negative
"Plislah apa apaan main dari pertama gamenya rilis sampai patch paling baru gapernah menang, mau menang atau kalah pun tetep pity tinggi, emang ga bener ini sistem gacha nya",plislah rilis patch tidak menang menang kalah pity tinggi tidak sistem gacha,Negative,Negative
"overall good, cuma di hp sya itu msih lag dan tolong adkan fitur grafis no shadow/ tidak ad shadow.",overall good hp lag tolong adkan fitur grafis no shadow tidak shadow,Negative,Negative
"Plisss MIHOYO, Menang rate off Astra Yao",plis mihoyo menang rate off astra yao,Negative,Negative
Jelek,jelek,Negative,Negative
"Game sudah bagus game play sangat seru dan cocok untuk player f2p,tapi semenjak update 1.5 jaringan suka ngelag terus gak stabil padahal main tiktok yt dll itu normal giliran zzz kaya gak ada sinyal,kalo semisalnya bisa di gamenya frame drop parah padahal sebelum update gak kaya gini frame Aman aman aja,jadi tolong untuk developer saya tidak tahu ini bug atau bukan tolong di perbaiki agar para player lainnya main dengan nyaman sekian terimakasih",bagus play seru cocok player fptapi semenjak update jaring suka ngelag tidak stabil tiktok yt dll normal gilir tidak sinyalkalo frame drop parah update tidak frame aman aman ajajadi tolong developer tidak bug bukan tolong baik player nyaman sekian terimakasih,Negative,Negative
Setelah update 1.5 jadi sering patah2 padahal sebelum update masih aman2 aja sy coba ke game berat lainnya juga masih mulus di 60 fps cuman di zzz ini yang sering patah2 tolong dev diperbaiki,update patah update aman coba berat mulus fps cuman patah tolong dev baik,Negative,Negative
after 1.5 update its become laggy when entering battle mode.. please fix it,after update its become laggy when entering battle mode please fix,Negative,Negative
Knp hp redmi tidak bisa mainkan zzz pada hal ada di play store tolong perbaiki biar bisa mainkan zzz nya ini.,hp redmi tidak main play store tolong baik biar main,Negative,Negative
Bangbo nya imut,bangbo imut,Negative,Negative
"story nya seru, tapi sistem gacha nya lebih parah daripada genshin, gak heran mihoyo.., so far sih game dari mihoyo gak ada yg gagal cuma sistem gacha nya ituloh",story seru sistem gacha parah genshin tidak heran mihoyo sok far mihoyo tidak gagal sistem gacha ituloh,Negative,Negative
Lek jelek,lek jelek,Negative,Negative
sumpah ni game bikin bingun,sumpah bikin bingun,Negative,Negative
"Sama seperti game game hoyo yang lainnya, semua diusahakan untuk mengemas gamenya dengan baik, hanya saja full size game ini sangat berat untuk tipikal game hack n slash. Untuk yang merasa device hp nya enggak kuat jangan coba coba download ini game, zzz punya potensi overheating atau berat di device. Grafik yang high quality jelas bikin game ini eye catching, tapi konsekuensinya performa di device mid range atau low end mungkin jadi isu buat yang lain, kayak frame drop atau cepat panas",hoyo usaha emas full size berat tipikal hack slash device hp kuat jangan coba coba download potensi overheating berat device grafik high quality bikin eye catching konsekuensi performa device mid range low end isu frame drop cepat panas,Negative,Negative
"Aku memiliki masalah setelah update 1.5 ini, yang dimana saat battle maupun saat berjalan di kota terdapat masalah stuttering, untuk settingan grafis sebelum update aku buat maksimal dan tidak ada masalah game berjalan dengan baik tetapi setelah update ini di 1.5 settingan grafis manapun yang ku coba semua terdapat masalah stuttering di battle maupun saat berjalan di kota dan aku juga tidak mendapatkan masalah seperti zzz di game lainnya seperti genshin hanya masalah ini terdapat di game ini",milik update mana battle jalan kota stuttering settingan grafis update maksimal tidak jalan update settingan grafis mana ku coba stuttering battle jalan kota tidak genshin,Negative,Negative
Helppp i always lost pity😭😭😭,help always lost pity,Negative,Negative
"sistem gacha jelek tidak pernah win rate off bahkan senjata yg 75/25 nggak pernah di kasih menang, heran sama ni game gimana cara ngitungnya",sistem gacha jelek tidak win rate off senjata tidak kasih menang heran ngitungnya,Negative,Negative
Ko tiap login ngunduh data mulu ya g jlas,login ngunduh data mulu tidak jlas,Negative,Negative
Game jelek,jelek,Negative,Negative
seru sih tapi gatau kenapa bikin ngantuk kalo main ini game,seru tidak tau bikin ngantuk,Negative,Negative
Tolong ini kenapa sehabis update 1.5 sering patah-patah mulu saat gameplay nya saat combat dan saat sedang berjalan di over world nya padahal make chipset dimensity 8200 ultimate waktu update yang lalu masih smooth mulus aja mohon di perbaiki,tolong habis update patahpatah mulu gameplay combat jalan over world pakai chipset dimensity ultimate waktu update smooth mulus baik,Negative,Negative
Ini kenapa yah ga bisa di install? Padahal udah pernah main dari versi 1.0 tapi sekarang ga bisa diinstal karena gak kompatibel. Udah coba segala cara lohh sampe hapus HSR tetep ga bisa🥲,tidak install versi tidak diinstal tidak kompatibel coba lo hapus hsr tidak,Negative,Negative
"Rate gacha zzz benar benar keterlaluan, memang benar hadiah yang di berikan selalu banyak, tapi ya gak harus kalah rate off terus lah di pity 80an lagi, masa saya main dari awal release gak pernah menang rate off sama sekali, yang benar saja. Saya sudah mengeluhkan hal ini berkali kali namun jika terus menerus diabaikan lama lama para player akan lelah dan berhenti bermain. Setelah di denda oleh FTC dari USA sebesar $20 juta dolar saya harap kalian dapat belajar dan berbenah menjadi lebih baik.",rate gacha hadiah tidak kalah rate off pity an release tidak menang rate off keluh kali terus abai player lelah henti main denda ftc juta dolar harap ajar benah,Negative,Negative
"Setiap update terbaru selalu fps drop, saya menggunakan POCO x6 pro.",update baru fps drop poco pro,Negative,Negative
"Game gila, gak pernah waktu gacha limited banner menang rate off satu kali pun, 1 aja gak pernah, mana hampir setiap gacha pity70 keatas semua. Udah abis 1.4 tambah frame drop, 1.5 tambah lebih frame drop lagi",gila tidak waktu gacha limited banner menang rate off tidak gacha pity atas habis frame drop frame drop,Negative,Negative
aku udh dpt 10.000 Primogem dan gacha terua ga dapet Char S? bagaimana ini,primogem gacha rua tidak char,Negative,Negative
"device ku poco x6 pro main genshin rata kanan lancar jaya, tapi main nih game walaupun grafis terendah sama medium ngelag nya minta ampun ampe kesel gw",device ku poco pro genshin rata kanan lancar jaya grafis rendah medium ngelag ampun kesel,Negative,Negative
Masih Enak di maenkan di poco x3 pro (awas matot),maenkan poco pro awas matot,Negative,Negative
"miyabi cantik, ellen va nya shion wakayama, bintang 5 lah 😹",miyabi cantik ellen va shion wakayama bintang,Negative,Negative
"Hello, awal main ini game lancar enak puas jaya ya.. tapi baru kali ini aku login ke game lalu nunggu loading lama bener, macam tanpa batas pasti... Apakah ini termasuk bug ya??? Please depeloper, bantu dong. Aku yakin betul device ku compatibel untuk ni game.. kukasih dulu lah 4* untuk kalian ya. Kalau ini beneran bug, tolong diperbaiki ya, otomatis kukasih 5* kalo udah beres... Makasih...",lancar puas jaya login tunggu loading tanpa batas bug please depeloper bantu device ku compatibel kasih benar bug tolong baik otomatis kasih beres terima kasih,Negative,Negative
"sampai update terbaru saya belum bisa memainkan game-nya sama sekali, setiap berhasil masuk dan memasuki cut scene yang di mana sang mc Belle melepas earphone-nya selalu ke force close, saya main menggunakan huawei matepad 12X",update baru belum main hasil pasuk cut scene sang mc belle lepas earphonenya force close huawei matepad,Negative,Negative
Pingin lancar? Update device mu😂,pengin lancar update device mu,Negative,Negative
keseluruhan ok tapi gachanya yang lumayan ampas,ok gachanya lumayan ampas,Negative,Negative
"Gameplay dan grafiknya mantap,tinggal butuh optimisasi aja",gameplay grafik mantaptinggal butuh optimisasi,Negative,Negative
"Update Mulu, udh gitu besar-besar bgt",update mulu besarbesar,Negative,Negative
"Game nya bagus banget enggaa terlalu berat , cuma kalo bisa banyakin reward nya",bagus enggaa berat banyak reward,Negative,Negative
tidak kikir seperti game sebelah,tidak kikir belah,Negative,Negative
lebay ekspresinya,lebay ekspresi,Negative,Negative
Absolute Cinema✋😐🤚,absolute cema,Negative,Negative
"Padahal dah ada jaminan dapat karakter Rank S di bannernya, bisa-bisanya kena Rate Off. Kubenci sistem gacha macam tu, 3 bintang yg ane kasih tuh buat Miyabi, Yanagi, dan Anby gk buat lo Hoyoverse.",deh jamin karakter rank bannernya bisabisanya rate off benci sistem gacha bintang ane kasih tuh miyabi yanagi anby tidak lo hoyoverse,Negative,Negative
"Gamenya udh keren bgt apa lagi animasi cut scenenya yg paling saya suka animasinya sangat smooth dan untuk battlenya sangat seru, tapi untuk agent tipe element electric agak berat buat hp spec mid end seperti saya kadang cepat panas jadi kalo panas jadi frame drop padahal grafik sudah rendah, untuk kedepannya tolong untuk agent electric efeknya bisa di ringankan lagi atau untuk semua element supaya bisa bermain dengan nyaman",keren animasi cut scenenya suka animasi smooth battlenya seru agent tipe element electric berat hp spec mid end kadang cepat panas panas frame drop grafik rendah depan tolong agent electric efek ringan element main nyaman,Negative,Negative
Karakternya cantik bikin sange,karakter cantik bikin sange,Negative,Negative
Mohon maaf min untuk penggunaan Controller wireless masih ada bug,maaf min guna controller wireless bug,Negative,Negative
Gwsh maksa main ap lagi FPS KLO g mampu hp lu mending hapus aja,gwsh maksa fps tidak hp mending hapus,Negative,Negative
"Dari segi story memang fresh dan seru, namun terkadang agak ngelag saat mode battle. Kalau bisa di optimalkan saat update next patch",segi story fresh seru terkadang ngelag mode battle optimal update next patch,Negative,Negative
Kece,kece,Negative,Negative
Tolong rate off character s nya dinaikkan sedikit aku sudah pull 220 gak dapat dapat 😞🙏🏻,tolong rate off character naik pull tidak,Negative,Negative
"Ada bug dimana bola observasi tidak ditemukan padahal sudah menyelesaikan level tersebut dgn berulang kali tpi tetap saja tidak ada,semoga diperbaiki",bug mana bola observasi tidak temu selesai level ulang tidak adasemoga baik,Negative,Negative
"Tolong di perbanyak misinya karena bagi saya kurang, misinya terlalu sedikit untuk yg sudah main dari awal rilis",tolong banyak misi kurang misi rilis,Negative,Negative
"Untuk semuanya dari aspek-aspek mulai dari grafik, cerita, karakter, lingkungan sudah bagus sekali. Saya memakai chipset g99u masih sangat playable. Overall ga ada kekurangan sih paling cuma size game nya aja yang gede banget",aspekaspek grafik cerita karakter lingkung bagus pakai chipset gu playable overall tidak kurang size gede,Negative,Negative
kenapa Infinix smart 8 sering mengalami crash. dan semoga kedepannya aku bisa main game ini tanpa ada masalah. sisanya bagus semua gameplaynya dah bagus meski ada yang kurang.,infinix smart alami crash moga depan tanpa sisa bagus gameplaynya deh bagus kurang,Negative,Negative
"Sebelumnya saya sudah memiliki akun dengan progres yang cukup jauh, kemudian mencoba mendaftarkan username. Saat relogin info login kadaluarsa dan akun saya hilang sehingga memulai dari awal. Keren sekali",milik akun progres coba daftar username relogin info login kadaluarsa akun hilang keren,Negative,Negative
"Frame drop nya parah banget, Pake Snapdragon 7Gen3 setting Low pun masih patah-patah, padahal game kakaknya lancar semua GI & HSR, Tolong Di Optimal kan lagi frame drop nya 🙏🙏.",frame drop parah pakai snapdragon gen setting low patahpatah kakak lancar gi hsr tolong optimal frame drop,Negative,Negative
"Please make future updates to be more friendly to low-spec phones so they can enjoy playing this game. For my cellphone, it has the following specifications: - Snapdragon 680 - Andreno 610 - 6GB RAM",please pakai future updates be more friendly lowspec phones sok they can enjoy playing this for my cellphone has the following specifications snapdragon andreno gb ram,Negative,Negative
Animasi puncak🕵️,animasi puncak,Negative,Negative
"Gw kasih bintang tiga karena kalo gacha nggk pernah hoki, parah memang",kasih bintang gacha tidak hoki parah,Negative,Negative
-1 Bansos cik 🗿,bansos cik,Negative,Negative
Ini kenapa setelah update data gua kehapus semua!! Njir udah maen lama2 kok tiba2 kehapus!! Level 32 itu gak sebentar lho!! Woi mihoyokembaliin akun gua!,update data gua hapus anjir hapus level tidak sebentar lho woi mihoyokembaliin akun gua,Negative,Negative
bagus! pelepas stress,bagus lepas stres,Negative,Negative
"Ini game mungkin bisa dibilang masterpiece nya hoyoverse kali ya😎, gimana enggak battle,story,animasi,design karakter 😋. Bener bener perfect banget🤩. Harapan gw semoga game nya untuk kedepannya semakin ringan dan lancar dimainkan untuk ponsel kelas entry to mid range...",bilang masterpiece hoyoverse battlestoryanimasidesign karakter perfect harap moga depan ringan lancar main ponsel kelas entry mid range,Negative,Negative
"Gamenya bagus dan mantap karakter desainnya. Tetapi terdapat satu masalah besar, yaitu saat saya keluar dari game dan game berjalan di latar belakang. ZZZ langsung mulai ulang ke login screen. Hal ini sangat mengganggu saat saya membalas pesan atau berganti sebentar ke aplikasi lain lalu kembali ke ZZZ",bagus mantap karakter desain jalan latar ulang login screen ganggu balas pesan ganti sebentar aplikasi,Negative,Negative
"Kalo mau dengerin saran gw boleh lah ,tombol ngeker nya kaku , animasi karakter juga kaku itu aja si gw minta rubah",dengar saran tombol ngeker kaku animasi karakter kaku rubah,Negative,Negative
"Keren si ni game dari gameplay grafis cocok buat gw aplgi musik di game ini bener bener keren ga kalah jauh dah dibandingkan game kakaknya, aplgi sistem gacha yg di permudah yg bisa nampilin pity ga kek di game kakaknya keren dh pokoknya semoga ni game banyak update yg lebih baik dr versi skrng kdng ada bug yg sangat menganggu",keren gameplay grafis cocok musik keren tidak kalah deh banding kakak sistem gacha mudah nampilin pity tidak kakak keren dah pokok moga update versi kadang bug menganggu,Negative,Negative
"Kurangi mode tv,perbanyak gelud nya aja",kurang mode tvperbanyak gelud,Negative,Negative
"No no no skip dah, pengalaman bermain gua hard pity dan kalah, done im done",no no no skip deh alam main gua hard pity kalah done im done,Negative,Negative
Aku harap zenles zone zero untuk update ke depannya jangan sampai ukuran nya 40GB lebih mohon di pertimbangkan ya,harap zenles zone zero update depan jangan ukur gb timbang,Negative,Negative
"UNTUK YANG NGELUH, DI HP KOK NGE LAG, PATAH PATAH, FRAME DROP, itu mah klo gk jaringan seluler/wifi lu yg lemot, ya hp lu aja yg kentang, MINIMAL sadar diri lah, klo hp lu gk kuat ya gk usah maksa lol",ngeluh hp nge lag patah patah frame drop mah tidak jaring selulerwifi lot hp kentang minimal sadar hp tidak kuat tidak maksa lol,Negative,Negative
Bagus banget alur cerita nya,bagus alur cerita,Negative,Negative
najis,najis,Negative,Negative
"Males main, selalu kalah rate off di hard pity Uninstall aja lah",malas kalah rate off hard pity uninstall,Negative,Negative
Download mau 25gb masuk render lagi trus verifikasi data lagi. trus kesalahan jaringan sampai 3x hampir 1 jam di situ terus. gak usah ciptain game aja.,download gb render verifikasi data salah jaring jam situ tidak cipta,Negative,Negative
adakan fitur off on shadow dong situ yang bikin berat banget kalo lagi jalan jalan di kota dan banyak penduduknya,adakan fitur off on shadow situ bikin berat jalan jalan kota duduk,Negative,Negative
GG game,tidak,Negative,Negative
Buat yang ngerasain stutter coba install ulang zzznya dijamin langsung aman,rasai stutter coba install ulang znya jamin aman,Negative,Negative
"Perbaiki lagi koneksi nya, kebanyakan merah terus ping nya di server Asia. Jdi agak drop fps. Di hp POCO F6 padahal ini main. Snapdragon 8 gen 3, ram 12 GB padahal",baik koneksi banyak merah ping server asia drop fps hp poco snapdragon gen ram gb,Negative,Negative
"Jika kalian emang pengen game anime hack and slash tapi santai, game ini yang paling cocok sejauh ini. Karena dari ost, karakter, sama setting tempat-tempatnya juga cocok banget buat nyantai atau melamun",pengin anime hack and slash santai cocok ost karakter setting tempattempatnya cocok nyantai lamun,Negative,Negative
Mode tv bikin pusing,mode tv bikin pusing,Negative,Negative
POCO X5 PRO FPS DROPP...,poco pro fps dropp,Negative,Negative
Perangkat tidak kompatibel padahal hp saya sudah memadai,perangkat tidak kompatibel hp pada,Negative,Negative
"Seneng sih EMG sama update ini, tapi sayang banget keknya sekarang makin berat banget, main shiyu def malah ngehang dan force close, akhirnya harus diulang lagi Dari awal.. device padahal proper",senang update sayang kayak berat shiyu def ngehang force close ulang device proper,Negative,Negative
Setelah Move TV dikurangi saya semangat main kembali hehe,move tv rang semangat hehe,Negative,Negative
"Developer jahat gw udh spin Miyabi berkali-kali gk pulang"" jir🙄😹",developer jahat spin miyabi berkalikali tidak pulang jir,Negative,Negative
Game gacha rating terbapuk abad ini,gacha rating terbapuk abad,Negative,Negative
Lag dikit,lag dikit,Negative,Negative
"Game busuk, udah top up gacha masih aja dikasi ampas",busuk top up gacha kasi ampas,Negative,Negative
Tolong waktu saya install aplikasi ini tapi gk bisa di perangkat saya di hp Infinix smart 8 pro tolong ya,tolong waktu install aplikasi tidak perangkat hp infinix smart pro tolong,Negative,Negative
Terlalu berat game nya 🥲,berat,Negative,Negative
"gokilllll ga sia sia nunggu download nya, Helio g99 ultimate game nya memuaskan banget si apalagi dri segi story, gameplay, grafik, animasi nya ga main main min, trus juga baru gatcha 20 kli udh dapet hosimi miyabi 🔥🔥",gila tidak sia sia tunggu download hio tidak ultimate muas segi story gameplay grafik animasi tidak min gatcha hosimi miyabi,Negative,Negative
"yah hoyoverse gak perlu di ragukan ke okeannya cuma saya harap jangan ngebuat cerita yg keluar dari jalur dan sangat membosankan kayak game kaka-kakanya, saya senang dengan cerita yang mendetail dan sesuai alur yang kuat jadi saya harap gak akan banyak cerita yang maksa dan ngebosenin serta keluar dari cerita inti dari game ini kedepannya sih biar betah di ini game",hoyoverse tidak ragu oke harap jangan ngebuat cerita jalur bosan kakakakanya senang cerita detail sesuai alur kuat harap tidak cerita maksa ngebosenin cerita inti depan biar betah,Negative,Negative
"Download zzz, Buka apk zzz, download 25 GB, jaringan stabil 2 Mbps , Selesai download, Mulai main, Jaringan gak bisa lebih dari 25 kbps, Nyobain main di hollow, Game muter muter terus, Musuh nyerang , Gak bisa ngapa ngapain, Karakter mati , Jaringan masih merah dan muter terus, Balik ke lobby, Coba login, Masuk , Nyoba pull 10x Dapet ss, Jaringan muter lagi, Di bawa ke lobby lagi, Ngecek karakter s yang baru dapet, Gak ada karakternya, Hapus gamenya, 10/10 experiences",download buka apk download gb jaring stabil mbps selesai download jaring tidak kbps coba hollow muter muter musuh serang tidak ngapa karakter mati jaring merah muter lobby coba login coba pull ss jaring muter bawa lobby ecek karakter tidak karakter hapus experiences,Negative,Negative
"Akhirnya setelah perjuangan panjang, dapat juga Miyabi+sign+ banggboo agent",juang miyabisign banggboo agent,Negative,Negative
Banyakin bansos nya min!!!,banyak bansos min,Negative,Negative
"Bagus banget sumpah, ketagihan mainnya",bagus sumpah tagih main,Negative,Negative
"Game yg serunya bukan main, Dulu sempat patah hati gara gara kelewat event sama hadiah, Eh pas login ternyata dapet karakter asaba, Di tambah Sekali gacha dapat karakter Miyabi, Sekarang lagi nunggu update versi 1.5, Mau dapattin Ellen sama Yanagi😋😁",seru bukan patah hati gara gara lewat event hadiah eh pas login karakter asaba gacha karakter miyabi tunggu update versi dapattin ellen yanagi,Negative,Negative
"Kecewa wak... Pity aku ampas, bukanya dapet miyabi malah dapet koleda 😔",kecewa wak pity ampas buka miyabi koleda,Negative,Negative
si bungsu game paling baik,bungsu,Negative,Negative
kenapa tidak ada adegan skidipapap nya!?😡🤬,tidak adegan skidipapap,Negative,Negative
Sering patah patah,patah patah,Negative,Negative
"Dari semua segi bagus banget nih game,cuman ntah saya doang yg akunnya kelewat sial apa gimane,setiap pull kagak pernah dapet di low pitty,itu sama aee mau rate on/rate off,dapetnya pasti di pitty 70an keatas,dari awal buat akun kagak pernah menang rate off pula,liat yg lain pada menang rate off,ehh diakun sendiri malah awikwok,setiap rate off pasti kalah Mulu,padahal main game gacha yg lain,ada lah hoki²nya di 30 pull langsung pecah rate off,walau kagak menang tetep smile...",segi bagus gamecuman doang akun lewat sial gimanesetiap pull kagak low pittyitu rate onrate offdapetnya pitty an keatasdari akun kagak menang rate off pulaliat menang rate offehh akun awikwoksetiap rate off kalah mulupadahal gacha lainada hoki pull pecah rate offwalau kagak menang smile,Negative,Negative
Rate gacha ampas,rate gacha ampas,Negative,Negative
"Masterpiece sih! seru banget dari segi gameplay, apa lagi grafiknya. pokoknya best deh! oh ya ditunggu next update :)",masterpiece seru segi gameplay grafik pokok best deh oh tunggu next update,Negative,Negative
"Tutorial lama, rate ampas",tutorial rate ampas,Negative,Negative
hadeh pelit gacha,hadeh pelit gacha,Negative,Negative
Gg parah!!,tidak parah,Negative,Negative
sorry for everything,sorry for everything,Negative,Negative
Rate 10/10 for this game,rate for this,Negative,Negative
Nice Update,nice update,Negative,Negative
Nge lag aja sih kadang patah patah,nge lag kadang patah patah,Negative,Negative
"Woi ngotak dikit anjeng! Masa 75/25 masih gk dapet senjata,mana pity udah gede lagi.Ngotak dikit dong anjeng,keknya ni sebenernya 25/75 persentasenya,gak Genshin impact gak ZZZ sama sama gak ngotak sistem gachanya",woi ngotak dikit anjeng tidak senjatamana pity gede lagingotak dikit anjengkeknya persentasenyagak genshin impact tidak tidak ngotak sistem gachanya,Negative,Negative
"Wahai hoyoverse aku berharap update kedepannya, semoga tidam ada kendala frame² lagi lah please. Semenjak update 1.4 bikin saya terngiang² sama game ini dri awal download saya masih chapter 1 dan tidak terasa sampai di chapter 4 hehe. Semoga kedepannya lebih bagus lagi jangan sampai seperti di game sebelah dan satu lagi tolong kalau setiap gacha jangan bikin ribet plis🙏🙏",hoyoverse harap update depan moga tidam kendala frame please semenjak update bikin ngiang download chapter tidak chapter hehe moga depan bagus jangan belah tolong gacha jangan bikin ribet plis,Negative,Negative
Game anjeng😡,anjeng,Negative,Negative
"Masih sering patah""/FPS drop, gacha Miyabi 130 kali ga dapet 🤧",patahfps drop gacha miyabi tidak,Negative,Negative
tolong optimalkan lagi buat hp yang rendah,tolong optimal hp rendah,Negative,Negative
Tolonglah hoyoverse diandroid 10 ngeglitch cahaya nyala2 gitu cape gw ngeganggu banget pas battle,tolong hoyoverse diandroid ngeglitch cahaya nyala capek ngeganggu pas battle,Negative,Negative
Rate off terlalu parah . Kenapa gw gacha Miyabi di rate 40/50 mlh rate off?Ini saya sudah hard pity harus cari gem buat tukar ke kaset buat gacha banner Miyabi dan saya sudah reroll msh g dpt,rate off parah gacha miyabi rate rate offini hard pity cari gem tukar kaset gacha banner miyabi reroll tidak,Negative,Negative
"Tolong turunin size gamenya :( besar banget bahkan lebih besar dari honkai star rail dsb... Tolong zenlesss mihoyo , biar bisa main terusan aku",tolong turunin size honkai star rail dsb tolong zenles mihoyo biar terus,Negative,Negative
"Jujur menurutku ya, mode tv sebaiknya jangan didikitin, soalnya enak banget kendalinya daripada yg mode bangboo itu, kayak kurang enak aja gitu tapi gpp lah, semuanya udah oke",jujur turut mode tv jangan kitin kendali mode bangboo kurang tidak apa oke,Negative,Negative
Semoga Ga Hard Pity lagi,moga tidak hard pity,Negative,Negative
"game dengan alur cerita yang bagus dan karakter yang sangat cakep, apalagi grafisnyaa kalo di rata kanan in",alur cerita bagus karakter cakep grafisnyaa rata kanan,Negative,Negative
"Tolong kasih fitur close up dong, soalnya kalo main di hp keliatanya terlalu jauh, jadi pas combat gak terlalu keliatan karakternya, jadi kurang puas mainya",tolong kasih fitur close up hp keliatanya pas combat tidak karakter kurang puas mai,Negative,Negative
"tolong perbanyak karakter cowoknya dongg, biar ada perbedaan dikit lah sm si honkai impact 3, kan sekalian biar gue bisa ngumpulin Harem lagi sama sekalian cuci mata sm karakter yg ganteng2/cakep2😔",tolong banyak karakter cowok biar beda dikit honkai impact biar ngumpulin harem cuci karakter gantengcakep,Negative,Negative
"Dengan apa yang saya rasakan dari game ini, bisa dibilang sangat seru dan karakter nya tidak kaku seperti genshin impact",rasa bilang seru karakter tidak kaku genshin impact,Negative,Negative
"Gamenya asik dan seru, dari segi grafik sudah bagus, cuma ada 1 masalah pada download paket/data tambahan internet normal tapi kecepatan download datanya cuma 1 KBps jadi biar normal harus restart gamenya terus agar dapat kecepatan normal dari internet, padahal game saudaranya yaitu genshin impact tidak ada masalah yang seperti ini, jadi semoga cepat diperbaiki masalahnya🙏🏻🙏🏻 (note : kecepatan internet saya 50 Mbps)",asik seru segi grafik bagus download paketdata tambah internet normal cepat download data kbps biar normal restart cepat normal internet saudara genshin impact tidak moga cepat baik note cepat internet mbps,Negative,Negative
Yak walaupun unduh data tambahan nya lumayan gede lah 25 gb + tapi cukup ok sekelas game mobile dan pc dan cukup memuaskan juga game nya banyak bansos tapi ini mode TV nya di kurangin lagi soalnya bikin pusing bagi Player pemula oke developer Selain itu game nya semuanya bagus👍,unduh data tambah lumayan gede gb ok kelas mobile pc muas bansos mode tv kurang bikin pusing player mula oke developer bagus,Negative,Negative
Absolut cinema ✋😐🤚,absolut cema,Negative,Negative
Game ajg kalah rate off mulu sama hard pity ajg 2x di miyabi sama sign ajg,ajg kalah rate off mulu hard pity ajg miyabi sign ajg,Negative,Negative
Add a new agent that has a whip for a weapon,new agent that has whip for weapon,Positive,Negative
Ini bra GB sih? Pas search cman 3-5GB pas download ternyata 24GB anjr,bra gb pas search cuman gb pas download gb anjr,Negative,Negative
"Aku itu dulu hapus game ini karena menurut aku bosen... Tapi saat di pinterest ada gambar si serigala kataku ""keren juga karakternya"". Jadi aku ngedownload lagi, dan juga aku ngedownload lagi itu bukan karena si serigala tapi menurutku bosen game yang petualangan, yaitu genshin... Dan juga aku itu suka yang tembak tembak tapi ada skillnya, mau main valorant gak ada di android... 😅 Dulu ada juga yang mirip Valo yaitu frontlite, tapi dihapus playstore jadi gak bisa main lagi, padahal udah jago...",hapus bosan pinterest gambar serigala kata keren karakter ngedownload ngedownload bukan serigala turut bosan tualang genshin suka tembak tembak skillnya valorant tidak android valo frontlite hapus playstore tidak jago,Negative,Negative
"Definitely better than Genshin Impact, because the story, gameplay, and even cutscenes?! It's just so different. This game is absolute banger! Absolute Cinema ✋😐🤚",definitely better tahan genshin impact because the story gameplay and even cutscenes its just sok different this is absolute absolute cema,Negative,Negative
Mohon maaf saya memberi rating 3. Setelah update patch di beberapa perangkat smartphone mengalami patah2 saat battle. Mohon untuk segera di tangani 🙏🏼🙏🏼🥲🥲,maaf rating update patch perangkat smartphone alami patah battle tangan,Negative,Negative
Game ampas,ampas,Negative,Negative
"kok gw gabisa login ya?, lagi farming disk tiba2 logout sendiri",tidak login farming disk logout,Negative,Negative
Aku baru memainkan lagi dan semua masukan di dengar sehingga aku kembali,main masuk dengar,Negative,Negative
"Min tolong tambahkan opsi grafis bayangan on/off biar hp menengah atas bisa lebih lancar, soalnya bayangan di game ini GK guna itu aja sih",min tolong tambah opsi grafis bayang onoff biar hp tengah lancar bayang tidak,Negative,Negative
"Buat ni game Recomended bngt si, dari pembawaan storynya bener² asik bngt pemakaian bahasanya gaul juga, terus animation story juga smooth bngt ntaps bet, terus mekanisme battlenya juga memanjakan mata bngt apa lagi combo²nya variatif dan efek slowmo pas dodge juga ntaps deh, baru main 6 hari dah lgsg dpt 3 karakter kelas S ini hoki si salah satunya miyabi (thx buat dev), terus masalah dikit paling cuman Framenya aja si kadang² suka drop hehe",recomended bawa storynya asik pakai bahasa gaul animation story smooth ntaps mekanisme battlenya manja combonya variatif efek slowmo pas dodge ntaps deh deh karakter kelas hoki salah satu miyabi thx dev dikit cuman framenya kadang suka drop hehe,Negative,Negative
Gamenya gak bisa di download di hp saya padahal ram 4+4 Rom 256GB,tidak download hp ram rom gb,Negative,Negative
Gw benci event tv doank asli,benci event tv doang asli,Negative,Negative
"Grace i hate you, gimme lycaon hoyoverse i want miyabi premium team why you give me cinema 2 grace on banner miyabi and standart banner if you give me grace again i will spam b1 on your game :)",grace hate you gim me lycaon hoyoverse want miyabi premium team why you give me cema grace on banner miyabi and standart banner if you give me grace again will spam on your,Negative,Negative
Can we got change mc for story to please,can we got change mc for story please,Negative,Negative
"Main di hp suka lag, frame drop yang bikin kurang nyaman buat main di hp padahal hp yang dipake mumpuni",hp suka lag frame drop bikin kurang nyaman hp hp pakai mumpuni,Negative,Negative
Ga expect samsek sama graphic nya hahaha,tidak expect samsek graphic hahaha,Negative,Negative
Penghubungan ke server melebihi batas waktu🤓🤓,hubung server lebih batas waktu,Negative,Negative
"Stress lama lama dari dulu sampe sekarang udah pencet dodge kadang suka ga bisa terus, kejadian ini udah berulang ulang terjadi.",stres pencet dodge kadang suka tidak jadi ulang ulang,Negative,Negative
"Game KIKIR,Pelit bet ngasih kebahagiaan kepada playernya,nih Gw kasih bintang lima siapa tau kan,Hoki",kikirpelit asih bahagia playernyanih kasih bintang tau kanhoki,Negative,Negative
"tolonglah plis hoyo yg benar aja lah,dari awal maen sampe baner skrg di game ini Pty hard trs (mau Pty 80an udh gitu rate off pula), plis lah bikin sitem gacha yg benar lah, cape tau ngumpulin buat gachanya seriusan, macam mana lah nih tolonglah",tolong plis hoyo lahdari baner pty hard pty an rate off plis bikin sitem gacha capek tau ngumpulin gachanya serius tolong,Negative,Negative
"Bagus bener dah game buatan hoyo, saran utk game ini tambahin fitur duduk dong min biar pas jalan jalan sama agen ga berdiri doang",bagus deh buat hoyo saran tambah fitur duduk min biar pas jalan jalan agen tidak diri doang,Negative,Negative
"SETIAP GACHA DAPET RATE OFF MULU. MULAI DARI ELEN, JANE SAMPE MIYABI RATE OFF TERUSS AUTO HAPUS GAME",gacha rate off mulu elen jane miyabi rate off auto hapus,Negative,Negative
Aku ga bisa donlod,tidak donlod,Negative,Negative
"Gameplaynya bagus sama CGInya juga seru tapi sayangnya hp ane ga terlalu kuat juga buat main ini grafis rendah pun masih drop, mohon developer agak di optimalkan buat hp kelas bawah makasih :)",gameplaynya bagus cginya seru sayang hp ane tidak kuat grafis rendah drop developer optimal hp kelas terima kasih,Negative,Negative
"Setelah update sinyal malah makin terasa buruk, terlalu sering terjadi disconect mendadak yang menyebabkan ketidaknyamanan saat bermain",update sinyal buruk disconect dadak sebab ketidaknyamanan main,Negative,Negative
Rate Off Dua Kali BGST!!!,rate off bgst,Negative,Negative
"KACAU ! , SNAPDRAGON 870 SET RATA KIRI 30FPS FRAME DROP, GAME RUSAK !",kacau snapdragon set rata kiri fps frame drop rusak,Negative,Negative
"mantap dari segala segi, gua udh nyoba hsr juga, tapi ini menurut gua lebih keren dari segi playstyle gua",mantap segi gua coba hsr gua keren segi playstyle gua,Negative,Negative
"Udah bagus game ya cuma pas mau masuk ke game GK bisa, aku udah daftar pake akun google katanya koneksi tidak setabil padahal aku coba di genshin stabil, tolong diperbaiki ini dari tadi nungguin🙏",bagus pas tidak daftar pakai akun google koneksi tidak stabil coba genshin stabil tolong baik tunggu,Negative,Negative
"Game apaan ini masa saya gacha di channel Exclusive Sampai 310x hard pity terus sih, mana soft pity saya, masa iya lebih gampang gacha channel stabil dari pada banner exclusive, ini mah sama aja perampokan Untuk dev mohon diperhatikan, semakin sering orang tersebut dapat hard pity, maka semakin enggan orang tsb mau invest lebih ke game mu atau bisa saja game mu itu tidak produktif lagi dimasa yang akan datang",gacha channel exclusive hard pity soft pity iya gampang gacha channel stabil banner exclusive mah ampo dev perhati hard pity enggan invest mu mu tidak produktif masa,Negative,Negative
25gb gelo☕🗿,gb gelo,Negative,Negative
Mohon di perbaiki kalo setiap update patch selesai mengulang update lagi lagi dan lagi,baik update patch selesai ulang update,Negative,Negative
Tidak bisa di install di perangkat saya ( redmi note 13,tidak install perangkat redmi note,Negative,Negative
"baru install, gacha banner Hanabi & langsung dikasih rate off di 80 kali pull, langsung uninstall Wak🙈",install gacha banner hanabi kasih rate off pull uninstall wak,Negative,Negative
Di hp infinix Hot 50 lancar jaya dengan settingan medium + 60 fps lanjutkan 👍,hp infinix hot lancar jaya settingan medium fps lanjut,Negative,Negative
"Kurang event kadang kadang, jadi gabut, mungkin ditambahi sesuatu misi samping dengan hadiah yang menjanjikan",kurang event kadang kadang gabut tambah misi samping hadiah janji,Negative,Negative
Taikkk luuu..,tahi,Negative,Negative
"Need some improvement, because after update 1.4, the game looks choppy, frame rate drop when entering battle, even freeze the game.",need some improvement because after update the looks choppy frame rate drop when entering battle even freeze the,Negative,Negative
Frame drop,frame drop,Negative,Negative
"Udah main dari day 1 tapi baru lanjut lagi sekarang, alasan pensi sebelum nya jelas karena konten tv yang bikin ngantuk dan optimalisasi nya yang jelek, tapi setelah comeback di versi 1.4 kerasa banget perbedaan nya, lebih merasa seru dan enjoy sama gameplay dan storynya, dan yang terbaik sekarang optimalisasi nya jauh lebih baik, bahkan bisa lancar di setting highest di device mid range, good job HoYoverse! semoga aja gacha ku jadi hoki mulai sekarang hehe 😆 ABSOLUTE CINEMA✋🤚",day alas pensi konten tv bikin ngantuk optimalisasi jelek comeback versi rasa beda seru enjoy gameplay storynya baik optimalisasi lancar setting highest device mid range good job hoyoverse moga gacha ku hoki hehe absolute cema,Negative,Negative
"Even yang mengecewakan, meniru arcknight, padahal tujuan main ini game untuk kombat",even kecewa tiru arcknight tuju kombat,Negative,Negative
Alamak perangkat tidak kompetitable☠️,alamak perangkat tidak kompetitable,Negative,Negative
"Tolong perbaiki bug di dalam game seperti di event ""bangboo vs ethereal"" Dimana ketika saya bermain di laptop/komputer, saya tidak bisa klik bangboo dan menyeret bangboo ke dalam battlefield. Saya harap kalian mau berbenah dan jangan lupa dengan kompensasi nya",tolong baik bug event bangboo vs ethereal mana main laptopkomputer tidak klik bangboo seret bangboo battlefield harap benah jangan lupa kompensasi,Negative,Negative
"Mantap bansos kencang, rate off gak ngaruh",mantap bansos kencang rate off tidak ngaruh,Negative,Negative
"saya sangat suka game ini, untuk developer apakah bisa dibuat ringan, menurut saya cukup berat sekali gamenya 🥲",suka developer ringan berat,Negative,Negative
kalo udah hard pity dan rate off pasti kalah👎👎👎👎,hard pity rate off kalah,Negative,Negative
Miyabi Sayang,miyabi sayang,Negative,Negative
"Setelah update frame drop sangat berantakan padahal semua sudah rendah, kemarin-kemarin sebelum update tidak mengalami seperti ini. Tolong segera diperbaiki untuk kenyamanan para player. Terimakasih",update frame drop beranta rendah kemarinkemarin update tidak alami tolong baik nyaman player terimakasih,Negative,Negative
"Gak cocok buat f2p material nya susah banget, gacha ampas terus, Untuk berantem nya ya begitu aja terlalu membosankan,masih bagusan pgr dan honkai udah nungguin lama ini game ternyata gak sesuai ekspetasi",tidak cocok fp material susah gacha ampas antem membosankanmasih bagus pgr honkai tunggu tidak sesuai ekspetasi,Negative,Negative
Hands Down Game Mobile TERBAIK...Visual The BEST...Storytelling The BEST...Character.The Best...Sampe Ga Percaya Ini Game Mobile...Even Sampe Ke Dialog Kecilnya Juga Entertain Banget...Keren Banget Developer & Team Zenless Zone Zero...You're One Of The Best For Me ❤,hands down mobile terbaikvisual the beststorytelling the bestcharacterthe bestsampe tidak percaya mobileeven dialog kecil entertain bangetkeren developer team zenless zone zeroyoure one of the best for me,Negative,Negative
"Semenjak update v1.4 pengalaman main kurang smooth, ketika combat banyak sekali frame drop, padahal v1.3 sangat minim, bahkan versi PC juga sama, tolong optimalkan!",semenjak update alam kurang smooth combat frame drop minim versi pc tolong optimal,Negative,Negative
Menurutku... Saran untuk patch update ke depan tambahkan anti aliasing FXAA,turut saran patch update tambah anti aliasing fxaa,Negative,Negative
Gw udah nabung Pitiy 90 mau dapetin karakter baru malah dapet karakter bor Sialan gw udah habisin banyak waktu padahal 😡😡😡😡😡😡😡😡😡😡😡😡😡😡,nabung pitiy karakter karakter bor sial habisin waktu,Negative,Negative
Hp Infinix note 40 pro aman aja Makai ini GK kenapa2 🤣,hp infinix note pro aman maka tidak,Negative,Negative
"Hi cognospere! I really like your game, but sadly, I have a complaint. I've pre-registered my account and played it for a while, but after an update, all of my data suddenly got erased🙃 and I had to start all over. By any chance, can the data be recovered? Because in my original data/account, I already had S rank characters. It's a shame if I have to start from zero. How do I know the data was lost? Because my pre-registration gift is still intact in the mail when I logged in again.",hi cognospere really like your but sadly have complaint ive preregistered my account and played for while but after an update all of my data suddenly got erased and had start all over by any chance can the data be recovered because my original dataaccount already had rank characters its shame if have start from zero how know the data was lost because my preregistration gift is still intact the mail when logged again,Negative,Negative
Tadinya bisa di mainin sekarang tidak kompetibel,mainin tidak kompetibel,Negative,Negative
"battle area terlalu sempit ,terlalu banyak pondasi - pondasi bangunan, sehingga pada saat posisi agen dan hollow berada dekat tembok ,aksi battle tertutup ,terus misi bangboo dalam layar seperti tv jadul itu kebanyakan (membosankan) . battle efek dan aksi agen memang lebih lincah tetapi efek battle keseluruhan masih lebih baik battle dari honkai impact 3rd",battle area sempit pondasi pondasi bangun posisi agen hollow tembok aksi battle tutup misi bangboo layar tv jadul banyak bosan battle efek aksi agen lincah efek battle battle honkai impact rd,Negative,Negative
"Sejauh ini sangat bagus, tetapi agak sedikit ngelag ketika membuka pintu dan ketika sedang di mode tidak bertarung. TV Mode kalau bisa dikurangi agar tidak bosan dan cepat mengantuk ketika sedang dimainkan. Jangan terlalu sering update agar tidak memenuhi penyimpanan device",bagus ngelag buka pintu mode tidak tarung tv mode rang tidak bosan cepat antuk main jangan update tidak penuh simpan device,Negative,Negative
Setelah update kenapa jadi sering force close ya?,update force close,Negative,Negative
"game sampahh, gacha ga masuk akal bisa bisanya kalah rate off di banner W-Engine?? aku butuh kompensasi 14k polychrome",sampahh gacha tidak akal bisa kalah rate off banner wengine butuh kompensasi polychrome,Negative,Negative
"woi kenapa akun hoyo gw tiba2 ilang anjeng padahal gaada notifikasi ganti/unbind akun. ITU GW UDAH BUILD JANE DOE AMA ELLEN NYA ANJENG..!! MANA UDAH INTERKNOT 50 PULA!! dicek uid lewat akun temen juga masih ada padahal. lu klo trouble jangan gini lah,ni kenapa tiba-tiba malah muncul notif 'akun tidak terdaftar' padahal di email gaada pemberitahuan samsek.",woi akun hoyo hilang anjeng tidak notifikasi gantiunbind akun build jane doe ellen anjeng interknot cek uid akun teman trouble jangan lahni tibatiba muncul notif akun tidak daftar email tidak pemberitahuan samsek,Negative,Negative
Ubsolute cinema,ubsolute cema,Negative,Negative
"Game ampas gacha taik, pity gak ngotak hard terus, game kikir",ampas gacha tahi pity tidak ngotak hard kikir,Negative,Negative
Nih game bagus cuman sayang berat banget wak itu loh grafik detail latar belakangnya kayak pake medium anjir gak bisa di atur kayak hsr padahal di hsr gw lancar soalnya latarnya gw burikin banget jadi saran gw cuman Adain grafik sangat rendah buat latar belakang tempat,bagus cuman sayang berat wak loh grafik detail latar belakang pakai medium anjir tidak atur hsr hsr lancar latar burikin saran cuman ada grafik rendah latar,Negative,Negative
tolong saya penguna helio g85 dpt 20fps an kadnag drop pliss untuk optimalkan lagi sya pengen main,tolong penguna hio tidak fps an kadnag drop pliss optimal pengin,Negative,Negative
"sangat berat di hp saya, pas login layar sangat patah patah",berat hp pas login layar patah patah,Negative,Negative
"Akhirnya mode tv ilang, saran kalo bisa hollow zero yang bunga di ilangin mode tv-nya males banget main hollow zero kalo masih ada mode tv dan kalo bisa bossnya jangan susah"" kasian yang baru main harus nunggu waktu lama biar bisa kelar mode hollownya, terima kasih.",mode tv hilang saran hollow zero bunga ilangin mode tvnya malas hollow zero mode tv bossnya jangan susah kasihan tunggu waktu biar kelar mode hollownya terima kasih,Negative,Negative
game ini ngga rekomendasi untuk hp di bawah prosesor heliog99 karnah game nya cukup berat tapi alur cerita nya baguss,tidak rekomendasi hp prosesor heliog karnah berat alur cerita bagus,Negative,Negative
"Rate off mulu ah capek, g pernah menang rate off",rate off mulu ah capek tidak menang rate off,Negative,Negative
"Semalem main tapi ketiduran dan pas bangun hp mati, pas buka game nya lagi akun udah logout dan pas mau login malah ada tulisan ""terlalu banyak permintaan, silahkan coba lagi dalam beberapa saat"" Nunggu satu jam dua jam masih gak bisa, tapi pas di coba login di laptop teman itu bisa tanpa masalah",semalem tidur pas bangun hp mati pas buka akun logout pas login tulis minta sila coba tunggu jam jam tidak pas coba login laptop teman tanpa,Negative,Negative
Peak Update,peak update,Negative,Negative
Optimalisasinya lebih di tingkatkan lagi biar bisa lebih banyak mencakup hp kentang hehehe,optimalisasi tingkat biar cakup hp kentang hehehe,Negative,Negative
"Game zzzzzzzzzzzzzzzzzzz Tolong dioptimalkan untuk device menengah, device saya bermain game hoyo yang lain di grafik medium tidak ada masalah tapi di zzz ini lag banget untuk grafik low, semoga kedepannya performa meningkat",tolong optimal device tengah device main hoyo grafik medium tidak lag grafik low moga depan performa tingkat,Negative,Negative
Kenapa gak ada fitur matiin bayangan ngelag boss mending buat fitur itu dulu dah dari pada buat karakter yang tobrut tobrut,tidak fitur matiin bayang ngelag bos mending fitur deh karakter tobrut tobrut,Negative,Negative
Komputer nya di hapus aja buang buang waktu kalo itu,komputer hapus buang buang waktu,Negative,Negative
dipaksa pensi sama device,paksa pensi device,Negative,Negative
Lumayan,lumayan,Negative,Negative
"Sejak di update jadi sering frame drop padahal sudah nurunin grafik ke paling rendah, dan masih terjadi frame drop dan itu sangat mengganggu, hp saya poco x6 pro.",update frame drop nurunin grafik rendah frame drop ganggu hp poco pro,Negative,Negative
"KNP GACHA NYA BAUK BGT SIH, masa dri saya awal main ga pernah hoki, dan juga tolong kurangin mode TV itu membuat saya pusing,mual,dan bosan",gacha bauk tidak hoki tolong kurang mode tv pusingmualdan bosan,Negative,Negative
"Maaf saya turunin bintang nya 🙏 Tolong untuk rate gacha nya diperbaiki, masa harus selalu diatas 80an gacha biar dapat karakter limited rank S ditambah lagi selalu rate off, jadi harus ngumpulin total 160an gacha lebih untuk mengambil karakter limited rank S. dari semua game hoyoverse cuman zzz yang rate gacha nya paling parah, kalau kayak gini terus auto pensi main ini game mau koleksi karakter aja susah",maaf turunin bintang tolong rate gacha baik atas an gacha biar karakter limited rank tambah rate off ngumpulin total an gacha ambil karakter limited rank hoyoverse cuman rate gacha parah auto pensi koleksi karakter susah,Negative,Negative
"Developer tolong , pas udah download , dalemnya kenapa download lagi dan gak bisa download , padahal saya ram masih banyak kenapa gak bisa di download dalemannya ya , tolong developer di coba lagi...... Udah saya hapus semua app yang saya punya tapi tetap gak bisa.... Tolong developer",developer tolong pas download dalem download tidak download ram tidak download dalem tolong developer coba hapus app tidak tolong developer,Negative,Negative
cukup tw,tau,Negative,Negative
"Nggak masuk akal susah banget game nya, ngebuild karakter sih sebenarnya masih gampang gampang aja tapi kalok pas mau ngerjain quest susah banget sumpah........ 😭😭😭😭😭😭, sistim gacha nya juga ngg ngotak banget, udah sih itu doang. sebenarnya game nya bagus aku suka tapi ya itu agak susah di mekanik nya aja, Oh iya ini game ""PAY TO WIN"" ya Btw... Jadi nggak usah berharap lebih...😁",tidak akal susah ngebuild karakter gampang gampang pas ngerjain quest susah sumpah sistim gacha tidak ngotak doang bagus suka susah mekanik oh iya pay win btw tidak harap,Negative,Negative
Game baik banget asli dah cobain klo gk percaya🤩🤩🤩,asli deh coba tidak percaya,Negative,Negative
sumpah jan di download game kikir,sumpah jangan download kikir,Negative,Negative
"Game ampas gk jelas, dikit dikit update, dikit dikit update, mo maen aja ribet",ampas tidak dikit dikit update dikit dikit update ribet,Negative,Negative
Game apaan ini!!!!!!! Sumpah satisfying bet combat nya gila... Combat nya terlalu bagus.,sumpah satisfying combat gila combat bagus,Negative,Negative
"Setelah update jadi ngelag sampai nge crash, padahal sebelum update masih lancar",update ngelag nge crash update lancar,Negative,Negative
ga kompe,tidak kompe,Negative,Negative
"Update versi1.4.0 kok sekarang sering patah²?, padahal versi sebelumnya aman ,main high 60fps / 30fps lancar, sekarang main di setting 30fps/60fps patah² drop fps 😑",update versi patah versi aman high fps fps lancar setting fpsfps patah drop fps,Negative,Negative
Game nya bagus aja kok ini tuj game buat orang yang menikmati cerita blok bukan game yang terfokus Kombat dong blok Dan juga buat orang orang yang bilang ni game susah itu berarti lo aja yg botttttttt 😝,bagus tuj nikmat cerita blok bukan fokus kombat blok bilang susah lo bot,Negative,Negative
Tolong la Developer perbaiki sistem login gem nya menurut saya login ke gem nya terlalu lama banyak banget yang harus di download sebelum masuk ke genya khusus update terbaru Zenless Zone zero kali ini dalam update V 1.4,tolong developer baik sistem login gem login gem download genya update baru zenless zone zero update,Negative,Negative
"Baru aja main nih game, gacha chara miyabi eh langsung dapet😂, aseli semenjak dapat tuh chara, nih game jdi mudah banget🤤",gacha chara miyabi eh aseli semenjak tuh chara mudah,Negative,Negative
Gachanya ampas selalu dapet pity besar trus gak pernah hoki main ni game,gachanya ampas pity tidak hoki,Negative,Negative
"Game hoyo memang bagus-bagus, cuma untuk zzz kali ini memang agak susah dari ui nya karena mungkin saya memang belum terbiasa(salah satunya quest,build char), berbeda dengan hsr dan gi yang bisa langsung saya pahami tidak membutuhkan waktu lama. lalu terkadang saya memiliki masalah perihal login, saya adalah orang yang suka hapus dowload game, saat saya ingin login hsr menggunakan akun x, entah mengapa selalu susah login padahal saya sudah memasukan usn dn pasword yang benar.",hoyo bagusbagus susah ui belum terbiasasalah satu questbuild char beda hsr gi paham tidak butuh waktu terkadang milik perihal login suka hapus dowload login hsr akun susah login pasu usn pasword,Negative,Negative
1.4 is beyond absolute cinema. Big improvement for all aspect. Thanks for adding dating simulator.,is beyond absolute cema big improvement for all aspect thanks for adding dating simulator,Negative,Negative
"Chipset naga 8** serasa jadi hp kentang main ini game jir lah. B5 aja dah, Aku setia nunggu optimalisasinya sambil nabung buat beli hp baru",chipset naga serasa hp kentang jir deh setia tunggu optimalisasi nabung beli hp,Negative,Negative
"Tolong di evaluasi rate gachanya, 3 kali berturut - turut hard pity (75+) semuanya rate off dan perlu hard pity lagi untuk mendapatkan agen B5 limited, saya merasa setelah update versi 1.2 rate gachanya rusak.",tolong evaluasi rate gachanya hard pity rate off hard pity agen limited update versi rate gachanya rusak,Negative,Negative
"Diawal rilis optimalisasinya sangat buruk, sering frame drop dan bikin hp panas bgt, sekarang sudah improve optimalisasi nya jadi udh gk frame drop lgi dan bisa dimainkan dengan nyaman",awal rilis optimalisasi buruk frame drop bikin hp panas improve optimalisasi tidak frame drop main nyaman,Negative,Negative
Please fix your bug. kenapa sehabis update game ini selalu lag,please fix your bug habis update lag,Negative,Negative
Good job mode tv turu udah ilang. Tinggal kedepannya semoga untuk mobile lebih dioptimasi lagi.,good job mode tv turu hilang tinggal depan moga mobile dioptimasi,Negative,Negative
Ga bisa login selalu coba saat lagi,tidak login coba,Negative,Negative
"RNG gacha di game ini sangat busuk, menyiapkan 25K polychorme hanya untuk mendapatkan karakter saja, selalu dapet rate off dan pity sangat tinggi di setiap versi. Saya bermain dari awal versi dan gacha saya selalu buruk dan saya sangat kecewa sekali tidak ada rasa yang menyenangkan bermain game ini. keinginan untuk mendapatkan w-engine signature tidak pernah terlaksana karena polychorme sudah habis duluan karena gacha karakter yang terlalu mahal untuk di dapat.",rng gacha busuk polychorme karakter rate off pity tinggi versi main versi gacha buruk kecewa tidak senang main wengine signature tidak laksana polychorme habis duluan gacha karakter mahal,Negative,Negative
"dari segi animasi, visual, dan penggambaran dari karakternya bagus, animasi nya juga seakan akan hidup, banyak banget yang gerakannya hidup, ga kayak genshin...",segi animasi visual gambar karakter bagus animasi akan hidup gera hidup tidak genshin,Negative,Negative
"Ayo lah tolonglah GACHANYA dibuat bersahabat masa 2 banner berturut turut rate off MIKIRLAH w udh ikutin dari zaman honkai>genshin>hsr gak pernah sekecewa ini sama gachanya, kalau kalian pikir memberi kompensasi di pikir cukup? Gak bakal",ayo tolong gachanya sahabat banner rate off mikirlah ikut zaman honkaigenshinhsr tidak kecewa gachanya pikir kompensasi pikir tidak,Negative,Negative
gacha ampas.,gacha ampas,Negative,Negative
YEY MODE TV DI GANTI HOREEEE,yey mode tv ganti hore,Negative,Negative
"Dari awal game ampe sekarang, gacha w busuk mulu njer, selalu kalah 50/50 dan gitu di hard pity lagi, gk kek sodaranya yang lain, gacha enak-enak aja kadang bagus kadang ngak biasa, lah ini selalu kalah hard pity bikin males maen lagi njer. RNGnya parah dah ini '-')",gacha busuk mulu njer kalah hard pity tidak sodaranya gacha enakenak kadang bagus kadang tidak kalah hard pity bikin malas njer rngnya parah deh,Negative,Negative
Yang bilang game nya susah blablabla... Fix kalian itu skill issue 😹 Mending maen Balatro aja sana 😹,bilang susah blablabla fix skill issue mending balatro,Negative,Negative
"ga kompatibel lagi woilah, makin update makin g kompatibel😭😭",tidak kompatibel woilah update tidak kompatibel,Negative,Negative
"Setelah update 1.4 Udh enggak bisa liat bagian bawah karakter lagi, bintang 1 otw Uninstall...",update karakter bintang otw uninstall,Negative,Negative
Rata kanan.. No celah. Btw yg bilang gamenya susah ingatlah SKILL ISSUEEE WLEEE,rata kanan no celah btw bilang susah ingat skill issue wle,Negative,Negative
Mendingan ini dari genshin,mending genshin,Negative,Negative
Tolong diperkecil Size Ruang gem nya Ini terlalu berat sampe 30 GB.,tolong kecil size ruang gem berat gb,Negative,Negative
Walau sistem gacha nya ampas kaya gamenya yang lain tapi storynya bagus,sistem gacha ampas storynya bagus,Negative,Negative
Kenapa aku gak bisa masuk padahal aku dah hapus beberapa game sampai penyimpanan 57.7 GB apa masih kurang,tidak deh hapus simpan gb kurang,Negative,Negative
"Setiap cutscene agak lag, tapi gpp",cutscene lag tidak apa,Negative,Negative
Worth it lah 10 gb buat ngerender susu 😋😋😋,worth gb ngerender susu,Negative,Negative
Makin zeru aja nih game bikin ketagihan,zeru bikin tagih,Negative,Negative
Ampas bnget Gacha nya :v,ampas gacha,Negative,Negative
"Kalo ada orang yg bilang menang rate off jangan percaya, itu mitos",bilang menang rate off jangan percaya mitos,Negative,Negative
bug GK bisa download di hp Poco m5,bug tidak download hp poco,Negative,Negative
"Dari awal game nya rilis, pas gacha zonk terus, harus menghabiskan 80x gacha dulu baru dapet karakter yang S, itu juga dapet g sesuai dengan karakter yg di banner. Sudah coba tanya CS bilangnya persentase rate gacha nya random udah di atur sistem, masa iya dari awal rilis sampai sekarang rate gacha di akun saya selalu rendah, harus / wajib menghabiskan 80x gacha baru dapet karakter S. Tolong untuk tim dev untuk bisa di perbaiki permasalahan nya.",rilis pas gacha zonk habis gacha karakter tidak sesuai karakter banner coba cs bilang persentase rate gacha random atur sistem iya rilis rate gacha akun rendah wajib habis gacha karakter tolong tim dev baik masalah,Negative,Negative
Updatean baru malah makin parah lagging gk jelas padhal spek lumayan snap gen1 8gb,updatean parah lagging tidak padhal spek lumayan snap gen gb,Negative,Negative
Serius gacha nya harus hard pity terus?,serius gacha hard pity,Negative,Negative
"Optimasi di HP jelek banget, sering framedrop semenjan update Outer Ring kalo gak salah. Patch awal padahal lancar loh.",optimasi hp jelek framedrop semenjan update outer ring tidak salah patch lancar loh,Negative,Negative
Kok tidak bisa diupdate ke versi terbaru padahal sudah didownload dan tertulis aplikasi tidak kompatibel. Tolong buat aplikasi kompatibel di hp saya (oppo a78),tidak diupdate versi baru didownload tulis aplikasi tidak kompatibel tolong aplikasi kompatibel hp oppo,Negative,Negative
Kalo menang rate of miyabi aku kasih bintang 5,menang rate of miyabi kasih bintang,Negative,Negative
Nice... game simple.. ngedaily.pun gk ribet..,nice simple ngedailypun tidak ribet,Negative,Negative
"Aku akan terus mengikuti kalian, hoyoverse.",ikut hoyoverse,Negative,Negative
Okelah gw dpt menang rate off 3×😁☝🏼,oke menang rate off,Negative,Negative
"Improve banget dari genshin dan hsr, animasinya mulus bet sama mekanik combat yang gak bosenin, masalahnya paling cuma di storagenya aja yang agak besar.",improve genshin hsr animasi mulus mekanik combat tidak bosan storagenya,Negative,Negative
"TOLONG DONG ADMIN, ITU YANG KASIH KOMENTAR NEGATIVE DIMUSNAHKAN SAJA. MEREKA GAK LAYAK BUAT MAININ INI GIM.",tolong admin kasih komentar negative musnah tidak layak mainin gim,Negative,Negative
Batrenya durasi di persingkat dan banyakin misi dan quest dong,batrenya durasi singkat banyak misi quest,Negative,Negative
kembali suara sukaku yang baru terlalu buruk,suara suka buruk,Negative,Negative
"Good game..!!! Menurut gw juga mode TV tuh buat seimbangin saat santai sama pas battle sih, jadi ada ciri khasnya yang pasti beda sama yang lain.. Yang koar² buat hapus mode TV mah emang gatau ciri khasnya suatu game alias KARBIT, gacuma asal klem doang pengertiannya.. tapi juga cuma ikut²an fomo doang wkwk Kritik gw paling cuma sekedar gacha aja, terlalu gimana gitu 😂",good mode tv tuh seimbangin santai pas battle ciri khas beda koar hapus mode tv mah tidak tau ciri khas alias karbit gacuma klem doang erti ikut fomo doang wkwk kritik dar gacha,Negative,Negative
"game nya seru dan asik, dari segi cerita, grafik, VA, subtitle, animasi, dll itu sudah bagus dan memuaskan. Saya juga belum pernah menemukan bug"" juga. saran dari saya sih utk dapetin bahan"" utk upgrade karakter/w-engine/skill di permudah karena saya merasa agak pelit soalnya ada batre yg isinya lama ditambah bahan yg didapatkan hanya sedikit jadi makin lama. Sama perbanyak event berhadiah polychrome supaya rajin gacha wkwk. Satu lagi mode explore yang TV"" itu sangat membosankan bagi saya.",seru asik segi cerita grafik va subtitle animasi dll bagus muas belum temu bug saran bahan upgrade karakterwengineskill mudah pelit batre isi tambah bahan dapat banyak event hadiah polychrome rajin gacha wkwk mode explore tv bosan,Negative,Negative
nyoba ah,coba ah,Negative,Negative
"tolong hapus bagian tv nya, mode gak jelas. padahal kota sama dungeon view nya bagu2 ngapain explorasi di tv.",tolong hapus tv mode tidak kota dungeon view bagu explorasi tv,Negative,Negative
"gamenya seru banget bro rekomendasi buat lu yang nyari game rpg!, ( ͡° ͜ʖ ͡°)ᵇᵗʷ bansosnya banyakin lgi donk",seru bro rekomendasi cari rpg bansosnya banyak,Negative,Negative
Why kok gak bisa login ????.... lagi eror severnya ? Atau gimana.... ah elah,why tidak login eror severnya ah elah,Negative,Negative
Tolong benerin dulu karena setiap main ngecrash melulu tolong ya,tolong benerin ngecrash melulu tolong,Negative,Negative
TOLONG YAA HILANGKAN MODE TV GAK GUNA ITUUUUU 🤮🤮🤮🤮🤮,tolong hilang mode tv tidak,Negative,Negative
Gatau dah kalo masuk menu gacha langsung nge hang( sudah fixed ),tidak tau deh menu gacha nge hang fixed,Negative,Negative
Saat saya mau main ini malah ke uninstall saat mau download lagi gak bisa,uninstall download tidak,Negative,Negative
Tolong update agar suport ram 4 gb🙏,tolong update suport ram gb,Negative,Negative
"Gem baik, tapi agak kurang optimal",gem kurang optimal,Negative,Negative
Gila sekali download 22Gb 😁,gila download gb,Negative,Negative
"Still not optimal,it's always force close in the middle of the game,even if my phone is compatible,it's still not comfortable enough to play,plz more Optimization.",still not optimalits always force close the middle of the gameeven if my phone is compatibleits still not comfortable enough playplz more optimization,Negative,Negative
"Hallo developer, saya sangat menikmati bermain game zenless zone zero dari 1.0-1.3 dikarenakan dari segi visual, grafik, dan gameplay sangat menarik, ada juga events seru tak kalah menyenangkan,saya sebagai player zenless zone zero berdoa semoga game ini terus maju memberikan kesan yang luar biasa kepada pemain lain, dan sekian terimakasih!!untuk developer",developer nikmat main zenless zone zero segi visual grafik gameplay tarik events seru tak kalah menyenangkansaya player zenless zone zero doa moga maju kesan main sekian terimakasihuntuk developer,Negative,Negative
Memanjakan mata😁,manja,Negative,Negative
"semoga developer membaca ini. saya berharap game zenless zone zero ini mendapatkan optimalisasi untuk device yang spesifikasi rendah, seperti yang dilakukan kurogames kepada wuthering waves, saat wuthering waves pertama kali rilis gamenya sangat berat dan tidak bisa dijalankan dengan lancar, tapi setiap update optimalisasi nya semakin baik hingga tidak ada kendala apapun seperti nge-frame atau bug. saya harap developer melakukan optimalisasi yang sama kepada zenless zone zero ini. terimakasih.",moga developer baca harap zenless zone zero optimalisasi device spesifikasi rendah kurogames wuthering waves wuthering waves rilis berat tidak jalan lancar update optimalisasi tidak kendala apa ngeframe bug harap developer optimalisasi zenless zone zero terimakasih,Negative,Negative
Sulit di mainkan bahkan membingungkan,sulit main bingung,Negative,Negative
"APASIH GAME GAJE, AKU MASUK AJA KELUAR LAGI, ANEH GAME INI,DAN JUGA NGELAG NGELAG, GAME GK GUNA!, BAIKAN LAH GAME INI SUPAYA GK NGELAG LAGI,, ADUHH!!.",apasih tidak aneh inidan ngelag ngelag tidak baik tidak ngelag aduh,Negative,Negative
"The Best Geme 💅🏻 Btw kalau bisa, tambahkan alur cerita setiap karakter kyk Von Lycoan itu masih ada beberapa cerita yg kosong, saran di tambah lagi biar ga cpt bosen min",the best geme btw tambah alur cerita karakter von lycoan cerita kosong saran biar tidak cepat bosan min,Negative,Negative
"Please hoyoverse jangan dibatasi mapnya, padahal universenya udah bagus, gw yakin bnyak juga yg pengen explore tempat2 kyak di genshin",please hoyoverse jangan batas map universenya bagus pengin explore genshin,Negative,Negative
"Gg banget game seru parah hp ku aja gak ngelag yaitu iqoo 13 snapdragon 8 elite, 144 FPS, game lancar, amoled, stereo speaker, 120 watt, IP68/69, ufs 4.0",tidak seru parah hp ku tidak ngelag iqoo snapdragon elite fps lancar amoled stereo speaker watt ip ufs,Negative,Negative
"server autis selalu aja ada ""terlalu banyak permintaan coba lagi setelah beberapa saat"" game rusak tidak optimal sama seperti game terdahulu nya ""Genshin impact"" sama sama masalah di server saat login",server autis minta coba rusak tidak optimal genshin impact server login,Negative,Negative
Saya memberi bintang 2 karena zenless zone zero tidak kompatibel di hp redmi note,bintang zenless zone zero tidak kompatibel hp redmi note,Negative,Negative
"Download 10Gb lebih unlock 60 fps ga frame drop gak black screen, dikota apa lagi gacha, tapiiiii settingan graphic rata kanan full hd KOK MASIH BURAM SEPERTI TIDAK HD GIMANA INI HEYYYY, balik main lagi + top up klo udh di benerin kaya di PC 🥲",download gb unlock fps tidak frame drop tidak black screen kota gacha settingan graphic rata kanan full hd buram tidak hd hey top up benerin pc,Negative,Negative
"Dengan digantinya mode TV pada game ini, hilang sudah ciri khas game ini",ganti mode tv hilang ciri khas,Negative,Negative
"Game 20Gb an Tpi Gameplay Boring,Alurnya Juga Rada Gajelas Jirr, Adegan Fightingnya Gitu² aja,Banyak Scene Ngomong² doang Jirr, boring Banget Setiap Gw Main Ni Game, Kdang Juga Ada Bug Seperti Bug Jaringan,Kdang Tiba² Merah Trus,Pdhl Yaa Jaringan Gw Lancar2 ae, Tolong Lah Dev Perbanyakin Adegan Figtingnya, Udah Gitu Doang Aja",gb an gameplay boringalurnya rada tidak anjir adegan fightingnya ajabanyak scene omong doang anjir boring kadang bug bug jaringankdang merah truspdhl jaring lancar tolong dev perbanyakin adegan figtingnya doang,Negative,Negative
"Udah bagus,game nya lancar.untuk update berikutnya tolong adakan event ganti main character dong,soal nya akun udah bagus mlh gk bisa nge-harem karena pilih main character cewek",bagusgame lancaruntuk update tolong adakan event ganti character dongsoal akun bagus tidak ngeharem pilih character cewek,Negative,Negative
Tolong banget kalau ngepull agen limited tolong rate nya di kasi tinggi la atu di jamin dapat kalau cuma 50% kan kasian buat player gratis kalau dah di pull tapi kalau Rate.oke makasi,tolong ngepull agen limited tolong rate kasih tinggi jamin kasihan player gratis deh pull rateoke terima kasih,Negative,Negative
Saya bagi bintang 4 karena belum pernah main masuknya lama,bintang belum masuk,Negative,Negative
"Kenapa sekarang malah gabisa jalan ya game nya di hp ku, padahal sebelumnya bisa. . Stuck di black screen nih ketika baru mau pencet game nya. . Padahal demen bgt main ini game",tidak jalan hp ku stuck black screen pencet demen,Negative,Negative
"Sejauh ini belum ketemu bug sama sekali,sudah optimal di hp,combatnya saya suka,kalo ditambah mode pvp mungkin tambah seru, untuk ui nya agak kurang suka sih,untuk mode puzzle tv kadang² saya bosen",belum ketemu bug sekalisudah optimal hpcombatnya sukakalo tambah mode pvp seru ui kurang suka sihuntuk mode puzzle tv kadang bosan,Positive,Negative
"Optimalisasi di PC sudah bagus tidak ada kendala, Hanya saja untuk perangkat Mobile/Handphone dengan spek rekomendasi bukan minimum lagi masih mengalami lag , buffrting,freeze & crash tolong segera diperbaiki agar lebih nyaman terima kasih ,dan untuk sistem gachanya ini parah sekali ini masa kena high pity trs+seringnya lost 50/50",optimalisasi pc bagus tidak kendala perangkat mobilehandphone spek rekomendasi bukan minimum alami lag buffrtingfreeze crash tolong baik nyaman terima kasih sistem gachanya parah high pity trsseringnya lost,Negative,Negative
Game sangat bau,bau,Negative,Negative
tolong diperbaiki lagi. untuk bermain di hp dengan chipset snapdragon 888+ masih nge lag. padahal sebelumnya lancar lancar saja.,tolong baik main hp chipset snapdragon nge lag lancar lancar,Negative,Negative
"DEVELOPER, INI KENAPA GAME NYA PAS SAYA MAININ MALAH SUKA ILANG SINYAL MULU SIH?!?!?! PADAHAL WIFI RUMAH SAYA KENCENG, BUKA YUTUB SAMA MEDSOS LANCAR JAYA TAPI KENAPA MAIN INI GAME MALAH PUTUS NYAMBUNG MULU SIH?!?!?! USER EXPERIENCE BERKURANG 100 INI!!!!!!!",developer pas mainin suka hilang sinyal mulu wifi rumah kencang buka yutub medsos lancar jaya putus sambung mulu user experience kurang,Negative,Negative
"Tolong dung, untuk fix Black screen. Di hp saya yang satunya yang spek lumayan, pas mau download data di awal itu Black screen mana ga ada logo zzz nya",tolong fix black screen hp satu spek lumayan pas download data black screen tidak logo,Negative,Negative
"Rate ghacanya tolong di tambahin lagi, parah rate ghaca kecil pitynya terlalu besar",rate ghacanya tolong tambah parah rate ghaca pitynya,Negative,Negative
"jarang main sih, jadi belum nemu kekurangan, sekian",jarang belum nemu kurang sekian,Negative,Negative
"Halo saya kasih bintang satu karena saya tidak bisa login untuk bermain, sebenarnya kemarin bisa main lancar banget tapi besok nya GK bisa login tulisannya jaringan eror padahal jaringan saya lancar saya udah ganti jaringan berkali kali tapi tetap GK bisa login tolong diperbaiki",kasih bintang tidak login main kemarin lancar besok tidak login tulis jaring eror jaring lancar ganti jaring kali tidak login tolong baik,Negative,Negative
"Menurutku battle speed game ini terlalu cepat, gerakannya terlihat tidak karuan dan tergesah-gesah...hanya efek slash/hit aja yg menonjol saking cepat gerakannya, combo basic attack untuk kebanyakan karakter cukup sulit karena perpindahan tahap attacknya yang terlalu cepat. Saran coba devnya maen di gerakan 0,5 atau 0.75 deh menurutku jika dikurangi hingga 0.5 lebih puas liat gerakan pukulan-pukulan dan gerakan karakternya . Jika ini diterapkan solusinya adalah musuhnya di kurangi max HPnya.",turut battle speed cepat gera tidak karuan tergesahgesahhanya efek slashhit tonjol saking cepat gera combo basic attack banyak karakter sulit pindah tahap attacknya cepat saran coba devnya gera deh turut rang puas gera pukulanpukulan gera karakter terap solusi musuh kurang max hpnya,Negative,Negative
Nooo udah ga kompetable lagi di hpku,no tidak kompetable hpku,Negative,Negative
"Ini game bagus, yg ga ngerti cara mainya dan ga mau baca sedikit aja penjelasan sistem game nya, norak!!. Yg bilang banyak cerita dri pada combat nya, ga bisa baca sistem game nya! Norakkk kalii. Baca dlu mba mas. Greget gua sama orang kek gitu.",bagus tidak erti mai tidak baca jelas sistem norak bilang cerita combat tidak baca sistem norak baca mbak mas greget gua,Negative,Negative
"Halo defeloper,krn kalian suka dengan stat def jadi saya panggil seperti itu. Tolong ya,kurangi persentase perolehan stat def flat di substats. Jangan karena hal ini,saya jadi uninstall zzz seperti genshin. Ok def itu penting tapi untuk apa saya pull char attacker jika substats dis nya selalu muncul def dan ketika di upgrade yg naik juga selalu def. Jangan ya defeloper,saya masih baik ini loh.",defeloperkrn suka stat def panggil tolong yakurangi persentase oleh stat def flat substats jangan inisaya uninstall genshin ok def pull char attacker substats dis muncul def upgrade def jangan defelopersaya loh,Negative,Negative
Update yang terlalu besar sehingga buat para pemilik HP kentang tidak bisa memainkannya lagi,update milik hp kentang tidak main,Negative,Negative
"abis beli bundle selamat datang di eridu tapi gbisa krena google play nya error, eh tau² duit gw kesedot, yg awal udh di refund, pas beli kedua sama ketiga kali google play nya error juga tapi duit gw ga di refund, gatau itu bug atau apaan tapi tolong diperbaiki, ga suka gw bgini",habis beli bundle selamat eridu gbisa google play error eh tau duit sedot refund pas beli tiga google play error duit tidak refund tidak tau bug tolong baik tidak suka,Negative,Negative
Game nya lumayan lah👿,lumayan,Negative,Negative
"donwload ini biar dpet z3m dri game sbelah🥴 login nya lama+blom dpet z3m, pdhl Syarat ny cuma dowload dan main aj, tp blom dpet"".nnti kll dpt bru ku naikin rat ny",donwload biar dpet zm belah login lamablom dpet zm syarat dowload belum dpetnnti ku naikin rat,Negative,Negative
Yang benar saja masa gameplay tv mau dihapus? Haloo dev.. Tolong ya tv itu tu yg jd ciri khas zzz kalo kau mau hapus mending hapus juga tu mc wise sama belle.. Memang membosankan TAPII PLISS jangan dihilangkan. Setidaknya bikin pergerakan tv nya jadi lebih cepat. Krn yg bikin orang-orang tidak sukai itu jalannya bangboo di tv itu lambat.,gameplay tv hapus haloo dev tolong tv ciri khas kau hapus mending hapus mc wise belle bosan pliss jangan hilang bikin gera tv cepat bikin orangorang tidak suka jalan bangboo tv lambat,Negative,Negative
"Game nya bagus secara cerita dan gameplay dan buat kalian yang tolol soal bosen gameplaynya begitu gitu aja mikir ya ini game julukannya proxy ngentod lu tau proxy ga anjeng sumpah emosi gua cok baca komen b1 masalahin soal bosen monitor lu kl ga mau liatin monitor ya jangan main game tentang proxy jembut padahal dr awal main ada tulisannya ""PROXY LEGENDARIS"" bodo makannya baca ngentoood di tentang game itu baca asuuuu lu itu jadi proxy jembooot lu tau proxy ga si anak poke SDM rendah!!!!",bagus cerita gameplay tolol bosan gameplaynya mikir juluk proxy ngentod tau proxy tidak anjeng sumpah emosi gua cok baca komen masalahin bosan monitor tidak lihat monitor jangan proxy jembut tulis proxy legendaris bodo makan baca ngentod baca asu proxy jembot tau proxy tidak anak poke sdm rendah,Negative,Negative
kikir nih game tiap rate off terus aja rate off ga pernah menang sama kaya genshin di awal awal rilis,kikir rate off rate off tidak menang genshin rilis,Negative,Negative
KASIH AJA HARD PITY TERUS. PADAHAL GUA SERING SPEND. DARI AWAL MAIN SAMPEK BANNER SKRNG GAADAAA WIN RATE OFFF 1X WIN AJA GAADA AMA SEKALI. MAKSUD LU PAAN SISTEM GACHA SEAMPAS INI. GAJELAS SISTEM GACHA LU HOYO. UDAH KENA HARD PITY TERUS GA PERNAH WIN. SISTEM GACHA AMPASSSSSSSSSSSSSSSS. CAPEK. EMNG DARI DULU SISTEM GACHA LU AMPAS GA DI GENSHIN. HSR. AMPASIN AJA SEMUA. UDAH MUAAKKKKKKKKKKKKK,kasih hard pity gua spend banner tidak win rate of win tidak paan sistem gacha ampas tidak sistem gacha hoyo hard pity tidak win sistem gacha ampas capek sistem gacha ampas tidak genshin hsr ampasin muaak,Negative,Negative
"Gua Mengalami Keseruan Di Dalam Game Ini, Lanjutkan Keramahan dan kemurahan hati mu Hoyo.☺🙏",gua alami seru lanjut ramah murah hati mu hoyo,Negative,Negative
"Untuk gameplay visual nya udah bagus banget, tpi untuk perfomance boleh bisa di turunin lagi gak biar gak lag frame drop Di tambah lagi buat menghadirkan fitur multiplayer di versi globalnya biar seru bisa main bareng bersama teman-teman ☺☺☺",gameplay visual bagus perfomance turunin tidak biar tidak lag frame drop hadir fitur multiplayer versi global biar seru bareng temanteman,Negative,Negative
Bintang empat dulu karena masih ada masalah optimalisasi jadi kadang-kadang frame sering drop seperti di lobi atau saat dialog jadi kepaksa dialog harus di skip selain dari itu bagus lah,bintang optimalisasi kadangkadang frame drop lobi dialog paksa dialog skip bagus,Negative,Negative
ku kira open world ternyata 😅,ku open world,Negative,Negative
Kenapa akun ku hilang nih Walah mau login lgi gak bisa lo malah ngulang,akun ku hilang walah login tidak lo ngulang,Negative,Negative
"Tolong dong buat karakter 4 star nya dibuat bisa di pake untuk jalan jalan seperti karakter 5 star, karna sebagai Billy fans saya agak kecewa setelah up afinitas ternyata cmn dapat wallpaper dan gak bisa pakai Billy untuk jalan jalan",tolong karakter star pakai jalan jalan karakter star billy fan kecewa up afinitas cuman wallpaper tidak pakai billy jalan jalan,Negative,Negative
"Tidak ada tombol sweep nya, farm membosankan ngulang-ngulang dalam pertarungan. Tolong tambahkan tombol sweep agar permudahkan pemain",tidak tombol sweep farm bosan ngulangngulang tarung tolong tambah tombol sweep mudah main,Negative,Negative
"Sebenarnya saya sangat menyukai konsep dari game ini, ada beberapa aspek yang membuatnya terasa berbeda dengan game lain, seperti gameplay teka-teki TVnya yang ikonik, cuman ada satu masalah yang fatal yaitu sepertinya game ini tidak bisa berjalan bila di instal di kartu sd card walaupun sd card tersebut telah memenuhi syarat untuk di sebut sebagai sd card khusus gaming. Ya saya sangat berharan hal ini bisa di selesaikan sih, karena sama saja anda suka tapi tidak bisa memainkannya.",suka konsep aspek buat beda gameplay tekateki tvnya ikonik cuman fatal tidak jalan instal kartu sd card sd card penuh syarat sd card gaming berharan selesai suka tidak main,Negative,Negative
Hilangkan mode tv gak ada seru serunya buang waktu banget gak guna klo ilangin saya kasih B5 ciri khas si ciri khas tapi jan tv ada kan yg lain TOLOL,hilang mode tv tidak seru seru buang waktu tidak ilangin kasih ciri khas ciri khas jangan tv tolol,Negative,Negative
"Overall sudah sangat bagus.... tapi tolong untuk pilihan karakternya ditambah karena hanya bisa pakai 3 karakter(caesar, belle, dan wise) sedangkan untuk karakter lain yang telah dimiliki tidak bisa dipakai, itu aja sih kurangnya",overall bagus tolong pilih karakter tambah pakai karaktercaesar belle wise karakter milik tidak pakai kurang,Negative,Negative
ada beberapa kendala yaitu saya tidak bisa login ke server/login padahal koneksi ku bagus,kendala tidak login serverlogin koneksi ku bagus,Negative,Negative
Saya harap kepada developer untuk lebih meng optimalisasi dalam performa terlebih lagi untuk hp yang ram nya di bawah 4gb,harap developer meng optimalisasi performa hp ram gb,Negative,Negative
"Semoga aku dapat yanagi, kalo tidak dapat saya uninstall lagi😡",moga yanagi tidak uninstall,Negative,Negative
Kebiasa aan game hoyoverse buat event kek anak Sd di suruh ngehitung bamboo lah Pasang puzzel domino Fitur skip nya gk bisa di pake di semua dialog tv nya bikin ngantuk,biasa aan hoyoverse event anak sd suruh ngehitung bamboo pasang puzzel domino fitur skip tidak pakai dialog tv bikin ngantuk,Negative,Negative
"Tolong tambah fitur hapus bahasa yang tidak terpakai, misa aku sudah download dub jepang nya jadi yang bahasa Inggris gak kepakai, malah Menuhin memori aja, moga saja kritik saya di terima",tolong fitur hapus bahasa tidak pakai misa download dub jepang bahasa inggris tidak pakai menuhin memori moga kritik terima,Negative,Negative
Seperti biasa Game hoyoverse tidak pernah mengecewakan🥰,hoyoverse tidak kecewa,Negative,Negative
Kenapa gacha saya ampas di gim hoyo? 😔,gacha ampas gim hoyo,Negative,Negative
"Walaupun sempat drop rate karena boom review, tapi gamenya tetap 5 star",drop rate boom review star,Negative,Negative
Saya sangat amat² kecewe dengan game ini dikarenakan akun zzz aaya hilang semenjak saya falum dari zzz dan ingin main lagi di hari ini udah tidak ada malah di suruh main baru,kecewe akun aaya hilang semenjak falum tidak suruh,Negative,Negative
"Untuk handphone saya poco m5s mediatek g95 ram 6 ini masih terlalu berat walau di setel ke grafik rendah 30 fps, saya berharap ZZZ bisa dibuat lebih ringan lagi seperi genshin impact. Genshin impact di handphone saya setingan grafik tertinggi 30fps enak enak aja.",handphone poco mediatek tidak ram berat setel grafik rendah fps harap ringan per genshin impact genshin impact handphone ting grafik tinggi fps,Negative,Negative
"Gameplaynya menarik, grafik bisalah di tingkatkan lagi, karakter yang bisa di bawa tolong di tambah lagi masa yang bisa di bawa yg karakter B5 cuma 2 saja, karakter B5 dari patch sebelumnya gak ada",gameplaynya tarik grafik bisa tingkat karakter bawa tolong bawa karakter karakter patch tidak,Negative,Negative
Perbanyak bansos,banyak bansos,Negative,Negative
"Gameplay nya epic, char badass, music2nya gw suka bgt👍 Minus di size nya yg cukup ngabisin memory hp, dan setiap update pasti gede bgt sizenya",gameplay epic char badass musicnya suka minus size ngabisin memory hp update gede sizenya,Negative,Negative
Tolong benarkan sistem gacha nya jangan pelit pelit lah masa game Honkai impact aja ga pelit dari sistem gacha nya tolong benarkan lagi untuk developer Game gacha tahun sekarang udah ga zaman pelit pelit gacha kalau mau rame game nya,tolong benar sistem gacha jangan pelit pelit honkai impact tidak pelit sistem gacha tolong benar developer gacha tahun tidak zaman pelit pelit gacha rame,Negative,Negative
Yang sering login gak bisa atau macet di login optimasi . Brrti devicemu aja yang kurang memadai . Di gua pc hp lancar2 aja . Dan untuk optimasi itu biar gamenya tetep bagus dan minim bug . Hadehh ngeluh mulu,login tidak macet login optimasi devicemu kurang pada gua pc hp lancar optimasi biar bagus minim bug hadehh ngeluh mulu,Negative,Negative
Poco x3 pro snapdragon 860 sering forclose lag saat battle Kurang optimal,poco pro snapdragon forclose lag battle kurang optimal,Negative,Negative
"Game monoton,bosan gw maen game gacha",monotonbosan gacha,Negative,Negative
"ga bisa download, padahal mau main",tidak download,Negative,Negative
KiNerja proses data game lambat dan sangat lama menunggunya Makan waktu 2 jam saya menunggu untuk dapat memULAI MAIN GAME INI.,kerja proses data lambat tunggu makan waktu jam tunggu,Negative,Negative
"BOI PAS MAU MASUK HARUS MELEWATI 7 GERBANG PEMBUKAAN LOADING YG LAMAAA BANGET, ion have a whole day just for u cuh 😭😭 gua udh nunggu kayak seharian buat login ini doang",boi pas lewat gerbang buka loading ion have whole day just for lu cuh gua tunggu hari login doang,Negative,Negative
TV BORING COK MLAH BKIN EVENT FULL TV KOPLLAK,tv boring cok bikin event full tv kopllak,Negative,Negative
game ampasssss gacha ampasss,ampas gacha ampas,Negative,Negative
"Saat ini ku kasih bintang 4 dulu,Tolong untuk di tambahin fitur hapus data yang udah ga perlu kaya di genshin biar memori ga kepenuhan",ku kasih bintang dulutolong tambah fitur hapus data tidak genshin biar memori tidak penuh,Negative,Negative
pengen banget kalo download nya padahal ini Hp baru dan sudah di Update sayang banget aku gak bisa download gak apa deh yang penting sudah kirim pesan email ke Hoyoverse biar dibenerin masalah nya makasih Hoyoverse Thanks Hoyoverse,pengin download hp update sayang tidak download tidak deh kirim pesan email hoyoverse biar dibenerin terima kasih hoyoverse thanks hoyoverse,Negative,Negative
"nah the fan service is just too much, BIG EW. Pergachaanya juga kek kotoran",the fan service is just too much big ew pergachaanya kotor,Negative,Negative
Stress. Ngasih stage kek orang idiot!!,stres asih stage idiot,Negative,Negative
Gatau g suka aja,tidak tau tidak suka,Negative,Negative
Ini game kalo gacha hoki nya susah bet ajg,gacha hoki susah ajg,Negative,Negative
Game pelit bang$4t karakter S 2 biji otaknya ampas smua,pelit karakter biji otak ampas,Negative,Negative
"Kenapa terkadang gabisa login, ada tulisan ""terlalu banyak percobaan, silahkan login kembali"" (kurang lebih seperti itu, dan kendala itu harus nunggu 1 hari waktu server baru bisa masuk kedalam gamenya,",terkadang tidak login tulis coba sila login kurang kendala tunggu waktu server dalam,Negative,Negative
Kikir game sampah aku gacha 100 kali di bener standar cuman dapat 1 ssr ngaco nih game udah size game 20gb ke atas kalo ga niat bagi bagi bilang deh buat nyusahin player gratisan,kikir sampah gacha standar cuman ssr aco size gb tidak niat bilang deh susah player gratis,Negative,Negative
Tidak bisa di HP saya HP saya poco m5 dan tidak bisa main game ini,tidak hp hp poco tidak,Negative,Negative
Aku mau bansos,bansos,Negative,Negative
"keseimbangan kekuatan antar agen nya cukup buruk, ditambah pergantian hero yang sangat menyulitkan karena tidak bisa spesifik, tidak ada fitur skip story, terlalu berat untuk ukuran game hack and slash, overall dengan kekurangan sebanyak itu gemnya masih layak untuk dimainkan, saya hanya bisa berharap semoga kedepannya tidak mengikuti jejak kakaknya hi3 yang dimana meta nya sangat rusak dan sangat p2w",imbang kuat agen buruk tambah ganti hero sulit tidak spesifik tidak fitur skip story berat ukur hack and slash overall kurang gemnya layak main harap moga depan tidak ikut jejak kakak hi mana meta rusak pw,Negative,Negative
"Hello ini saya pengguna dari awal rilis , tapi saat ini tidak bisa login semenjak update 1.3 aplikasi force close terus , spek hp saya cukup tinggi Rog phone 7 ram16 memori internal sebesar 512gb saya login akun utama aplikasi forceclose tetapi jika login akun yang lain itu normal saja ,kenapa? saya sudah email dan memberikan data tetapi belum ada balasan yang memastikan",guna rilis tidak login semenjak update aplikasi force close spek hp tinggi rog phone ram memori internal gb login akun utama aplikasi forceclose login akun normal email data belum balas,Negative,Negative
Untuk game sudah bagus dari segi grafis dan gameplay nya tapi sangat disayangkan untuk pemberian reward sangat sedikit sehingga susah untuk f2p mengejar karakter yang di ingin kan,bagus segi grafis gameplay sayang beri reward susah fp kejar karakter,Negative,Negative
"DEV KIKIR ANJ!M , YA KALI GACHA UDAH FULL PITY GA DAPET AGENT DIBANNERNYA ,MALAH DAPET DUPE ,NGOTAK DIKIT LAH!!! UBAH RULE GACHANYA LAH! 90 PULL DIJAMIN AGENT DALAM BANNER!!!",dev kikir anjm gacha full pity tidak agent dibannernya dupe ngotak dikit ubah rule gachanya pull jamin agent banner,Negative,Negative
Rate gacha ampas,rate gacha ampas,Negative,Negative
"Sistem gachanya buluq, kalah mulu tiap 50:50..",sistem gachanya buluq kalah mulu,Negative,Negative
Lumayan,lumayan,Negative,Negative
Mohon dikurangi dialog atau percakapannya,rang dialog cakap,Negative,Negative
Game nya bagus tapi kurang nya di karakter tolong lah tambahin karakter ether nya jangan cuman 2 tambahin lagi biar makin semangat gacha nya,bagus kurang karakter tolong tambah karakter ether jangan cuman tambah biar semangat gacha,Negative,Negative
"sebenarnya gamenya bagus, cuman kehalang device aja. udah ku setting low pun tetep frame drop hadeuh daheuh. padahal dulu awal main lancar-lancar aja tapi karena progres gw cepet dan udah buka ini itu akhirnya jadi frame drop",bagus cuman halang device ku setting low frame drop aduh daheuh lancarlancar progres cepat buka frame drop,Negative,Negative
Bad rate ever👎,bad rate ever,Negative,Negative
gagal masuk dengan 'alasan verifikasi terlalu banyak' padahal masuk aja baru sekali gimana nih tanggapannya?,gagal alas verifikasi tanggap,Negative,Negative
After update my ping always be red,after update my ping always be red,Negative,Negative
Game gajelas layar hitam,tidak layar hitam,Negative,Negative
"Bagus banget, tapi sayang sekali masih terasa berat di Helio G99 dengan 16gb ram, saya pamit dulu",bagus sayang berat hio tidak gb ram pamit,Negative,Negative
"This game is so fu*king crazy🔥 But my smartphone in the current patch seems not strong enough, sorry hoyo I have to retire.",this is sok fuking crazy but my smartphone the current patch seems not strong enough sorry hoyo have retire,Negative,Negative
Pity nya terlalu sampah ini game wkwkwkw,pity sampah wkwkwkw,Negative,Negative
"Kekurangan Game Hoyoverse, Setiap update patch contohnya dari 1.0-1.1 itu pasti optimalisasi gamenya bakal berkurang terus, yang sebelumnya di 1.0 gameplay masih ringan , eh di 1.1 seterusnya malah makin berat, emangnya update patch itu bakal nge update graphic nya?kan enggak , Saran saya tambahkan vitur buat ngehapus konten story, Combat, Explore dari patch yang sudah kita kelarin, Contoh patch 1.0-1.2 kita udah kelarin, nah kita bisa hapus konten nya biar game kita makin ringan.",kurang hoyoverse update patch contoh optimalisasi kurang gameplay ringan eh berat memang update patch nge update graphic nyak saran tambah vitur ngehapus konten story combat explore patch kelarin contoh patch kelarin hapus konten biar ringan,Negative,Negative
Makasih Udah buat karakter sesempurna Ellen... Ellen pacar ku,terima kasih karakter sempurna ellen ellen pacar ku,Negative,Negative
Kurang suka soalnya gak pernah menang gatcha,kurang suka tidak menang gatcha,Negative,Negative
Gameplay udah nice. Grafiknya kata gua masih lumayan berat bagi hp. Kalo mau lancar lu minimal harus di laptop bener dah. Jadi HoYoverse game kalian sudah bagus hanya butuh optimisasi Terima kasih.,gameplay nice grafik gua lumayan berat hp lancar minimal laptop deh hoyoverse bagus butuh optimisasi terima kasih,Negative,Negative
"Proses login in game lama, internet, sinyal lancar. Gtau yahh knp bisa lama bangett, ga yg ini ga yg satunya proses log in game lama sekali, i know itu sepadan saat sudah masuk in game, tp knpa harus lama sekalii???, huhh sabar sabar.",proses login internet sinyal lancar tidak tau tidak tidak satu proses log know padan huhh sabar sabar,Negative,Negative
"Game Bagus type game yg saya mau, hanya saja harus saya install karena setelah update versi terbaru untuk HP kentang saya (Redmi 13c) itu patah"" bgt gameplaynya. nanti akan saya install kembali kalau HP saya sudah spek gaming :))",bagus type install update versi baru hp kentang redmi patah gameplaynya install hp spek gaming,Negative,Negative
"Untuk segi grafik paling beda dari game hoyovers lainnya, itu yang membedakan game ini, kebetulan saya lebih suka grafik dan gendre game seperti ini serasa nostalgia 😁",segi grafik beda hoyovers beda suka grafik gendre serasa nostalgia,Negative,Negative
"Setelah update sampai loading doang keluar app terus, Padahal hp aman signal aman.. Main genshin rata kanan pun aman.. Re-instal pun sama aja.. Hais..",update loading doang app hp aman signal aman genshin rata kanan aman reinstal hais,Negative,Negative
Sistem di gacha selalu bikin sakit hati udah lelah lelah ngumpulin buat gacha character pasti kalah rate off dan juga pitynya selalu di 77 keatas semua,sistem gacha bikin sakit hati lelah lelah ngumpulin gacha character kalah rate off pitynya atas,Negative,Negative
Why does my Google Pixle just have a black screen?,why does my google pixle just have black screen,Negative,Negative
Game hoyoverse gk pernah bikin kecewa,hoyoverse tidak bikin kecewa,Negative,Negative
Nice... di mi pad 6 stabil di 60 fps.. ditunggu terus update nya,nice mi pad stabil fps tunggu update,Negative,Negative
"Setelah update 1.3 grafik jadi ngebug, muncul cahaya Biru itu sangat menggangu 😠😡",update grafik ngebug muncul cahaya biru menggangu,Negative,Negative
Kenapa habis update jadi sering force close,habis update force close,Negative,Negative
"Game nya sangat keren,dan cocok untuk orang yang suka tantangan",kerendan cocok suka tantang,Negative,Negative
"kaga genshin ,hsr , zzz gacha gua bau semua jir ada masalah apa dah sama akun gua -_-",kagak genshin hsr gacha gua bau jir deh akun gua,Negative,Negative
Apasi tiba tiba gabisa didownload padahal sebelumnya bisa waktu awal awal tapi setelah disuruh update gitu jadi gabisa padah deviceku kuat.,apas tidak didownload waktu suruh update tidak padah deviceku kuat,Negative,Negative
Don't ask,dont ask,Positive,Negative
Gamenya Bagus-Bagus dan Ceritanya menarik perhatian saya 😆,bagusbagus cerita tarik perhati,Negative,Negative
GAME AJG SAMPAH,ajg sampah,Negative,Negative
"Rate up gacha hancur, sudah max pity 90 kalah rate off max pity, rate on pun di kasih max pity, coba belajar dari game wuthering wave meskipun open world tetapi pity max 80 tidak memberatkan player, kacau game pergachaan disini",rate up gacha hancur max pity kalah rate off max pity rate on kasih max pity coba ajar wuthering wave open world pity max tidak berat player kacau pergachaan,Negative,Negative
Gacha Ampas asw nyepam rate off 😭😭🥲,gacha ampas asw nyepam rate off,Negative,Negative
Masih menunggu Genshin Anime,tunggu genshin anime,Negative,Negative
Kemaren gak bisa sekarang udah bisa hemmm hoyo kenapa,kemarin tidak hem hoyo,Negative,Negative
Game ngaceng,ngaceng,Negative,Negative
"Ini game gak open world yaa teman""..",tidak open world teman,Negative,Negative
"Nyebelin banget malam main pake gamepad masih bisa, begitu pagi update malahh gabisa gamepad apasih",sebal malam pakai gamepad pagi update malahh tidak gamepad apasih,Negative,Negative
Lumayan,lumayan,Negative,Negative
musuh kebanyakan diem kek batu. terlalu gampang,musuh banyak diam batu gampang,Negative,Negative
Baru juga selesai download belum di mainin udah minta update yang bener aja,selesai download belum mainin update,Negative,Negative
kenapa tidak kompatible untuk perangkat saya,tidak kompatible perangkat,Negative,Negative
Admin tolong ini pengunduhan data game ini memakan waktu yang sangat lama dan sekarang saya disuruh mengunduh sumber dayanya sangat lama. Mohon tolong selesaikan masalah saya!,admin tolong unduh data makan waktu suruh unduh sumber daya tolong selesai,Negative,Negative
game kikir tai,kikir tahi,Negative,Negative
lock targetnya masih aja busuk,lock target busuk,Negative,Negative
"Hoyo update berikunya tolong tambahkan setting 45FPS please, karena 60fps membuat HP cepat panas sedangkan 30fps terlalu lambat, Saya selalu menggunakan 45fps di genshin impact. Untuk rating game zzz saya kasih bintang 5 karna bagus dalam story dan seru dalam gameplay, juga ada bahasa Indonesianya tidak seperti game sebelah, pertahanan kerja kerasnya Hoyoverse.",hoyo update berikunya tolong tambah setting fps please fps hp cepat panas fps lambat fps genshin impact rating kasih bintang bagus story seru gameplay bahasa indonesia tidak belah tahan keras hoyoverse,Negative,Negative
"Seru, cuman rate off gacha nya kebangetan, bete.",seru cuman rate off gacha banget bete,Negative,Negative
"Game sampah udah download lalu update 21gb laku tunggu lagi 100% lalu tunggu lagi , kapan mainnya",sampah download update gb tunggu tunggu main,Negative,Negative
"Gameplay ketika bertarung sangat epik, gameplay di tv juga menarik namun bagi sebagian orang gameplay tv masih membosankan. Selain itu dari segi lingkungan sangat memanjakan mata, desain para agen juga unik namun kekurangannya hanyalah map yang masih sangat terbatas untuk dijelajahi. Terakhir, tolong tambahkan konfirmasi exit game...",gameplay tarung epik gameplay tv tarik gameplay tv bosan segi lingkung manja desain agen unik kurang map batas jajah tolong tambah konfirmasi exit,Negative,Negative
Absolut cinema,absolut cema,Negative,Negative
"Dear hoyo, does my 6gb ram android device cant play this game anymore? Force close too often on this new patch.",dear hoyo does my gb ram android device cant play this anymore force close too often on this new patch,Negative,Negative
"Adakah yg main pke hp poco f3, terakhir awal game ini rilis saya main forcloss mulu??",ada pakai hp poco rilis forcloss mulu,Negative,Negative
Kebanyakan download,banyak download,Negative,Negative
"Anomaly agent terlalu di anak emaskan karena adanya disoder dmg jadi gameplaynya hanya campur campur elemen, JADI APA BEDANYA NI GAME DARI GENSHIN!? Jadi kedepannya tolong tambah mekanik baru atau apalah agar agent tipe attacker dapat lebih bersinar, game gebuk gebukan kok malah campur campur elemen 😒",anomaly agent anak emas disoder dmg gameplaynya campur campur elemen beda genshin depan tolong mekanik apa agent tipe attacker sinar gebuk gebu campur campur elemen,Positive,Negative
"Ceritanya oke, grafiknya oke, gameplaynya oke, overall semua bagus. Gacha nya juga gak susah untuk dapetin karakternya, kita juga disuruh grinding beberapa item untuk ningkatin karakter kita udh gitu gamenya open world jadi bisa berinteraksi dengan berbagai npc. Ada misi rahasia juga yang harus kita pecahkan dan untuk animasi ketika scene juga bagus, intinya nice lah👍🏻",cerita oke grafik oke gameplaynya oke overall bagus gacha tidak susah karakter suruh grinding item ningkatin karakter open world interaksi npc misi rahasia pecah animasi scene bagus inti nice,Negative,Negative
Tolong untuk menurunkan spesifikasi untuk game ini,tolong turun spesifikasi,Negative,Negative
Setelah saya memainkan game ini saya cukup kecanduan dengan gameplay yang di sajikan ditambah dengan story yang cukup sederhana dan tidak terlalu berbobot sangat cocok untuk dimainkan disaat sedang santai. Aku merekomendasikan game ini dan game ini jujur lebih bagus ketimbang game hoyo lainnya dan tidak kalah bagus dari HSR,main candu gameplay saji tambah story sederhana tidak bobot cocok main saat santai rekomendasi jujur bagus ketimbang hoyo tidak kalah bagus hsr,Negative,Negative
Game nya bagus dan dalam ceritanya juga seru tapi pas mau gacha emang susah kali untuk dapat s nya harus 80 × gacha baru dapat yang s tolong lah 😁😁😅,bagus cerita seru pas gacha susah gacha tolong,Negative,Negative
"Data game terlalu besar, 20GB lebih",data gb,Negative,Negative
Force close mulu,force close mulu,Negative,Negative
"Halo Hoyoverse atau COGNOSPHERE PTE. LTD. Yang Terhormat. Saya Ingin Menyarankan sesuatu, tolong tambahkan fitur Co-op seperti di genshin impact, karena kalau tidak fitur itu, apa gunanya pertemanan di game ini? jadi tolong tambahkan yaa, terserah mau update jadi berapa GB dan berapa berat penyimpanan nya. tetapi fitur itu sangat berarti dan akan membuat game nya makin seru dan tidak gampang bosan. dari segi gameplay, story karakter bagus semua kecuali tidak adanya fitur Co-op, sekian dari saya.",hoyoverse cognosphere pte ltd hormat saran tolong tambah fitur coop genshin impact tidak fitur guna teman tolong tambah serah update gb berat simpan fitur seru tidak gampang bosan segi gameplay story karakter bagus kecuali tidak fitur coop sekian,Negative,Negative
Update mulu hadeh,update mulu hadeh,Negative,Negative
"Just ok, cuma gampang bikin ngantuk. Aplg klo dimainin jam 6 sore ke atas🗿",just ok gampang bikin ngantuk aplg dimainin jam sore,Negative,Negative
Kurang banyak hadiahnya wkwkwkwk,kurang hadiah wkwkwkwk,Negative,Negative
Bagus kok cuman agak sedikit kurang saat pergantian karakter,bagus cuman kurang ganti karakter,Negative,Negative
"Story per level terlalu lama, ingat disini kita mau main game bukan mau nonton anime/baca komik",story level bukan tonton animebaca komik,Negative,Negative
"gacha bau busuk, gak pernah beruntung tiap main game dari hoyoverse ini (game kikir)",gacha bau busuk tidak untung hoyoverse kikir,Negative,Negative
Makin lama gw mainin makin jijik ama ini game. Bayangkan 10 game retro di masukin jadi 1 di ini game. Apalagi itu TV kesel gw njir bikin emosi. Bahkan combat nya cuman 10% dari keseluruhan gameplay.,mainin jijik bayang retro pasuk tv kesel anjir bikin emosi combat cuman gameplay,Negative,Negative
"Gak pernah gagal memang hoyoverse kalo bikin game kecuali Honkai im"""" Tau lah 😄, cuman tolong untuk loading nya boleh di kurangin memakan banyak waktu soalnya mau pindah tempat sana sini loading melulu selain itu the best 😁",tidak gagal hoyoverse bikin kecuali honkai im tau cuman tolong loading kurang makan waktu pindah loading melulu the best,Negative,Negative
pesankan dulu le,pesan,Negative,Negative
Optimalisasi ampass,optimalisasi ampass,Negative,Negative
"Lebih baik dan lebih baik, fitur in-game juga banyak lebih mempermudah.",fitur ingame mudah,Negative,Negative
bagus cuma setiap game gacha kaga hoki terus jirr ah nasib🗿,bagus gacha kagak hoki anjir ah nasib,Negative,Negative
Game kikir biadab burik grafik minus scam dll kalau ngga niat buat game jangan buat tolol,kikir biadab burik grafik minus scam dll tidak niat jangan tolol,Negative,Negative
jir udah kompetebel mudah mudahan ga leg patah,jir kompetebel mudah mudah tidak leg patah,Negative,Negative
"Kenapa loading screen nya lama padahal internet saya bagus, Udah hampir satu jam saya menunggu lebih untuk masuk game nya namun gak bisa bisa",loading screen internet bagus jam tunggu tidak,Negative,Negative
Cara bermain: 1.bisa membaca 2.rajin membaca (opsional),main baca rajin baca opsional,Negative,Negative
"Maaf Uninstal Gacha Kacau 170 puls burnice gak dapat sama sekali, sori mending stop main. 🙏",maaf uninstal gacha kacau puls burnice tidak sori mending stop,Negative,Negative
Makasih 685 Sudah main lancar Tpi kenapa di play store masih blm bisa download 🤔,terima kasih lancar play store belum download,Negative,Negative
Rasa sakit hati yang telah berpartisipasi dalam bahasa Inggris yang Telah berpartisipasi dalam,sakit hati partisipasi bahasa inggris partisipasi,Negative,Negative
Maksa main di hp kentang 🥔 😁,maksa hp kentang,Negative,Negative
"kenpa saat saya telah selesai memainkan event dan ingin klaim hadiah tapi tidak bisa di klaim??malah katanya harus selesaikan evennya padahal saya sudah siap semua eventnya, tolong segera di perbaiki bugnya",kenpa selesai main event klaim hadiah tidak klaimmalah selesai evennya eventnya tolong baik bugnya,Negative,Negative
Tolong lah zzz berikan kemudahan pada akun saya masa 80 pity ga dapet dapet susah banget rate off nya yang di dapat jangan jadikan game ini sebagai game genshin impact kikirnya minta ampun 😭😭😭,tolong mudah akun pity tidak susah rate off jangan jadi genshin impact kikir ampun,Negative,Negative
Gk bisa main,tidak,Negative,Negative
"Saya sangat suka game ini tema gamenya sangat unik dan dunia didalam gamenya juga terlihat hidup dan membuat nyaman saat memainkannya. Tapi pls are you serious hoyo??! cuman game hack n slash 30gb???! Noh liat pgr cuman 15gban masih mending, lah ini 30gb anjirt padahal bukan open world",suka tema unik dunia dalam hidup nyaman main pls are you serious hoyo cuman hack slash gb noh pgr cuman gban mending gb anjirt bukan open world,Negative,Negative
Game nya tidak bisa dimainin,tidak dimainin,Negative,Negative
"beberapa adegan combat di game ini terasa benar² boring tapi beberapa juga terasa seru, jadi mood kita naik turun antara seru dan bosan main ni game, yang mau saya minta adalah tambahkan fps 45 di pengaturan grafik, soalnya hp saya di set ke 60 malah ada bug stuttering, sedangkan fps 30 membuat saya tidak nyaman, jadi tolong tambahkan fps 45 di pengaturan",adegan combat boring seru mood turun seru bosan tambah fps atur grafik hp set bug stuttering fps tidak nyaman tolong tambah fps atur,Negative,Negative
"setiap banner kalah rate off:) mungkin lagi gak hoki aja, tapi kalo tiap banner kalah rate yah.... gimana mau bikin sign",banner kalah rate off tidak hoki banner kalah rate bikin sign,Negative,Negative
"Gacha high pity mulu, mana rate off. Hadeh, kalau hoki gacha w up bintang nya.",gacha high pity mulu rate off hadeh hoki gacha up bintang,Negative,Negative
Woi kasih fitur rate off atau gak kek di game kakak lu tuh biar tau rate on atau gak nya gw dah cape cape ngumpulin roll gacha udah 90 tau nya Rate off tau gak capek oi. Saran saya ya dev kek genshin dan hsr di pity 50 atau gak 60 pasti dapat b5 atau S rank di saat rate off. Menang rate off atau gak nya jangan jadi kikir lah cukup genshin yang kikir. Di saat pity 50 atau gak 60 belum dapat berati berhak dapat S Rank limited,woi kasih fitur rate off tidak kakak tuh biar tau rate on tidak deh capek capek ngumpulin roll gacha tau rate off tau tidak capek oi saran dev genshin hsr pity tidak rank rate off menang rate off tidak jangan kikir genshin kikir pity tidak belum hak rank limited,Negative,Negative
Game nya seru battle nya bagus spin bagus cuman agak kurang soalnya rate on nya 80 spin kurang aja ke 60 biar lebih gampang dapetinnya,seru battle bagus spin bagus cuman kurang rate on spin kurang biar gampang dapetinnya,Negative,Negative
Grafik lumayan tapi kebanyakan ceritanya dari pada permainannya kita main cuma sebentar tapi kalau selesai main masuk ke menu lama sekali kita baru bisa main lagi harus pencet sana sini belum tentu bisa main pokok nya di menu utama itu ribet kalau mau mulai permainan,grafik lumayan banyak cerita main sebentar selesai menu pencet belum pokok menu utama ribet main,Negative,Negative
download nya karena ada ellen joe nya😋,download ellen joe,Negative,Negative
game fps burik,fps burik,Negative,Negative
Gak ada yang bisa ngalahin geme ini,tidak kalah geme,Negative,Negative
Mungkin samsung diciptakan bukan buat game ini,samsung cipta bukan,Negative,Negative
game ini sangat bagus tetapi saya memutuskan untuk berhenti karena my phone tidak kuat buat maenin 2 game hoyo jadi saya memutuskan hanya bermain hsr sorry 😔,bagus putus henti my phone tidak kuat maenin hoyo putus main hsr sorry,Negative,Negative
Wareg TV wok🗿 Bansos+++,wareg tv wok bansos,Negative,Negative
Lumayan,lumayan,Negative,Negative
"Gem baikkk bansos lancar, suara masukan didengar developer 😇, dikasih low pity",gem bansos lancar suara masuk dengar developer kasih low pity,Negative,Negative
"Overall aku suka bgt dgn gameplaynya,story,explorasi,dll cmn yg agak mager di mode tv-nya aj dan tambahin juga dong mode co-op di bos mingguan GK cuman di co-op arkade doang",overall suka gameplaynyastoryexplorasidll cuman mager mode tvnya tambah mode coop bos minggu tidak cuman coop arkade doang,Negative,Negative
"Kalau mau emang masih tidak optimal gamenya di hape, ngapain ada di playstore. Sekalian aja tidak ada di playatore kalau tidak optimal game nya",tidak optimal hape playstore tidak playatore tidak optimal,Negative,Negative
"Game gk jelas,gw dari kemaren nge gacha dapatnya ampas aja.Memang game gk becus",tidak jelasgw kemarin nge gacha dapat ampas ajamemang tidak becus,Negative,Negative
Semuanya bagus kecuali di gacha sedikit susah untuk mendapat kan char s,bagus kecuali gacha susah char,Negative,Negative
Gg sih,tidak,Negative,Negative
Gamenya blank screen Suara ada tapi tidak muncul gambar,blank screen suara tidak muncul gambar,Negative,Negative
Tapi ga bisa instal 😭😭😭,tidak instal,Negative,Negative
"Saya kasih 4 karna sinyal nya suka ilang mulu, pdhl pake yt atau tiktok lancar. Moga dibenerin🙏🏻",kasih sinyal suka hilang mulu pakai yt tiktok lancar moga dibenerin,Negative,Negative
udh gk kompatibel jir,tidak kompatibel jir,Negative,Negative
Optimalisasi nya masih kurang,optimalisasi kurang,Negative,Negative
tolong perbaiki di ROG phone ZS600KL Blank Hitam..,tolong baik rog phone zskl blank hitam,Negative,Negative
"Semoga ini game lebih optimal di HP spek medium ke bawah saya pake setingan medium ini game udah agak agak frem sama patah patah gw aja pake game wuwa,gensin, pgr,hi3, semua lancar kecuali ini game di setingan rata tengah masih aja patah patah bahkan di setingan hemat batre",moga optimal hp spek medium pakai ting medium frem patah patah pakai wuwagensin pgrhi lancar kecuali ting rata tengah patah patah ting hemat batre,Negative,Negative
characternya tobrut mulu cooo,characternya tobrut mulu cowok,Negative,Negative
"Game gila, selalu dikasi pity tinggi terus Tidak direkomendasikan, capek mainnya Dasar kikir",gila kasi pity tinggi tidak rekomendasi capek main dasar kikir,Negative,Negative
"Gamenya bagus, tpi terlalu pay to win masa sihh aku spin dptnya di hard pity truss, beneran harus sampe yg jaminan dpt SSR tier char yakali lahh, hidupku tu bukan cuman buat main game doang aku juga ada kegiatan lain yakali aku harus nolep cuman buat dptin 1 char doang hbis tu pas udh dpt jaminan dikasih char yang tdk sesuai banner kan taii",bagus pay win spin dapat hard pity truss benar jamin ssr tier char yakali hidup bukan cuman doang giat yakali nolep cuman dptin char doang habis pas jamin kasih char tidak sesuai banner taii,Negative,Negative
Saya tidak bisa mendownload game ini,tidak mendownload,Negative,Negative
Kenapa aku kasih bintang satuh karena aku gak bisa bikin akun,kasih bintang satuh tidak bikin akun,Negative,Negative
Coba dulu,coba,Negative,Negative
Game tolol pelit asuuu,tolol pelit asu,Negative,Negative
Untuk game ini tolong loading game nya cepetin biar saya bisa main aku liat liat game nya keliatan seru tapi loading nya lama banget sampe Ampe bisa nunggu 2jam kalo gak 1jam lebih udah itu aja teruntuk Dev nya tolong ya maaf atas kerepotanya,tolong loading cepetin biar seru loading tunggu jam tidak jam untuk dev tolong maaf kerepotanya,Negative,Negative
"Tolong untuk battle di tv di per singkat,, dan untuk loading,, tolong di kurangi jg,, karena menurut saya terlalu banyak loading,, sehingga memakan banyak waktu Untuk gameplay-nya saya suka banget",tolong battle tv singkat loading tolong kurang loading makan waktu gameplaynya suka,Negative,Negative
"Fitur tv membosankan, jadi membuat selera bermain berkurang!",fitur tv bosan selera main kurang,Negative,Negative
Akun Saya tiba-tiba hilang jir,akun tibatiba hilang jir,Negative,Negative
"di update patch sebelumnya ga kompatibel tapi tiba"" di patch sekarang udah bisa lagi??",update patch tidak kompatibel patch,Negative,Negative
dapet lycan mulu et dah,lycan mulu et deh,Negative,Negative
"Sometimes, still happened forced close.",sometimes still happened forced close,Negative,Negative
Halo hoyoverse saya ingin complain bahwa ada bug di game zzz yaitu saya ingin mengambil medali orang baik Vl. saya sudah mengerjakan tugas tersebut tapi misinya belum tercapai jadi untuk hoyoverse tolong perbaikin yak. Oh ya satu hal lagi game anda the best,hoyoverse complain bug ambil medali vl tugas misi belum capai hoyoverse tolong baik oh the best,Negative,Negative
"Buat yang mau main game ini tapi nggak punya perangkat kuat, coba aja pakai game cloud di GeForce Now. Kamu cuma butuh koneksi internet yang stabil, dan sebaiknya pakai Wi-Fi. Semoga segera bisa punya perangkat baru ya!",tidak perangkat kuat coba pakai cloud geforce now butuh koneksi internet stabil pakai wifi moga perangkat,Negative,Negative
sangat bagus. cuma sering patah patah padahal fps nya udah turun 30,bagus patah patah fps turun,Negative,Negative
Buged game i already try relogin 5 times but still stuck 😡,buged already try relogin times but still stuck,Negative,Negative
Buriq susah ga bisa jumpt,buriq susah tidak jumpt,Negative,Negative
"Bosenin, gak ada males char, fans servis, story gak jelas mau bawa kemana...",bosan tidak malas char fan servis story tidak bawa mana,Negative,Negative
Untuk update seterusnya... mohon di pertimbangkan untuk mempermudah player mendapatkan karakter yang di inginkan... karena rate of di game ini lumayan tinggi jadi susah untuk mendapatkan karakter Baru...,update timbang mudah player karakter rate of lumayan tinggi susah karakter,Negative,Negative
Ampas banget gacha ku anjg 3 karakter limited kalah 50/50 semua asu,ampas gacha ku anjg karakter limited kalah asu,Negative,Negative
Ngantuk 🥱,ngantuk,Negative,Negative
Nyoba di redmi 13c 🗿,coba redmi,Negative,Negative
untuk mengganti hero secara spesifik sangatlah sulit,ganti hero spesifik sulit,Negative,Negative
"Ceritanya bagus karakter MC imut, tapi agak menyesal memilihnya",cerita bagus karakter mc imut sesal pilih,Negative,Negative
"update terbaru berasa bgt frame dropnya pdhl sebelumnya rata 60fps, tolong diperbaiki",update baru asa frame drop rata fps tolong baik,Negative,Negative
Game secara keseluruhan bagus tapi di optimalisasi kan untuk yg guna android agar tidak terlalu patah patah saat bermain itu aja sih,bagus optimalisasi android tidak patah patah main,Negative,Negative
tidak sesusai perangkat😭😭😭,tidak sesusai perangkat,Negative,Negative
Saya kurang suka dari sistem quest utama yang mana quest jalan jalan nya riward nya sedikit dan main quest nya sudah lama dah itu hanya dapat sedikit riward bikin sulit untuk di grinding meskipun pemula,kurang suka sistem quest utama quest jalan jalan riward quest deh riward bikin sulit grinding mula,Negative,Negative
Cara mengembalikan akun saya gimana ? Karena cuman pake google doang ? Ilang ? Bantuin woi !,kembali akun cuman pakai google doang hilang bantuin woi,Negative,Negative
"Opitimalisasi perlu ditingkatkan, setelahlag sering patah-patah saat sedang bermain padahal hp dalam keadaan suhu tidak panas.",opitimalisasi tingkat setelahlag patahpatah main hp suhu tidak panas,Negative,Negative
"Telat mainnya, hueeeekkkk, gacha",telat main huek gacha,Negative,Negative
"Mau main tiba-tiba 'aplikasi tidak berfungsi di perangkat anda'. Alhasil main di Cloud, tapi tiba tiba tulisan merahnya hilang reflek nyengir",tibatiba aplikasi tidak fungsi perangkat alhasil cloud tulis merah hilang reflek sengir,Negative,Negative
Ngelag babi,ngelag babi,Negative,Negative
apasih ini game udah 100 gacha ga dapat cesar😡😡,apasih gacha tidak cesar,Negative,Negative
Aga di kuranngin mini gamenya yang tv tv itu pusing nonton nya,aga kuranngin mini tv tv pusing tonton,Negative,Negative
"Gamenya emang lebih kecil dari genshin but At its cost, gamenya nyediain pergelutan yang detail dan presisi sampai sampai hp android 11 keatas pun masih suka frame drop karena kesulitan buat ngerender partikelnya",genshin but at its cost nyediain gelut detail presisi hp android atas suka frame drop sulit ngerender partikel,Negative,Negative
download cuma gegara burger bangor jir 🗿,download gegara burger bangor jir,Negative,Negative
Game byk data yg hrs didownlod,data didownlod,Negative,Negative
zzz menyala,nyala,Negative,Negative
Resources sulit. Gacha sulit. Percuma kalau g dpt caesar mending uninstall. Boss yg naek motor sulit menang kalau cm pake hero gratisan.,resources sulit gacha sulit tidak caesar mending uninstall bos motor sulit menang pakai hero gratis,Negative,Negative
Gak ngaruh pake grafik ultra sama low sama aja delay-nya jir😅,tidak ngaruh pakai grafik ultra low delaynya jir,Negative,Negative
yah nasib HP vovo y03 udah gak compatible lagi sad.,nasib hp vovo tidak compatible sad,Negative,Negative
SHITTTTT TRASH GACHAAAAA!!!!,shit trash gacha,Negative,Negative
"Game ini sangat bagus,grapic , karakter dan dll.dan aku bisa ketemu ayank gua Ellen 🥰",bagusgrapic karakter dlldan ketemu sayang gua ellen,Negative,Negative
tolong bagian TV pas story di hapus karena saya main hingga 3 hari langsung sakit karena ada mode TV,tolong tv pas story hapus sakit mode tv,Negative,Negative
Gokil 20x pull dpt jane doe,gila pull jane doe,Negative,Negative
[3/10 18.40] arya: zzz ki opo game wibu kae dak an [3/10 18.41] dit: ngomong wae ra kuat wak [3/10 18.41] rejaa: ngece dinasti ancen,arya ki opo wibu kae indak an dit omong wae ra kuat wak rejaa ngece dinasti ancen,Negative,Negative
Gw suka game pertama kali gw main ini walaupun terasa berat gamenya enak mainnya karena semua lengkap ada animasi dan jarang ceritanya tidak terasa bosang gw kasih bintang 5 Arigato defroper untuk gamenya 🙏🙏🙏,suka berat main lengkap animasi jarang cerita tidak bosang kasih bintang arigato defroper,Negative,Negative
Dari awal main kalah rate off mulu,kalah rate off mulu,Negative,Negative
Bisa-bisanya hoyo nyiptain game se master piss ini,bisabisanya hoyo nyiptain master piss,Negative,Negative
membosankan gacha ampas juga,bosan gacha ampas,Negative,Negative
Game sampah apalah coba bosnya susah bener padahal level lebih tinggi player benerin napa tolol,sampah apa coba bos susah level tinggi player benerin tolol,Negative,Negative
Sorry *1 game parah pity setiap kali gacha harus rate on. Ga pernah d kasi rate off.SUDAHLAH RATE OFF PITY MAKAN 80. apalah game Hoyo cuma ini doang yang parah. hSR genshin perasaan gak gini2 amat,sorry parah pity gacha rate on tidak kasih rate offsudahlah rate off pity makan apa hoyo doang parah hsr genshin asa tidak,Negative,Negative
saya main saya melihat tv saya menggerakkan tv saya sedikit bertarung saya menggerakkan tv lagi 10/10 Recomended,tv gerak tv tarung gerak tv recomended,Negative,Negative
Tidak ramah f2p...semakin update semakin kacau musuh²nya...,tidak ramah fpsemakin update kacau musuh,Negative,Negative
"update: untuk keluhan yang sebelumnya seperti force close, frame drop/ lag, bug lain-lainnya semua sudah teratasi, kalo yg layar hitam ga tau, soalnya saya ga ngalamin karena device saya highend, ya kedepanya semoga bisa semakin lancar lagi, dan lebih optimal lagi untuk android, terutama di hp kenthunk ea",update keluh force close frame drop lag bug lainlainnya atas layar hitam tidak tau tidak ngalamin device highend depa moga lancar optimal android hp kenthunk,Negative,Negative
"Di android 9 dapat bug black screen saat loading masuk game, terjadi di hp ROG phone 1 android 9 yg masih menggunakan driver opengl es lama",android bug black screen loading hp rog phone android driver opengl es,Negative,Negative
"Jangkrikkkkkkk, Niat mau main nih game ,malah download nya sampe 21gb COKKK ya GK jdi",jangkrik niat download gb cok tidak,Negative,Negative
Tolong adakan versi cloud nya,tolong adakan versi cloud,Negative,Negative
"Gamenya bagus tapi gasesuai ekspektasi aja, kupikir ini game open world seperti genshin , eh ternyata engga",bagus gasesuai ekspektasi pikir open world genshin eh tidak,Negative,Negative
Make Android run smoothly pleaseeee,pakai android run smoothly please,Negative,Negative
"Tolong di optimisasi dev,patch 1.2 frame drop sangat mengesalkan,di combat patah2,patch2 sebelumnya gak seperti ini",tolong optimisasi devpatch frame drop mengesalkandi combat patahpatch tidak,Negative,Negative
"Kenapa sih kalau pity udah mau dapet s rank limited malah dapet Lycaon Mulu sampai 3 kali loh hah?gak papa gak dapet s rank yang limited tapi ini udah kelewatan,dapet s rank yang lain kek Lycaon Mulu jadi susah buat misi dengan agen tertentu jadinya, sia-sia deh farming,kalau dapet lycaon lagi uninstall aja deh nih game.",pity rank limited lycaon mulu loh hahgak papa tidak rank limited kelewatandapet rank lycaon mulu susah misi agen siasia deh farmingkalau lycaon uninstall deh,Negative,Negative
Saat battle butuh koneksi internet? Padahal battle ga ngaruh juga kalo inet mati padahal.,battle butuh koneksi internet battle tidak ngaruh inet mati,Negative,Negative
bintang 5 karena udah bisa di download lagi 😁,bintang download,Negative,Negative
Bulan lalu perangkat gw tidak kompatibel sekarang bisa di install.,perangkat tidak kompatibel install,Negative,Negative
"Pas awal exited ama fight sama tv nya, ehh malah ikutan jd game 4no (lebih parah lagi) mana si tv nya di ilangin.",pas exited fight tv eh ikut no parah tv ilangin,Negative,Negative
"Kalian yang ngasih B1 ada masalah hidup apa? Protes map? Bro ini game baru 3 bulan belum 7 tahun lu bandingkan ZZZ sama HI agak tolol, protes loading lama mending priksain jaringan lu atau HP lu, kentang mah kentang aja gak usah nyalahin devnya, terus ada protes mode TV di persempit, ya kan itu yang kalian mau, emang serba salah hoyo, penyimpanan kegedean buat game kayak gini, kalau lu emang niat main ya artinya lu udah kudu ganti HP, gak malah nyalahin hoyo karena HP lu yang udah kentang",asih hidup protes map bro belum tahun banding hi tolol protes loading mending priksain jaring hp kentang mah kentang tidak salah devnya protes mode tv sempit serba salah hoyo simpan gede niat kudu ganti hp tidak salah hoyo hp kentang,Negative,Negative
Tolong buatkan char healer,tolong buat char healer,Negative,Negative
"Game sangat Bagus, sangat Indah, Cerita sangat gokil dan tidak terlalu bertele-tele, sehingga untuk mengikuti story nya masih nyaman dan menyenangkan. Untuk fitur yang dibutuhkan lainnya mungkin seperti fitur berbagi Ultimate, alangkah baiknya jika Ultimate tidak digabung, tetapi terpisah, sehingga Karakter selain DPS juga mendapatkan jatah Ulti.",bagus indah cerita gila tidak berteletele ikut story nyaman senang fitur butuh fitur bagi ultimate alangkah baik ultimate tidak gabung pisah karakter dps jatah ulti,Negative,Negative
i cant download it,cant download,Negative,Negative
"Nice akhir Nya, udah bisa di update 😁",nice update,Negative,Negative
akun bagus gua hilang sendiri,akun bagus gua hilang,Negative,Negative
"Game belum optimal di Xiaomi Pad 6, main Genshin sama HSR rata kanan aja bisa, lah ini ZZZ malah ngenframe parah, perlu diperbaiki lg optimalisasi nya.",belum optimal xiaomi pad genshin hsr rata kanan ngenframe parah baik optimalisasi,Negative,Negative
tidak bisa untuk Snapdragon 685 kecewa berat,tidak snapdragon kecewa berat,Negative,Negative
Banyakin karakter ether sama ice,banyak karakter ether ice,Negative,Negative
Aku sayang ben,sayang ben,Negative,Negative
Waktu awal main ini game ngga berat berat banget tapi abis update ko jadi makin berat ya tolong lah developer benerin,waktu tidak berat berat habis update berat tolong developer benerin,Negative,Negative
"untuk mode tv mohon jangan dihilangkan kurangi saja, dan saran saja saat gampad tersambung mohon otomatis ubah ke layout controller tidak perlu lagi ke pengaturan",mode tv jangan hilang kurang saran gampad sambung otomatis ubah layout controller tidak atur,Negative,Negative
Developer tolong donk. Pas download data di dalamnya. Tolong di kasih download di belakang layar.biar enak gitu sambil nonton sambil nunggu game nya,developer tolong pas download data dalam tolong kasih download layarbiar tonton tunggu,Negative,Negative
"Tolong di perbaiki lagi setiap saya melawan boss saya terkeluar dari game, tolong sekali di perbaiki, ini membuat saya tidak nama bermain, terimakasih",tolong baik lawan bos keluar tolong baik tidak nama main terimakasih,Negative,Negative
TV nya di hapus 😭😭,tv hapus,Negative,Negative
"combat nya seru, tapi design character cewe nya big NO! apalah fans service berlebihan semua 😹😹 stop oversexualize cewe lahh hoyo, gimana ga disebut game frno wkkwk",combat seru design character cewek big no apa fan service stop oversexualize cewek hoyo tidak frno wkkwk,Negative,Negative
"Jangan terlalu fokus pada penambahan fitur, kita semua tahu baik pihak developer ataupun pemain lebih menginginkan optimalisasi yang diutamakan terutama masalah lag atau tidak kontitabel",jangan fokus tambah fitur developer main optimalisasi utama lag tidak kontitabel,Negative,Negative
Game Buriqq padahal sudah set high masih aja buram -_-,buriqq set high buram,Negative,Negative
"Jadi dev yg konsisten lah masa dikit2 diubah, iconic zzzkan ditvnya malah diilangin,udh gitu puzzle bangbo udh bener sambung kabel malah ganti jadi ritme osu,kalo mau nambah puzzle masih ok lah,osu buat di yang lain ini bangbo kan udh ada puzzlenya sendiri. Pls lah nurutin kemauan player boleh tapi jangan diturutin terus jadi gajelas arah gamenya kemana jadinya. Jadi manja juga player nih mau diturutin terus ,kecewa bgt gw😞",dev konsisten dikit ubah iconic zkan ditvnya diilanginudh puzzle bangbo sambung kabel ganti ritme osukalo tambah puzzle ok lahosu bangbo puzzlenya pls nurutin mau player jangan diturutin tidak arah mana manja player diturutin kecewa,Negative,Negative
Seru banget untuk di mainkan akhirnya bisa update juga di PlayStore,seru main update playstore,Negative,Negative
"Size game nya tolong di perkecil.kalau bisa pakai sistem seperti genshin,jika story sudah lewat file data nya bisa di hapus",size tolong perkecilkalau pakai sistem genshinjika story file data hapus,Negative,Negative
Unduh datanya lama tapi aku mau download,unduh data download,Negative,Negative
"overall udah bagus gamenya,cuman gatau kenapa saya setiap gacha selalu saja hard pity sama kalah rate off,mohon dinaikan untuk pitynya buat kami f2p",overall bagus gamenyacuman tidak tau gacha hard pity kalah rate offmohon naik pitynya fp,Negative,Negative
Gabisa di update😮‍💨,tidak update,Negative,Negative
"Overall gimnya masih bagus & enivoronment hidup, tpi buat tv mode dipertimbangkan lagi jangan dihilangkan atau dikurangi porsi nya hingga terlalu sedikit, itu termasuk identitas dari gim ini.",overall gim bagus enivoronment hidup tv mode timbang jangan hilang rang porsi identitas gim,Negative,Negative
ini game tidak pelit 😃,tidak pelit,Negative,Negative
"Makasih, karna game ini saya bisa beli hp sendiri, makasih udh bayar iklan yg ku buat $200 jdi saya bisa beli Nubia Neo 2 5G pake duit sendiri Game ini GK bakal ku uninstall selama hp ini masih nyala Makasih banyak+_+",terima kasih beli hp terima kasih bayar iklan ku beli nubia neo tidak pakai duit tidak ku uninstall hp nyala terima kasih,Negative,Negative
"TIAP UPDATE 9 GIGA MULU,,MENDING GUA UNINSTALL DAH 😡😡",update giga mulumending gua uninstall deh,Negative,Negative
"Hueek awal main ga optimal, main seminggu terus hapus, mau main lagi karena update, eh tambah pornok😹",hueek tidak optimal minggu hapus update eh pornok,Negative,Negative
Bayarlah kami yang sudah mempromosikan aplikasi game anda!!! Kami sudah mengeluarkan modal tenaga dan pikiran sekaligus materi untuk mempromosikan game anda'dan kami berhak atas reward yang sudah anda sediakan.. Tapi kenapa tiba² reward yang saya seharusnya dapatkan sekarang menghilang?? Apa mau terus²an kami report game anda biar semakin amblas?,bayar promosi aplikasi keluar modal tenaga pikir materi promosi andadan hak reward sedia reward dapat hilang terus report biar amblas,Negative,Negative
"Di antara game hoyoverse,cuma ini yg gk recommend di hp mid end",hoyoversecuma tidak recommend hp mid end,Negative,Negative
Force close issue,force close issue,Negative,Negative
"aduhai ampas Mulu cik, jadi malas main",aduhai ampas mulu cik malas,Negative,Negative
Game yang hebat...tapi entah kenapa sering freme drop...game hoyo lainnya aja ngak perna freme drop..ini game cocok buat pc,hebattapi freme dropgame hoyo tidak freme dropini cocok pc,Negative,Negative
Anjim 20gb unduhan datanya berat amat,anjim gb unduh data berat,Negative,Negative
"Makin kesini kok makin lag?, padahal awal main lancar banget",kesini lag lancar,Negative,Negative
Please don't give the players when they pull is always in high pitty.,please dont give the players when they pull is always high pitty,Negative,Negative
"Dari segi cerita yg bervariasi dan gameplay sudah bagus,tp untuk loading log in dan ganti map/adegan terlalu lama jadi terkadang membuat mood saya jadi jelek ketika mau main lagi",segi cerita variasi gameplay bagustp loading log ganti mapadegan terkadang mood jelek,Negative,Negative
Akhirnya bisa dimainkan hp helio g88,main hp hio tidak,Negative,Negative
Adain fitur co-op dong,ada fitur coop,Negative,Negative
Game nya bagus grafik elit dan gk murahan,bagus grafik elit tidak murah,Negative,Negative
Saya akan kembali bermain saat permasalahan grafik hingga lancar dan gameplay di perbaiki jika bisa open world versi mini bukan battle tiada akhir capek,main masalah grafik lancar gameplay baik open world versi mini bukan battle tiada capek,Negative,Negative
"Gameplay nya asyik yg bikin ngantuk tuh loading nya, nyebrang jalan aja mesti loading dulu, optimalisasinya juga kurang mediatek 8200u set 60fps medium low pas battle dapet 30fps kadang ngedrop ke 25",gameplay asyik bikin ngantuk tuh loading nyebrang jalan mesti loading optimalisasi kurang mediatek lu set fps medium low pas battle fps kadang ngedrop,Negative,Negative
"Game bagus, tapi size bengkak, kalau bisa size game di kompres lebih kecil lagi",bagus size bengkak size kompres,Negative,Negative
Cara menghapus dub inggris nya bagaimana tidak gunakan soalnya. Memenuhi memori jika tidak bisa di hapus,hapus dub inggris tidak penuh memori tidak hapus,Negative,Negative
Saya sungat menyukai konsep dan tema game ini saya juga menikmati gameplay nya dari segi manapun sudah baik namun setelah update terkini perangkat saya jadi tidak optimal,sungat suka konsep tema nikmat gameplay segi mana update kini perangkat tidak optimal,Negative,Negative
Tidak rekomen buat hp low and ram 8 snpd 760 aja masi Lag,tidak rekomen hp low and ram snpd lag,Negative,Negative
"delete tv mode pls, at least on the story mode",delete tv mode pls at least on the story mode,Negative,Negative
gamenya gampang dimengerti,gampang erti,Negative,Negative
We kenapa gak bisa login asu terlalu hanyak permintaan login gitu Mulu tulisannya di pc,we tidak login asu hanyak minta login mulu tulis pc,Negative,Negative
"Sedikit memperlambat perkegarakan, loading ketika login terlalu lama .berganti tempat juga lama tolong di perbaiki lah, buat kmi para player yg cuma bisa main di hp, trus penyimpanannya tolong agak di perkecil, Trus update nya juga gak ngotak, Hampir 10 GB,GAME APAAN ruang penyimpanannya terlalu besar tolong yaa developer hoyoferse, di perkecil jadi agar bnyak peminatnya trima",lambat perkegarakan loading login ganti tolong baik player hp simpan tolong kecil update tidak ngotak gbgame ruang simpan tolong developer hoyoferse kecil minat terima,Negative,Negative
bisa di kasih lebih ringan lagi kah nih game .. main di snap 860 harus nya masih bisa lah yah .. baru sering for close juga nih game ..,kasih ringan kah snap for close,Negative,Negative
Game yang sangat bagus game tidur zzz🙏🗿 walaupun Helio g99 ultimate dengan performa rata kanan masih mendapatkan hasil diatas 30 fps.,bagus tidur hio tidak ultimate performa rata kanan hasil atas fps,Negative,Negative
Ga di instal ajg,tidak instal ajg,Negative,Negative
"Game nya asik apalagi nge dodge serangan musuhnya, beh satisfying",asik nge dodge serang musuh beh satisfying,Negative,Negative
"Tolong tombol untuk menghindar agak delay, jadi tolong diperbaiki",tolong tombol hindar delay tolong baik,Negative,Negative
"Goofy ahh.. Animation, Chaotic world, Fast gameplay and da game have soundtrack for Banners. This all i need, worth to wait this game since beta 🗿👌🏽",goofy ah animation chaotic world fast gameplay and have soundtrack for banners this all need worth wait this since beta,Negative,Negative
"Harapan saya untuk game ini adalah perbanyak lagi karakter nya dan ceritanya, dan dibuat agar kita bisa bermain bersama teman untuk melawan bos"" Nya, serta adanya fitur chat dengan teman dalam battle sehingga lebih mudah untuk mabar, itu aja sih menurut saya, selebihnya ini game keren banget, dan tidak ngebosenin",harap banyak karakter cerita main teman lawan bos fitur chat teman battle mudah mabar lebih keren tidak ngebosenin,Negative,Negative
Game e lag rek🥰,lag rek,Negative,Negative
"Sangat seperti honkai impact 3, gw kangen banget sama model seperti ini, melihat hi3 sudah terlalu tua, zzz hadir dengan lebih segar",honkai impact kangen model hi tua hadir segar,Positive,Negative
Game gile monyet,gila monyet,Negative,Negative
Ini kok serverx sering putus yah.... Mna lg jalanin misi lg,serverx putus jalan misi,Negative,Negative
"Loh loh loh, muncul lagi di PlayStoreku, padahal kemarin tidak kompatible😂",loh loh loh muncul playstoreku kemarin tidak kompatible,Negative,Negative
Makin hari makin gak optimalisasi gamenya btw gua main di dimensity 8200 ultra,tidak optimalisasi btw gua dimensity ultra,Negative,Negative
Tolong dong apa ga bsa untuk mode tv tu di ubah jadi portal atau d permudah gtu loh atau cma untuk mendapatkan buff dan klo bsa d hpus aj skalian di jamin bakal lebih bnyk yg main saya stop main karna mode tv nya ribet Untuk yg lain klo bsa font d ubah saya yg mata nya mines susah liat tulisannya,tolong tidak mode tv ubah portal mudah loh buff hapus skalian jamin stop mode tv ribet font ubah mes susah tulis,Negative,Negative
"Game nya bagus bagus aja tapi ntah kenapa event player pemula gw ilang apa cuman gw doang ya,gegara ga login 1 hari besok nya gada,overall dari segi gameplay dan jalan cerita the best cuman itu doang sih semoga kedepannya bisa di perbaiki lagi dari kesalahan Dev nya",bagus bagus event player mula hilang cuman doang yagegara tidak login besok gadaoverall segi gameplay jalan cerita the best cuman doang moga depan baik salah dev,Negative,Negative
"Tolong untuk optimalisasinya segera ditingkatkan, percuma kalau waifu banyak kalau optimalisasinya kurang. Jadi ga nyaman mainnya 😔",tolong optimalisasi tingkat waifu optimalisasi kurang tidak nyaman main,Negative,Negative
udah bagus tapi download datanya ngga ngotak wkwk🗿,bagus download data tidak ngotak wkwk,Negative,Negative
Waktu banner nya sangat cepat habis dan juga nyari item untuk gacha sangat susah,waktu banner cepat habis cari item gacha susah,Negative,Negative
Game boring,boring,Negative,Negative
Kok saya susah login y min,susah login min,Negative,Negative
Tolong dong agak di usahakan agar yg hp nya kurang mampu bisa main zzz saya bisa bermain genshin impact di hp saya dengan grafik menengah tetapi knp saya tidak bisa bermain game zzz tolong di usahain dong saya sangat ingin bermain zzz terima kasih.,tolong usaha hp kurang main genshin impact hp grafik tengah tidak main tolong usahain main terima kasih,Negative,Negative
"Nooooooo Kenapa sekarang perangkat tidak kompatibel dengan versi ini 🥲😭, dan sekarang game Ini kadang ada di PlayStore kadang gak ada",no perangkat tidak kompatibel versi kadang playstore kadang tidak,Negative,Negative
"Akhir nya di playstore ku udah ada, Overall semua bagus walau orang bilang kalau mode TV nya itu bosen dan ngantuk tapi itu jadi cirikhas game ZZZ karakter beragam dan cutscene juga lancar banget dan smooth, kata kata karakter juga gak kaku tapi ada satu hal aja... Kalo story udah kelar bahan gacha itu jadi dikit banget, cuma bisa daily aja tapi gpp. 100/100 for me, developer Keep doing your best!!",playstore ku overall bagus bilang mode tv bosan ngantuk cirikhas karakter agam cutscene lancar smooth karakter tidak kaku story kelar bahan gacha dikit daily tidak apa for me developer keep doing your best,Negative,Negative
"Tolong untuk developer optimalisasi game ini untuk spek yang rendah kalau bisa animasi tv bisa di hilangkan saja untuk di android, terimakasih juga untuk developer nya hp saya ini jadi bisa mainin game ini walaupun ya maaf aja nih downloadnya di taptap di pihak ke tiga tapi pada akhirnya jadi kompatibel lagi saya heran kenapa saat baru di release itu kompatibel setelah beberapa hari ehh sudah tidak kompak lagi semenjak versi 1.1",tolong developer optimalisasi spek rendah animasi tv hilang android terimakasih developer hp mainin maaf downloadnya taptap kompatibel heran release kompatibel eh tidak kompak semenjak versi,Negative,Negative
"Game seru seperti yg diharapin dari hoyoverse cuma gacha ampas bet, main ngejer gacha jane giliran udah dapat rank s di pity 70, malah bukan jane yg dapet malah yg lain, kocak pelit,, Dan buat yg ngeluh tiap loading lama, ram 6 nggk usah mksa main,, hp yg lelet nyalahin game, kocak2",seru diharapin hoyoverse gacha ampas ngejer gacha jane gilir rank pity bukan jane kocak pelit ngeluh loading ram tidak mksa hp lelet salah kocak,Negative,Negative
Gacha nya terlalu sulit!!!!,gacha sulit,Negative,Negative
"Bisa dimainkan di device yang bisa dibilang kentang itu sudah sangat bagus, dengan fps kisaran 23-30 fps, semoga next update bisa lebih optimal lagi😹",main device bilang kentang bagus fps kisar fps moga next update optimal,Negative,Negative
"Ane pertama kali main game ini masih aman, lancar kek biasa. Sekarang entah karena updatenya yg makin banyak atau apa, makin berat gamenya, tolong dipertingkat lagi optimalisasi nya",ane aman lancar updatenya berat tolong tingkat optimalisasi,Negative,Negative
mantap uy di tunggu update v 1.2 nya yh,mantap uy tunggu update,Negative,Negative
"Game Nya Bagus,apa lagi visualnya memanjakan mata banget walau pun kedang kadang lag tapi tidak apa apa karna menurutku itu sepadan",bagusapa visual manja kedang kadang lag tidak turut padan,Negative,Negative
"Klo belum optimasi jgn realeas, memori masih banyk tp instal gk bisa memory penuh 👇👇👇👎👎👎👎👎",belum optimasi jangan realeas memori banyk instal tidak memory penuh,Negative,Negative
Game ampas eek,ampas eek,Negative,Negative
We apa ini masih hanyak bug nya,we hanyak bug,Negative,Negative
Gila di dalam game nya hitam semua 🔥🔥,gila hitam,Negative,Negative
Berat di device saya😭😭😭,berat device,Negative,Negative
Game ini jelek karena cuma bisa di HP samsung sm-A528 doang sedangkan aku pakai HP oppo,jelek hp samsung doang pakai hp oppo,Negative,Negative
"Aku saya tiba-tiba hilang padahal sandi dan emailnya sudah benar tapi,tertulis kalau akun tidak di temukan,dan saat mencoba login pakai Google hasilnya memang bisa login tapi,akun nya hilang dan di ganti sama akun baru,padahal server sudah benar,tolong di perbaiki lagi sistem untuk loginnya.",tibatiba hilang sandi email tapitertulis akun tidak temukandan coba login pakai google hasil login tapiakun hilang ganti akun barupadahal server benartolong baik sistem loginnya,Negative,Negative
"Sudah tidak eror lagi, terimakasih dev",tidak eror terimakasih dev,Negative,Negative
"Kenapa Tiap login selalu terlalu banyak permintaan,udah reinstall tetap saja,ganti ke akun baru juga sama saja,main normal,device kuat aja,kasih b1 pantas nya nih game",login permintaanudah reinstall sajaganti akun sajamain normaldevice kuat ajakasih,Negative,Negative
Jembut rate gacha sangat ampas,jembut rate gacha ampas,Negative,Negative
"overall awal rilis sampai sekarang mantab bgt sih zzz ini, tpi kok tiba² sekarang force close terus ya pas mau masuk game, padahal kemarin² nggk lo, memori saya pun msih banyak (hp sya Poco X3 pro) mohon optimalisasi nya 🙏🏻 ""im very² like this game""",overall rilis mantab force close pas kemarin tidak lo memori hp poco pro optimalisasi im very like this,Negative,Negative
semoga infinix note 40 saya gak meletup😫,moga infinix note tidak letup,Negative,Negative
Kurang gamenya dlm hal ke 20+ Terima di tambah biar semakin real,kurang terima biar real,Negative,Negative
knp di hp saya ga bisa padahal chipset oke,hp tidak chipset oke,Negative,Negative
Aku dapat karakter jelek,karakter jelek,Negative,Negative
Game TOLOL,tolol,Negative,Negative
"Game tolol, optimalisasi butut, rate gacha jelek, mending perbaiki dulu gamenya bgst",tolol optimalisasi butut rate gacha jelek mending baik bgst,Negative,Negative
Jane hot banget jir 🤤,jane hot jir,Negative,Negative
game nya uda ga bisa di download perankant tidak kompatibel terlalu berat :(,tidak download perankant tidak kompatibel berat,Negative,Negative
"Sulit untuk login bahkan beberapa kali tidak bisa login, sistem menyuruh buat verifikasi tapi page verifikasi ga muncul, terus nyuruh tunggu, sudah ditungguin lama masih sama",sulit login tidak login sistem suruh verifikasi page verifikasi tidak muncul nyuruh tunggu ditungguin,Negative,Negative
Sayang gaada fitur telanjang,sayang tidak fitur telanjang,Negative,Negative
Not bad,not bad,Negative,Negative
"Tidak dapat di download, tidak kompitable",tidak download tidak kompitable,Negative,Negative
"Buat gw yg iseng2 main enak aja sih(agak boring jga), tpi jujur buat gw selama F2P susah ah dapat resource buat gacha, Resource yang di tawarkan saat Top Up rasanya aga kurang gimana gitu mana mahal lagi. overall okela untuk kelancaran gameplay itu tergantung device kalian si. thts all4 now thanks for reading:p bro i really need jane doe if i got her ill try my best to not quit thus gamwwe cuz its feel so boredd that my chara is only the hero from story that we got from early:'( cry cry",iseng sihagak boring jujur fp susah ah resource gacha resource tawar top up aga kurang mahal overall okela lancar gameplay gantung device thts all now thanks for readingp bro really need jane doe if got her ill try my best not quit thus gamwwe cuz its feel sok boredd that my chara is only the hero from story that we got from early cry cry,Negative,Negative
Saya tidak bisa membuka zenless zone zero. Ada tulisan di google Play tidak kompatibel. Padahal ini handphone baru,tidak buka zenless zone zero tulis google play tidak kompatibel handphone,Negative,Negative
"Rubah rating, sumpah game ini stiap komplain dari player beneran langsung di tanggapi, terus makin kesini makin seru. Thank you ございます Zenless Zone Zero with Hoyoverse kalian is the best 😎👍 buat Device nya yang gak rekomendasi lebih baik jangan maksain main game ini, upgrade Device dulu aja baru main 😄✌️",rubah rating sumpah komplain player benar tanggap kesini seru thank you zenless zone zero with hoyoverse is the best device tidak rekomendasi jangan paksa upgrade device,Negative,Negative
Sering disconect Bug frame drop Burik,disconect bug frame drop burik,Negative,Negative
"Kirain cuma gw doang yang ngerasa main ini game patah patah, ternyata emg banyak yang mengeluh tentang itu.",doang patah patah keluh,Negative,Negative
Kok gk kompatibel,tidak kompatibel,Negative,Negative
"Pas pertama rilis bisa main di hp. Tp skrg tulisan nya ""perangkat anda tidak kompatibel"" 🗿🗿",pas rilis hp tulis perangkat tidak kompatibel,Positive,Negative
"Sangat suka, developer mensupport suggest dari para pemain dan menjadikan game sangat fun untuk di mainkan",suka developer mensupport suggest main jadi fun main,Negative,Negative
Resolusinya plis di tajemin lagi walaupun udah aktifin anti aliasing tetap pecah² resolusi nya,resolusi plis tajemin aktifin anti aliasing pecah resolusi,Positive,Negative
Ini sebenernya lancar saja tetapi kenapa harus ada tidak kompatibel jadinya saya harus mendownload dan mengupdate dari V-store tolong dibenarkan karena saya mau mengupdate apk yah melalui play store,lancar tidak kompatibel mendownload mengupdate vstore tolong benar mengupdate apk play store,Negative,Negative
I got my eye on you mihoyo~,got my eye on you mihoyo,Negative,Negative
Saya menhapus game ini karna tidak bisa membuat jalan lurus di event,menhapus tidak jalan lurus event,Negative,Negative
"sejauh ini sudah sangat bagus, mulai dari keunikan yang berbeda dari game hoyoverse yang lain dan mekanisme yang beragam, semua sudah bagus, untuk saran, kedepannya diharapkan semoga menambah konten-konten penjelajahan atau mempermudah mencari material tertentu, karena menurut saya sebagai pemain yang sudah mencapai akhir cerita saat ini, sangat susah mencari bahan material untuk mengembangkan agen, mungkin itu saja untuk saat ini, pokoknya overall sudah bagus, good job hoyoverse!!",bagus uni beda hoyoverse mekanisme agam bagus saran depan harap moga tambah kontenkonten jelajah mudah cari material main capai cerita susah cari bahan material kembang agen pokok overall bagus good job hoyoverse,Negative,Negative
Gw ga dapet Jane nya🗿🗿,tidak jane,Negative,Negative
buat hp gw kena virus gara gara apk ini,hp virus gara gara apk,Negative,Negative
"ini ide dari siapa dah bikin teka teki TV kaya gtu macam apaan udah latar nya hitam trus membingungkan, mau santai main game malah ga enjoy, main gameplay bentaran eh puzle TV sulit minta ampun trus lama, auto uninstal",ide deh bikin teka teki tv latar hitam bingung santai tidak enjoy gameplay bentar eh puzle tv sulit ampun auto uninstal,Negative,Negative
Update nya aneh bgt waktu itu bisa di mainkan sekarang tidak,update aneh waktu main tidak,Negative,Negative
Lebih better dr GI Sekalian MC nya g dipakai dr Pd useless (playable),better gi mc tidak pakai percaya useless playable,Negative,Negative
Singkat padat heker,singkat padat heker,Negative,Negative
"Yang hp nya jelek gk usah download, ntar lu ngasihnya bintang 1 lagi😂",hp jelek tidak download entar ngasihnya bintang,Negative,Negative
"Cant compatibel to my device, please make it compatible :( 🙏",cant compatibel my device please pakai compatible,Negative,Negative
"gamenya bagus tapi, saya kasih bintang 3 karena gameplay-nya di hp saya sangat tidak nyaman, saat bertarung area sekitar menjadi hitam, tolong di fix ya",bagus kasih bintang gameplaynya hp tidak nyaman tarung area hitam tolong fix,Negative,Negative
"Jangan main ini game. Udah gacha busuk, penuh dengan scam.",jangan gacha busuk penuh scam,Negative,Negative
"Awal mula promosi instalan untuk semua/umum masih berjalan normal dan ijin masuk servernya udah lancar dengan persyaratan yang di wajibkan instal/unduh data wajib untuk memainkan game nya, tapi saya tunda 1,hari untuk menyediakan ruang internal penyimpanan, pendownload data untuk memainkan game ini setelah satuhari berlalu akan melanjutkan login ke akun google play game di game ini dan sayangnya tidak bisa karena di peringatkan apl play store perangkat anda tidak kompatibel dengan versi game ini",promosi instalan semuaumum jalan normal ijin servernya lancar syarat wajib instalunduh data wajib main tunda sedia ruang internal simpan pendownload data main satuhari lanjut login akun google play sayang tidak ingat apl play store perangkat tidak kompatibel versi,Negative,Negative
Game mobile dan pc yang beda dari yang lain mulai dari sistem defense dan attack nya pokoknya felling nya game pc banget meski mainnya di mobile 😅,mobile pc beda sistem defense attack pokok felling pc main mobile,Negative,Negative
"Kerene banget game nya, apa lagi dengan grafik nya, oya min tolong dong perbanyak hadiah nya!",kerene grafik oya min tolong banyak hadiah,Negative,Negative
"Masak hp gua gak bisa boss, turunin dikit lah spek nya biar bnyak player android yg main",masak hp gua tidak bos turunin dikit spek biar player android,Negative,Negative
"Apakah handphone realme c55 tidak kompatibel dengan Aplikasi Zenless zone zero, padahal Saya android 14",handphone realme tidak kompatibel aplikasi zenless zone zero android,Negative,Negative
"Optimalisasi yang harus di kembangkan, sejauh ini, zzz mampu membuat saya tertarik dengan gameplay yang begitu keren terutama sistem perfect assist dan switch on/off agent , perlu di pertimbangkan kembali untuk lebih update kedepan utamakan ke luwes an gameplay ..",optimalisasi kembang tarik gameplay keren sistem perfect assist switch onoff agent timbang update depan utama luwes an gameplay,Negative,Negative
"awal rilis bisa di download trus setelah jane rilis malah gabisa di download ""perangkat tidak kompatibel"" ini kenapa hoyo",rilis download jane rilis tidak download perangkat tidak kompatibel hoyo,Negative,Negative
"Game apa ini baru main udah kalah rate of, game seperti gensin dan honkai mana ada seperti itu",kalah rate of gensin honkai,Negative,Negative
Udh gk bisa main,tidak,Negative,Negative
Alasan aku kenapa di HP aku gak bisa main HP aku tecno pova kenapa gak bisa memori aku banyak,alas hp tidak hp tecno pova tidak memori,Negative,Negative
"Minimal maximal gw gacha dikasih napa event character banner udah ratusan kali reroll pake akun Gmail lain dapet nya ini itu terus cape gw di spam standart character gk di hsr, genshin sama hi3 sama aja hasilnya jadi males main gw kalo kek gini denger keluh kesahnya gw ntar gw kasih b5",minimal maximal gacha kasih event character banner ratus reroll pakai akun gmail capek spam standart character tidak hsr genshin hi hasil malas dengar keluh kesah entar kasih,Negative,Negative
Game fan service jir lah😂,fan service jir,Negative,Negative
Game nya lumayan tapi gacha nya ampas banget,lumayan gacha ampas,Negative,Negative
Mohon kepada para devloper untuk mengatasi masalah kompatibel karena saya tidak bisa mengunduhnya walaupun os sudah support,devloper atas kompatibel tidak unduh os support,Negative,Negative
Sayang nya size game nya terlalu besar padahal gameplay seru tolong nanti size game nya dikurangin,sayang size gameplay seru tolong size rangin,Negative,Negative
Tidak bisa saya instal,tidak instal,Negative,Negative
GAME NYA BELUM OPTIMALNYA UNTUK HP KENTANG DI SOC DIMENSITY 6080 AJA KEWALAHAN CUK!!!,belum optimal hp kentang soc dimensity kewalahan cuk,Negative,Negative
"Game dregs. The selling value is only in the excessive graffiti of the characters. The Redemption rate is very small, it must lose the rate off and after its 60 Redemption cannot either. Story, Gameplay, Boring Features and Ribet. Colors from the contrast are dim, Miserly & stingy, Folder is boring. Disappointed",dregs the selling value is only the excessive graffiti of the characters the redemption rate is very small must lose the rate off and after its redemption can not either story gameplay boring features and ribet colors from the contrast are dim miserly stingy folder is boring disappointed,Negative,Negative
Bagus tapi kurang nya di tv dari game ini tuh knp gak di bikin langsung ke game nya ini malah lewat² kg jelas di dalam tv,bagus kurang tv tuh tidak bikin kg tv,Negative,Negative
Gapernah menang rate off sekalipun hadeh,tidak menang rate off hadeh,Negative,Negative
Game jelek,jelek,Negative,Negative
"Apalah gak kompatibel gak tuh,GENSHIN sama honkai starrail aja masih bisa ngangkat lah ini apalah",apa tidak kompatibel tidak tuhgenshin honkai starrail ngangkat apa,Negative,Negative
"Setelah update di play store tidak bisa memasuki permainan ini,di katakan bahwa perangkat tidak kompatibel..maaf🙏,padahal permainan ini lancar saat versi sebelumnya",update play store tidak pasuk main inidi perangkat tidak kompatibelmaafpadahal main lancar versi,Negative,Negative
"Hoyo saya sudah main satu bulan tapi gacha nya di kasih rate off melu , tolong akun saya kasih sekali menang rate on😭",hoyo gacha kasih rate off melu tolong akun kasih menang rate on,Negative,Negative
Rate ini GK akan berubah sebelum gw menang 50 50 :) GK di gi GK hsr GK sini gachanya ampassss,rate tidak ubah menang tidak gi tidak hsr tidak gachanya ampas,Negative,Negative
"Payah , sistem gacha nya keras banget , masa tiap gacha di tiap banner selalu di atas 70 , di benerin dong sistem pitty nya , player di suruh ngisi questioner di tiap update patch tapi kaya ga di denger , curiga bakal kaya genshin di patch patch kebelakang , jangan sampai kejadian player kecewa terulang lagi , mohon dengan sangat ya developer",payah sistem gacha keras gacha banner benerin sistem pitty player suruh ngisi questioner update patch tidak dengar curiga genshin patch patch belakang jangan jadi player kecewa ulang developer,Negative,Negative
Joystick tolong gw pengen main gk ada joystick,joystick tolong pengin tidak joystick,Negative,Negative
Mohon maaf sorry aku tidak bisa main games 😭😭😭😭,maaf sorry tidak games,Negative,Negative
Kok saya tidak bisa download padahal perangkat ku sudah versi terbaru?,tidak download perangkat ku versi baru,Negative,Negative
Game-nya sudah bagus cuman kurang optimalisasi utk perangkat² lain supaya FPS lebih lancar.,bagus cuman kurang optimalisasi perangkat fps lancar,Negative,Negative
Kok gk update2 anj,tidak update anjing,Negative,Negative
Minimal dialog gerak dikit minimal prolog di animasikan apa coba suruh baca komik 18Gb download cuman dpt komik?? 18gb itu buat render tektek,minimal dialog gerak dikit minimal prolog animasi coba suruh baca komik gb download cuman komik gb render tektek,Negative,Negative
Hade.. Haji Dede..,hade haji adek,Negative,Negative
Mengapa tidak bisa di mainkan di samsung A23,tidak main samsung,Negative,Negative
Saya kasih bintang 5 kalo energinya dibikin awet mahal bet jir pengen naikin character ini atur lah biar gk terlalu boros energy,kasih bintang energi bikin awet mahal jir pengin naikin character atur biar tidak boros energy,Negative,Negative
buat developernya kenapa zzz gk bisa di donwload padahal mau main,developer tidak donwload,Negative,Negative
"bagus, tapi hp gw udah ga kuat lagi",bagus hp tidak kuat,Negative,Negative
The gameplay is relaxing and fun so I hope this game continues to develop and update more unique characters 😹,the gameplay is relaxing and fun sok hope this continues develop and update more unique characters,Negative,Negative
minn ko aku gdpt bansos gacha baner limit min😿😿 tolong dong minn,minn gdpt bansos gacha baner limit min tolong minn,Negative,Negative
"Game ini bagus, hanya saja saya kurang menyukai bagian mode hollow zero. Karena terlalu memakan banyak waktu. Saya hanya butuh 20 menit untuk menyelesaikan Weekly quest saya di game Honkai Star Rail, dan juga saya hanya perlu bermain 1x mode Divergent universe agar point saya penuh. Sedangkan di ZZZ saya perlu 30 menit untuk menyelesaikan satu mode Hollow Zero, tetapi kita diharuskan untuk bermain lebih dari 1x Hollow Zero pada quest. Jadi saran saya buat HZ agar tidak banyak memakan waktu",bagus kurang suka mode hollow zero makan waktu butuh menit selesai weekly quest honkai star rail main mode divergent universe point penuh menit selesai mode hollow zero harus main hollow zero quest saran hz tidak makan waktu,Negative,Negative
Game bagus Gacha busuk Dan kekurangan end game konten,bagus gacha busuk kurang end konten,Negative,Negative
nasib helio g99 gini amat maen game ini😭,nasib hio tidak,Negative,Negative
GA BS DONLOAD SU,tidak donload su,Negative,Negative
Frame,frame,Negative,Negative
Bad rate Gacha,bad rate gacha,Negative,Negative
Game ini tidak kompatibel dengan ponsel saya. Saya baru beralih ke ponsel baru namun game ini tidak dapat didownload. Padahal hp lama saya bisa. Hoyo tolong di benarkan 🙏,tidak kompatibel ponsel alih ponsel tidak didownload hp hoyo tolong benar,Negative,Negative
"Bug ""gagal mendapatkan data server"" padahal sudah Gonta ganti sinyal wifi ke data masih aja error' gimana mau main nya mana size download gede bngt",bug gagal data server gonta ganti sinyal wifi data error size download gede,Negative,Negative
Kenapa gamenya jadi tidak kompatibel? Padahal sebelumnya kompatibel dan lancar main di handphoneku. Tolong jadikan kompatibel lagi,tidak kompatibel kompatibel lancar handphoneku tolong jadi kompatibel,Negative,Negative
"Game yang sangat baik, semenjak aku main game ini hidupku merasa berwarna. Aku merasa bahagia dan juga banyak pemain yang sukses karna game ini, rekomendasi banget sih untuk kalian yang ingin instal game ini. BNGST!!!",semenjak hidup warna bahagia main sukses rekomendasi instal bngst,Negative,Negative
Game nya dapat dimainkan tapi Tolong fix issue game suka patah patah padahal saya sudah rata kiri terimakasih. perangkat yang saya gunakan infinix hot 11 nfc,main tolong fix issue suka patah patah rata kiri terimakasih perangkat infinix hot nfc,Negative,Negative
"Hai ZZZ, saya ingin menginformasikan akun saya yang menggunakan FB hilang. Jadi saya harus mulai ulang level dri awal, mohon bantuannya",informasi akun fb hilang ulang level bantu,Negative,Negative
Gagal login server saat pertama kali masuk,gagal login server,Negative,Negative
Awal rilis kompatibel > Menjadi tidak kompatibel :),rilis kompatibel tidak kompatibel,Negative,Negative
"sekarang jadi tidak kompeten di perangkat saya, tdinya masih bisa di mainkan",tidak kompeten perangkat tdinya main,Negative,Negative
Parah masa di helio g96 bisa di g99 gak bisa,parah hio tidak tidak tidak,Negative,Negative
20 gb😭😭😭,gb,Negative,Negative
Story ampas banget sumpah,story ampas sumpah,Negative,Negative
"game hoyo yg paling gg yg gw mainin, sayang nya gw harus uninstall karena gk bisa update dan gk kompatibel di hp gw :( yg penting dapat zhu yuan serta w engine nya sebelum gw uninstall wkwkkkwk",hoyo tidak mainin sayang uninstall tidak update tidak kompatibel hp zhu yuan engine uninstall wkwkwk,Negative,Negative
"Nah, boring",boring,Negative,Negative
Karena tidak bisa di main kan,tidak,Negative,Negative
"Akhirnya sudah bisa login dengan aman, dan nick nama saya bisa di pakai, tapi yah gacha hard pity rada nyebelin",login aman nick nama pakai gacha hard pity rada sebal,Negative,Negative
"Ini game kapan optimal, dari awal release sampe sekarang main game FPS nya cuma di 30-40 doang! Padahal pake proses 8s gen 3 tapi fps segitu,udah setting rata kiri 60Fps juga gaada perubahan,Battle dapet di 25-35 doang,cacad banget ini game!",optimal release fps doang pakai proses gen fps segituudah setting rata kiri fps tidak perubahanbattle doangcacad,Negative,Negative
berasa main honkai impact,asa honkai impact,Negative,Negative
Awowkwokwowk gak menang award😃,awowkwokwowk tidak menang award,Negative,Negative
Apa zenles zone zero mempunyai rencana untuk mengembangkan versi cloud,zenles zone zero rencana kembang versi cloud,Negative,Negative
Game bagus jelas.. Hp ku ga Kuat Jelas....,bagus hp ku tidak kuat,Negative,Negative
Gak bisa di hp gue,tidak hp,Negative,Negative
Muncul tulisan terlalu banyak masuk game,muncul tulis,Negative,Negative
"Mereka aplikasinya dari hape bersamaan snowbreak, setelah peluncurannya ga jadi main, malah Helio G99 & Snapdragon 680 ga di akuin lagi...",aplikasi hape sama snowbreak luncur tidak hio tidak snapdragon tidak akuin,Negative,Negative
"Mengejutkan sekali, game ini bisa sangat lancar mode 30FPS di Snapdragon 480 5G.",kejut lancar mode fps snapdragon tidak,Negative,Negative
"Udah optimal dong, tapi kalau bisa tambah fitur hapus data hehehe",optimal fitur hapus data hehehe,Negative,Negative
"Gk rekomend, temenku sange sampai bikin sw banyak",tidak rekomend temenku sange bikin sw,Negative,Negative
"Rate karakter kelas A terlalu kecil, gacha standar nya terlalu standar dpet senjata terus, tolong di bikin kayak hrs dan genshin impact yang 10 gacha lebih dominan ke karakter b4. Terimakasih.",rate karakter kelas gacha standar standar dpet senjata tolong bikin genshin impact gacha dominan karakter terimakasih,Negative,Negative
"Jadi lag ga bisa dibuka abis update 😔, kalo udh ga lag baru update rating",lag tidak buka habis update tidak lag update rating,Negative,Negative
The new update not supporting my device,the new update not supporting my device,Negative,Negative
"min, aku udah download dari awal rilis, tpi kenapa kok pas mau update malah ga kompatibel sama perangkat ku min, tolong penjelasannya min, makasih",min download rilis pas update tidak kompatibel perangkat ku min tolong jelas min terima kasih,Negative,Negative
"oi urusin masalah penggunaan ram, gede banget makenya",oi urus guna ram gede makenya,Negative,Negative
Awal main lancar2 aja tapi GK ada update apapun tiba2 versi ini tidak kontibel GK jelas banget,lancar tidak update apa versi tidak kontibel tidak,Negative,Negative
Ellen gk dapat dapat,ellen tidak,Negative,Negative
Lumayan ey grapikna,lumayan ey grapikna,Negative,Negative
Bisa tidak di kurangi datanya,tidak kurang data,Negative,Negative
Baik banget developer nya kemarin gk kompatibel tapi pas sudah update 1.1 sudah bisa sekarang terus gameplay nya juga menarik saya sangat suka sistem parry nya bikin ketagihan game nya juga gak pelit soal polychrome tapi gacha ampas banget,developer kemarin tidak kompatibel pas update gameplay tarik suka sistem parry bikin tagih tidak pelit polychrome gacha ampas,Negative,Negative
Gue main game berat dari: 1. pubg. 2. codm. 3. guardian tales. 4. genshin impact. 5. cod warfer. 6. HSR. 7. WuWa. 8. zzz tapi entah mengapa gak support dari hp poco c65 8/256 yang awalnya support tiba-tiba hilang dan gue beli hp poco x5 pro 6/126 tetap gak support juga. kirim ada apa sih sama game hoyovers satu ini.,berat pubg codm guardian tales genshin impact cod warfer hsr wuwa tidak support hp poco support tibatiba hilang beli hp poco pro tidak support kirim hoyovers,Negative,Negative
"seru abiss, game game hoyoverse ga pernah gagal🙌🏻",seru habis hoyoverse tidak gagal,Negative,Negative
Aku suka banget sama gamenya jamin banget deh yang download gak akan nyesel!,suka jamin deh download tidak sesal,Negative,Negative
"Menurut saya game ini sangat bagus dari segi fight dan kualitas visual yang cukup bagus,tapi sayang untuk keluar masuk harus memakan waktu yang banyak dan agak mengganggu dan saya tidak mendapatkan 100x free gacha kegara limit processor,untuk update sekarang saya sudah memainkainnya dengan lancar menggunakan Helio g99",bagus segi fight kualitas visual bagustapi sayang makan waktu ganggu tidak free gacha kegara limit processoruntuk update memainkainnya lancar hio tidak,Negative,Negative
Misi nya dipermudah dong tau Chara nya masih jelek jelek skillnya kecuali udah dewa dewa kyk honkai impact baru deh gamasalah musuhnya se susah apa,misi mudah tau chara jelek jelek skillnya kecuali dewa dewa honkai impact deh gamasalah musuh susah,Negative,Negative
Keren abis sayang spek hp nya ga terlalu kuat banyak yg harus di hapus.,keren habis sayang spek hp tidak kuat hapus,Negative,Negative
Terlalu sering force close,force close,Negative,Negative
Udang dibalik batu 😶‍🌫,udang balik batu,Negative,Negative
"Lebih busuk dari saudaranya, cari stat def semua yg naik game bangsad",busuk saudara cari stat def bangsad,Negative,Negative
"besar banget donwload datanya, 18gb😭😭😭",donwload data gb,Negative,Negative
"Game butek, gacha, burik",butek gacha burik,Negative,Negative
Game nya bagus tapi jalan cerita nya masuk TV trs 😁 Membosankan..... Ya emang alur gamenya begitu sih... Tapi saya bosan,bagus jalan cerita tv bosan alur bosan,Negative,Negative
"Ini game baru Dari Hoyovers emang the best dah, di tunggu update yang bagus lainnya dan alur cerita gamenya",hoyovers the best deh tunggu update bagus alur cerita,Negative,Negative
GG lah udah mulai stabil gamennya,tidak stabil gamennya,Negative,Negative
this game is hard to understand,this is hard understand,Negative,Negative
Saya nilai segini karna mengunduh data begitu lama tolong mengunduh data nya jangan banyak banyak nanti banyak yabg ga main saya saran mengunduh nya di perbaiki,nilai gin unduh data tolong unduh data jangan yabg tidak saran unduh baik,Negative,Negative
"gamenya bagus, 2 minggu langsung bosen main, 1. Sistem jelajah lambat 2. Di Spam Soldier 11 di tiga banner",bagus minggu bosan sistem jelajah lambat spam soldier banner,Negative,Negative
Grafikkkkkk nya gggggg,grafik tidak,Negative,Negative
UI hitam monoton Tolong ubah background UI di lobby menjadi warna putih #fffafafa agar tidak terlalu monoton,ui hitam monoton tolong ubah background ui lobby warna putih tidak monoton,Negative,Negative
game ngantuk,ngantuk,Negative,Negative
Jelek,jelek,Negative,Negative
"Game ini sudah cukup bagus menurut saya, dari segi gameplay maupun story, tapi ada satu yang menjadi masalah saya sebagai Player Android yaitu tombol yang tidak bisa disetting sesuai keinginan, karena tombol saat memulai pertarungan sangat kecil membuat saya kesulitan, mohon ditingkatkan lagi",bagus segi gameplay story player android tombol tidak disetting sesuai tombol tarung sulit tingkat,Negative,Negative
"Game gak jelas!!! Baru mau login aja padahal download data belum selesai tapi malah yang muncul cuma fitur daftar server doang, gak ada lanjut download data lagi gitu. Mainnya aja belum malah gak bisa login",tidak login download data belum selesai muncul fitur daftar server doang tidak download data main belum tidak login,Negative,Negative
Miyabi tolong di percepat kalau g bintang satu ni min😡,miyabi tolong cepat tidak bintang min,Negative,Negative
"Belum sempat main, pas liat download patch pertamanya udah 18.5GB, langsung ku-uninstal 😅",belum pas download patch pertama gb kuuninstal,Negative,Negative
"Aku punya permintaan, kasi hoki lah email nih, dari dulu main game hoyo gk pernah hoki nih email😔",minta kasih hoki email hoyo tidak hoki email,Negative,Negative
Akhirnya bisa download 😁😁,download,Negative,Negative
"Kg dapet Ellen Joe, kecewa berat",kg ellen joe kecewa berat,Negative,Negative
ini game kok nongol lagi di playstore gue?? :V padahal dulu awal rilis mau update aplikasi ada tulisan 'your device not compatible with this version' jadi gue uninstall aja :V,nongol playstore rilis update aplikasi tulis your device not compatible with this version uninstall,Negative,Negative
"Force close pas buka item shop dan banner event sesekali, sepertinya resource nya terlalu berat, jalan-jalan normal di kota fpsnya lancar jaya",force close pas buka item shop banner event resource berat jalanjalan normal kota fpsnya lancar jaya,Negative,Negative
"Tolong!! Tolong sekali!! Setiap mau login ada keterangan ""Terlalu banyak permintaan"", ini sungguh mengganggu saya saat mau bermain game ini. Tolong sekali Hoyoverse untuk memperbaiki kendala ini",tolong tolong login terang minta sungguh ganggu main tolong hoyoverse baik kendala,Negative,Negative
"Sejauh ini main masih GPP sih, game play nya juga seru, tapi bertarungnya terlalu pendek jadi gak bisa main lama-lama karena bosan kalo terlalu banyak obrolan daripada geludnya",tidak apa play seru tarung pendek tidak lamalama bosan obrol geludnya,Negative,Negative
"Sebuah mahakarya yang diciptakan Hoyoverse🤩, cuma berharap ada update untuk custom hud agar kontrol main lebih nyaman",mahakarya cipta hoyoverse harap update custom hud kontrol nyaman,Negative,Negative
"Gede bngt males download datanya, kek game Harry Potter awakening ku",gede malas download data harry potter awakening ku,Negative,Negative
Jangan buat karakter nya telanjang buat ngak ada marwahnya karakternya 😭,jangan karakter telanjang tidak marwahnya karakter,Negative,Negative
Mobile data issue,mobile data issue,Negative,Negative
"Game nya tolong dibuat lebih ringan lagi, rata kiri masih lag",tolong ringan rata kiri lag,Negative,Negative
Menyala Hoyoverse 🔥,nyala hoyoverse,Negative,Negative
Game kesayangan gw nih ❤️,sayang,Negative,Negative
Zenless zero,zenless zero,Negative,Negative
Gameplay nya boring explore nya dikit banget bolak balik puzzle tv,gameplay boring explore dikit bolak puzzle tv,Negative,Negative
Gimana cara bikin akun Daritadi salah password kuh,bikin akun daritadi salah password kuh,Negative,Negative
ini game atau disk rusak? MACET TERUS!!!,disk rusak macet,Negative,Negative
boring tv,boring tv,Negative,Negative
"Game nya sampai 17gb size, kemudian gamenya tidak jelas dan suasana agak membosankan, bingung mau berkomentar apa lagi, setelah cape nunggu update lama, maka pilihan hanya Uninstall",gb size tidak suasana bosan bingung komentar capek tunggu update pilih uninstall,Negative,Negative
"Meskipun udah aku hapus:( , tetap kasih bintang lima",hapus kasih bintang,Negative,Negative
"Sudah tidak kompatible, padahal aslinya masih bisa maen. Uninstall!",tidak kompatible asli uninstall,Negative,Negative
"cs nya sigap banget, update 1.1 awalnya gak bisa, akhirnya bisa juga, apalagi jadi lebih ringan, ceritanya juga makin seru, the best lah, akun nya juga dah lembali, sip",cs sigap update tidak ringan cerita seru the best akun deh lembali sip,Negative,Negative
I lost 50-50 always the game is mean to me,lost always the is mean me,Negative,Negative
I HATE TV EVERYWHERE!!. HI3 & HSR Way better than this game.,hate tv everywhere hi hsr way better tahan this,Negative,Negative
"Bagus kali update kali ini, entah kenapa sejak update kayaknya jadi berasa jauh lebih lancar gamenya di hpku yg Helio g99 Kalo sebelum ini kayak sering framedrop gitu. Walaupun kemarin waktu aku mau update kok ada tulisan gak kompetibel di play store padahal sebelum-sebelumnya kompetibel untungnya aku masih bisa update dari tabtab, Mungkin karena akunku yang pernah terhubung di hp ram 4 sih. Thanks developer, kayaknya gamenya emang lebih lancar sekarang😆",bagus update update kayak asa lancar hpku hio tidak framedrop kemarin waktu update tulis tidak kompetibel play store sebelumsebelumnya kompetibel untung update tabtab akun hubung hp ram thanks developer kayak lancar,Negative,Negative
"Gamenya bagus, tapi animasi saat gacha dan saat mau membuka/meningkatkan character itu masih lag padahal udh grafik rendah dan juga perangkat udh memenuhi spesifikasi tapi animasinya saat gacha dan saat mau membuka/meningkatkan character itu lag banget. Mohon diperbaiki 🙏🙏🙏.",bagus animasi gacha membukameningkatkan character lag grafik rendah perangkat penuh spesifikasi animasi gacha membukameningkatkan character lag baik,Negative,Negative
Secara tiba tiba mendapatakan pemberitahuan tidak kompatibel setelah di instal Padahal saat dimainkan game nya berjalan lancar dan stabil Mohon diperbaiki soal kompatibel ini,mendapatakan pemberitahuan tidak kompatibel instal main jalan lancar stabil baik kompatibel,Negative,Negative
Akhirnya bisa download,download,Negative,Negative
Lumayan,lumayan,Negative,Negative
Mode TV nya mengganggu pengalaman bermain. Memang di akhir² atau lvl tinggi lebih banyak aksi. Namu cukup menggangu player baru yg sudah saya ajak bermain. Alhasil banyak player baru yg tidak melanjutkan bermain.,mode tv ganggu alam main lvl tinggi aksi namu menggangu player ajak main alhasil player tidak lanjut main,Negative,Negative
Gamenya keren tapi ada beberapa kurang cuma masalah di touchscreen secara gak sengaja atau apa pas mau chain dmg ke bangboo malah ke agen karakter hanya itu saja saya sampaikan gua kasi rating 5 biar tidak kejadian hal yang sama terima kasih hoyoverse,keren kurang touchscreen tidak sengaja pas chain dmg bangboo agen karakter gua kasih rating biar tidak jadi terima kasih hoyoverse,Negative,Negative
Dikit2 loading scene males bet nunggu loading scene yg lama,dikit loading scene malas tunggu loading scene,Negative,Negative
gw kira MC bisa di mainin ternyata enggak,mc mainin,Negative,Negative
butuh lebih bnyk bansos,butuh bansos,Negative,Negative
lah tumben bisa ke install dlu gk bisa malah kompatibel.. aneh nih (︶｡︶)zzZ,tumben install tidak kompatibel aneh zzz,Negative,Negative
"Tolong developer, ini kenapa tidak bisa download data didalam gamenya? Penyimpanan Hp saya masih banyak, kenapa selalu muncul tulisan ""ruang penyimpanan disk tidak cukup, harap kosongkan"". Ruang penyimpanan saya masih luas, download data gamenya 18gb. Seharusnya cukup.. tolong diperbaiki lagi",tolong developer tidak download data dalam simpan hp muncul tulis ruang simpan disk tidak harap kosong ruang simpan luas download data gb tolong baik,Negative,Negative
Bangboo anak baikkk,bangboo anak,Negative,Negative
"Anjay, tidak bisa download data :v",anjay tidak download data,Negative,Negative
Game aneh Loading Nya lama bangett Gilaaa Mana Delay Lagi gerak nya Gajelas Gajelass Size gede Tapi Gak sesuai!!!,aneh loading gila delay gerak tidak gajelass size gede tidak sesuai,Negative,Negative
"Gila permintaan gua soal permasalahan kompatibel diperbaiki sama mihoyo, sesuai janji gua bakal tambahin bintang nya dari dua jadi 5 untuk kepedulian ke player nya 😁 gua bukan bot atau di bayar sama hoyo ye btw. Sekali lagi makasih loh 🥰",gila minta gua masalah kompatibel baik mihoyo sesuai janji gua tambah bintang peduli player gua bukan bot bayar hoyo ye btw terima kasih loh,Negative,Negative
game baik/ mungkin yg nggak disukai dimode tvnya,tidak suka mode tvnya,Negative,Negative
Game alur cerita gak jelas. Dan terlalu banyak item dan gak jelas juga mau apa.,alur cerita tidak item tidak,Negative,Negative
"Bagus game nya, meski gw maen di pc karna hp gak kuat tapi tetep gw kasih rate playstore",bagus pc hp tidak kuat kasih rate playstore,Negative,Negative
Buat hellio G99 bisa maen dong,hellio tidak,Negative,Negative
Padahal kemaren kompatibel tiba tiba tidak kompatibel,kemarin kompatibel tidak kompatibel,Negative,Negative
"Setelah update 1.1 akhirnya sistem rekomendasi spek nya di perbaiki dan saya bisa download lagi di play store, makasih hoyo...",update sistem rekomendasi spek baik download play store terima kasih hoyo,Negative,Negative
"Sebelumnya banyak masalah di optimalisasi, tapi sekarang setelah update 1.1 terasa lebih lancar dan menjadi lebih baik dari sebelumnya. Saya harap game ini bisa terus berkembang ke arah yang lebih baik.",optimalisasi update lancar harap kembang arah,Negative,Negative
HPKU RA KUAT ANJAY,hpku ra kuat anjay,Negative,Negative
Okeh udah normal udah muncul lagi di google playstore Chipset mediatek Helio G99,okeh normal muncul google playstore chipset mediatek hio tidak,Negative,Negative
yg rate apa yg dapat apa... ngg jelas sampai 90 pulah gachanya malah yg rate up ngg dapat .. calon deat game mending main solo leveling free to play masih bisa ngimbangin setiap hari di kasih suplay ..,rate tidak pulah gachanya rate up tidak calon deat mending solo leveling free play ngimbangin kasih suplay,Negative,Negative
"terima kasih atas masalah kontipabel nya, akhirnya bisa download jg nih game.sebelum nya GK bisa download gara2 kontipabel",terima kasih kontipabel download gamesebelum tidak download gara kontipabel,Negative,Negative
"PENTING: Tdk ada fitur co-op melawan weekend boss, loading game saat mengganti map/berpindah area terlalu lama malah menggagu, sebagian di dialog mode explorasi tdk bisa diskip, terutama yg bagi maptv, bagian map explorasi agak DISTURBING (menurut saya) kurang nyaman dimainkan lama2",tidak fitur coop lawan weekend bos loading ganti mapberpindah area gagu dialog mode explorasi tidak skip maptv map explorasi disturbing kurang nyaman main,Negative,Negative
panjang umur game baik.....😌😌,umur,Negative,Negative
"Tambahkan map yang lebih variatif tidak itu itu saja, saran saya buat perbedaan map pada setiap misi story seperti sesudah menyelesaikan suatu misi maka pada misi lain konsep area map akan berubah seperti pada honkai impact 3 jadi tidak membuat player menjadi jenuh",tambah map variatif tidak saran beda map misi story selesai misi misi konsep area map ubah honkai impact tidak player jenuh,Negative,Negative
"Best RGP Hack & Slash, Konsep dunianya unik dan gameplay juga agak beda dengan game hack n slash lainnya",best rgp hack slash konsep dunia unik gameplay beda hack slash,Negative,Negative
"Akhirnya dah kebuka untuk techno :"" kupikir GK bisa",deh buka techno pikir tidak,Negative,Negative
"Optimasi nya lancar parah di banding versi sebelumnya, The best lah 👍 (g99 cik)",optimasi lancar parah banding versi the best tidak cik,Negative,Negative
Ini serius download datanya 18GB,serius download data gb,Negative,Negative
Gila!!! untuk Side Quest aja udah sesusah itu ya? siapapun yang punya ide bikin Side Quest sesusah itu........ selamat!!! semoga ada player / orang yang belum main ZZZ bisa jadi tertarik untuk memainkan ZZZ!!!,gila side quest susah ide bikin side quest susah selamat moga player belum tarik main,Negative,Negative
"Hilangkan mode TV puzzle nya kenapa enga di bikin langsung combat aja tanpa ada TV puzzle, Karena itu sangat membosankan. Sangat Anoying",hilang mode tv puzzle enga bikin combat tanpa tv puzzle bosan anoying,Negative,Negative
"Gak kalah sama game fighting lainnya seperti punishing gray raven, whutering waves,dll.",tidak kalah fighting punishing gray raven whutering wavesdll,Negative,Negative
"Tolong perbaiki dibagian grafik nya, resolusinya terlalu rendah, padahal disetting udah tinggi Saya yakin Device saya sanggup untuk menjalankan nya, mengingat saya juga memainkan HI3 dengan settingan medium-high dengan baik.",tolong baik bagi grafik resolusi rendah disetting tinggi device sanggup jalan main hi settingan mediumhigh,Negative,Negative
"Bagus banget dehh,yang bilang game nya jelek sering keluar sendiri dan lain lain,tu hp kalian aja yang GK sanggup",bagus dehhyang bilang jelek laintu hp tidak sanggup,Negative,Negative
G99 kompatibel cuy,tidak kompatibel cuy,Negative,Negative
"Story mudah bosan,kurang optimal,dan bug lobby hitam",story mudah bosankurang optimaldan bug lobby hitam,Negative,Negative
Ngeleg jir kek wuwa,ngeleg jir wuwa,Negative,Negative
setidaknya 20 kali spin dapat Tier s,spin tier,Positive,Negative
"Ribet, pelit",ribet pelit,Negative,Negative
"Ok menurut ku yh semuanya udah ok apalagi dalam segi gamplay tapi untuk mata uang buat gachanya itu agak bikin pusing kenapa gak dibikin simple aja jadinya ak sampe sekarang ngak top up karna ya itu pusing bet plis di bikin lebih simple sama terlalu banyak loading dikit"" loading dikit"" loading itu yang bikin agak boring sama ngantuk plis w ga masalah mbnya agak gede dikit yang penting loading nya dikurangi udah itu aja overal good game",ok ku ok segi gamplay uang gachanya bikin pusing tidak bikin simple tidak top up pusing plis bikin simple loading dikit loading dikit loading bikin boring ngantuk plis tidak mbnya gede dikit loading rang overal good,Negative,Negative
Akhirnya berwarna juga enggak hitam lagi latarnya,warna hitam latar,Negative,Negative
Setelah update frame drop parah sudah dituruni ke grafik sedah juga masih sama,update frame drop parah turun grafik dah,Negative,Negative
"Setelah saya bermain tidak ada yg aneh tapi ketika game update semua data yang saya download hilang dan disuruh download ulang file sebesar ±8.500 mb, benar benar sampah",main tidak aneh update data download hilang suruh download ulang file mbak sampah,Negative,Negative
"Story bagus dan gameplay sgt bagus, dan yang saya suka dari game ini adalah menggunakan mekanisme jelajahnya adalah tv, punya keunikan tersendiri, namun sedikit yang disayangkan dari segi optimalisasi gamenya yang msh kurang, kadang ingin Dodge serangan lawan sedikit delay dan loading in game sedikit memakan waktu. Itu saja saran untuk hoyoverse, semoga diperbaiki kedepannya",story bagus gameplay bagus suka mekanisme jelajah tv uni sendiri sayang segi optimalisasi kurang kadang dodge serang lawan delay loading makan waktu saran hoyoverse moga baik depan,Negative,Negative
Biasanya saya kurang suka game online. Tapi pengecualian untuk game ini. Mungkin untuk plot ceritanya dibuat lebih matang agar tidak banyak plot hole,kurang suka online kecuali plot cerita matang tidak plot hole,Negative,Negative
"Gameplay dari game ini seru, story masing"" karakter juga menarik. Di luar dari game, tanggapan dari developer juga sangat cepat dalam menangani suatu permasalahan untuk playernya. Hari ini saya ingin melakukan pembaruan aplikasi zzz akan tetapi ada keterangan perangkat tidak kompatibel, setelah saya menghubungi developer terkait permasalahan tersebut, pada hari ini juga developer melakukan penanganan terkait permasalahan yang saya alami, semoga kedepannya selalu seperti ini, good job👍",gameplay seru story karakter tarik tanggap developer cepat tangan masalah playernya baru aplikasi terang perangkat tidak kompatibel hubung developer kait masalah developer tangan kait masalah alami moga depan good job,Negative,Negative
Kasih saya hoki sekali aja buat gacha hard pity mulu astaga capek woi 😭,kasih hoki gacha hard pity mulu astaga capek woi,Negative,Negative
"game overal bagus, event juga bagus, gaada masalah...untuk yang komplain bilang ""render hitam""/gambar tidak ada itu bukan salah developer melainkan hp kalian aja yg tidak support...soalnya saya main dari awal rilis pke drvice ""infinix gt 20 pro"" chipset dimensity 8200 ultimate gaada masalah dari awal perilisan, jadi saran saya daripada menyalahkan developer lebih baik kalian ganyi device dlu, trims",overal bagus event bagus tidak masalahuntuk komplain bilang render hitamgambar tidak bukan salah developer hp tidak supportsoalnya rilis pakai drvice infinix pro chipset dimensity ultimate tidak rilis saran salah developer ganyi device terima kasih,Negative,Negative
pas konfigurasi data di 70% sering bgt force close...,pas konfigurasi data force close,Negative,Negative
"Bagus sih, sejauh ini gak pernah ngalamin yg orang lain keluhkan. Main lancar, gak lagging, background ke render semua...belum ada keluhan dari saya sejauh ini dan aku punya satu permintaan...KAPAN DPT LYCAON AKU MAU LYCAON😭😭😭",bagus tidak ngalamin keluh lancar tidak lagging background render semuabelum keluh permintaankapan lycaon lycaon,Negative,Negative
"Sangat sangat menarik, dengan konsep seperti kartun, pengalaman game action ini tidak akan saya lupakan! Mungkin ralat sedikit saja, tolong berikan lebih banyak event ke depanya.",tarik konsep kartun alam action tidak lupa ralat tolong event depa,Negative,Negative
"Contoh Game Masa Depan yg Patut di tiru... Gameplay Gampang, di Mobile bisa pakai Gamepad. Saran : Gachanya di permudah lagi & Banyakin Event Monochrome & Perbanyak Giftnya.",contoh patut tiru gameplay gampang mobile pakai gamepad saran gachanya mudah banyak event monochrome banyak giftnya,Negative,Negative
GG KANG !!!!!,tidak kang,Negative,Negative
Rate gacha ampas,rate gacha ampas,Negative,Negative
Eventnya kurang menarik,eventnya kurang tarik,Negative,Negative
Gak tau kenapa mihoyo disetiap gamenya gak pernah mau ngasih kebebasan buat playernya ngecustom layout hud tombol.padahal letak jari tiap orang gak sama loh.main genshin udah 3 tahun sampek skrg tiap main masih sering salah pencet cuma karna posisi tombol yg gak cocok sama ukuran jari aja.hal hal kecil kek gini gak pernah diperhatiin dev trus devnya ngapain aja.bikin game yaudah bikin doang tp kenyamanan playernya kayak gak pernah dipikirin,tidak tau mihoyo tiap tidak asih bebas playernya ngecustom layout hud tombolpadahal letak jari tidak lohmain genshin tahun salah pencet posisi tombol tidak cocok ukur jari ajahal tidak diperhatiin dev devnya ajabikin yaudah bikin doang nyaman playernya tidak pikir,Negative,Negative
Ngeframe njir,ngeframe anjir,Negative,Negative
Material gacha sulit di dapat dan susah mendapat char limit. Harus 150+ pull dulu,material gacha sulit susah char limit pull,Negative,Negative
"Yg kasih bintang 1 pasti hp nya kentang maksa buat main, jgn ya dek ya,",kasih bintang hp kentang maksa jangan dek,Negative,Negative
"maap gw pindah game sebelah, baru beberapa bulan udh berani kasi char bintang 5 gratis 3, itu membantu banget buat player yang baru main, gw udah muak dan kecewa bet ama 1 developer ini yang ga pernah mengutamakan playernya.. setidaknya kalo ngasih jan nanggung masa iya 300x pull standart banner baru di kasi char gratis, berharapnya kalo ngasi tu buat bantu player baru ngejalanin semuanya, kalo 300x pull ya udah jadi sepuh di game ini dan yang di gratiskan ga akan guna lagi..🥱🥱",maaf pindah belah berani kasih char bintang gratis bantu player muak kecewa developer tidak utama playernya asih jangan nanggung iya pull standart banner kasih char gratis harap asih bantu player ngejalanin pull sepuh gratis tidak,Negative,Negative
"Why do i have black background while playing, is that part of game,? That was terrible",why have black background while playing is that part of that was terrible,Negative,Negative
Udh bagus tinggal di banyakin event lagi,bagus tinggal banyak event,Negative,Negative
Busuk amat coy ghaca di zzz. Pasti 5 pity terakhir terus dpt nya,busuk coy ghaca pity,Negative,Negative
Saya maen di pc terkena bug yg aneh Jika disconnect atau dc dengan kontroller tersambung lalu reconnect maka controller otomatis terputus pdhl masih tersambung di pc Tolong diperbaiki,pc kena bug aneh disconnect dc kontroller sambung reconnect controller otomatis putus sambung pc tolong baik,Negative,Negative
"Gamenya udh bagus cma loadingnya lama, udh gtu walau rata kanan msih burik bkin sakit mata",bagus loadingnya rata kanan burik bikin sakit,Negative,Negative
Gk optimal,tidak optimal,Negative,Negative
Game ini berat dan terlalu membosankan. Ceritanya gw skip semua tapi ada bagian yg tdk bisa di skip. Sangat membosankan. Bikin ngantuk. Hanya melek saat actiom battle aja. Sisanya gw gak suka. Dialog karakter seperti game Honkai Impact 3rd. Lebih suka interaksi seperti di Star Rail. Karakter gak terlalu menaik. Mungkin gak cocok buat gw. Ya udah. Uninstall.,berat bosan cerita skip tidak skip bosan bikin ngantuk melek actiom battle sisa tidak suka dialog karakter honkai impact rd suka interaksi star rail karakter tidak naik tidak cocok uninstall,Negative,Negative
"Cerita, grafik dan desain karakter sangat memuaskan, cuman mungkin masih kurang optimal ketika di kota besar, fps sering turun ketika berada di kota",cerita grafik desain karakter muas cuman kurang optimal kota fps turun kota,Negative,Negative
"Banyak banget bug nya, baru sehari main langsung hapus. Baru tau hoyo bisa bikin game gagal, perbaikin lagi!!",bug hari hapus tau hoyo bikin gagal baik,Negative,Negative
GK bisa telanjang:(,tidak telanjang,Negative,Negative
Malas gak dapet elen.,malas tidak elen,Negative,Negative
"Kompatibilitas nya tolong lah, ram 8 aja masih blackscreen, gimana mau explore nabrak tembok mulu😅",kompatibilitas tolong ram blackscreen explore nabrak tembok mulu,Negative,Negative
4NO banget Ketagihan choli,no tagih choli,Negative,Negative
Fresh bgt sih ini game nya,fresh,Negative,Negative
Remove the TV system and it will be better.,remove the tv system and will be better,Negative,Negative
"Overall gud , upgrade-an dari honkai sih , cuman monochrome susah mulungnya, pity juga gokil 😭",overall gud upgradean honkai cuman monochrome susah mulungnya pity gila,Negative,Negative
"Aku yakin udah diperbaiki, tapi sering kali force close terjadi. Alasannya memang (mungkin) device yang kugunakan kurang mumpuni untuk game ini. Aku memilih bermain di PC, walau pun membuat sekujur badannya panas, setidaknya masih dapat bermain dengan lancar di grafis rendah. Ketidaknyamanan bermain di PC hanya menunggu loading dan juga terasa membosankan jika mode battle hanya segelintir dari jumlah kotak TV yang ada. 😅 Well, cuma mau bilang ""makasih"" ke Hoyoverse.",baik force close alas device guna kurang mumpuni pilih main pc kujur badan panas main lancar grafis rendah ketidaknyamanan main pc tunggu loading bosan mode battle gelintir kotak tv well bilang terima kasih hoyoverse,Negative,Negative
"Boring character design, Hollow zero is the worst idea hyv team has come up with",boring character design hollow zero is the worst idea hyv team has come up with,Negative,Negative
"Main Quest menyebalkan, ketika sudah masuk ke cerita main quest tidak bisa menjalankan misi lainnya. Harusnya bisa dikerjakan sekalian seperti game rpg lainnya. Sangat disayangkan apalagi fitur tv yang terlalu bertele-tele",quest sebal cerita quest tidak jalan misi rpg sayang fitur tv berteletele,Negative,Negative
Aku memiliki baru POCO f6. Kenapa ku tidak bisa memainkan game ini? Apakah spek handphone baru ku masih belum mumpuni?,milik poco ku tidak main spek handphone ku belum mumpuni,Negative,Negative
Berasa kena tipu pas gacha,asa tipu pas gacha,Negative,Negative
"Setiap update, yang bahkan updatenya cuma 10 MB kebawah harus ada ""mengompilasi shader"" yang loading nya lama banget. Saya tau hp saya kentang, tapi kenapa harus ""mengompilasi shader"" setiap habis update.",update updatenya mbak bawah kompilasi shader loading tau hp kentang kompilasi shader habis update,Negative,Negative
P Info barter Zhu Yuan sama Ellen Joe,info barter zhu yuan ellen joe,Negative,Negative
Kasih reminder lah kalau pity reset pas ganti banner dan kenapa juga tidak mengikuti game hoyoverse sebelumnya untuk sistem gacha,kasih reminder pity reset pas ganti banner tidak ikut hoyoverse sistem gacha,Negative,Negative
"Buat battlenya lumayan tapi jujur apaan ajg ada mini game snake, parahnya lagi gameplay exolorenya apaan itu tv berjalan, ga menarik",battlenya lumayan jujur ajg mini snake parah gameplay exolorenya tv jalan tidak tarik,Negative,Negative
Ah game isinya cewe semua. Dah tau hi3 sepi malah diulangi 😂. Yg bikin gi dan hsr rame itu karena mereka niat bikin char cowok. Apalah disini lanangnya banyakan binatang. Gak asik bet.,ah isi cewek deh tau hi sepi ulang bikin gi hsr rame niat bikin char cowok apa lanang banyak binatang tidak asik,Negative,Negative
"1) optimalisasi lanjutan dan terkadang frame drop di beberapa momen tertentu seperti saat battle efek skill dan musuh yang banyak ataupun menjelajahi area yg memiliki kepadatan objek/npc seringkali mengalami frame drop yg cukup mengganggu, 2) kualitas render dan resolusi perlu ditingkatkan lagi, 3) mohon untuk tv/hdd dikurangi lagi penggunaannya dikonten konten ingame, 4) volume suara ingame juga terdengar cukup kecil walaupun sudah menaikkan tingkat volume perangkat maupun sistem suara di game",optimalisasi lanjut terkadang frame drop momen battle efek skill musuh jajah area milik padat objeknpc seringkali alami frame drop ganggu kualitas render resolusi tingkat tvhdd rang guna konten konten ingame volume suara ingame dengar naik tingkat volume perangkat sistem suara,Negative,Negative
"Game ini aslinya bagus, dan seru.. Cuma butuh pengoptimalan saja. Di device yang saya gunakan(POCO F5) sangat cepat sekali panas dan frame rate drop. Berbeda dengan saat saya memainkan Honkai Starrail dan genshin impact. Tolong lebih dioptimalkan lagi🙏",asli bagus seru butuh optimal device gunakanpoco cepat panas frame rate drop beda main honkai starrail genshin impact tolong optimal,Negative,Negative
I love bangboo but please increase the rate S character I already lvl 30 and still got 1 S char not like any body who already have 3-5 of them 🗿,love bangboo but please increase the rate character already lvl and still got char not like any body who already have of them,Negative,Negative
"Kalah rate off pity tinggi haiya, ngincer Zhu Yuan malah dapet kucing kampung",kalah rate off pity tinggi haiya ngincer zhu yuan kucing kampung,Negative,Negative
"Terlalu banyak loading screen yang menggangu, walau hanya sebentar tapi sangat banyak. Gameplay bermain puzzle TV yang terlalu banyak membuat malas bermain",loading screen menggangu sebentar gameplay main puzzle tv malas main,Negative,Negative
Udah lumayan tapi di bagian segi gacha sama event masih kurang,lumayan segi gacha event kurang,Negative,Negative
"Gameplay fight nya terlalu singkat, di tambah kebanyakan scene ngobrol yang lama dan kadang waktu terbuang cuma untuk ngobrol doang, untuk puzzle udah lumayan tapi tolong di beberapa scene semi open world dalam memasuki ruangan baru di persingkat kadang loading rendering tempat yang sering di masukin suka lama sekali dan itu membuang waktu jg, overall selama main cuma itu sj keluhan sy dan mungkin beberapa hadiah event harian mohon di perbanyak kadang suka seret sekali kalo udah masuk en gameny",gameplay fight singkat banyak scene obrol kadang waktu buang obrol doang puzzle lumayan tolong scene semi open world pasuk ruang singkat kadang loading rendering pasuk suka buang waktu overall keluh hadiah event hari banyak kadang suka seret en gameny,Negative,Negative
"gamenya bagus,tapi sayang di Snapdragon 695 kayaknya kurang nyaman",bagustapi sayang snapdragon kayak kurang nyaman,Negative,Negative
Suka combatnya sih untuk cerita saya ga terlalu menikmati soalny sibuk kerja juga ga fokus ke cerita,suka combatnya cerita tidak nikmat soalny sibuk tidak fokus cerita,Negative,Negative
game kok bikin pusing. gelap banget. UI too complicate and su*k. booring. motion sickness 900% cocok pengganti lem aibon,bikin pusing gelap ui too complicate and suka booring motion sickness cocok ganti lem aibon,Negative,Negative
"Ini game tidak dapat serunya dan semangat untuk main sangatlah rendah. Fitur yang membuat ini game membosankan adalah mode TV yang kurang untuk eksplorasi dunia dalam game, dialog yang terlalu monoton, mekanisme game yang sangat rumit, sistem gacha yang tidak ramah, dan terakhir cutscene yang terlalu ekpresif sehingga tidak nyaman untuk di lihat. Saya harap kedepannya developer akan memperbaiki masalah yang sebut diatas.",tidak seru semangat rendah fitur bosan mode tv kurang eksplorasi dunia dialog monoton mekanisme rumit sistem gacha tidak ramah cutscene ekpresif tidak nyaman harap depan developer baik atas,Negative,Negative
Aight its unity crash fixed,aight its unity crash fixed,Negative,Negative
Tidak bisa login,tidak login,Negative,Negative
"Gw tarik rating B5 gw, makin kesini update makin g jelas yang tadinya snap870 kuat malah jadi berat bukanya ngoptimalin game nya malah di bikin jadi berat, dasar Dev kikir",tarik rating kesini update tidak snap kuat berat buka ngoptimalin bikin berat dasar dev kikir,Negative,Negative
Tidak stabil,tidak stabil,Negative,Negative
Gameplay dan lain lainnya bagus cuma saya tidak terlalu suka saat memainkan puzzle TV di HDD karna warna nya terlalu gelap dan membingungkan. Jujur saja saat bertarung cuma butuh 2-4 menit namun saat menyelsaikan puzzle nya butuh 5-10 menit.,gameplay bagus tidak suka main puzzle tv hdd warna gelap bingung jujur tarung butuh menit menyelsaikan puzzle butuh menit,Negative,Negative
"Aku kasi 5 star kalau masalah black scren di map zzz ini teratasi, hanya itu masalah ku dan GK ad yang lain selain itu. Tolong di perbaiki developer",kasih star black scren map atas ku tidak tolong baik developer,Negative,Negative
"Game play seru, tapi banyak UI yang bikin pusing, dan gachanya ampas",play seru ui bikin pusing gachanya ampas,Negative,Negative
"Cukup suka saya dengan animasi dan konsep dari gamenya, cuma kurasa terlalu berat untuk sebuah game mobile yang di mainkan saya kira bisa coba untuk di optimalkan agar aman di mainkan untuk semua device yang cukup dan tidak terlalu panas ( agar dapat di mainkan secara lama)",suka animasi konsep rasa berat mobile main coba optimal aman main device tidak panas main,Negative,Negative
Fresh,fresh,Negative,Negative
"Gem nya bagus seru, gw suka bagian gemplaynya. Design nya dibilang bagus malah lebih wkwk. Setiap sisi banyak goncangan 😂. Tapi mines nya, gem nya berat bgt. Gw main di hp rog 2 suhu nya bisa sampe 43° jadi setrika hp gw ini mah. Kalo bisa sih mihoyo coba di optimalkan lgi bagian itu nya yg bikin gem nya berat. Rugi kalau gem ini rame tapi tidak semua hp yg bisa main. Padahal gem nya seru mata di manjakan goncangan"" yg bisa bikin ere*si :v",gem bagus seru suka gemplaynya design bilang bagus wkwk sisi goncangan mes gem berat hp rog suhu setrika hp mah mihoyo coba optimal bikin gem berat rugi gem rame tidak hp gem seru manja goncangan bikin eresi,Negative,Negative
"ini gamenya macet terus, inside update buat apa homoverse!!",macet inside update homoverse,Negative,Negative
"UNIK!!.. satu kata untuk menggambarkan pengalaman pribadi gua bermain game ini. Tampilan home yang bisa dieksplor, gameplay yang menarik banget, desain character yang berbeda dari game lain dengan tipe yang serupa, serta storynya juga bagus + kocak wkwk..",unik gambar alam pribadi gua main tampil home dieksplor gameplay tarik desain character beda tipe storynya bagus kocak wkwk,Negative,Negative
Tolong buatkan exit button,tolong buat exit button,Negative,Negative
Puzzles cause headaches and excess stress,puzzles cause headaches and excess stres,Negative,Negative
Hape kalian kentang jngn jelek2in gamenya ya!,hape kentang jangan jelek,Negative,Negative
"Sbenernya bagus ini game, tapi males aja mainnya, fc gajelas, dan skrg pas udah uninstall, liat deskripsi PlayStore malah ga kompatibel lagi 😂",bagus malas main fc tidak pas uninstall deskripsi playstore tidak kompatibel,Negative,Negative
luar biasa game ini membuat saya ketagihan,tagih,Negative,Negative
Optimalisasi lagi aja untuk device mobile soalnya terlalu lag mau rata kanan/rata kiri padahal device uda requirement bukan minimum lagi,optimalisasi device mobile lag rata kananrata kiri device requirement bukan minimum,Negative,Negative
Worst for the first realese it's already 19gb+,worst for the first realese its already gb,Negative,Negative
Game nanggung gini ukuran nya hisa tembus 20 Gb lebih...mangsud amad... Grapik Kodok seharus nya size gk usah gede2...cukup 5 atau 8 Gb aja... Sedangkan Game Open world aja gak sampe 20 Gb an... Kocak 🤣,nanggung ukur hisa tembus gb lebihmangsud grapik kodok harus size tidak gedecukup gb open world tidak gb an kocak,Negative,Negative
"Game nya bagus. Grafis ya di hp saya sih rendah tapi dah mantul, event walaupun ngak banyak tapi menantang. Pokoknya mantap dah.. Cuman saran saya buat up bintang agen itu bisa di beli chip nya di shop sekian terimakasih",bagus grafis hp rendah deh mantul event tidak tantang pokok mantap deh cuman saran up bintang agen beli chip shop sekian terimakasih,Negative,Negative
Lama loading nya,loading,Negative,Negative
Sorry,sorry,Negative,Negative
Gameplaynya seru dan fresh buat sekelas game gacha,gameplaynya seru fresh kelas gacha,Negative,Negative
Tolong lebih distabilkan lagi di device Samsung A55 5G dengan chipset Exynos 1480,tolong stabil device samsung tidak chipset exynos,Negative,Negative
Game kont00ll to many request udah 2 minggu gak bisa login,kontll many request minggu tidak login,Negative,Negative
"gamenya mantap, cuma kalo masalah rendering atau frame drop itu tergantung device doang kok😇",mantap rendering frame drop gantung device doang,Negative,Negative
"Kebanyakan game grinding, loading lama,di php freepull aslinya harus farm berhari hari",banyak grinding loading lamadi php freepull asli farm hari,Negative,Negative
PLEASE ADD 45 FPS 🙏,please fps,Negative,Negative
"pengoptimalan game agak kurang, jadi tidak bisa dipake streaming. tapi anehnya genshin impact pada hp saya masih bisa dipake streaming. kekurangan saya sih cuma diberat cache aplikasi aja ya.",optimal kurang tidak pakai streaming aneh genshin impact hp pakai streaming kurang berat cache aplikasi,Negative,Negative
download trus hapus. apalah gak sesuai expetasi gamplay boring,download hapus apa tidak sesuai expetasi gamplay boring,Negative,Negative
"Stage TV.nya kurangin napa.. udah mending dibikin kaya HI aja, masa Hollow Zero TV juga.. TV ilangin di Hollow Zero, banyakin pintu kaya Elysian Realm di HI.. kelar.. TV ditaruh di story/event utama aja, masa endgame.nya ada TV juga.. malazz, bikin ngantuk.. tadinya pengen main lama"", tapi jadi males gara"" liat TV doank..",stage tvnya kurang mending bikin hi hollow zero tv tv ilangin hollow zero banyak pintu elysian realm hi kelar tv taruh storyevent utama endgamenya tv malazz bikin ngantuk pengin malas gara tv doang,Negative,Negative
Gachaku tolong dipermudah gm,gachaku tolong mudah gm,Negative,Negative
"Setelah Update aplikasi, masa jadi suka Frame Drop. Padahal Device ROG Phone 8 + Cooler nya malah. Tolong segera diperbaiki",update aplikasi suka frame drop device rog phone cooler tolong baik,Negative,Negative
"Gamenya sih bagus, grafik juga oke, lancar juga gada lag dan minim drop fps, dropnya juga cuma ke 45fps. Minusnya gampang bikin males bagi gw + agak kikir😂",bagus grafik oke lancar tidak lag minim drop fps drop fps minus gampang bikin malas kikir,Negative,Negative
"Game aneh kebanyakan animasi daripada battlenya.Ditantangan mingguan ada misi yg semacam simulated universe HSR tapi yg bikin males eksplorasi tv nya yg kebanyakan animasi,sekedar terkontaminasi debuff doang harus ada animasinya sekian detik, belum lagi animasi2 yg lain.iya sih animasi2 kecil bisa ngebikin lebih hidup,tapi kalo kebanyakan ya jatuhnya cringe. udah nungguin dari beta berharap bisa jadi game santai sepulang kerja malah dibikin jengkel sama hal2 yg ada di tv dan semacamnya.kecewa",aneh banyak animasi battlenyaditantangan minggu misi simulated universe hsr bikin malas eksplorasi tv banyak animasisekedar kontaminasi debuff doang animasi sekian detik belum animasi lainiya animasi ngebikin hiduptapi banyak jatuh cringe tunggu beta harap santai pulang bikin jengkel tv semacamnyakecewa,Negative,Negative
"Setelah adanya update , akun saya menjadi bermain dari awal kembali dengan sendirinya, adakah solusinya?",update akun main ada solusi,Negative,Negative
Untuk pihak dev tolong dong unduhan nya di bagi dulu kalau langsung semua kouta gk cukup karena nyampe 10000gb,dev tolong unduh kouta tidak gb,Negative,Negative
"Gimmick nih game, scam banget gk pernah sekali pun menang dipity rendah",gimmick scam tidak menang dipity rendah,Negative,Negative
Ga minat main. Akun tiba-tiba ke reset balik ke level 1. Mana udh top-up juga,tidak minat akun tibatiba reset level topup,Negative,Negative
"Game ini bagus dari tampilan mode dan sebagian nya, ada beberapa kelemahan seperti loading yang terlalu banyak dan lama dengan kondisi lokasi yang terlalu sempit menurut ku ini sangat membosankan, sama pertama Main rasa nya normal tapi setalah cerita bisa di lewati dan sebagian nya tapi pada saat loading pertama dan seterusnya ini game membosankan jadinya ,itu aja komentar saya terimakasih",bagus tampil mode lemah loading kondisi lokasi sempit ku bosan normal seta cerita lewat loading bosan komentar terimakasih,Negative,Negative
"Jadi males main. Akun hilang, Sia-sia top-up. Kemarin sebelum akun tiba-tiba hilang aman aja. Pas hari ini mau login malah balik ke level satu lagi",malas akun hilang siasia topup kemarin akun tibatiba hilang aman pas login level,Negative,Negative
Sangat tidak mendukung. Padahal android saya ram 8 tapi suka forco close saat loading masuk dan masih suka lag ketika di dalam hollow,tidak dukung android ram suka forco close loading suka lag hollow,Negative,Negative
Nice GG game,nice tidak,Negative,Negative
"Ngeroll di banner limited malah dikasih neko, pt busyuk. Cuma menang di combat dan grafik, selain itu bosenin semua",ngeroll banner limited kasih neko pt busyuk menang combat grafik bosan,Negative,Negative
"Game tolol, lgi asik baca cerita malah fc",tolol asik baca cerita fc,Negative,Negative
Baterai fast drain :-(,baterai fast drain,Negative,Negative
"Download game Laen lancar,buat download Daleman lemot",download lancarbuat download dalem lot,Negative,Negative
Gamenya bagus dari segi story animasi dan character cuman dibagian puzzle TV itu membuat cepat jenuh dan untuk mendapatkan bahan dllnya sulit dan gachanya susah banget dapatin chara bintang 5,bagus segi story animasi character cuman bagi puzzle tv cepat jenuh bahan dllnya sulit gachanya susah dapatin chara bintang,Negative,Negative
Good..cuman klw maen mesti speck hp tinggi...ram 8 aja Masi kurang peformanya..kayaknya mang cocok di PC deh..tolong d perbaiki lgi d seimbngi dengan pengguna android..,goodcuman mesti speck hp tinggiram kurang peformanyakayaknya cocok pc dehtolong baik seimbngi guna android,Negative,Negative
"Loading terlalu lama, tidak playable di poco x3 pro, lebih baik main di pc dari pada mobile",loading tidak playable poco pro pc mobile,Negative,Negative
Sering force close di Poco F4 ram 6gb.. Tolong diperbaiki..,force close poco ram gb tolong baik,Negative,Negative
Loadingnya lama pas udah selesai Loadingnya malah ada masalah jadi tolong Loadingnya Di cepatkan,loadingnya pas selesai loadingnya tolong loadingnya cepat,Negative,Negative
Rate gacha ny sangat tidak bersahabat,rate gacha tidak sahabat,Negative,Negative
"Mohon diperbaiki setiap kali menekan menu event dan gacha selalu stuck dan force close sendiri, padahal ketika bermain dimode lain seperti dipertarungkan, menjalankan misi, atau menelusuri new eridu aman dan lancar.",baik tekan menu event gacha stuck force close main mode tarung jalan misi telusur new eridu aman lancar,Negative,Negative
Yang kasih 1 star HP lu aja kentang anj makanya beli HP dulu bukannya top up,kasih star hp kentang anjing beli hp top up,Negative,Negative
"Hp kentang maksa main game berat, hp gak kuat malah nyalahin gamenya pula bocil2 lol",hp kentang maksa berat hp tidak kuat salah bocil lol,Negative,Negative
"Di Hp mid masih ada frame drop,Tolong tingkatkan lagi performanya",hp mid frame droptolong tingkat performa,Negative,Negative
GAME KOK KEDIP KIRI,kedip kiri,Negative,Negative
Bikin pusing mode TV. Siapa yg ngide ini coba. Battlenya seru padahal. Bansosnya juga dikit.,bikin pusing mode tv ngide coba battlenya seru bansosnya dikit,Negative,Negative
Sakit mata mainnya,sakit main,Negative,Negative
Udah bagus tapi fitur TV di kurangin sumpah bikin ngantuk Yah kalo bisa di hilangin di ganti battle lebih lama masi bisa lah,bagus fitur tv kurang sumpah bikin ngantuk hilang ganti battle,Negative,Negative
"Bikin bosan TV nya, hapus atau kurang kan, baru instal lagi",bikin bosan tv hapus kurang instal,Negative,Negative
Skip. Gabisa lompat jirr kek abis keseleo,skip tidak lompat anjir habis keseleo,Negative,Negative
"Tolong di optimalisasi kan Snapdragon 870 masih ngfrem loading gacha, shop bikin ngfrem dampak in game juga Please optimize the Snapdragon 870, it's still loading gacha, the shop makes the impact in the game too",tolong optimalisasi snapdragon ngfrem loading gacha shop bikin ngfrem dampak please optimize the snapdragon its still loading gacha the shop makes the impact the too,Negative,Negative
"Padahal mainnya lancar jaya tapi saat masuk ke aplikasi lain lalu balik lagi ke ZZZ langsung black screen, tolong perbaikiii",main lancar jaya aplikasi black screen tolong baik,Negative,Negative
Sebenernya bagus tapi masih harus di tingkat kan lagi untuk di android soalnya force close trs,bagus tingkat android force close,Negative,Negative
Generasi game kikir dngn game gk bakal jangka panjang main seminggu udah bosan bansos nya pun php kikir kikir untung gk top up biasa sering top up main game enak,generasi kikir dngn tidak jangka minggu bosan bansos php kikir kikir untung tidak top up top up,Positive,Negative
Apa cuman saya atau keseluruhan. Game nya bagus sih tapi awal masuk langsung download data hingga 17.000 mb. Belum juga masuk tapi dah di suruh menghabiskan data segitu begitu main belum tau apakah ada download lagi di dalam game. Lagian kasihan sih hp di bawa 8ram nya ga bisa main soalnya berat banget data segitu,cuman bagus download data mbak belum deh suruh habis data segitu belum tau download kasihan hp bawa ram tidak berat data segitu,Negative,Negative
"Game ngontol sistem gachanya bener bener mirip genshit, pemasukan recource ingamenya pun gak begitu deres & rate gachanya sama kek genshit. Walau sekilas genshit hsr zzz sama, tapi entah kenapa rate hsr jauh lebih mudah daripada ini & genshit. Buat dapetin hiu aja belum sama sign udah habis 160x pull ngontoll. Gimmick free 100x pull gratis tapi itu sudah termasuk isi kontennya sama aja boong, mending dibilang free 20x aja sisanya emang pure isi konten kan lebih kerasa adem gak di scam",ngontol sistem gachanya genshit pasu recource ingamenya tidak deres rate gachanya genshit kilas genshit hsr rate hsr mudah genshit hiu belum sign habis pull ngontoll gimmick free pull gratis isi konten bohong mending bilang free sisa pure isi konten rasa adem tidak scam,Negative,Negative
Rate 5 karna ada fitur telanjangnya,rate fitur telanjang,Negative,Negative
Ya yang jadi keluhan cuman satu sering force close ini game tolong update kedepan di optimalkan lagi game nya,keluh cuman force close tolong update depan optimal,Negative,Negative
Akhirnya... Bisa dapat Ellen di pity 170..meskipun awalnya kalah rate off,ellen pity kalah rate off,Negative,Negative
Ngantuk tvnya,ngantuk tvnya,Negative,Negative
Pas main kadang force close. Padahal pakai Snapdragon 8gen2,pas kadang force close pakai snapdragon gen,Negative,Negative
Ayo lah hoyo saya udah nunggu lama buat game ini kenapa Rander bildingnya item semua,ayo hoyo tunggu rander bildingnya item,Negative,Negative
"ampas,belum apa apa dah blackscreen , game rusak",ampasbelum deh blackscreen rusak,Negative,Negative
Pas lagi download geam nya gk bisa di download MB nya PANTEEEEEEEEEE ANJINGGGGGGGGGG,pas download geam tidak download mbak pante anjing,Negative,Negative
untuk gameplay udah bagus hanya saja untuk player F2P disarankan harus bekerja keras digame ini. karena setelah di telusuri lebih dalam quest disini mendapatkan hadiah yang terbilang cukup sedikit dan tidak sepadan dengan waktu yang dihabiskan (memang benar jika developer ingin player game memainkan game ini lebih lama) tetapi jika masalah ini tetap tidak diselesaikan maka player f2p jika ingin gacha karakter harus top up dan tentu mereka tidak mau mengeluarkan sepeserpun,gameplay bagus player fp saran keras digame telusur quest hadiah bilang tidak padan waktu habis developer player main tidak selesai player fp gacha karakter top up tidak keluar peser,Negative,Negative
"Untuk game ini bagus dan seru, battlenya menarik dan gameplay monitornya ini saya suka, cuma berharap kedepannya bisa dibuat lebih singkat tapi juga lebih susah aja, karena kalau dibuat lama tapi terlalu biasa akan membuat gameplay membosankan. Tolong optimalkan ketika ngomong ama character lain, setidaknya beneran seperti sedang mengobrol, serta pengoptimalan translate Bahasa Indonesia nya ketika pemain memilih Belle sebagi characternya, kayak Wise seharusnya manggil Belle itu adik.",bagus seru battlenya tarik gameplay monitor suka harap depan singkat susah gameplay bosan tolong optimal omong character benar obrol optimal translate bahasa indonesia main pilih belle bagi characternya wise manggil belle adik,Negative,Negative
Boring gameplay mode tv,boring gameplay mode tv,Negative,Negative
"Kenapa saat baru mulai main background sekitar gelap semua, semoga cepat di perbaiki",background gelap moga cepat baik,Negative,Negative
Gua jadinya beli akun :),gua beli akun,Negative,Negative
Bikin Ngantuk gamenya,bikin ngantuk,Negative,Negative
"Awal mulai sudah disuguhin teks bejibun yang ga menarik, gameplay kerasa b aja ga ada yg spesial. Karakternya juga ga ada yg menarik perhatian. Mungkin ekspektasi aja yg terlalu berlebihan tapi tetap aja semua biasa aja ga ada yg spesial. Setengah jam main yg kerasa cape aja d paksa main buat cari sisi baiknya yg bisa buat tetep stay tapi setelah 2 jam berujung pada penghapusan aplikasi",disuguhin teks bejibun tidak tarik gameplay rasa tidak spesial karakter tidak tarik perhati ekspektasi tidak spesial jam rasa capek paksa cari sisi baik stay jam ujung hapus aplikasi,Negative,Negative
Kalo ngasih pity yang ngotak lah kocak,asih pity ngotak kocak,Negative,Negative
game pepek kenapa harus kalah rate off mmk ga di genshit honkai ppk kalah rate off trus,pepek kalah rate off mmk tidak genshit honkai ppk kalah rate off,Negative,Negative
please more optimalize for pocophone f1 need more optimalize please fast,please more optimalize for pocophone need more optimalize please fast,Negative,Negative
"Jelek, pokoknya jelek lah 👎",jelek pokok jelek,Negative,Negative
Cukup bagus hanya kurang di optimalisasi fps nya karena kadang suka drop walaupun setting grafik nya sudah yang rendah,bagus kurang optimalisasi fps kadang suka drop setting grafik rendah,Negative,Negative
"Game nya sudah bagus tapi ,jika sudah level 40 bingung mau ngapain lagi tolong cepat update ya min",bagus level bingung tolong cepat update min,Negative,Negative
"Untuk saat ini B4 dulu. Untuk FPS tolong dioptimalkan lagi masih sering drop FPS, padahal di game kakak-kakaknya lancar (grafik tinggi 60 fps) sedangkan ini grafik medium 60fps sering drop. Semoga bisa dioptimalkan lagi, dan JANGAN KIKIKIR YAAA GAME BAIKKK..... 😁",fps tolong optimal drop fps kakakkakaknya lancar grafik tinggi fps grafik medium fps drop moga optimal jangan kikikir,Negative,Negative
"Sistem TV ny kebanyakan, combat ama explore TV banyakan explore TV ny, malasssss",sistem tv banyak combat explore tv banyak explore tv malas,Negative,Negative
Loading nya dipercepat ya 😊🖕🏿,loading cepat,Negative,Negative
"Bagus sih, lancar pake xiaomi 11t. Tapi pemakaian baterainya boros banget.",bagus lancar pakai xiaomi pakai baterai boros,Negative,Negative
"Gem baik, perbanyak lagi bansosnya 🥰",gem banyak bansosnya,Negative,Negative
Game sering drop dan gameplay buat orng mengantuk,drop gameplay antuk,Negative,Negative
Render benerin toll item trs sekalian aja karakter nya item juga mbut,render benerin toll item karakter item mbut,Negative,Negative
"Sering force close,gamenya terlalu berat dan tidak optimal, perilisannya terburu buru,tidak ada persiapan yang matang,padahal saya pake pad 5 tapi tetep aja",force closegamenya berat tidak optimal rilis buru burutidak siap matangpadahal pakai pad,Negative,Negative
"Kebanyakan gamplay TV bosan, size game terlalu besar gak setara dengan konten nya",banyak gamplay tv bosan size tidak tara konten,Negative,Negative
"Cukup Bagus, ak harap segera hadir di store samsung yaa...",bagus harap hadir store samsung,Negative,Negative
Kasih tau gua kalo udh gk ada gameplay tv nya,kasih tau gua tidak gameplay tv,Negative,Negative
"Gamenya bagus tapi kok patah² ya.. padahal HP saya Galaxy S23FE Chip Exynos 2200 Antutunya 1,1jt msh patah² dan saat gacha itu Ngeleg Poll....",bagus patah hp galaxy sfe chip exynos antutunya juta patah gacha ngeleg poll,Negative,Negative
Game apik. Request bisa ganti chara cowo ke cewe dong,apik request ganti chara cowok cewek,Negative,Negative
"Animasi bagus,story bagus,battlenya apalagi bagus bgt.Tapi sayang mood main udah ilang duluan gara2 kebanyakan eksplorasi tv.terlalu banyak animasi,npc nya juga kebanyakan ngomong.player mau gerak terbatasi banget,lebih kebanyakan disuruh nonton animasi2 sama npc ngobrol gak penting ketimbang kita yg main.Kita instal ini game buat dimainin,bukan buat ditonton.Ntah apa isi fikiran dev nya,udah di protes dari tahap beta masih aja di bagian tv kebanyakan ngobrol sama animasi.",animasi bagusstory bagusbattlenya bagus bgttapi sayang mood hilang duluan gara banyak eksplorasi tvterlalu animasinpc banyak ngomongplayer gerak batas bangetlebih banyak suruh tonton animasi npc obrol tidak ketimbang mainkita instal dimaininbukan ditontonntah isi pikir dev nyaudah protes tahap beta tv banyak obrol animasi,Negative,Negative
20gb pembodohan,gb bodoh,Negative,Negative
"poco x3 gt aman lancar jaya rata kanan... gurih pelem... buat yg gagal main, cek deh minimal speknya, inget ya minimal spek itu bukan berarti lancar main, tapi cuma bisa main dgn segudang kendala, jadi ya wajarlah...",poco aman lancar jaya rata kanan gurih lem gagal cek deh minimal speknya minimal spek bukan lancar gudang kendala wajar,Negative,Negative
"Gw pemain setia, cuma mau ngasih tau. Disini gatcha nya ampas. Lu pity 90 baru dapet Chara b5",main setia asih tau gatcha ampas pity chara,Negative,Negative
"tv nya benar"" mengganggu. lebih lama di tv drpda battle nya",tv ganggu tv drpda battle,Negative,Negative
"game banyak loading, sering FC, sampe sering close app"" lain di background, app berat pdahal gamenya ringan. fix lah woy kurang optimalisasi.",loading fc close app background app berat ringan fix woy kurang optimalisasi,Negative,Negative
"game yang sangat bagus tapi sayang agak susah mendapatkan karakter tipe S, tolong di permudah mendapatkan karakter S nya agar pemain tidak bosan memakai karakter yang itu-itu saja",bagus sayang susah karakter tipe tolong mudah karakter main tidak bosan pakai karakter ituitu,Negative,Negative
bug sinyal woi,bug sinyal woi,Negative,Negative
"Game ny seru, cuma gacha doang pelit bgt",seru gacha doang pelit,Negative,Negative
Boring banyak bug,boring bug,Negative,Negative
"Tolong di optimalkan lagi, udah di setting 60FPS patah patah banget dan FPS tidak stabil",tolong optimal setting fps patah patah fps tidak stabil,Negative,Negative
BORING,boring,Negative,Negative
boring,boring,Negative,Negative
Very bad gacha rate. 80 gachas on limited banner and get unexpected characters,very bad gacha rate gachas on limited banner and get unexpected characters,Negative,Negative
"Puas... Main di Poco X6 pro gasss... Pakai kipas pendingin, tidak ada frame drop...",puas poco pro gas pakai kipas dingin tidak frame drop,Negative,Negative
"Lebanyakan dialog ngantukkk,",lebanyakan dialog ngantuk,Negative,Negative
"terlalu banyak loading . dikit2 loading, dah gitu lama lagi loadingnya bikin males mainnya -_-",loading dikit loading deh loadingnya bikin malas main,Negative,Negative
Overall bagus tapi bisa di tingkat kan lagi dari segi fps kadang drop gajelas.,overall bagus tingkat segi fps kadang drop tidak,Negative,Negative
"Saya suka game nya, tapi Masih sering force close 😭",suka force close,Negative,Negative
Tolong grafik nya di perbaiki jadi makin mulus dan hd efek serangan nya,tolong grafik baik mulus hd efek serang,Negative,Negative
"Volume diluar battle sangat kecil, jadi harus selalu naik turunkan volume tiap masuk dan keluar battle.",volume luar battle turun volume battle,Negative,Negative
"Jujur saja, aku ngerti kalau mmg game berat loadingnya lama tp aku selalu pengin ngantuk main game ini karena sedikit"" harus loading pdhl gameplay-nya seru tp jiwa udh didunia lain sangking lamanya",jujur erti berat loadingnya pengin ngantuk loading gameplaynya seru jiwa dunia sangking,Negative,Negative
"Untuk battle nya aman fps juga lancar cuman saya terkendala karna tidak ada warna untuk bangunan nya,untuk karakter dan musuh ada dan selebih nya hitam,tolong mihoyo game nya di perbaiki",battle aman fps lancar cuman kendala tidak warna bangun nyauntuk karakter musuh lebih hitamtolong mihoyo baik,Negative,Negative
"Jujur aja waktu ga banyak buat mainin nya , pengen character limit top up kena rate off di 43 sekarang udah total di 100+ pull pengen lanjutin gacha limit sisanya pake yg gratisan dapetin nya lama banget padahal ya waktu ga terlalu banyak, character standar yg diinginkan pun ga dapet , seenganya kasih gitu pilihan character untuk bintang 5 pertama , kan jadi ga sia sia top up .. Uninstal ajalah ga ada yg bikin betah mainin nya ..",jujur waktu tidak mainin pengin character limit top up rate off total pull pengin lanjut gacha limit sisa pakai gratis waktu tidak character standar tidak seenganya kasih pilih character bintang tidak sia sia top up uninstal aja tidak bikin betah mainin,Negative,Negative
"Dari segi gameplay, grafik sudah bagus🔥, tapi ada satu masalah yg cukup jengkel, yaitu force close, device saya v30, tapi kalau setiap kali mau gacha, pasti force close, tolong diperbaiki🙏",segi gameplay grafik bagus jengkel force close device gacha force close tolong baik,Negative,Negative
Bintang 6 kalo ga ada maen tv,bintang tidak tv,Negative,Negative
"Untung bisa dimainin disemua device gw yang pas pasan ini, tapi bau banget akun w",untung dimainin semua device pas pas bau akun,Negative,Negative
Game nya bagus cocok untuk yg lagi gabut atau lagi crigame yg bagus ini cocok banget buat yg suka game fps,bagus cocok gabut crigame bagus cocok suka fps,Negative,Negative
"Untuk game overall udah ok tapi setiap cuman di home sebentar dan masuk lagi malah ke restart gamenya. Apalagi kalau lagi seru""nya dan pengen istirahat bentar. Jadi sedikit kurang maksimal. Tolong diperbaiki kalau itu adalah bug dari zenless zone zero.",overall ok cuman home sebentar restart seru pengin istirahat bentar kurang maksimal tolong baik bug zenless zone zero,Negative,Negative
Kalau bisa di blokir udah ku blokirin game game bikinan mihoyo ni,blokir ku blokirin bikin mihoyo,Negative,Negative
Ada terjadi bug di toko pas udah selesai tiba-tiba jadi bug,bug toko pas selesai tibatiba bug,Negative,Negative
Tidak kompatibel di HP ku,tidak kompatibel hp ku,Negative,Negative
"makin hari optimisasi kurang, apalagi pas di tv sering ngebug nggak gerak",optimisasi kurang pas tv ngebug tidak gerak,Negative,Negative
Banyakin event sama subquest lah biar betah orang main,banyak event subquest biar betah,Negative,Negative
gacha busuk pelit,gacha busuk pelit,Negative,Negative
rate gacha buruk amat,rate gacha buruk,Negative,Negative
I hate TV,hate tv,Negative,Negative
Gamenya kurang ada bansos,kurang bansos,Negative,Negative
Ini ngak ada rate on yah? Soalnya pas gacha ellen di pity 80 kok ngak dapet!,tidak rate on pas gacha ellen pity tidak,Negative,Negative
Cuma game ini yg lancar di HP saya,lancar hp,Negative,Negative
Nih gw kurangin bintangnya satu. 2 hari ini force close mulu. Padahal kemarin kemarin nga. Minggu depan masih force close gw kasi bintang satu nih. Tingkatkan 👍,kurang bintang force close mulu kemarin kemarin tidak minggu force close kasih bintang tingkat,Negative,Negative
"Game nya bagus, hanya saja untuk ram 6gb bisa tapi terlalu berat",bagus ram gb berat,Negative,Negative
Sungguh mengecewakan,sungguh kecewa,Negative,Negative
"Kenapa sekarang malah force close nya makin parah dari pada sebelumnya, yang sebelumnya terkadang terjadi force close saat membuka gacha banner sekarang hampir setiap aktivitas memungkinkan terjadi force close di tambah masalah koneksi saat login padahal kondisi jaringan bagus tapi selalu gagal login karena koneksi eror",force close parah terkadang force close buka gacha banner aktivitas force close koneksi login kondisi jaring bagus gagal login koneksi eror,Negative,Negative
Game hitam,hitam,Negative,Negative
"Lumayan asik, cocok buat pemain kasual seperti saya karena bisa diajak santai. Yang saya kurang suka saat berada di dalam TV durasinya sangat lama dan hadiahnya kurang sepadan. Saya tidak masalah dengan gameplay TV asal durasinya dikurangi atau hadiahnya ditingkatkan.",lumayan asik cocok main kasual ajak santai kurang suka tv durasi hadiah kurang padan tidak gameplay tv durasi rang hadiah tingkat,Negative,Negative
Game bagus tapi tidak bersahabat dengan storage,bagus tidak sahabat storage,Negative,Negative
"Dari segi game bagus.mekanik nya asik.sampe combo nya enak bangat untuk di mengerti,bahkan alur cerita nya pun lumayan.tapi ada satu yang gak Terlalu suka dari game nya dari rekomendasi developer sih untuk ram 8 nah dari itu tolong lah dev untuk menyesuaikan untuk hp ram 6 untuk bisa bermain.bukan bisa bermain sih ,bisa sih bisa tapi kadang disana patah patah saat main nya jadi tolong lah di stabilin buat ram 6 dev ,thank you for developer👍",segi bagusmekanik asiksampe combo mengertibahkan alur cerita lumayantapi tidak suka rekomendasi developer ram tolong dev sesuai hp ram bermainbukan main kadang sana patah patah tolong stabilin ram dev thank you for developer,Negative,Negative
"Grafik yang sangat2 debest memanjakan mata sekali,lah kaga kuat ya spek Helio g99,gak kompetibel di play store njir",grafik debest manja sekali kagak kuat spek hio ggak kompetibel play store anjir,Negative,Negative
Tidak suka. Membosankan. Kebanyakan TV. Mirip banget dengan Honkai Impact 3rd. Dialog membosankan. Tapi ada tombol skip. Gameplay ok. Tapi muak juga kalau harus berurusan dengan TV mulu. Dah capek gw main game ini. Balik ke Star Rail dan Wuwa. Game ini ga cocok buat gw. Karakter cowok keren kayak Dan Heng atau Zhongli pun tak ada. MC cowok b aja. Ga ada yang menarik. Boring.,tidak suka bosan banyak tv honkai impact rd dialog bosan tombol skip gameplay ok muak urus tv mulu deh capek star rail wuwa tidak cocok karakter cowok keren heng zhongli tak mc cowok tidak tarik boring,Negative,Negative
"Gamenya baik gk kikir kikir amat kaya game sebelah, mudah mudahan ditambahin lagi reward tiket gachanya",tidak kikir kikir belah mudah mudah ditambahin reward tiket gachanya,Negative,Negative
Borrrriiiinnnggg,boring,Negative,Negative
Foce close cuks wkwkwkwk 🤣🤣🤣,foce close cuks wkwkwkwk,Negative,Negative
ada bintang 0 ngga?,bintang tidak,Negative,Negative
Reroll 3x gada yang dapet Ellen bngst,reroll tidak ellen bngst,Negative,Negative
game bokep,bokep,Negative,Negative
Gw suka sama style design nya tapi ngga untuk gameplay-nya btw bansos nya harus nguli inimah bukan bansos agak laen marketing nya aslinya scam💀,suka style design tidak gameplaynya btw bansos nguli inimah bukan bansos marketing asli scam,Negative,Negative
180 pull dapet cuma 1 B5 itu juga pitty wkwkwkwk Gesek2..... Klo mau dapet B5,pull pitty wkwkwkwk gesek,Negative,Negative
"We need more interesting event and Optimization,plz give us more accesible way to unlock character,the game forced close on me too many times",we need more interesting event and optimizationplz give us more accesible way unlock characterthe forced close on me too many times,Negative,Negative
"Sejauh saya bermain game ini sih sudah oke, tapi menurut saya masih butuh sedikit pengoptimalan lagi, karna waktu saya keluar dari game sebentar untuk membalas WA, waktu masuk lagi kembali ke loading screen, kan lama jadinya nunggunya",main oke butuh optimal waktu sebentar balas wa waktu loading screen nunggunya,Negative,Negative
"Jujur aja .. sebenernya gamenya menarik sejauh ini gua suka , tapi tolonglah di bagian tv itu jangan berbelit belit , bertele tele udah mah susah , kadang ada bagian yg mesti mikir keras . Tolonglah kita main game buat hiburan bukan buat mikir keras . Jadi yaa bisalah yaa devp mikir lagi . Zzz kan diciptakan buat menghibur bukan bikin player kesel sendiri . Makasih",jujur tarik gua suka tolong tv jangan belit belit tele tele mah susah kadang mesti mikir keras tolong hibur bukan mikir keras bisa devp mikir zzz cipta hibur bukan bikin player kesel terima kasih,Negative,Negative
"Dari semua game hoyo yg saya mainkan mungkin ini yg tidak cocok untuk saya bahkan di minggu pertama perilisannya saya masih tidak menemukan sesuatu yg membuat saya semangt memainkannya seperti ketika saya memainkan HI GI HSR untuk pertama kali, semoga di update entar kapan kapan saya install lagi kalo ada perubahan menarik, saya perbaharui bintangnya, semangt dev",hoyo main tidak cocok minggu rilis tidak temu semangt main main hi gi hsr moga update entar install ubah tarik baharu bintang semangt dev,Negative,Negative
Get 180 pulls for free harusnya di awal2 maen lgsung dikasih tanpa usaha. Klo harus farming dulu sampe end game ya itu namanya bukan free. Gamenya bagus dan perfect cuma sy paling benci pembohong!,get pulls for free kasih tanpa usaha farming end nama bukan free bagus perfect benci bohong,Negative,Negative
Makasih udah buat game sebagus ini saya harap tolong kecilkan size nya hp ku sudah tidak kuat main nya frame drop tolong ya,terima kasih bagus harap tolong kecil size hp ku tidak kuat frame drop tolong,Negative,Negative
Udh hard pity tapi Ellen ga Keluar-keluar😔,hard pity ellen tidak keluarkeluar,Negative,Negative
"Game play yang menarik tapi ada beberapa bug di mana voice in game tidak keluar ada kemungkinan dari device saya sendiri selebihnya sangat bagus meskipun perlu top up untuk mendapatkan char limited pertama di game bagi yang kalah rate dan pity 90,cukup di sayang kan.",play tarik bug voice tidak device lebih bagus top up char limited kalah rate pity sayang,Negative,Negative
"Awalnya seru main pas hari pertama rilis, dan sekarang saya uninstal karena bosan🤣 gameplaynya gelut harus masuk monitor tv geser sana sini yg ngebuat lama padahal pengen langsung aja berantem ga usa masuk monitor jadi ngerasa lama dan jadi bosen nunggunya",seru pas rilis uninstal bosan gameplaynya gelut monitor tv geser ngebuat pengin antem tidak monitor bosan nunggunya,Negative,Negative
"Apaan Game nya ini saya sering sekali FC(Force close) setiap main game ini, hmm dasar bikin gak mood main aja, iya iya gw tau hp gw kentang TPI kan gw juga pengen ngerasain main game ini",fcforce close hmm dasar bikin tidak mood iya iya tau hp kentang pengin rasai,Negative,Negative
"-Terlalu banyak tutorial, -tombol tidak terlalu responsif -Animasi agak cringe, -Seting rata kanan malah nge blur dan berkabut -Ukuran terlalu besar untuk game yg baru rilis 19gb size nya",tutorial tombol tidak responsif animasi cringe ting rata kanan nge blur kabut ukur rilis gb size,Negative,Negative
MINIMAL BISA LOMPAT LAH TOLOOOL,minimal lompat tolol,Negative,Negative
"Gachanya Busuq game pelit, Big L",gachanya busuq pelit big,Negative,Negative
Storynya seru dan battle bagus cuman hampir semua quest harus lewat tv terkesan jadul paling tidak ganti ke komputer atau yang lain biar gak bosan rasanya,storynya seru battle bagus cuman quest tv kes jadul tidak ganti komputer biar tidak bosan,Negative,Negative
So many BUG QUEST I HAVE TO RESTART AGAIN,sok many bug quest have restart again,Negative,Negative
"gamenya kurang optimal nih ada bug di set grafis,udh ku custom buat nyesuai-in biar ttep enak diliat + lancar tapi ttp aja settingannya balik ke default + plis lah dibikin biar lebih enteng lg di snap 695:)",kurang optimal bug set grafisudh ku custom nyesuaiin biar lancar settingannya default plis bikin biar enteng snap,Negative,Negative
"D bikin kya honkai aja min,mnurutku agak kurang kompatibel d hp ram 12, jdga bsa nikmatin game spenuhnya klo agak patah2",bikin kaya honkai minmnurutku kurang kompatibel hp ram jdga nikmat spenuhnya patah,Negative,Negative
Bansos sedikit,bansos,Negative,Negative
Grapik keren cuma ada yg kurang spin gk ada yg bagus wak mau dapet helen gk dapet dapet udah 123 tiket gk dapet gimana ini -_-,grapik keren kurang spin tidak bagus wak helen tidak tiket tidak,Negative,Negative
Ganti bintang 1 dulu karena 90 pull gak dapet Ellen (kalo bener habis belum dapet mungkin akan saya unistall),ganti bintang pull tidak ellen habis belum unistall,Negative,Negative
"Mohon Lebih di Optimalkan lagi Agar Tidak Patah Patah,Frame Drop,Ataupun CRASH!.",optimal tidak patah patahframe dropataupun crash,Negative,Negative
Setiap Login lemot bangat update terus membosan kan kesal menunggu mendingan uinstal aja,login lot update bos kesal tunggu mending uinstal,Negative,Negative
"Game tidak optimal dengan series snap 8 series,",tidak optimal series snap series,Negative,Negative
"more combo please.. like air combo, basic combo, or something like that.. and 1 more, i want to travel with my character, not just the mc",more combo please like air combo basic combo something like that and more want travel with my character not just the mc,Negative,Negative
"Kendala saya sama seperti player lainnya. Saya mengalami fps drop, tapi tidak sampai stuttering. Untuk set grafis, walau beberapa diubah, tidak tampak perbedaan dalam segi visual maupun performa, bahkan tampak tak ada bedanya dari low hingga high Mohon untuk di optimalisasi kan kembali pada versi Android Hp yang saya pakai : POCO x5",kendala player alami fps drop tidak stuttering set grafis ubah tidak beda segi visual performa tak beda low high optimalisasi versi android hp pakai poco,Negative,Negative
Panjang umur game baik,umur,Negative,Negative
"Gatcha 180x nya ribet, ga kayak game sebelah yang langsung ngasih instan. Ini harus daily dulu lah, harus ini dulu lah. Repot. Serta seperti gamenya yang lain, skip button selalu ga di kasih. Padahal pengen cepet cepet main + gatcha tapi ke makan waktu yang lama sekitar 30-40 menit bahkan lebih cuma buat 1 akun. Menyusahkan F2P dengan tidak memudahkan reroll. Dah ku uninstall.",gatcha ribet tidak belah asih instan daily repot skip button tidak kasih pengin cepat cepat gatcha makan waktu menit akun susah fp tidak mudah reroll deh ku uninstall,Negative,Negative
"Ngantuk, semua akun gua kalah 50/50 ga ngurus",ngantuk akun gua kalah tidak urus,Negative,Negative
"game nya bagus sih, buat yang kagak bisa main tolong dong jangan hate keterlaluan, hp lu nya aja yang kagak suport, kntttlll",bagus kagak tolong jangan hate hp kagak suport kntl,Negative,Negative
"Force close nih, padahal kemarin kemarin asik aja mainnya",force close kemarin kemarin asik main,Negative,Negative
Tolong fps sering drop parah,tolong fps drop parah,Negative,Negative
"Versi terbaru mohon kurangi gameplay tv nya, bosen banget",versi baru kurang gameplay tv bosan,Negative,Negative
"Kalian kalau mau download sekarang sudah telat, 100 pull gratis tuh scam, lagian udah expired wkwk",download telat pull gratis tuh scam expired wkwk,Negative,Negative
Crash issues for no reason on Dimensity 8050:(,crash issues for no reason on dimensity,Negative,Negative
"Pokoknya sangat bagus semua dari grafik,animasi dll... cuma gachanya aja yang agak susah",pokok bagus grafikanimasi dll gachanya susah,Negative,Negative
"Kikir,rate off mlu asw",kikirrate off melulu asw,Negative,Negative
Malas di mode TV nya,malas mode tv,Negative,Negative
"Optimalisasi perangkatnya masih agak kurang,device saya samsung S23 tanpa masalah memainkan HSR dan genshin di rata kanan.Sedangkan di ZZZ sudah beberapa kali force close dan framedrop padahal suhu masih relatif aman (40°-42°C).Tapi dari segi story or gameplay gak ada masalah semuanya good.",optimalisasi perangkat kurangdevice samsung tanpa main hsr genshin rata kanansedangkan force close framedrop suhu relatif aman ctapi segi story gameplay tidak good,Negative,Negative
The next game kikir 180 free gacha hoax,the next kikir free gacha hoax,Negative,Negative
"Loading mulu, sekali selesai balik lagi loading, udah gtu lama loadingnya (udah pakak wifi). Kapan mainya?",loading mulu selesai loading loadingnya pakak wifi mai,Negative,Negative
Kecuali tv nya yang merepotkan. Semua element zzz the best tapi tv-nya itu yg bikin ga betah.,kecuali tv repot element the best tvnya bikin tidak betah,Negative,Negative
"Kebanyakan yng kasih bintang satu hp nya pada kentang,makanya sebelum maen ni game liat dlu tuh di yt,Recomendasi prosesor hp buat mainin ni game,kocak ngeliat hp yng di pakek feedbck bintang satu😂",banyak kasih bintang hp kentangmakanya tuh ytrecomendasi prosesor hp mainin gamekocak hp pakai feedbck bintang,Negative,Negative
"bagus smooth parah, itu yg lag2 hp lu kentang bukan salah gamenya paokk",bagus smooth parah lag hp kentang bukan salah paokk,Negative,Negative
"Game turu ,ga jelas",turu tidak,Negative,Negative
"Gameplay oke fresh di sela sela main gi yang udah jenuh, vibes musik sama world nya enak modern klasik retro gituh bgm nya beh bikin chill, dari combat di snap 860 lumayan smooth asal jangan overheat aja main sewajarnya+ ac , yang perlu di apresiasi servernya itu wenak banget rek gak kayak di gi kalo lagi rame kadang lag, dari segi cerita bagus enjoy untuk diikuti karakter nya fluid, overall worth it to try, semoga dapet Ellen cuyy, dan jangan lupa pesan kan dulu le burgerBangor disko40%🍔😋",gameplay oke fresh gi jenuh vibes musik world modern klasik retro bgm beh bikin chill combat snap lumayan smooth jangan overheat wajar ac apresiasi servernya rek tidak gi rame kadang lag segi cerita bagus enjoy ikut karakter fluid overall worth try moga ellen cuy jangan lupa pesan burgerbangor disko,Negative,Negative
Force close d spek snapdragon 7 gen 3,force close spek snapdragon gen,Negative,Negative
"Gameplay combatnya gak ngotak, main game serasa dianiaya. Waktu lawan bos yang serangannya susah ditebak susah diconter aja masih dikroyok para kroco, ditembak dari jauh lah dilompat dari belakang lah. Giamana mau perfect dogde, perfect assist, orang serangan kroconya aja gak keliatan. Belum lagi kalo kroconya nyerang barengan, ancur sudah combatnya. Satu lagi, ga adanya sistem lock target, yang ngebuat damage skill kita jadi kebuang percuma, yang distun bos yang ke ulti kroconya 😒",gameplay combatnya tidak ngotak serasa aniaya waktu lawan bos serang susah tebak susah diconter dikroyok kroco tembak lompat giamana perfect dogde perfect assist serang kroco tidak belum kroco serang bareng hancur combatnya tidak sistem lock target ngebuat damage skill buang distun bos ulti kroco,Negative,Negative
"Sebagai pemain, ""Zenless Zone Zero"" sangat menghibur dengan grafis menakjubkan dan gameplay dinamis. Namun, sistem gacha bisa mahal dan membuat frustasi, serta membutuhkan perangkat keras yang kuat. Konten awal mungkin terasa terbatas dan game ini memerlukan koneksi internet yang stabil. Meskipun ada kekurangan, game ini tetap seru dan layak dimainkan.",main zenless zone zero hibur grafis takjub gameplay dinamis sistem gacha mahal frustasi butuh perangkat keras kuat konten batas koneksi internet stabil kurang seru layak main,Negative,Negative
maaf ya ku kasih bintang 1 karena gak bisa masuk game nya padahal udah ku hapus foto nya dan game tapi masih gak bisa kan udah ku hapus semua masih gak bisa masuk game nya kenapa ya min,maaf ku kasih bintang tidak ku hapus foto tidak ku hapus tidak min,Negative,Negative
Jelek,jelek,Negative,Negative
Baru main dikasih kalah rate off SAT >:(,kasih kalah rate off sat,Negative,Negative
"Main daily 3 jam, hari ke 5 kok mulai berat ngelag2. Sebelumnya lancar bgt bahkan pake graphic rata kanan suhu normal over heat dikit2 main tanpa dicas jd full pake baterai. Hari ke 6 mulai g wajar mainin zzz kadang force close paling parah sampai hp mati padahal baru 20 menitan. Antara device atau ga nih game ada kendala bug codingan program. Moga diperbaiki setidaknya ringan atau minim bug.",daily jam berat ngelag lancar pakai graphic rata kanan suhu normal over heat dikit tanpa cas full pakai baterai tidak wajar mainin kadang force close parah hp mati menit device tidak kendala bug codingan program moga baik ringan minim bug,Negative,Negative
"Untuk fitur, karakter dan combat dalam game semua sudah baik, namun masih sering terjadi force close di beberapa fitur, terutama ketika akan meningkatkan level, skill, dan senjata karakter. Padahal cpu device saya sudah termasuk baik, bahkan ketika memainkan game lain masih dapat berjalan lancar tanpa force close.",fitur karakter combat force close fitur tingkat level skill senjata karakter cpu device main jalan lancar tanpa force close,Negative,Negative
"Game ampas ngebug trs,keluar app sendiri",ampas ngebug trskeluar app,Negative,Negative
"Game baik, Klo device nya kentang gak bisa masuk ya jangan maksa bro🤭",device kentang tidak jangan maksa bro,Negative,Negative
"Masih force close saat naikkan level agent. Tambahan untuk settingan controller, L up di controller saya jadi L down di game, sedangkan L down tidak bisa di game. Tolong di perbaiki",force close naik level agent tambah settingan controller up controller down down tidak tolong baik,Negative,Negative
kenapa layar game saya berwarna hitam! Tolong diperbaiki lagi!,layar warna hitam tolong baik,Negative,Negative
Gamenya seru banget loh! Tapi sayangnya spek + memori hp ku udah gak sanggup nambah game lagi... Untung masih bisa main di pc hehe👌,seru loh sayang spek memori hp ku tidak sanggup tambah untung pc hehe,Negative,Negative
Kasih fitur skip battle saat nyari material dong soalnya bosen kalo harus lawan musuh yang sama terus,kasih fitur skip battle cari material bosan lawan musuh,Negative,Negative
"game kikir,dapet s harus nunggu rate off dulu",kikirdapet tunggu rate off,Negative,Negative
Honkai Impact still better,honkai impact still better,Negative,Negative
Baru gacha di banner limited malah dikasih lycon mana hard pity hedeh,gacha banner limited kasih lycon hard pity hedeh,Negative,Negative
Mohon maaf bisakah saat mengunduh data bisa di cepatkan,maaf unduh data cepat,Negative,Negative
"Game bagus, Klo device lu kg kuat jngn pksa main dan asal rate",bagus device kg kuat jangan pksa rate,Negative,Negative
Nunggu respond cs balesnya lama Gaguna komplin kalau gapernah diselesain ngentt,tunggu respond cs balesnya gaguna komplin tidak diselesain ngentt,Negative,Negative
"Force closed when I open the market, or do a mission",force closed when open the market mission,Negative,Negative
Zenless Zonk Zero. Hard pity Mulu... Sebel gue anjin***,zenless zonk zero hard pity mulu sebel anjin,Negative,Negative
"force close mulu padahal spesifikasi sudah di atas rekomendasi, game gagal 🤢",force close mulu spesifikasi rekomendasi gagal,Negative,Negative
"Game gacha nya berat banget udh pity 88 kalah rate off lagi ini lagi udh rate on pity 90,tolong di perbaiki rate gachanya biar player baru dot merasakan gimana rasanya dpt karakter S di pity rendah atau diatas 50 an",gacha berat pity kalah rate off rate on pity tolong baik rate gachanya biar player dot rasa karakter pity rendah atas an,Negative,Negative
Gacha low cost for lose me your Ellen Miss u byee game zenless uninstall aplikasi 👎,gacha low cost for lose me your ellen miss lu byee zenless uninstall aplikasi,Negative,Negative
"Susah mendapatkan polychrome buat gacha, rate gachanya juga buruk (High Pity) calon next GI",susah polychrome gacha rate gachanya buruk high pity calon next gi,Negative,Negative
Baru main langsung kena pity gacha nya kwkwkw kacau,pity gacha kwkwkw kacau,Negative,Negative
"Game yang bikin aku buka play store lagi, mantep sip gamenya bintang 5 pokonya",bikin buka play store mantap sip bintang pokok,Negative,Negative
"ga tau kenapa ini game suaranya pelan banget, kek volume hampir full baru berasa suaranya.. mohon dibenerin mangoyo🙏",tidak tau suara pelan volume full asa suara dibenerin mangoyo,Negative,Negative
boring puzzle tv,boring puzzle tv,Negative,Negative
"World building nya menarik, penceritaan story ada 3 jenis, user interface nya fresh dan ga terkesan sama kaya game sebelumnya. Main rata kanan dapat average fps sekitar 56fps. Gila sih ni game calon best mobile game",world building tarik cerita story jenis user interface fresh tidak kes rata kanan average fps fps gila calon best mobile,Negative,Negative
"Gak jelas gamenya, Setiap mau main loadingnya lama banget,",tidak loadingnya,Negative,Negative
belum optimal di device ku,belum optimal device ku,Negative,Negative
"Game bikin boring, sering FC juga.b",bikin boring fc jugab,Negative,Negative
"The app is always black screen when we try to switch apps on the phone, it's so difficult to copy-paste redeem codes",the app is always black screen when we try switch apps on the phone its sok difficult copypaste redeem codes,Positive,Negative
Tv nya bikin mual,tv bikin mual,Negative,Negative
"Sering Force close di hp Poco f3 padahal gak ngelag pas di ingame, tapi main di Poco f1 lancar ga force close, tolong lebih dioptimalisasi lagi🙏 agar lebih mulus di banyak device, sayang bgt padahal sangat antusias main ini game",force close hp poco tidak ngelag pas ingame poco lancar tidak force close tolong optimalisasi mulus device sayang antusias,Negative,Negative
Jadi nostalgia sama honkai impact,nostalgia honkai impact,Positive,Negative
"karena permainan ini filenya besar , ekspetasi diawal. aku pikir permainan ini bakalan menerapkan dunia terbuka & banyak menyajikan pertarungan yang sulit. tapi kenyataanya berbeda. maaf aku kasih bintang 4. karena aku lebih suka permainan yang lebih menantang seperti genshin impack dll. meskipun permainan ini lumayan menghibur. tapi kurang cocok buat pemain seperti aku. terima kasih.",main filenya ekspetasi awal pikir main terap dunia buka saji tarung sulit kenyataanya beda maaf kasih bintang suka main tantang genshin impack dll main lumayan hibur kurang cocok main terima kasih,Negative,Negative
"Trash gacha rate, the battle and maps are good actually. The 'TV system' is my only problem.",trash gacha rate the battle and maps are good actually the tv system is my only problem,Negative,Negative
"Saya beri bintang 3 dulu untuk versi mobilenya, tolong perbaiki gamenya karena terlalu banyak makan ram usage, dan aplikasinya juga berjalan di background walaupun sudah di close",bintang versi mobilenya tolong baik makan ram usage aplikasi jalan background close,Negative,Negative
"Bismillah... Tolong banget ini pengembang Zenless Zone Zero yang baik hati, tolonglah gameplay TV sama battle nya di seimbangin, bukannya gak seru atau gimana tapi realita nya kalau kebanyakan gameplay TV pemain jadi gampang jenuh dan pusing jadi tolong sekali lagi seimbangin gameplay TV sama battle nya dan gameplay battle nya dipanjangin saya terima kasih banyak kalau pihak ZZZ peduli sama omongan Player nya (komplain tentang ini bukan hanya saya saja tapi dari sekian banyak Player lain juga😀)",bismillah tolong kembang zenless zone zero hati tolong gameplay tv battle seimbangin tidak seru realita banyak gameplay tv main gampang jenuh pusing tolong seimbangin gameplay tv battle gameplay battle dipanjangin terima kasih peduli omong player komplain bukan sekian player,Negative,Negative
"Gw main di Snapdragon 870 lancar sih, cuma pas buka toko sinyal & event suka terhenti dan force close. Berharap kedepannya ada perbaikan, jangan lupa kompensasinya jugaa wkwkw kalo udah membaik, rating gw naikin lagi...",snapdragon lancar pas buka toko sinyal event suka henti force close harap depan baik jangan lupa kompensasi wkwkw baik rating naikin,Negative,Negative
"Keren parah grafik nya , game style nya suka banget,,, tp knp ko kyk gampang boring ya,,, maybe karena kita cman bisa pake style nya di dalam combat aja,,, mungkin tambahkan explore dikit",keren parah grafik style suka gampang boring maybe cuman pakai style combat tambah explore dikit,Negative,Negative
"Gameplay jelek, sistem tv bikin sakit mata",gameplay jelek sistem tv bikin sakit,Negative,Negative
"Seru banget, game yang berbeda dari yang lain. Game yang nggak ngebosenin😄",seru beda tidak ngebosenin,Negative,Negative
Nice tinggal nunggu bansos lagi 🫡,nice tinggal tunggu bansos,Negative,Negative
min tolong perbaiki baru close apk buka wa ga sampe 1 menit malah login ulang tolong perbaikk min agak nyusahin harus login lagi,min tolong baik close apk buka wa tidak menit login ulang tolong perbaikk min susah login,Negative,Negative
bansos nya banyakin,bansos banyak,Negative,Negative
Bikin iklan g jelas g ada tanda xny,bikin iklan tidak tidak tanda xny,Negative,Negative
"Seruuuu, gak nyesel udah nungguin lama hehe",seru tidak sesal tunggu hehe,Negative,Negative
gamenya masih kurang stabil dari segi fps dan terkadang di tengah permainan sering sekali mengalami force close,kurang stabil segi fps terkadang tengah main alami force close,Negative,Negative
"Lagging, drop fps",lagging drop fps,Negative,Negative
"Mantul, tapi tolong lebih di optimalkan lagi",mantul tolong optimal,Negative,Negative
Art style emang bagus story apa lagi. Tapi gak kerasa bond di game ini. Padahal emang suka hack-and-slash dan rpg. Nerasa Gak worth it dimainkan. Bosan dan butuh waktu yg panjang dalam penyelesaian quest. Game buat orang nganggur doang. Lebih suka yang faster fase hack-and-slash tanpa gimik rpg rasa persona.,art style bagus story tidak rasa bond suka hackandslash rpg nerasa tidak worth main bosan butuh waktu selesai quest nganggur doang suka faster fase hackandslash tanpa gimik rpg persona,Negative,Negative
MAP GUA KOK ITEM ANJ,map gua item anjing,Negative,Negative
Bad in all aspects and features,bad all aspects and features,Negative,Negative
Boring,boring,Negative,Negative
"untuk kedepannya mungkin bisa di hilangkan atau di minimal kan sistem tv nya terlalu bertele-tele dan membosankan, banyak waktu yang terbuang hanya untuk berputar putar di tv .. untuk optimalisasi sudah bagus ya di Snapdragon 888 5nm sudah lancar..",depan hilang minimal sistem tv berteletele bosan waktu buang putar putar tv optimalisasi bagus snapdragon nama lancar,Negative,Negative
"Lagi lagi mihoyo berhasil menggebrak pasar game gacha dengan membuka market baru, gokil dah. Ui nya aesthetic kayak persona Gameplay agak mix antara MGR:R, DMC, sama SF Character bervariasi, gak kayak game gacha kebanyakan yang cuma berani main aman pake model humanoid Story asik dan enjoy buat dinikmatin berasa kayak nonton anime SoL dengan sedikit taburan mystery Untuk BGM gw ngerasa mereka ngambil jalur yang sama kayak Nikke yaitu lo fi dan Dubstep (untuk fight), Overall gamenya wajib coba",mihoyo hasil gebrak pasar gacha buka market gila deh ui aesthetic persona gameplay mix mgrr dmc sf character variasi tidak gacha banyak berani aman pakai model humanoid story asik enjoy dinikmatin asa tonton anime sol tabur mystery bgm ngambil jalur nikke lo dubstep fight overall wajib coba,Negative,Negative
Gak Pernah Kecewa Sama Game hoyoverse,tidak kecewa hoyoverse,Negative,Negative
ini terlalu banyak bug masa ngeleg sii padahal tadi gw coba main genshin ga ngleg lancar banget kok main zenles zone zero leg sii terus juga semua layar nya hitam cuma char nya doang yang kelihatan pokoknya layar nya hitam semua kecuali charakter nya ini tolong perbaiki dong padahal saya nunggu in game ini rilis pas rilis kok banyak bug nya kecewa.tolong perbaiki lagi,bug ngeleg coba genshin tidak ngleg lancar zenles zone zero leg layar hitam char doang pokok layar hitam kecuali charakter tolong baik tunggu rilis pas rilis bug kecewatolong baik,Negative,Negative
Mungkin harus agak diperbaiki lagi soalnya patah patah terus jadi tolong agak di perbaiki lagi dan juga black screen knp ya? Udh di perbaiki padahal tolong lah saya kesusahan nyari jalan soalnya,baik patah patah tolong baik black screen baik tolong susah cari jalan,Negative,Negative
Rawan relog didevice ram 6 ngabs,rawan relog didevice ram ngabs,Negative,Negative
Ngl that TV puzzle is so boring,ngl that tv puzzle is sok boring,Negative,Negative
"Game ini jujur saya sangat suka,apakah kalian tahu Series Wariors Orochi?, aku sangat suka game Hack and Slash itu dahulu waktu masih remaja, aku saran tambahkan ultimate bertiga seperti team Cunning hares dll.ada keluhan beberapa bug seperti Force Close dll,kuharap game ini bisa berkembang lebih baik lagi dan tidak kikir seperti awalan Huruf G.pasti tahu kan game nya itu namanya apa?. #Terimakasih",jujur sukaapakah series wariors orochi suka hack and slash waktu remaja saran tambah ultimate tiga team cunning hares dllada keluh bug force close dllkuharap kembang tidak kikir awal huruf gpasti nama,Negative,Negative
"Tambahkan fiture edit tata letak tombol. Sering Miss touch antara tombol att, Dash dan parry. Soalnya ketiga tombol itu jaraknya cukup dekat bagi user hp.",tambah fiture edit tata letak tombol miss touch tombol att dash parry tiga tombol jarak user hp,Negative,Negative
"Hate to say this, tapi ini game benar benar ngantuk, story dan gameplay nya kurang cocok bagi saya, bahkan HI3 lebih baik menurut saya, tapi ini game baru, semoga saja bisa berkembang lebih menarik lagi..",hate sayang this ngantuk story gameplay kurang cocok hi moga kembang tarik,Negative,Negative
Overall semua nya bagus gacha mayan (walau kalah rate of dpt furry) tapi untuk audionya sedikit kurang jelas seperti ada yang menghalangi speaker suaranya mendem dah itu doang si,overall bagus gacha lumayan kalah rate of furry audio kurang halang speaker suara mendem deh doang,Negative,Negative
"Gamenya bagus dari story, battle, puzzle, benar² enjoy dengan game ini sayang nya ada bug tidak bisa render kotanya padahal HP saya kuat-kuat aja dan gak ada masalah tetapi bugnya sering terjadi udah itu aja. ""kalo bisa bansosnya di tambahin hehe""",bagus story battle puzzle enjoy sayang bug tidak render kota hp kuatkuat tidak bugnya bansosnya tambah hehe,Negative,Negative
SERING FORCE CLOSE,force close,Negative,Negative
Please fix the black screen for low device,please fix the black screen for low device,Negative,Negative
Boring cuma puzzle di TV doang haiyaaa!!!!,boring puzzle tv doang haiya,Negative,Negative
Baru mau coba semogah ini yg tebaik🫡🫡,coba semogah tebaik,Negative,Negative
Game yang sangat membosankan terutama di bagian tv ya ! Padahal seru batelnya sangat di sayangkan,bosan tv seru batel sayang,Negative,Negative
"Game nya menarik,Tapi buat karakter cewe nya jangan sampe benda anu yang ngegantung nya itu sampe goyang-goyang lah ,Sekian.",menariktapi karakter cewek jangan benda anu ngegantung goyanggoyang sekian,Negative,Negative
Sangat kecewa karena sangat berbeda dengan game Hoyo lain udah download 20gb tapi game nya rusak latar nya hitam iklan elit buat game sulit,kecewa beda hoyo download gb rusak latar hitam iklan elit sulit,Negative,Negative
"Kikir amat bansos nya, udah size gede game jelek, ui jelek pula",kikir bansos size gede jelek ui jelek,Negative,Negative
"Bau pisan rate gatcha nya -_-"" sial udh berapa ratus aing pull S na sampah doang -_-"" bukan ellen joe B we jeng A rusak nih gatcha tiap di pegang hoyoveres bau we jeng bau... (Udah lv 33)",bau pis rate gatcha sial ratus aing pull sampah doang bukan ellen joe we jeng rusak gatcha pegang hoyoveres bau we jeng bau lv,Negative,Negative
Perbanyak konten geludnya 👍,banyak konten geludnya,Negative,Negative
Please Galaxy a55 frame parah😭🙏 tpi buat gameply nya seru abisss😆😆,please galaxy frame parah gameply seru habis,Negative,Negative
No Bangor? Me Sad 😔,no bangor me sad,Negative,Negative
"Saya membeli keanggotaan interknot dari ingame dan sudah melakukan pembayaran. Akan tetapi tidak muncul notifikasi & tidak bisa mengambil reward keanggotaannya. Terpaksa saya lakukan pembayaran ke 2 dan berhasil. Jadi, artinya saya telah melakukan pembayaran keanggotaan interknot ini sebanyak 2x dalam satu waktu via Mbanking. Jadi, bisakah saya mendapatkan refund untuk pembayaran pertama keanggotaan interknot yg gagal itu? Mohon fast respon!! Gameplay combat is perfect, but tv is to much annoyin",beli anggota interknot ingame bayar tidak muncul notifikasi tidak ambil reward anggota paksa laku bayar hasil bayar anggota interknot waktu via mbanking refund bayar anggota interknot gagal fast respon gameplay combat is perfect but tv is much annoyin,Negative,Negative
Jelek banget tv simulator bikin ngantuk,jelek tv simulator bikin ngantuk,Negative,Negative
"Ah males banget sama TVnya, pengen combat yg banyak tapi malah dijebak main TV berjam-jam.",ah malas tvnya pengin combat jebak tv berjamjam,Negative,Negative
"Pengoptimalan nya hAncur,Gw pake Poco x3 main Gensin Full map Dan Grafik Mentok kanan(Full High) masih bisa dapat Fps 40 - 50 jalan di kota juga begitu.cuman game ini ukurannya lebih Kecil dari panda Gensin Impact tapi Frame Drop parah.terlebih lagi jika melakukan Beatle bisa Forclose sendiri gamenya. Saya Juga pakai IOS dan sama hasilnya Mengecewakan,bahkan Di IOS saya sudah Menggunakan grafik mode Hemat Baterai tapi Tetap mengalami Frame Drop dan For Close Tolong di perbaiki banyak problemnya",optimal hancurgw pakai poco gensin full map grafik mentok kananfull high fps jalan kota begitucuman ukur panda gensin impact frame drop parahterlebih beatle forclose pakai ios hasil mengecewakanbahkan ios grafik mode hemat baterai alami frame drop for close tolong baik problem,Negative,Negative
"W game, friendly game, bnyk bansos. yang ngehujat ini game, minimal hp nya high ranges boss",friendly bansos hujat minimal hp high ranges bos,Negative,Negative
"Padahal combat stylenya lumayan oke, tapi mode explorenya kurang ngena. Masalahnya untuk size game yang cukup ""di luar nalar,"" pas baru release aja kaya kurang dapet feelnya pas tau isinya cuma kebanyakan puzzle tv. Gua tau lu fans hoyoverse tapi ga segitunya ngebela game, butuh komentar dan penilaian kaya gini biar mereka improvisasi.",combat stylenya lumayan oke mode explorenya kurang ngena size nalar pas release kurang feelnya pas tau isi banyak puzzle tv gua tau fan hoyoverse tidak begitu bela butuh komentar nilai biar improvisasi,Negative,Negative
"Game nya bagus tpi ada bug yg harus dibenerin seperti bug rander menengah klo mau upgrade senjata dia akan kedip²,dan tiba² game nya nutup sendiri.",bagus bug dibenerin bug rander tengah upgrade senjata kedipdan nutup,Negative,Negative
"Gamenya bagus, dg gaya sistem permainan yg berbeda. Cuma kurang cocok utk saya yg gk suka cari rute berbelit-belit",bagus gaya sistem main beda kurang cocok tidak suka cari rute berbelitbelit,Negative,Negative
"I think this game is very good, tapi masih harus di optimalisasi lagi trus menu gachanya nggak usah dikasih animasi yg bikin berat di HP mending dibuat 2D aja",think this is very good optimalisasi menu gachanya tidak kasih animasi bikin berat hp mending,Negative,Negative
"Kebanyakan game teka teki nya daripada combatnya, better ganti genre teka teki aja si kalo gini daripada action.",banyak teka teki combatnya better ganti genre teka teki action,Negative,Negative
"Sering banget Force close, pas battle set rata kanan pun lancar tapi ketika cek archievment/lihat menu lainnya selalu terjadi FC tiba2 dan itu sangat mengganggu jadi gak nyaman lama2 main ini game",force close pas battle set rata kanan lancar cek archievmentlihat menu fc ganggu tidak nyaman,Negative,Negative
Menyalaaaaaa zzz ku,nyala ku,Negative,Negative
"Udah download sampe belasan gb, eh pas main bangunannya hitam semua,, cuma hero yg jelas,, padahal ram 8+/256 gb",download bas gb eh pas bangun hitam hero ram gb,Negative,Negative
Patch update selanjutnya kapan,patch update,Negative,Negative
Kurang tajem aja sih grafiknya sama optimalisasi masih kurang,kurang tajem grafik optimalisasi kurang,Negative,Negative
"Wah parah, sudah 50 kali spinan karakter tidak apa apa",parah spinan karakter tidak,Negative,Negative
Dark screen dari awal main 🤧 padahal device memumpuni (tidak ada warning kalau device tidak kuat saat instal maupun sudah instal) & in game pun lancar tanpa freeze / crash. Cuman ini dark screen gimana ngehilanginnya,dark screen device mumpuni tidak warning device tidak kuat instal instal lancar tanpa freeze crash cuman dark screen ngehilanginnya,Negative,Negative
"Game Baik, Bansosnya banyak gacha serasa mudah. Game yang seru dan fun kontent, gameplay-nya oke banget dan memanjakan mata gamer.... Main pake ROG 7, smooth dan mantab. Yang masih ngeluh bintang 1 ngeframe dan black screen minimal ngaca bos spek HP Kentang download nya Tetris bukan Game ZZZ.... wkwkwk 🫨🫨🫨",bansosnya gacha serasa mudah seru fun kontent gameplaynya oke manja gamer pakai rog smooth mantab ngeluh bintang ngeframe black screen minimal kaca bos spek hp kentang download tetris bukan wkwkwk,Negative,Negative
"Pelit, ga pernah hoki di game lu, asli hard pity terus",pelit tidak hoki asli hard pity,Negative,Negative
"Battle nya ga ada obat , sangat membutuhkan kecepatan berpikir apa lagi di challenge mode , seru abis . Untuk kedepanya jangan kikir ya Hoyoverse , dipertahankan bansosnya 😁👌",battle tidak obat butuh cepat pikir challenge mode seru habis depa jangan kikir hoyoverse tahan bansosnya,Negative,Negative
Didalam apk download 17 giga gk ngotak parah,dalam apk download giga tidak ngotak parah,Negative,Negative
"Oi😌.. developer Mihoyo tersayang 😘🥀 Katanya kalo udah download ZZZ🤔 dapat Diskon Burger Bangor 40%😋, tapi mana woeee...😡 Kok gua ga dapat Diskon Burger Bangor😩 ahhh.. apasih😭 ga fair😅👉 ga jadi Bintang 🌟 5 lah ini😂 kalo mau balik beri aku diskon Bunger Bangor 40% lahh😏 lagi kebelet guwj😩😂",oi developer mihoyo sayang download diskon burger bangor woe gua tidak diskon burger bangor ah apasih tidak fair tidak bintang diskon bunger bangor kebelet guwj,Negative,Negative
"Gak sesuai ekspetasi , udah nunggu lama ini game eh pas muncul gak sesuai ekspetasi ,dowload game nya gede tapi gak sesuai ekspetasi buat apa , alur cerita nya kurang ,map nya juga mini banget , gerakan nya juga kurang masih banyak kurang belajarlah dari kakak kamu zenles Masih kurang paham sama game zenles Mungkin gue nya aja agak bodoh",tidak sesuai ekspetasi tunggu eh pas muncul tidak sesuai ekspetasi dowload gede tidak sesuai ekspetasi alur cerita kurang map mini gera kurang kurang bajar kakak zenles kurang paham zenles bodoh,Negative,Negative
"Suaranya kresek2 di in game min tolong di fix,secara keseluruhan gamenya dh bgus",suara kresek min tolong fixsecara dah bagus,Negative,Negative
Game Boring bansos sedikit sudah main sampai level 25 masih boring parahnya lagi sistem gachanya ampas dikira serame saudaranya kali ini game mending solo leveling bansos bejibun gameplay seru gacha hoki terus event banyak!!! Sepertinya ini game gak bakalan bisa nyaingin saudaranya tau solo leveling uninstall aja sebelum terjebak di game kikir,boring bansos level boring parah sistem gachanya ampas serame saudara mending solo leveling bansos bejibun gameplay seru gacha hoki event tidak nyaingin saudara tau solo leveling uninstall jebak kikir,Negative,Negative
High memory leak bug,high memory leak bug,Negative,Negative
Tolong dong karakter npc yang tidak berguna untuk story dihilangkan dari map agar tidak berat saat direndering 🤗🤗,tolong karakter npc tidak guna story hilang map tidak berat direndering,Negative,Negative
"Game hoyo terburuk menurut gw, gw main honkai impact 3, genshin, hsr dan cuma zzz yang ngeBOSENIN banget buat gw. Ga ngerti gw apa bagusnya game ini, mending main WuWa aja. Im here just for Daddys, no daddys, no ZZZ👎👋.",hoyo buruk honkai impact genshin hsr ngebosenin tidak erti bagus mending wuwa im here just for daddys no daddys no,Negative,Negative
Semoga gue dapat elen... Doa akan yah....,moga elen doa,Negative,Negative
"Maaf ternyata mengecewakan,aku pikir mirip Genshin,ternyata Gameplay nya mirip AETHER GAZER,ditambah banyak hal yg ga penting nya,loading yang lama,sangat membosankan untuk aku yang ga sabaran.kurang fkexible untuk game ukuran 20gb.maaf auto Unisntal.",maaf mengecewakanaku pikir genshinternyata gameplay aether gazerditambah tidak nyaloading lamasangat bosan tidak sabarankurang fkexible ukur gbmaaf auto unisntal,Negative,Negative
"Goated game🗣️🔥 menurut saya ni game bener bener bagus🗣️🔥 (buat developer jangan sering sering php lah) overall 9,5/10",goated bagus developer jangan php overall,Negative,Negative
Terlalu sering force close tanpa sebab,force close tanpa,Negative,Negative
Muak dengan Gameplay tv,muak gameplay tv,Negative,Negative
"ngantuk, gameplay letoy, combat jelek",ngantuk gameplay letoy combat jelek,Negative,Negative
"Setiap buka toko selalu ngeblank trus terkeluar dari game,main lancar aj selama ga buka store.. tapi kan gw mau gacha ,mau tukarin nya kan mesti ke store/toko :(",buka toko ngeblank keluar gamemain lancar tidak buka store gacha tukarin mesti storetoko,Negative,Negative
Setelah update Sering force close main ini game,update force close,Negative,Negative
Lumayan mengecewakan,lumayan kecewa,Negative,Negative
Why so lagging on rog phone 6 ?,why sok lagging on rog phone,Negative,Negative
Force close,force close,Negative,Negative
Ku kasih rating tiggi buat menunjang orang gblk hp gak kuat malah ngasih bintang 1,ku kasih rating tiggi tunjang gblk hp tidak kuat asih bintang,Negative,Negative
Tingkat rate gachanya terlalu ampas saya sudah mengumpulkan banyak untuk gacha dari quest story untuk 90 pull tapi apa dapatnya cuma karakter standar untuk benner exclutif untuk mendapatkan karakter exclusifnya harus 90 pull lagi kalau akun sultan tidak masalah tapi player gratisan menurutku ini gamenya mahal,tingkat rate gachanya ampas kumpul gacha quest story pull dapat karakter standar benner exclutif karakter exclusifnya pull akun sultan tidak player gratis turut mahal,Negative,Negative
"cuma butuh pengoptimalan aplikasi, agar bisa lebih lama dimainkan, karena terlalu memakai banyak ram yang bahakan di hp saya yang ram 8 tidak cukup kuat untuk menjalankan nya lebih dari 30 menit, selebihnya akan ada fram drop dan bahkan fc terimakasih",butuh optimal aplikasi main pakai ram bahak hp ram tidak kuat jalan menit lebih fram drop fc terimakasih,Negative,Negative
Busuk skali handpong rog saya saja sampai hitam layar nya,busuk handpong rog hitam layar,Negative,Negative
Gamenya sering ke force close,force close,Negative,Negative
"Saya heran kenapa banyak yang kasih rating jelek,. Kendala force close dll, makanya jangan pake hp kentang. Overall saya suka, puzzle, karakter, nuansanya beda dari yg lain yg kebanyakan bertema kerajaan atau tema jadul. Ini tema modern dan keren. Saya ga pernah alami kendala padahal cuma pakai galaxy s20 biasa.",heran kasih rating jelek kendala force close dll jangan pakai hp kentang overall suka puzzle karakter nuansa beda banyak tema raja tema jadul tema modern keren tidak alami kendala pakai galaxy,Negative,Negative
lumayan lancar untuk snapdragon 695 setting lowest (rata kiri),lumayan lancar snapdragon setting lowest rata kiri,Negative,Negative
"Game nya udh bagus banget, dari grafik nya gameplay nya, sama alur cerita nya lumayan, btw untuk yg hp kentang gausah dowload ya wkwk, takut nya pas udh dowload ngefreeze atau lag parah, trus malah ngasih bintang 1 grgr ga bisa di mainin, padahal itu hp kalian nya aja yg kentang, tapi malah nyalahin game nya wkwkwk, lawak bangett wkwkwk 🤣🤣🤣🤣",bagus grafik gameplay alur cerita lumayan btw hp kentang tidak dowload wkwk takut pas dowload ngefreeze lag parah asih bintang gara-gara tidak mainin hp kentang salah wkwkwk lawak wkwkwk,Negative,Negative
Game nya banyak bug... Tolong di perbaiki dulu,bug tolong baik,Negative,Negative
POCO F3 Snapdragon 870 force close? Semua game lancar aja termasuk wuthering waves yg berat gitu.jujur di mobile buat daily login saja kalau buat story main di PC. Tolong di perbaiki,poco snapdragon force close lancar wuthering waves berat gitujujur mobile daily login story pc tolong baik,Negative,Negative
"Edit : sudah contact sama cs tpi hanya disuruh menunggu untuk perbaikan, sampai sekarang nggak ada kejelasan, dan masih ttap force close hanya ketika membuka toko sinyal, dan itu sangat² anoying",edit contact cs suruh tunggu baik tidak jelas force close buka toko sinyal anoying,Negative,Negative
Rada mls karna gk menang pulangin ellen tpi gpp sih min tpi banyakin bansos ya lgi ya 😁,rada mls tidak menang pulangin ellen tidak apa min banyak bansos,Negative,Negative
Buat yg bermasalah kemungkinan karena spek hp klen atau settingan grafik klen,masalah spek hp settingan grafik,Negative,Negative
Seperti biasa game besutan Mihoyo tidak pernah absen dari kata pelit bansos dan pelit rate up,besut mihoyo tidak absen pelit bansos pelit rate up,Negative,Negative
Gamenya mengingatkanku ke persona 5 pokoknya bagus deh gamenya,ingat persona pokok bagus deh,Negative,Negative
Terlalu berat,berat,Negative,Negative
"Tolong dong untuk pihak mihoyo bagi pengguna android dibikin gak ngebug game nya , masa map-nya hitam , saya selaku pemain Honkai star rail dan genshin impact tak pernah mengalami hal seperti uni",tolong mihoyo guna android bikin tidak ngebug map hitam main honkai star rail genshin impact tak alami uni,Negative,Negative
"Storynya bagus, Open World bikin ngantuk isi gamenya penuh loading sangat boring,Untuk game keluaran baru rate gacha sya maklumi masih blm stabil secara overall masih bagus HI3RD sekian",storynya bagus open world bikin ngantuk isi penuh loading boringuntuk keluar rate gacha maklum belum stabil overall bagus hird sekian,Negative,Negative
"Untuk sekarang isu game ini hanya pada audio nya yang terlalu kecil saja. Yang masalah lain ya salahin hp sendiri, main game berat pake hp kentang, sama halnya masak sup tanpa garam😂",isu audio salah hp berat pakai hp kentang hal masak sup tanpa garam,Negative,Negative
Mirip mirip gensin campur honkai impact dari gacha kaya gensin pelit tapi not bad udah biasa cuman kalo bisa banyakin gratisan dikit lah,gensin campur honkai impact gacha gensin pelit not bad cuman banyak gratis dikit,Negative,Negative
"Oyy orang orang bodoh, kalo device lu kurang bagus gausah maksa download ni game hp kentang maksa download ini game, terusss nyalahin developernya grgr force close dan lag, ini game bagus banget, di gue gaada bug or masalah samaa sekali, jadi mikir dulu sebelum download.",oyy bodoh device kurang bagus tidak maksa download hp kentang maksa download salah developer gara-gara force close lag bagus tidak bug mikir download,Negative,Negative
"Too slow pace for game with Hack and Slash genre, and the dungeon/domain exploration is too boring, I can't with this gameplay too casual.",too slow pace for with hack and slash genre and the dungeondomain exploration is too boring cant with this gameplay too casual,Negative,Negative
Game nya sebenarnya udah bagus tapi masih harus diperbaiki lagi di bagian optimalisasi pada game..soalnya sering terjadi frame drop dan FPS menurun drastis. Dan entah mengapa di snap 7 GEN 2 agak kurang lancar/stabil...mohon di tingkatkan lagi yah optimalisasinya🙂. Selebihnya udah bagus sekali menurut saya🔥cuma agak ngelag dan patah patah aja🥲,bagus baik optimalisasi gamesoalnya frame drop fps turun drastis snap gen kurang lancarstabilmohon tingkat optimalisasi lebih bagus sayacuma ngelag patah patah,Negative,Negative
Yg komen kalo gak Cesuel Pleyer + Skill Issue ya Device kentang. Gw maen di Poco F4 rata kanan 60fps gak rewel kek kalean. Harusnya kalean yg ngaca kalo gk bisa beli device bagus malah nyalain gamenya 😂💀💩🤡,komen tidak cesuel pleyer skill issue device kentang poco rata kanan fps tidak rewel kalean kalean kaca tidak beli device bagus nyalain,Negative,Negative
"Gamenya bagus, tapi sayang dpt rating jelek dari player bodoh yang devicenya ga kuat tapi malah nyalahin gamenya",bagus sayang rating jelek player bodoh devicenya tidak kuat salah,Negative,Negative
Berat bet gak kayak honkai impact yang sampe 32gb tapi masih lancar,berat tidak honkai impact gb lancar,Negative,Negative
"Gamenya lumayan,tpi world building nya terlalu sempit,gk bisa jalan"" pake karakter yg di inginkan,di SD 870 ram 12gb punya gwe sering FC, apalagi pas mau story,pilih kotak"" boring banget,intinya ini kaya HI3 remake gitu, sistem batle pun sama persis,cut scene sering di bikin komik,jdi kurang juga,main 3 hari doang,udah bosen,padahal hoki gacha 10x dpt limited,hoki dpt karakter gk ngejamin pemain betah main",lumayantpi world building sempitgk jalan pakai karakter inginkandi sd ram gb gwe fc pas storypilih kotak boring bangetintinya hi remake sistem batle persiscut scene bikin komikjdi kurang jugamain doangudah bosenpadahal hoki gacha limitedhoki karakter tidak ngejamin main betah,Negative,Negative
Tiap login lama kali pengoptimalan shadernya blom lagi puzzle2 ga jelasnya juga lama sangat... Tiket gacha susah juga dpetnya apaan 180x draw...,login optimal shadernya belum puzzle tidak tiket gacha susah dpetnya draw,Negative,Negative
tambahin mode lain kurangin mode tv,tambah mode kurang mode tv,Negative,Negative
"Klo diselingin buka wa bentar ato kepencet home pas balik lgi ke game pasti layar hitam dan harus masuk ulang, padahal main genshin pun aman2 aja klo cuma bentar di android",diselingin buka wa bentar pencet home pas layar hitam ulang genshin aman bentar android,Negative,Negative
"Cocok buat aku yg insomnia, soalnya bikin ngantuk gamenya",cocok insomnia bikin ngantuk,Negative,Negative
Berasa baca komik 😂,asa baca komik,Negative,Negative
"Kukira hack and slash ternyata kotak ber-puzzle (monitor) mana speed 2x-nya ngereset mulu. 5 hari demotivated sama nih game waste time kalok baca storynya yg gak bisa jawab nih game tujuannya apa musuh utamanya sapa, sistem gacha kikir rate off rate on, story gak jelas arahnya kemana tujuannya gak ada (MC bukan karakter utama cuma di monitor doang), main uler sama naga lebih fun dari pada ngejalanin story dan explore mission (kotak/monitor) story mission gak usahlah pakek monitor bosen gitu"" aja",kira hack and slash kotak berpuzzle monitor speed xnya ngereset mulu demotivated waste time baca storynya tidak tuju musuh utama sapa sistem gacha kikir rate off rate on story tidak arah mana tuju tidak mc bukan karakter utama monitor doang uler naga fun ngejalanin story explore mission kotakmonitor story mission tidak usah pakai monitor bosan,Negative,Negative
"Tidak untuk yang kentang ya adik adik, kalo hp kentang maksa download dan ngelag atau kendala lainnya ntar ngasih bintang 1, Padahal salah sendiri malah rating jelek ke game orang",tidak kentang adik adik hp kentang maksa download ngelag kendala entar asih bintang salah rating jelek,Negative,Negative
"In my opinion, this is the best game after honkai star rail,dari grafik yang menarik, dan music yang dibawakan juga enak didengar, tapi seperti saat interaksi dengan npc diajak ngobrol kenapa npc tsb tidak berbalik badan dan menghadap ke kitanya, beda seperti di hsr",my opinion this is the best after honkai star raildari grafik tarik music bawa dengar interaksi npc ajak obrol npc tidak balik badan hadap kita beda hsr,Negative,Negative
"Setiap buka menu Gacha, ada kemungkinan game akan force close.",buka menu gacha force close,Negative,Negative
"File size nya kecilin min ,kegedean buat game awal rilis, gimana besok patch 1.1 udah mau setara sama game PC 😭 Game nya menarik, cuma tolong puzzle tv nya dikurangin, fight Ama puzzle nya GK setara 2:1 ,ku harap di perbaiki lagi kedepannya",file size kecilin min gede rilis besok patch tara pc tarik tolong puzzle tv rangin fight puzzle tidak tara ku harap baik depan,Negative,Negative
"gacha sulit untuk mendapatkan hasil yang bagus... gak kaya game sebelah gacha mudah, dan dapat yang baik. dapat primogem harian kurang. masa cuman 40 doang.. 80 dong kaya game sebelah.",gacha sulit hasil bagus tidak belah gacha mudah primogem hari kurang cuman doang belah,Negative,Negative
"sejauh ini di device saya gaada masalah sih lancar lancar aja, buat gameplay nya seru, karakternya walau baru sedikit tapi lumayan menarik, dan ini karakter orang nya lumayan kocak sih, sejauh ini aku enjoy maininnya",device tidak lancar lancar gameplay seru karakter lumayan tarik karakter lumayan kocak enjoy maininnya,Negative,Negative
"Bagus bgt game nya, cuma 1 aja si menurut ku yg kurang, loading nya itu loh agak2 lama gmana gitu",bagus ku kurang loading loh,Negative,Negative
Game Ngantuk,ngantuk,Negative,Negative
"Mekanik gameplaynya dibanding game hoyoverse yang lain zzz yang paling simple sih menurut saya, grafik oke, gamenya ga terlalu berat di chipset mediatek 1100 gak kek game sebelah berat banget..",mekanik gameplaynya banding hoyoverse simple grafik oke tidak berat chipset mediatek tidak belah berat,Negative,Negative
"Loading kelamaan, udh keburu kiamat",loading keburu kiamat,Negative,Negative
game tolol,tolol,Negative,Negative
"Udah unistal. Tolong di benarkan lagi bugnya. Enak"" main patah"" lalu gak bisa di apa""in hp gelap padahal di setingan high semua. Divaice harusnya mumpuni. Main hsr+Ghensin libas rata kanan juga",unistal tolong benar bugnya patah tidak apa hp gelap ting high divaice mumpuni hsrghensin libas rata kanan,Negative,Negative
Sejauh ini tidak ada kendala. Terkadang frame drop sedikit tapi saya paham dan sadar diri karena device yg saya pakai juga dibawah dari yg direkomendasikan,tidak kendala terkadang frame drop paham sadar device pakai bawah rekomendasi,Negative,Negative
Boring bet msih mending honkai 😌,boring mending honkai,Negative,Negative
"Menurut saya game ini di kembangkan dengan sangat baik dari segi penggambaran karakter, combat action, visual animasi tiap karakter dan penggambaran kota dengan tema urban yang sangat menarik. Hanya saja saya sebagai player kurang menyukai mode saat Di dalam TV, karna ini membuat saya jenuh dan merasa bosan saat lama memainkan game Zzz. Walaupun ada sebagian puzzle dalam Mode TV yang sangat seru, saya rasa lama kelamaan akan terasa jenuh jika lama memainkan game ini.",kembang segi gambar karakter combat action visual animasi karakter gambar kota tema urban tarik player kurang suka mode tv jenuh bosan main zzz puzzle mode tv seru jenuh main,Negative,Negative
"Hp ram. 8Gb internal. 256Gb & sinyal 5G tapi menshader data stuck di 89% terus, belum pernah berhasil sampai ke menu game. Mohon diperbaiki & solusinya gimana ini?",hp ram gb internal gb sinyal tidak menshader data stuck belum hasil menu baik solusi,Negative,Negative
Suara gamenya agak kecil beda dengan hsr dan genshin,suara beda hsr genshin,Negative,Negative
"Sempet ngefrezee dan force close juga saat main dan buka gacha, setelah update os main udah lancar gk ada masalah sama sekali",ngefrezee force close buka gacha update os lancar tidak,Negative,Negative
"Loadingnya lama banget,,story nya keluar masuk gedung loading nya 1 menit bikin bosen",loadingnya bangetstory gedung loading menit bikin bosan,Negative,Negative
"Game nya bagus keren udh ga diragukan lagi game2 hoyoverse , cmn saran volume game nya kurang gede tpi ga tau yg lain soalnya aku main di tablet agak terlalu kecil volume game nya selebihnya bagus kok",bagus keren tidak ragu hoyoverse cuman saran volume kurang gede tidak tau tablet volume lebih bagus,Negative,Negative
"tolong dioptimalkan lagi gamenya, memang device yang saya pakai dibawah rekomendasi, tapi kalau diupgrade lagi performa game nya bisa dong",tolong optimal device pakai bawah rekomendasi diupgrade performa,Negative,Negative
"Game udh bagus, saran saya tolong di optimalkan lagi karena saya udh main dengan hp Spec tinggi namun sering ngebug, FC, dan sering sekali frame drop",bagus saran tolong optimal hp spec tinggi ngebug fc frame drop,Negative,Negative
"Sejauh ini saya sangat suka dari segi gameplay dan lain sebagainya, untuk masalah bug saya masih belum menemukan, tapi ada beberapa hal yang masih bisa di diperbaiki contohnya masalah volume di game yang menurut saya kurang dan juga loading screen yang cukup lama ( entah ini masalah device saya yang kurang atau bukan )",suka segi gameplay bug belum temu baik contoh volume kurang loading screen device kurang bukan,Negative,Negative
Tidak kikir 🗿👍🏻,tidak kikir,Negative,Negative
Game Pelit Bad Gacha,pelit bad gacha,Negative,Negative
game tolol buat maen sambil buka wa aja gak bisa.. masa iya tiap buat buka wa langsung ngerestart annoying banget ajg,tolol buka wa tidak iya buka wa ngerestart annoying ajg,Negative,Negative
Kurang optimalnya di cip d8050 leg parah pas bettle,kurang optimal cip leg parah pas bettle,Negative,Negative
"DEV PELIT,, NGAPAIN DI MAENIN,,GA JAMAN WOI JADI DEV PELIT",dev pelit maeninga jaman woi dev pelit,Negative,Negative
"Gameplay seru, blm Nemu kendala atau segala yang mengganggu, masih enak di mainin di SD 870. Jadi, untuk saat ini cocok untuk dimainin. Tetapi tolonglah kasih di pity rendah. Udh 62 masih blm dapat.moga aja di phase kedua dpt sama signaturenya. Sekalian bantu meningkatkan rating gamenya👍",gameplay seru belum nemu kendala ganggu mainin sd cocok dimainin tolong kasih pity rendah belum dapatmoga phase signaturenya bantu tingkat rating,Negative,Negative
"Suka banget sama opsi yang di kasih game ini. kalo cuma mau nikmatin story, bisa pilih difficult yang mudah. Kalo mau yang menantang, bisa pilih difficult yang menantang",suka opsi kasih nikmat story pilih difficult mudah tantang pilih difficult tantang,Negative,Negative
"Sejauh ini menyenangkan. Cerita utama ttg kakak beradik penjaga toko rental jg sangat menarik diikuti. Ya seperti biasalah, HOYO tdk pernah mengecewakan klo soal cerita. Hal lain yg bikin betah di game ini yakni bagian jelajahi dunia kecilnya. Sosialisasi antar npc, hingga beragam side quest yg dibuat fresh & menyenangkan. Kekurangannya mungkin bagian sizenya, smga kelak ada fitur manajemen data quest kek genshin. Ya perfect gamelah, sangat cocok buat org indo yg emang kan senang membaca.",senang cerita utama kakak adik jaga toko rental tarik ikut biasa hoyo tidak kecewa cerita bikin betah jelajah dunia kecil sosialisasi npc agam side quest fresh senang kurang sizenya moga kelak fitur manajemen data quest genshin perfect gamelah cocok indonesia senang baca,Negative,Negative
Force close Mulu kalo klik menu gacha,force close mulu klik menu gacha,Negative,Negative
jangan instal buang2 kuota aja,jangan instal buang kuota,Negative,Negative
Malas nunggu download nya,malas tunggu download,Negative,Negative
"ilangin mode tv kebanyakan di banding kan combat battle nya, mikir dikit lu jualan gameplay apa jualan TV ngento***",ilangin mode tv banyak banding combat battle mikir dikit jual gameplay jual tv ngento,Negative,Negative
"Game nanggung, kayak main HI3 tapi beda settingan, standar hoyoverse banget, enggak ada yang unik selain UI nya doang",nanggung hi beda settingan standar hoyoverse unik ui doang,Negative,Negative
"Ditambahin lagi mihoyo batterynya, jujur di game ini beda banget sama hsr, kayak battery disini cepat habis padahal mau build satu karakter pun belum cukup, ini hanya masukan saja, selebihnya semuanya bagus dari segi story, grafik, sistem battle",ditambahin mihoyo batterynya jujur beda hsr battery cepat habis build karakter belum masuk lebih bagus segi story grafik sistem battle,Negative,Negative
"Chipset Snapdragon 855 grafik quality low 30fps sangat lag dan freeze saat battle,hampir tidak bisa dimainkan,minimize game buat buka chrome eh malah gamenya kembali ke logo hoyoverse di awal",chipset snapdragon grafik quality low fps lag freeze battlehampir tidak dimainkanminimize buka chrome eh logo hoyoverse,Negative,Negative
Optimalisasi aneh suka keluar sendiri 🗿,optimalisasi aneh suka,Negative,Negative
Gamenya Agak Sedikit Lag Walaupun Sudah Di turunin Semua Grafiknya,lag turunin grafik,Negative,Negative
"Masukan aja untuk devlop, segera launching karakter dengan Gauntlet ( dengan pukulan tangan) atau martial art, semua orang suka karakter ini dan buat dengan karakter laki laki",masuk devlop launching karakter gauntlet pukul tangan martial art suka karakter karakter laki laki,Negative,Negative
Tolong beri fitur auto di mode tv supaya mengurangi kebosanan.,tolong fitur auto mode tv kurang bosan,Negative,Negative
"Gamenya Bagus Banget!!!! Tapi Buat Yang Bilang Gak Bisa Main dan gk bisa di Download, Harap Sadar Diri! Itu Device Harus di Ganti, Bukannya Ksih Bintang 1 ke Gamenya! HP Kentang Harap tidak Memaksakan Main, Jika tidak Resiko tanggung Sendiri! Palingan Klo Nggak Matot yaa, Chipset Kalian Yang Kena!!!! 😆😆😆😆😆",bagus bilang tidak tidak download harap sadar device ganti kasih bintang hp kentang harap tidak paksa tidak resiko tanggung paling tidak matot chipset,Negative,Negative
"Hampir setiap hari saya main gamenya,keren, saya suka grafik begini, cuma sayang game ini hanya fokus menjalani kehidupan seorang gamer, yang kudu fightnya tidak menjadi prioritas,padahal karakter fightnya banyak cuma sayang malah jadi game dungeon based,karna di tutupi oleh kehidupan kedua gamer dalam gamenya (adik dan kakak),kenapa tidak di sederhanakan saja seperti my hero academia? Sayang gameplay keren begini...",gamenyakeren suka grafik sayang fokus jalan hidup gamer kudu fightnya tidak prioritaspadahal karakter fightnya sayang dungeon basedkarna tutup hidup gamer adik kakakkenapa tidak sederhana my hero academia sayang gameplay keren,Negative,Negative
Sering crash di samsung tab s9,crash samsung tab,Negative,Negative
"Terlalu bagus, Sampai-sampai tidak bisa dimainkan 😁👍",bagus sampaisampai tidak main,Negative,Negative
Katanya game hack ang slash malah jadi kang service TV,hack ang slash kang service tv,Negative,Negative
"terkadang ada masalah saat kita membuka fitur seperti event, toko sinyal, dll, tiba-tiba game mengalami force close, padahal pas battle in game lancar banget tidak ada kendala tolong mihoyo perbaiki bug ini....",terkadang buka fitur event toko sinyal dll tibatiba alami force close pas battle lancar tidak kendala tolong mihoyo baik bug,Negative,Negative
"Setelah saya coba game ini ternyata seru juga dan saya tidak menemukan kendala seperti black screen atau bug yg lain. Tapi gameplaynya terlalu membosankan bagi saya karena perbandingan melihat TV lebih banyak di banding battle nya (cmiww). Dan game ini terlalu banyak gimick (free pull 180x) gak ada 180 pull juga tetep maen orang. Dan untuk game yg baru rilis, ukuran 17gb terlalu besar tidak seperti game lain waktu pertama rilis. Semoga bisa makin improve kedepannya untuk developer, sekian.",coba seru tidak temu kendala black screen bug gameplaynya bosan banding tv banding battle cmiww gimick free pull tidak pull rilis ukur gb tidak waktu rilis moga improve depan developer sekian,Negative,Negative
"Opini Pribadi, - waktu yg diperlukan untuk membuka semua fitur didalam game ini memerlukan waktu yang sangat lama, dan bisa terbilang repetitive bahkan kadang membuat mual. - terutama gameplay saat di-TV, terasa panjang dan sangat tidak menarik. (ekspetasi gw bakalan lebih banyak battlenya) Tidak direkomendasikan untuk player casual.",opini pribadi waktu buka fitur dalam waktu bilang repetitive kadang mual gameplay ditv tidak tarik ekspetasi battlenya tidak rekomendasi player casual,Negative,Negative
Seperti biasa mihotod benci account gwa udah 50 gacha g dpt B5 sangar seru rek,mihotod benci account gwa gacha tidak sangar seru rek,Negative,Negative
"Monotone aja game playnya, apalagi Explorernya model tv yg buat kepala pusing. Game gagal ...",monotone playnya explorernya model tv kepala pusing gagal,Negative,Negative
"dari segi gameplay, alur cerita dan puzzle nya udah bagus, semoga kedepannya bisa perkembangan dari segi konten endgame dan meluaskan map seperti HSR, kami akan menunggu kan patch berikut, terima kasih",segi gameplay alur cerita puzzle bagus moga depan kembang segi konten endgame luas map hsr tunggu patch terima kasih,Negative,Negative
Rate nya terlalu ampas. Game membosankan. Khusus nya yang pas di pc gambar kotak2,rate ampas bosan pas pc gambar kotak,Negative,Negative
Ringan buat sampingan,ringan samping,Negative,Negative
"Tidak bisa masuk dgn alasan gagal mendaftarkan server dan game tidak bisa dijalankan di latar belakang. Jadi setiap keluar game sebentar cuma sekedar masuk ke link informasi dari zzz, ketika kembali masuk ke game zzz harus mulai lagi dari awal(mulai dari loading screen lagi), mana masuknya loading nya lama. Volume musiknya juga yang terlalu kecil, dan kadang tidak seimbang volumenya, terkadang di scene ini nyaring tapi di scene ini kecil volume nya",tidak alas gagal daftar server tidak jalan latar sebentar dar link informasi awalmulai loading screen masuk loading volume musik kadang tidak imbang volume terkadang scene nyaring scene volume,Negative,Negative
Ini game sudah bagus dan menarik tapi saya merasa kesal dengan loading di setiap kita masuk ke tokonya yang begitu lama dan setiap loading untuk memasuki pertempuran juga lama yang membuat saya merasa bosan dan ngantuk buat main ini game,bagus tarik kesal loading toko loading pasuk tempur bosan ngantuk,Negative,Negative
Konsep nya beda dari game hoyoverse yg lain gud job,konsep beda hoyoverse gud job,Negative,Negative
"Game yang sangat buruk untuk sekelas game daur ulang dari honkai impact, dimana musuh hampir semua memiliki ice weakness (dipaksa gacha karakter limited) dan juga reroll untuk mendapatkan Hero bintang 5 tipe ice Ga berkaca dengan HSR pada 1.0 dimana ga sepenuhnya musuh weakness Quantum Untuk gacha? Jangan ditanya diberbagai forum dibilang memang aga hard pity semuanyanya Untuk yang ga dapet von Lycaon mending reroll aja dari pada nanti kerasa berat karena emang full musuh weakness ice",buruk kelas daur ulang honkai impact mana musuh milik ice weakness paksa gacha karakter limited reroll hero bintang tipe ice tidak kaca hsr mana tidak sepenuh musuh weakness quantum gacha jangan bagai forum bilang aga hard pity semuanyanya tidak von lycaon mending reroll rasa berat full musuh weakness ice,Negative,Negative
GG. Yang ga kuat device nya jangan main dan posting negatif.,tidak tidak kuat device jangan posting negatif,Negative,Negative
"Terimakasih sudah memberikan pengalaman bermain yang menyenangkan, sayang device berkata tidak",terimakasih alam main senang sayang device tidak,Negative,Negative
"The only problem is the black screen, the other thing might be more optimization of the game",the only problem is the black screen the other thing might be more optimization of the,Negative,Negative
sering force close padal perangkat memenuhi standar,force close padal perangkat penuh standar,Negative,Negative
Boring,boring,Negative,Negative
Gacha ga dapet2 Ellen,gacha tidak ellen,Negative,Negative
"Sorry gua gak tau masalah lu apa sama akun game hoyoku, semuanya ampas di gacha, contoh di game hsr banner sekarang karakter kalah rate off DI HIGH PITY, dan itupun dapatnya DI HIGH PITY, dan banner LC juga kalah rate off DI HIGH PITY, dan guaranted nya belum muncul di low pity skrang, yakali HIGH PITY LAGI, AJG LU MIHOYO, SORRY BEDA LAPAK, EMOSI SOALNYA, DEVELOPER KIKIR. SKRNG BHAS ZZZ, INI GUA BANNER JUGA MAU KE HIGH PITY, SUMPAH DAH ADA APA SAMA RATE GACHA DI AKUN GAME HOYOKU AJG"".",sorry gua tidak tau akun hoyoku ampas gacha contoh hsr banner karakter kalah rate off high pity itu dapat high pity banner lc kalah rate off high pity guaranted belum muncul low pity yakali high pity ajg mihoyo sorry beda lapak emosi developer kikir bahas gua banner high pity sumpah deh rate gacha akun hoyoku ajg,Negative,Negative
Sering Force close,force close,Negative,Negative
"Game turu, boring njir. Dah lah uninstall. main gi,hsr,wuwa aja guys.",turu boring anjir deh uninstall gihsrwuwa guys,Negative,Negative
"game nya menarik, mulai dari grafis, story, gacha itu bener-bener unik. Terutama battle dan cut scene story. untuk ngelag sejauh ini belum ada, lancar lancar aja",tarik grafis story gacha benerbener unik battle cut scene story ngelag belum lancar lancar,Negative,Negative
Menurut saya gamenya bagus lebih lincah dari pada genshin impact dan honkai star rail dan buat kalian yg black screen ato sering keluar sendiri plus ngefreze sadar diri aja lah HP kalian pas2an mo main game ginian terus malah nyalahin developer uwong kok aneh,bagus lincah genshin impact honkai star rail black screen plus ngefreze sadar hp pas salah developer uwong aneh,Negative,Negative
"Optimalisasi di Android kurang banget, sering banget statering, loading screen terlalu banyak dan memakan banyak waktu, dan untuk musuhnya terlalu gampang, tambahin movement musuhnya biar lebih greget, apa apaan lawan musuh yg diam doang nggak ada asik asiknya, jangan jadi game turu 2.0.",optimalisasi android kurang statering loading screen makan waktu musuh gampang tambah movement musuh biar greget lawan musuh diam doang tidak asik asiknya jangan turu,Negative,Negative
Main di ps5 sama rog phone 7 rata kanan stabil 60fps,pas rog phone rata kanan stabil fps,Negative,Negative
tolong perbanyak hadiah,tolong banyak hadiah,Negative,Negative
"too much tv, action rpg game more like puzzle rpg + bonus action.",too much tv action rpg more like puzzle rpg bonus action,Negative,Negative
"Perlu di ingatkan kalo game ini bukan untuk divice yg low atau kentang, iya lihat aja animasi nya gamelpay nya.Mikir dong zaman sekarang udah moderen massa masih nggk ngerti tentang teknologi",ingat bukan divice low kentang iya animasi gamelpay nyamikir zaman moderen massa tidak erti teknologi,Negative,Negative
Graphic eror,graphic eror,Negative,Negative
Boring,boring,Negative,Negative
"Ga sia sia nunggu 2 tahun buat nih masterpiece. Story nya seru, karakternya juga menarik dan gameplay nya juga unik. Harap harap ke depannya bakal lebih banyak bansos dan karakter yang lebih menarikᗜˬᗜ",tidak sia sia tunggu tahun masterpiece story seru karakter tarik gameplay unik harap harap depan bansos karakter tarik,Negative,Negative
"Saya memainkan selama beberapa jam dan menurut saya gamenya secara visual bagus, suaranya jg bagus. Namun ada beberapa yg membuat kurang menarik 1. Sistemnya mainnya agak ruwet dan komposisi warna di menu bikin males 2. Kaya nanggung gamenya. Mirip honkai tapi gameplay mirip pgr. Lebih menantang pgr kalo cari hack and slash. 3.ngelag dan bikin panas device. Saya pakai snap 8 gen1plus. Jadi gak ada alasan device kentang. Sisanya mungkin ini mungkin tipe permainan yg bukan saya suka.",main jam visual bagus suara bagus kurang tarik sistem main ruwet komposisi warna menu bikin malas nanggung honkai gameplay pgr tantang pgr cari hack and slash ngelag bikin panas device pakai snap genplus tidak alas device kentang sisa tipe main bukan suka,Negative,Negative
"Overall this game is interesting with the battle system, However, unfortunately this right has not been compensated for by other things. For example, The location setting has too many loading screens because the area is square and narrow. It would be nice to reduce loading screens by connecting several adjacent locations such as Sixth street, new eridu metro, random play is made into a location that is only separated by a door, The proxy only needs to interact for the door to open automatically.",overall this is interesting with the battle system however unfortunately this right has not been compensated for by other things for example the location setting has too many loading screens because the area is square and narrow would be nice reduce loading screens by connecting several adjacent locations such as sixth street new eridu metro random play is made into location that is only separated by door the proxy only needs interact for the door open automatically,Negative,Negative
"buat keseluruhan suka² aja, cuma 1 doang yg bikin males main ini game , kebanyakan di mode tv nya daripada scene2 fight jd kerasa boring",suka doang bikin malas banyak mode tv scene fight rasa boring,Negative,Negative
"Udh bagus gameplay sama optimalisasinya, tapi turunin pity char nya jadi 80 kek di game ini rada dikit ngsih bansos nya sama item buat gacha nya😒",bagus gameplay optimalisasi turunin pity char rada dikit ngsih bansos item gacha,Negative,Negative
"Game ini udh cukup bagus cuman di bagian animasi makanan sama coffienya di bikin simple aja jgn di kasih animasi,terus combatnya di perbanyakin dan kurangin di bagian mode tv-nya(orang orang bakal bosen dan cepat pensi kalo kelamaan di mode tv karena combatnya cepat banget kelarnya)",bagus cuman animasi makan coffienya bikin simple jangan kasih animasiterus combatnya perbanyakin kurang mode tvnyaorang bosan cepat pensi mode tv combatnya cepat kelar,Negative,Negative
"Game unik, cocok buat player casual. Bagian battle gak ketutupan efek epilepsi, jadi enjoy mainnya.",unik cocok player casual battle tidak tutup efek epilepsi enjoy main,Negative,Negative
Pada ngeluh game force close😀 Device lu aja yang pada kentang malah nyalahin game,ngeluh force close device kentang salah,Negative,Negative
Cih ganti akun di susahnya apa an cb,cih ganti akun susah an coba,Negative,Negative
"Najis, akun gw gacha all banner 70/80 smua taii ini gacha apa pick up si asww",najis akun gacha all banner taii gacha pick up asww,Negative,Negative
"60% in town, 20% loading, 20% fighting.. hmm..",town loading fighting hmm,Negative,Negative
"Tolong itu grafiknya di tingkatkan lagi soalnya antara lowest dan highest itu seperti tidak ada perbedaannya...udah sih gitu aja, overall pelit gacha",tolong grafik tingkat lowest highest tidak perbedaannyaudah overall pelit gacha,Negative,Negative
"Game sampah, cuma modal gacha tete trus untuk cerita masih belum full unclock",sampah modal gacha tete cerita belum full unclock,Negative,Negative
Gamenya stuck/terjebak di loading screen saat mengompilasi shader walaupun saya sudah update gamenya dan menunggu beberapa menit,stuckterjebak loading screen kompilasi shader update tunggu menit,Negative,Negative
"Game bagus, dan cerita oke apalagi game aksi yang gak melulu MC yang gelut, grafik dan gameplay sangat oke terutama karena lebih condong ke gameplay HI, untuk musik beh gak usah ditanya karena musiknya sangat membakar jiwa wkwk, dan game ini cukup berat gue dah coba di Snapdragon 665 dan hasilnya bisa dimainin tapi full hitam cuma bisa liat karakter doang wkwk, jadi pikir-pikir dulu kalo untuk ukuran smartphone menengah ke bawah.",bagus cerita oke aksi tidak melulu mc gelut grafik gameplay oke condong gameplay hi musik beh tidak musik bakar jiwa wkwk berat deh coba snapdragon hasil dimainin full hitam karakter doang wkwk pikirpikir ukur smartphone tengah,Negative,Negative
Mau maen game tp banyak storynya dan gk paham fiturnya,storynya tidak paham fiturnya,Negative,Negative
"combat sangat menarik sih u/ battle nya, oke punya. cuman yg jadi masalahnya, terlalu banyak percakapan yg gabisa di skip, dan itu jadi yg tambah bikin bosen karena bikin monoton. bukan berarti ini game harus gaada percakapannya, minimal yah ada fitur skip. itu aja cukup. terima kasih dan mohon maaf.",combat tarik lu battle oke cuman cakap tidak skip bikin bosan bikin monoton bukan tidak cakap minimal fitur skip terima kasih maaf,Negative,Negative
TV boring,tv boring,Negative,Negative
Tv kesayangan anda,tv sayang,Negative,Negative
"Sangat enak untuk d nikmati, tapi untuk fitur TV nya semoga di persingkat atau di sederhanakan",nikmat fitur tv moga singkat sederhana,Negative,Negative
Gacha suram,gacha suram,Negative,Negative
"Saya main gi kuat rata kanan 60 fps, hsr sedang 60 fps, game ini rata kiri 60 fps sering force close apalagi buka event atau gacha ngeframe banget sampe force close, tolong untuk grafik bisa diringankan🙏🙏🙏😭",gi kuat rata kanan fps hsr fps rata kiri fps force close buka event gacha ngeframe force close tolong grafik ringan,Negative,Negative
"Maaf ga sesuai expetasi, kukira gameplay nya bakal wah ternyata B aja gajauh beda ama HI3 malah bagus Hi3 nya. Minim fitur, gabisa lompat, duduk, zoom dll",maaf tidak sesuai expetasi kira gameplay gajauh beda hi bagus hi minim fitur tidak lompat duduk zoom dll,Negative,Negative
Bantu rating aja walau gk download 😌,bantu rating tidak download,Negative,Negative
"instal 20GB tapi di bikin kecewa, sumpah ya puzzle TV sampah banget. lebih banyak puzzle TV nya di banding combat. combat cuma 5 menit puzzle bisa 30 menit. gue instal game ini karna pengen main combatnya bukan puzzlenya. kecewa sumpah",instal gb bikin kecewa sumpah puzzle tv sampah puzzle tv banding combat combat menit puzzle menit instal pengin combatnya bukan puzzlenya kecewa sumpah,Negative,Negative
"Genre game action Tapi malah dialog mulu kntl, Action nya hanya 1% sisanya bacot semua",genre action dialog mulu kntl action sisa bacot,Negative,Negative
"Game arpg tersmooth yg pernah gw mainkan, buat orang² yang kasih Bintang 1 gara gara ga bisa login, macet, black screen, dll cek device kalian yak, ini game bukan buat hp kentang, gw gk ngejek, cuman Kalo lu paksa hp kentang lu maen game kek gini sih ya wajar sih macet²/black screen😂",arpg tersmooth main kasih bintang gara gara tidak login macet black screen dll cek device bukan hp kentang tidak ngejek cuman paksa hp kentang wajar macetblack screen,Negative,Negative
Asik dan tidak membosankan,asik tidak bosan,Negative,Negative
Ini game kemarin apanya yang di fix? Device ku snapdragon 8 gen 2 masih aja force close,kemarin apa fix device ku snapdragon gen force close,Negative,Negative
"I hope in the future hoyoverse can make a game that can operate worldwide in Tokyo, Japan so that occasionally we can feel what it's like to go to Japan and enjoy the experience of traveling there. One more thing, honestly I am a little disappointed with the existence of the dungeon in the game zenless zone zero because what I want is a direct battle in the city of Tokyo itself, so make the game feel more exciting please hoyoverse keep up the spirit of working.",hope the future hoyoverse can pakai that can operate worldwide tokyo japan sok that occasionally we can feel what its like go japan and enjoy the experience of traveling there one more thing honestly little disappointed with the existence of the dungeon the zenless zone zero because what want is direct battle the city of tokyo itself sok pakai the feel more exciting please hoyoverse keep up the spirit of working,Negative,Negative
Developer tolong Baru main cuman sekitar karakternya warna hitam jadi gak bisa lihat jalan padahal grafik low Tolong banget diperbaiki masih pengen main soalnya 🙏,developer tolong cuman karakter warna hitam tidak jalan grafik low tolong baik pengin,Negative,Negative
"Ceritanya bagus, tapi pas ngelawan monster, keliling kota aku ngga tau mau kemana, soalnya layarnya hitam semua kecuali karakternya",cerita bagus pas lawan monster keliling kota tidak tau mana layar hitam kecuali karakter,Negative,Negative
"TO MANY LOADING SCREEN ZZZ ,,SO SLEEPY",many loading screen sok sleepy,Negative,Negative
gacha ampas keras bet,gacha ampas keras,Negative,Negative
Kurang menarik,kurang tarik,Negative,Negative
"Sayang sekali bisa skip story, padahal game kayak gini nyawanya di story. Kalo skip2 ga bakal tau konteksnya.",sayang skip story nyawa story skip tidak tau konteks,Negative,Negative
Mungkin ini pertama x aku kasih ⭐ 1 untuk game hoyoverse dan uninstall dari PC serta HP dr CBT masalah udh di keluhkan byk org mencoba tp waktu rilis tetap sama salah satunya mengenai puzzle domain tv2 itu kemudian soal hadiahnya juga gimmick dg berbagai syarat g ada instant selektor tp tunggu 300 lg ya oke mirip HSR awal itu jg bukan point ada lg yg diharapkan game ini lebih sederhana dr Honkai Impact 3 tp sama aja ribet dg isi2 fiturnya yg sering menyulitkan player. Gameplay bagus sebenarnya,kasih hoyoverse uninstall pc hp cbt keluh coba waktu rilis salah satu puzzle domain tv hadiah gimmick syarat tidak instant lektor tunggu oke hsr bukan point harap sederhana honkai impact ribet isi fiturnya sulit player gameplay bagus,Negative,Negative
It have to better performance for android to,have better performance for android,Negative,Negative
"Kenapa Hitam semua map nya:'( padahal udah nunggu banget zzz ini:'( padahal memori sama ram hp ini gede tapi kok masih ga bisa ya, semoga ada update an yg bisa fix ini game",hitam map tunggu memori ram hp gede tidak moga update an fix,Negative,Negative
"Sebenarnya game ini sangat bagus dari segi grafik maupun gameplay, tapi disayangkan saat tengah bermain selalu force close padahal pas main lancar",bagus segi grafik gameplay sayang tengah main force close pas lancar,Negative,Negative
"Terimakasih tim zzz yg terhormat, game nya sangat menarik, teruskan optimalisasi supaya menjadi lebih baik. Kocak2, dengerin player yg banyak kecot emng butuh perjuangan, semangat admin.",terimakasih tim hormat tarik terus optimalisasi kocak dengar player kecot butuh juang semangat admin,Negative,Negative
"Mantap nih, bansos ngalir gamenya ga ribet, ga sabar nunggu update region baru",mantap bansos alir tidak ribet tidak sabar tunggu update region,Negative,Negative
"Kikir, untuk mengerjakan quest atau story sangat sulit ketika menggunakan elemen yang tidak direkomendasikan sedangkan karakter saya kebanyakan fire dan setelah saya amati quest ataupun storynya direkomendasikan ice saya sudah spin ellen tetapi malah dapat soldier(M1) di 78, saya pun mengalami stuck untuk mencari resource, sedangkan disini resource butuh melawan, tidak seperti GI dan HSR yang ada resource dari explore disini explore sangat sedikit.",kikir quest story sulit elemen tidak rekomendasi karakter banyak fire amat quest storynya rekomendasi ice spin ellen soldierm alami stuck cari resource resource butuh lawan tidak gi hsr resource explore explore,Negative,Negative
Hitam semua layar ya asu game bug ini mah,hitam layar asu bug mah,Negative,Negative
Too boring,too boring,Negative,Negative
Semoga game anak bungsu ini bisa kaya kakanya Honkai Star Rail jadi game baik :3,moga anak bungsu kakak honkai star rail,Negative,Negative
game bagus yg crash emang device nya ada harus di ganti,bagus crash device ganti,Negative,Negative
sama aja kayak kikir impact anying pelit energi rate gacha rendah. kebanyakan loading plus lama. cepet bosen. mending wuwa. serius,kikir impact anying pelit energi rate gacha rendah banyak loading plus cepat bosan mending wuwa serius,Negative,Negative
"Instal gamenya 17GB ????? Bintang 3 dulu yah, HP KENTANG DI LARANG DOWNLOAD !",instal gb bintang hp kentang larang download,Negative,Negative
game rate off jelek gacha harus pity,rate off jelek gacha pity,Negative,Negative
"Sangat amat bagus bagi saya sendiri, suka game yang colorfull dan fungky kaya gini, apalagi pengambilan angle kamera dan aksi2 yang ada dalam game, walaupun size yg amat besar bikin ragu diawal apakah kuat di HP saya sendiri, tapi ternyata jauh lebih ringan timbang game2 sebelah Memang ga perlu diragukan optimalisasi game2 buatan hoyoverse, terus kembangkan...",bagus suka colorfull fungky ambil angle kamera aksi size bikin ragu awal kuat hp ringan timbang belah tidak ragu optimalisasi buat hoyoverse kembang,Negative,Negative
Pity gacha 100 ? Game play terlalu cepat bikin bosen,pity gacha play cepat bikin bosan,Negative,Negative
"Game TV simulator bikin ngantuk, marketing 180 pull cuman scam donk, gacha ampas, mihoyo masih aja tetep kikir zzz",tv simulator bikin ngantuk marketing pull cuman scam gacha ampas mihoyo kikir,Negative,Negative
"bagus overall, mungkin bisa ganti mode explore nya jangan menggunakan metode tv, pusing juga lama lama lihat tv kedip kedip",bagus overall ganti mode explore jangan metode tv pusing tv kedip kedip,Negative,Negative
Hmm... Lumayan lah...,hmm lumayan,Negative,Negative
"repetitif, ngantuk, size kegedean",repetitif ngantuk size gede,Negative,Negative
"Untuk gamenya sudah bagus, dan saya apresiasi developer bisa porting game sekelas dan sebagus game PC seperti ini, namun saya mengalami masalah di mana setiap membuka menu gacha dan toko itu langsung mengalami frame drop hingga freeze dan akhirnya force close. Padahal grafik yang saya pakai itu rekomendasi dari sistemnya, dan itu membuat saya tidak nyaman bermain...",bagus apresiasi developer porting kelas bagus pc alami buka menu gacha toko alami frame drop freeze force close grafik pakai rekomendasi sistem tidak nyaman main,Negative,Negative
"GAME BAGUS, yg bermasalah coba Upgrate HP mya serius ini berat",bagus masalah coba upgrate hp mya serius berat,Negative,Negative
Seru sih padahal banyak yang ngomong stuck loading atau belum optimal TPI di saya lancar2 aja disett rata kanan pun oke2 aja.,seru omong stuck loading belum optimal lancar disett rata kanan oke,Negative,Negative
Not bad lah,not bad,Negative,Negative
FORCE CLOSE!,force close,Negative,Negative
"Saran aja yaa, buat kalian yg mau main ini game sediain device yg support karena rata2 orng ngeluh blackscreen ama apa aja deh alasannya krna device merakanya yg kentang. Gue udah main brpa hari gk ad masalah dan ini game bagus, story nya mantap aama efek visual dalam game juga, gue pake device redmi note 12 pro 5g aman2 aja, walaupun grafik setting rendah 60fps. yaa overall bagus dan remkomended banget game ini, ingat ya buat yg DEVICE NYA SUPPORT AJA KLO GK SUPPORT JGN MAKSA TERUS NGELUH.",saran ain device support rata ngeluh blackscreen deh alas device raka kentang tidak bagus story mantap efek visual pakai device redmi note pro tidak aman grafik setting rendah fps overall bagus remkomended device support tidak support jangan maksa ngeluh,Negative,Negative
"Game dari hoyoverse ga pernah gagal aku kasih 5 bintang, semoga update sizenya kecil",hoyoverse tidak gagal kasih bintang moga update sizenya,Negative,Negative
"tidak ada keluhan selain dalam penggunaan ram yang cukup banyak, kalau bisa di optimalkan lagi dalam penggunaan ramnya.Terima kasih",tidak keluh guna ram optimal guna ramnyaterima kasih,Negative,Negative
woi gim burik yg bener ae poco x5 pro bs fastboot gara2 mainin ni game,woi gim burik poco pro fastboot gara mainin,Negative,Negative
Harga Item terlalu mahal & reward dari in game nya pun terlalu sedikit sekali,harga item mahal reward,Positive,Negative
Masak apa nih chef? 😋,masak chef,Negative,Negative
Game apa sih ko setelah di mainin jadi males buka game lain?,mainin malas buka,Negative,Negative
"Bagus kok, jangan dengerin haters",bagus jangan dengar haters,Negative,Negative
"Dari beberapa game dari hoyoverse yang sudah aku pernah mainin,ZZZ ini adalah salah satu game dengan konsep yang unik dengan grafis yg bagus.untuk beberapa pemain lain yg mungkin mengeluh dengan masalah game ini,aku rasa itu bukan salah gamenya yang bermasalah sih device kalian yang kurang bagus(spesifikasi kentang). So overall game ini layak untuk di coba dan di mainkan 👌👌👌",hoyoverse maininz salah konsep unik grafis bagusuntuk main keluh iniaku bukan salah masalah device kurang bagusspesifikasi kentang sok overall layak coba main,Negative,Negative
Untuk segi grafik sama gameplay emang bagus dan menarik tetapi ada kekurangan nya nyaitu sering keluar sendiri saat dimain kan tolong pihak developer segera diperbaiki secara cepat karena bisa mempengaruhi segi gameplay dari para player yang sedang bermain,segi grafik gameplay bagus tarik kurang nyaitu main tolong developer baik cepat pengaruh segi gameplay player main,Negative,Negative
"Gak suka gw dr segi combatnya, hi3 versi lite ini mah",tidak suka segi combatnya hi versi lite mah,Negative,Negative
"HP LU KENTANG ITUU GOBLOGGGG JDI GA USAH PROTESS AJGG. MAKANYA BACA REKOMENDASI SPESIFIKASI DEVICENYAAAAA. BIAR LU GA ASAL DONLOD TRUS KOMENYA KYA ORANG IDIOD. KERJAAAAAAA, TRUSS GANTI TUH HP SETAN LU",hp kentang goblog tidak protess ajgg baca rekomendasi spesifikasi devicenya biar tidak donlod komenya kaya idiod truss ganti tuh hp setan,Negative,Negative
gem baik tidak kikir,gem tidak kikir,Negative,Negative
"Sebagai pecinta atau penyukai Game, menurut pandangan gue game ini udah bagus, di luar ekpetasii gue, tapi masih ada kekurangan dimana kita enggak bisa bebas, untuk bertarung dan menggunakan karakter dalam dunia, karena masalah faktor cerita yang kental, tapi menurut gue jadi hambatan, untuk game berkembang, kenapa? Karena para Proxy akan berpikir 2x sebelum mereka gacha dengan banyak investasi yang di keluarkan, keterbatasan penggunaan an karakter, dan mode copo, masih kurang, untuk pamer.",cinta suka pandang bagus ekpetasii kurang mana bebas tarung karakter dunia faktor cerita kental hambat kembang proxy pikir gacha investasi keluar batas guna an karakter mode copo kurang pamer,Negative,Negative
Awalnya Bisa main gameya lancar tapi tiba2 black screen ya gimana nih ...?,gameya lancar black screen,Negative,Negative
Sebenernya dihp kuat mainnya lumayan enak. Tapi gachanya ampas banget. Ngga banget2 bisa dinikmatin F2P klo gahoki,dihp kuat main lumayan gachanya ampas tidak dinikmatin fp gahoki,Negative,Negative
"Untuk grafik di setting low juga tampilan nya masih bagus, cuman gampang boros batre banget, overhreat sih engga cuman tetep boros, dan lagi ga ada menu exit (keluar) untuk device mobile.. keluar nya harus paksa pake tombol home nanti lama kelamaan bakal ngerusak hp kalau tutup aplikasi pake menu home! Sekian",grafik setting low tampil bagus cuman gampang boros batre overhreat tidak cuman boros tidak menu exit device mobile paksa pakai tombol home ngerusak hp tutup aplikasi pakai menu home sekian,Negative,Negative
dongooo susah amat gachaaaa tidak masuk akal,dongo susah gacha tidak akal,Negative,Negative
Terlalu banyak loading,loading,Negative,Negative
Berharap ada optimalisasi 🥲,harap optimalisasi,Negative,Negative
"Tv modenya ilangin please, boring banget",tv mode ilangin please boring,Negative,Negative
"Hp saya kentang, gak bisa mainin game ini, stuck di proses mengompilasi shader di 89.01℅",hp kentang tidak mainin stuck proses kompilasi shader,Negative,Negative
Not bad. Tapi masih banyak bug Dan sering force close di device saya padahal pas awal rilis masih aman aman saja itu aja sih,not bad bug force close device pas rilis aman aman,Negative,Negative
Semua udah bagus paling yang kurang di rate gacha doang yang susah jadi kasih bintang 3 dulu,bagus kurang rate gacha doang susah kasih bintang,Negative,Negative
"Game nya sangat bagus 👍, semoga ngkk jdi game kikir dan slalu bansos gacha.. Tpi game ini, di device saya cepat panas pdhl klo main genshin, pubg Codm rata kanan lancar semua dan memenuhi semua kriteria rata² device. Mungkin bisa lbh di optimalkan kembali.",bagus moga ngkk kikir bansos gacha device cepat panas genshin pubg codm rata kanan lancar penuh kriteria rata device optimal,Negative,Negative
"Kasih bintang 3 ya, soalnya kadang"" kalo udah agak lama main gamenya abis tu mencet sesuatu pasti black screen dan langsung force close gamenya, kalo udah diperbaiki baru bintang 5",kasih bintang kadang habis mencet black screen force close baik bintang,Negative,Negative
Males Ama loading masuk maps ini loading masuk toko loading padahal termasuk game dengan GB besar,malas loading maps loading toko loading gb,Negative,Negative
Lagi main di suruh update paksa Kebiasaan nih dari jaman hi3,suruh update paksa biasa jaman hi,Negative,Negative
"overall sangat bagus, fitur skip storynya pun sangat berguna, combat system tdk membosankan, grafik pun bagus. namun ada saat dimana terjadi frame sesekali. mohon lebih dioptimalkan. interface menunya juga tidak enak dipandang.",overall bagus fitur skip storynya guna combat system tidak bosan grafik bagus mana frame optimal interface menu tidak pandang,Negative,Negative
Ini kenapa di saya menu controlernya gak muncul ya? Saya pakai ipega PG-9157 Device saya samsung A54,menu controlernya tidak muncul pakai ipega pagi device samsung,Negative,Negative
"Intinya bagus,tu yg bilang ngebug lah layar item lah apa segala macam berarti hp lo kentang sadar diri lah iya tau walau kata lu hp lo kuat main hsr genshin berarti hp lo udh ga muat anj,jangan salahin dev nya salahin hp lo noh kentank",inti bagustu bilang ngebug layar item hp lo kentang sadar iya tau hp lo kuat hsr genshin hp lo tidak muat anjjangan salah dev salah hp lo noh kentank,Negative,Negative
"Grapik yang bagus, gameplay yang baru dan cukup menarik serta mekanik yang tidak kalah bagus dengan yang lain. Buat yang fomo mending menggir dulu apalagi ga sadar dengan spek device nya.",grapik bagus gameplay tarik mekanik tidak kalah bagus fomo mending gir tidak sadar spek device,Negative,Negative
lag SD 8 gen 2,lag sd gen,Negative,Negative
Aku ga bisa main game nya layar nya hitam .. Tololng hoyo perbaiki game buruk,tidak layar hitam tololng hoyo baik buruk,Negative,Negative
Saya tidak mengerti cara menyelesaikan quest harian (nonton video) tolong di permudah untuk quest harian seperti contoh kita langsung bisa langsung teleport di tempat quest nya,tidak erti selesai quest hari tonton video tolong mudah quest hari contoh teleport quest,Negative,Negative
Pengen main tapi force close terus,pengin force close,Negative,Negative
Semoga kedepannya size nya gaterlalu bengkak pas update deh...,moga depan size gaterlalu bengkak pas update deh,Negative,Negative
Poco x6 pro 5g 12/512 tertawa melihat bocil device kentang yg kasih bintang asal2an. Aduh dek dek... Minimal kalau device gk mendukung maen game 10mb aja. Biar device kalian kelihatan optimal.,poco pro tidak tertawa bocil device kentang kasih bintang asal aduh dek dek minimal device tidak dukung mbak biar device optimal,Negative,Negative
"Mungkin memang dari perangkat harus mendukung juga sih, kalo sudah mencapai syarat tertentu main pun tidak ada kendala sama sekali, di device saya mulus tidak ada masalah, hanya dari setelah setiap update pasti dari compiling shader memang agak lama tapi setelahnya gak ada kendala sama sekali, gameplay dan mekaniknya menarik karena saya baru pertama main game seperti ini.",perangkat dukung capai syarat tidak kendala device mulus tidak update compiling shader telah tidak kendala gameplay mekanik tarik,Negative,Negative
Terdapat Bug lingkungannya jadi gelap mohon diperbaiki,bug lingkung gelap baik,Negative,Negative
"Berat doang, tapi kurang menarik. Mending main game hoyo lainya kaya genshin atau HSR",berat doang kurang tarik mending hoyo lai genshin hsr,Negative,Negative
"Ada update malah jadi force close terus, hadehhh",update force close hadeh,Negative,Negative
"Kesan pertama, Tema ceritanya Sci-fi tidak klise, secara gameplay di awal agak membingungkan tapi berjalannya permainan akan terbiasa, pesan dan kritik saya, ini game tidak cocok untuk gamer ""wong cilik"" entah kenapa developer game sekarang lupa bahwa rata2 gamer penguna HP memang konsumtif tapi devicenya kentang/Jadul atau mungkin game ini sebenarnya untuk pengguna PC/Konsole yg dipaksakan port ke monbile demi profit? Atau tuntutan teknologi yang berkembang? Saya harap HoYoverse membaca ini.",kesan tema cerita scifi tidak klise gameplay bingung jalan main biasa pesan kritik tidak cocok gamer cilik developer lupa rata gamer penguna hp konsumtif devicenya kentangjadul guna pckonsole paksa port monbile profit tuntut teknologi kembang harap hoyoverse baca,Negative,Negative
Jelek game kikir,jelek kikir,Negative,Negative
"Animasinya sangat bagus, tapi untuk main lama trlalu membosankan mulai dari mode tv - bolak-balik studio - kebanyakan percakapan - aksinya terlalu gampang bisa sambil tutup mata dan yang paling parah mode tvnya terlalu mengganggu dan meresahkan.",animasi bagus bosan mode tv bolakbalik studio banyak cakap aksi gampang tutup parah mode tvnya ganggu resah,Negative,Negative
"Berulang ulang Stack di kompilasi shader 89,01%.. yg device nya khentang jgn coba2.. sayangilah kuota anda..",ulang ulang stack kompilasi shader device khentang jangan coba sayang kuota,Negative,Negative
"Sering force close di Snapdragon 870 setting rata kiri, HP Poco F3",force close snapdragon setting rata kiri hp poco,Negative,Negative
Perbanyak bansos nya,banyak bansos,Negative,Negative
Game Rusak,rusak,Negative,Negative
"Mentok kompilasi shader 89,01℅ abis itu ga maju² lagi",mentok kompilasi shader habis tidak maju,Negative,Negative
"Mengecewakan, se akan akan bukan game khas hoyoberse, fitur TV seharusnya tidak diletakkan di setiap stage story, kami ingin menikmati pertarungan hack n slash yang asik, bukan mencet"" TV ga jelas",kecewa bukan khas hoyoberse fitur tv tidak letak stage story nikmat tarung hack slash asik bukan mencet tv tidak,Negative,Negative
Blm nyoba,belum coba,Negative,Negative
Berat sdgn 865,berat sdgn,Negative,Negative
"game ngantuk boring, tolong ilangin konsep tv ga jelas malah bikin boring.",ngantuk boring tolong ilangin konsep tv tidak bikin boring,Negative,Negative
"Udh pling bener main honkai aj Ni game di hp gw yg spekny tinggi aj bisa force close pdhl ga panas lho, Bug nya gila banget",honkai hp spekny tinggi force close tidak panas lho bug gila,Negative,Negative
Tolong perbaiki bug dalam game yg bikin sebagian tampilan menjadi gelap 😓,tolong baik bug bikin tampil gelap,Negative,Negative
Kurangi bug nya yah,kurang bug,Negative,Negative
"Kadang force close di kedua HP saya, padahal saya pake poco f3 & poco f5",kadang force close hp pakai poco poco,Negative,Negative
"Game kebanyakan Loading. Masuk rumah loading, masuk toko loading, pindah jalan loading, masuk komputer loading, bener2 Loading Simulator. Asli kalo ga kebanyakan loading jadi bagus banget nih game.",banyak loading rumah loading toko loading pindah jalan loading komputer loading loading simulator asli tidak banyak loading bagus,Negative,Negative
"Boring banget game nya, banyak fitur yang bikin ini game males buat dimainin",boring fitur bikin malas dimainin,Negative,Negative
Ga kikir,tidak kikir,Negative,Negative
Terlalu berat chipset 860 harus nya main di setingan low udah ringan tapi ini ga ngaruh dan main beberapa menit udah lag parah mana dah pake cooler ga ngaruh juga,berat chipset ting low ringan tidak ngaruh menit lag parah deh pakai cooler tidak ngaruh,Negative,Negative
I have pitch black graphic. Development teams until now don't have an action to take down the bug. The gameplay absolutely amazing but the bug make me feel off about playing the game. So today I want uninstall it. Gameplay 4 / 5 Story 2 / 5 Music 5 / 5,have pitch black graphic development teams until now dont have an action take down the bug the gameplay absolutely amazing but the bug pakai me feel off about playing the sok today want uninstall gameplay story music,Negative,Negative
Scam bansos lol,scam bansos lol,Negative,Negative
"Bagi yang ngeluh game nya gk bisa di buka, game nya ngeleg, ya berati HP lu gk support blok, kalau gk support jangan di paksain tu HP lolot",ngeluh tidak buka ngeleg hp tidak support blok tidak support jangan paksa hp lolot,Negative,Negative
"Pas konfigurasi masuk game masa aplikasi multitask seperti discord dll langsung keluar, tolong optimalisasi lagi",pas konfigurasi aplikasi multitask discord dll tolong optimalisasi,Negative,Negative
"gamenya bagus cuman rendernya bikin cpu hp langsung full jadi ngeframe parah, mungkin gamenya belum terlalu optimal padahl device sudah ok lah, saran mungkin untuk android rendringnya jangan disamakan dengan pc supaya kinerja hp gak terlalu brutal ajasih.",bagus cuman rendernya bikin cpu hp full ngeframe parah belum optimal device ok saran android rendringnya jangan sama pc kerja hp tidak brutal ajasih,Negative,Negative
"Sejauh ini bermain lancar lancar aja, karena masih baru masih banyak yang belum dipahami. Dari segi cerita juga lumayan menarik",main lancar lancar belum paham segi cerita lumayan tarik,Negative,Negative
Harusnya strorynya langsung battle aja. Gk perlu yg layar tv banyak. Karna aku agak malas harus explor apalagi tap2 layar sambil mikir. Pengennya yg auto greding gampang. Seperti honkai impack. Itu aja sih keluanku. Kebanyakan makan waktu.,strorynya battle tidak layar tv malas explor tap layar mikir ken auto greding gampang honkai impack keluan banyak makan waktu,Negative,Negative
belum apa apa udah 17GB,belum gb,Negative,Negative
The game is good but there is a bug. The game always crashing when open gacha menu or other menu.,the is good but there is bug the always crashing when open gacha menu other menu,Negative,Negative
saat bermain lancar aj tapi kenapa latar tempatnya hitam...,main lancar latar tempat hitam,Negative,Negative
"ga lag ternyata haha, grafik cukup bagus dan ya pokoknya bagus deh game ini buat ngisi waktu luang akuu ><",tidak lag haha grafik bagus pokok bagus deh ngisi waktu luang,Negative,Negative
Ada bug force close mohon diperbaiki,bug force close baik,Negative,Negative
"dari semua game hoyoverse, zzz yang paling membuat saya terkesan dengan mekanik gameplay, tema game, hingga musik. saya sangat merasa immersive dan sangat terkesan ketika ada adegan cutscene yng menurut saya sangat keren, yang membuat saya betah ketika memainkan sepanjang game ini",hoyoverse kes mekanik gameplay tema musik immersive kes adegan cutscene keren betah main,Positive,Negative
"satu satu nya game hoyo yg ga bisa gua maenin,spek hp udh terlalu old wkwkwk,pdhl udh sangat ditunggu perilisan ZZZ ini,utk yg hp nya udh ga relevan juga nt guys,semoga dpt rezeki lebih utk upgrade hp",hoyo tidak gua maeninspek hp old wkwkwkpdhl tunggu rilis iniutk hp tidak relevan guyssemoga rezeki upgrade hp,Negative,Negative
"Gacha seret, pity ampas, konten minim",gacha seret pity ampas konten minim,Negative,Negative
"Skipp all game hoyoverse ,bansos is SCAM",skipp all hoyoverse bansos is scam,Negative,Negative
"Scam 180 gacha ternyata harus selesai quest dll, sebelum battle maen puzzle bikin ngantuk",scam gacha selesai quest dll battle puzzle bikin ngantuk,Negative,Negative
"Maaf udah main dapet 1 misi kok tetep hitam visualnya,graphic udah d turunkan sampai low? Mohon untuk developer lebih di tingkatkan lagi untuk visual pencahayaan di graphic medium ke low",maaf misi hitam visualnyagraphic turun low developer tingkat visual cahaya graphic medium low,Negative,Negative
Udah re roll 1000x masih ampas :'(,re roll ampas,Negative,Negative
"Menurutku, game nya asik, dan masih ada beberapa bug, tapi masih ok mengingat masih game baru, dan buat yang komplain, lihat spek dlu ok? Game nya emang berat jadi jangan di paksa🗿",turut asik bug ok komplain spek ok berat jangan paksa,Negative,Negative
Ga ngotak data awal nya,tidak ngotak data,Negative,Negative
Tolong segera diperbaiki bug bug yg ada,tolong baik bug bug,Negative,Negative
"Game nya bagus tapi ada kekurangan nya, kenapa aku main game nya itu semua yang di sekitar ku jadi hitam jadi nya aku ga bisa genikmatin game ya tolang di perbaiki itu juga udah aku pake grafik paling rendah tetap aja di sekitar ku hitam semua jadi tolong di perbaiki.",bagus kurang ku hitam tidak genikmatin tolang baik pakai grafik rendah ku hitam tolong baik,Negative,Negative
"Game nya udah bagus, cuman rada gak kompatibel di hp saya. Dijamin ngecrash ketika 20 menit bermain. Padahal game berat lain (seperti wzm dan wuwa) walaupun sampai panas gak bakal ngecrash, tapi game ini mentok anget malah ngecrash (tanpa pemberitahuan suhu tinggi atau apapun itu).",bagus cuman rada tidak kompatibel hp jamin ngecrash menit main berat wzm wuwa panas tidak ngecrash mentok anget ngecrash tanpa pemberitahuan suhu tinggi apa,Negative,Negative
Game ini sangat keren dan sangat menakjubkan dan sangat sangat wajib dimainkan dikarenakan game ini sangat amat baik dan tidak kikir seperti wuthering waves dan genshin impact dan juga honkai star rail dikarenakan saya tidak mendapatkan ruan mei semoga kedepannya zenless zone zero tidak kikir dan baik seterusnya dan semoga saya tidak mendapatkan hard pity dan akan mendapatkan ellen c6 dan saya akan memainkan game ini terus disaat saya ada waktu luang tidak sprti org yg tdk prnah menyentuh rumput,keren takjub wajib main tidak kikir wuthering waves genshin impact honkai star rail tidak ruan mei moga depan zenless zone zero tidak kikir moga tidak hard pity ellen main saat waktu luang tidak tidak sentuh rumput,Negative,Negative
GEMNYA SANGAT SERU!!! GA NYESEL NUNGGUIN 2000 TAHUN! Suka banget sama game game adu jotos kaya gini!,gemnya seru tidak sesal tunggu tahun suka adu jotos,Negative,Negative
"tolong dong ini kenapa sering force close, padahal genshin hsr lancar jaya tolong di optimalkan lagi padahal seru gameplay nya",tolong force close genshin hsr lancar jaya tolong optimal seru gameplay,Negative,Negative
Hilangkan TV Masak Game 17GB explorenya cuma segitu,hilang tv masak gb explorenya segitu,Negative,Negative
Please fix bug cutscene yang ngelag,please fix bug cutscene ngelag,Negative,Negative
Belasan gb cuman buat game adu jotos 😀,bas gb cuman adu jotos,Negative,Negative
Tidak tertarik Terlalu ramai visualnya ketika di open worldnya,tidak tarik ramai visual open worldnya,Negative,Negative
kurang optimalisasi nya lagi buat hp mid range,kurang optimalisasi hp mid range,Negative,Negative
Gachanya busuk,gachanya busuk,Negative,Negative
"Tolong dikurangi pemakaian RAM-nya. Apalagi ketika LIVE2D, khususnya gacha dan trial char",tolong rang pakai ram lived gacha trial char,Negative,Negative
Sumpah size 17GB wow dengan grafik yang di tawarkan sesuai maka tak heran sih story dan gameplay menarik memang wajib di download nih oh iya kalian kalau mau download siapin spek minimum snapdragon 855 ram 8gb wajar kalau spek low ngelag jangan di paksa untuk devnya semoga kedepannya lebih baik lagi banyakin event menarik yah ♥️,sumpah size gb wow grafik tawar sesuai tak heran story gameplay tarik wajib download oh iya download siapin spek minimum snapdragon ram gb wajar spek low ngelag jangan paksa devnya moga depan banyak event tarik,Negative,Negative
Ini gimana dah... Setiap x jari deket kamera depan layar game nya gelap sendiri... Masa iya main nya harus pake 1 tangan,deh jari kamera layar gelap iya pakai tangan,Negative,Negative
"Overall bagus gamenya memenuhi ekspektasi saya, gamenya juga GK terlalu berat settingan medium masih lancar jaya, cuma saran agar hadiah tinet untuk gachanya diperbanyak lah, Untuk battle nya saya dah puas sistem combo Parry nya mantap",overall bagus penuh ekspektasi tidak berat settingan medium lancar jaya saran hadiah tinet gachanya banyak battle deh puas sistem combo parry mantap,Negative,Negative
terlalu sulit untuk di kontrol dan terlalu rumit mekanisme gameplaynya,sulit kontrol rumit mekanisme gameplaynya,Negative,Negative
"Game apa ini hitam doang, yang muncul cuma musuh sama karakter yang di kendalikan saja. Sisanya full HITAM, minimal kalau buat game yang niat dikit lah di optimasi grafiknya masa game grafik cacat kek gini udah dirilis. Padahal genshin impact di hp ku gak ada masalah sama sekali, yang bermasalah cuma ini game sama HSR. Benerin lah jangan cuma kau balas pakai bot lalu kau kacangin udah kek KOMINFO aja. Saya mendownload dari GOOGLE PLAY STORE DAN SUDAH VERSI TERBARU",hitam doang muncul musuh karakter kendali sisa full hitam minimal niat dikit optimasi grafik grafik cacat rilis genshin impact hp ku tidak masalah hsr benerin jangan kau balas pakai bot kau kacangin kominfo mendownload google play store versi baru,Negative,Negative
"Masih sering force close nih, tolong dong dibenerin. Saya pakai device ROG 5",force close tolong dibenerin pakai device rog,Negative,Negative
Maaf kurang menarik. Game play tipi turu,maaf kurang tarik play tipi turu,Negative,Negative
"Booring combat, UI nya belibet ga enak dipandang, simulai TV nya sok asik & desain char kurang.",booring combat ui belibet tidak pandang simulai tv sok asik desain char kurang,Positive,Negative
Map hitam,map hitam,Negative,Negative
"50 GB for pc and 17 GB on phone is hella crazy for a game like this. Comic slide for cutscene. Awful boring type of dungeon crawling. In game reward that not rewarding player at all. No wonder the title is ZZZ, I almost fell asleep playing this game. HI3 is much better.",gb for pc and gb on phone is hella crazy for like this comic slide for cutscene awful boring type of dungeon crawling reward that not rewarding player at all no wonder the title is almost fell asleep playing this hi is much better,Negative,Negative
Masih banyak terdapat bug Suara audio ingame sangat kecil sehingga harus full volume agar terdengar Terlalu banyak memakan ram Controller jika sudah lama bermain tiba tiba tidak bisa di pencet padahal masih terkoneksi Device Poco F3,bug suara audio ingame full volume dengar makan ram controller main tidak pencet koneksi device poco,Negative,Negative
"ngak bisa login (terlalubanyak request ),, speed donload lemot banget",tidak login terlalubanyak request speed donload lot,Negative,Negative
"Grafik gak ada masalah, masalah nya cuma fitur TV tabung nya menggangu bikin ngantuk",grafik tidak fitur tv tabung menggangu bikin ngantuk,Negative,Negative
Tolong dong min perbaiki game nya supaya GK black screen lagi,tolong min baik tidak black screen,Negative,Negative
"Game ngantuk zzz Saran saya aja untuk mode tv itu dibikin mini game aja, masuk dungeon pengen gebuk2 musuh malah dikasih puzzle, boring lagi",ngantuk saran mode tv bikin mini dungeon pengin gebuk musuh kasih puzzle boring,Negative,Negative
Snapdragon 870 masih frame 💀,snapdragon frame,Negative,Negative
"Entah hp saya yang spek rendah atau emang nge bug, world gamenya item semua bjir",hp spek rendah nge bug world item bjir,Negative,Negative
"Buat yang pada ngeluh pas mau login layarnya hitam, loading sering force close, disuruh kosongin penyimpanan lagi ,atau apalah. Itu sebenarnya device lu kurang support, kalau Layarnya hitam artinya device lu ga kuat nge-render grafiknya,kalau masih maksa main yang ada hp lu rusak duluan [bisa"" MATOT] Ini bukan masalah bug dari gamenya atau ukurannya tapi masalah di device masing"". Gw aja main ga ada apa"" ,aman aja tuh. [Overall nih game bagus dari segi gameplay ataupun grafik]",ngeluh pas login layar hitam loading force close suruh kosongin simpan apa device kurang support layar hitam device tidak kuat ngerender grafiknyakalau maksa hp rusak duluan matot bukan bug ukur device tidak aman tuh overall bagus segi gameplay grafik,Negative,Negative
Game ngantuk ngebosenin bansos juga kaga ada👎,ngantuk ngebosenin bansos kagak,Negative,Negative
bagus aja sih gameplaynya enjoy aja bagiku tapi kalo dah yang bagian TV ampun gweh mah ✋😂🤚 kadang ribet selesaiinnya dan mohon di optimalisasi kan lagi gamenya! snapdragon 860 masih patah2 ya maklum ram HP saya 6,bagus gameplaynya enjoy bagi deh tv ampun gweh mah kadang ribet selesaiinnya optimalisasi snapdragon patah maklum ram hp,Negative,Negative
"Kok aku main rata kiri malah keluar sendiri ya, padahal udah pake device iphone 15 pro max",rata kiri pakai device iphone pro max,Negative,Negative
"Sejauh ini masih aman main di Chipset naga 778G ,masih tergolong bersahabat untuk hp gue, mantap Z.Z.Z👍",aman chipset naga tidak golong sahabat hp mantap,Negative,Negative
"ini game lancar2 aja dah. knp banyak yg spam 1 coba. gw coba di 13T Dimensity 8200 ama ipad M1 lancar rata kanan jg. kan emg minimal Snapdragon 855 atau dimensity 1200 keatas rekomendasi nya. baca deskripsi makanya bang . kalo pake kaya dimensity 7000, 6000 apalagi helio g series dan Snapdragon 600 an kebawah jgn maksain, sadar device dulu🙄",lancar deh spam coba coba dimensity ipad lancar rata kanan minimal snapdragon dimensity atas rekomendasi baca deskripsi abang pakai dimensity hio tidak series snapdragon an bawah jangan paksa sadar device,Negative,Negative
Kenapa harus pakai televisi jadi males mainya,pakai televisi malas mai,Negative,Negative
"masalah grafis ini rajanya,. tapi tolonglah TV yang ada di game ini hilangkan, ini game 99% TV, 1% battle.. 😢",grafis raja tolong tv hilang tv battle,Negative,Negative
"Tidak optimal di android, khusus saat membuka menu gacha dan toko langsung force close, tapi saat bermain di kota/ pertempuran ini lancar 60fps.... Saya merasa ini bukan masalah device saya,sangat tak masuk akal. Saya berjanji akan menilai ★5 setelah masalah ini diperbaiki..",tidak optimal android buka menu gacha toko force close main kota tempur lancar fps bukan device sayasangat tak akal janji nilai baik,Negative,Negative
Hp gk kuat gk maksa lah sok sok kasih bintang satu,hp tidak kuat tidak maksa sok sok kasih bintang,Negative,Negative
Gem gak jelas,gem tidak,Negative,Negative
17 gb baru rilis mah kegedean,gb rilis mah gede,Negative,Negative
"Dev you say android supported device; Cpu: Snapdragon 855, Dimensity 1200, and Kirin 990, with RAM 8 GB or higher. But why i always stuck in loading shader at 89,01% even my device using Dimensity 7020 with RAM 12 GB. Btw im using Infinix Note 40 Pro+. ONE MORE THING DEV I DONT NEED YOUR APOLOGIZE JUST FIX THAT PROBLEM",dev you sayang android supported device cpu snapdragon dimensity and kirin with ram gb higher but why always stuck loading shader at even my device using dimensity with ram gb btw im using infinix note pro one more thing dev dont need your apologize just fix that problem,Negative,Negative
"Boring, hack n slash no jump? What a joke man , even genshin better enethought thats not their main focus",boring hack slash no jump what joke man even genshin better enethought thats not their focus,Negative,Negative
Jelek,jelek,Negative,Negative
BENERIN BUG NYA WOEEI .... FILE SIZE GEDE TPI PAS MAIN LAYAR ITEM ... YG BNER AJA 🗿🗿🗿,benerin bug woeei file size gede pas layar item,Negative,Negative
"Tolong segerakan emergency update min, sumpah ga nyangka bgt ratingnya dibawah game kyikir",tolong segera emergency update min sumpah tidak sangka ratingnya bawah kyikir,Negative,Negative
"Gamenya sebenernya bagus,animasinya mantab gila,combat mekaniknya simple namun satisfying...cuma kekurangannya cuma 1,buat device hp bagian UI controlernya nggak bisa di setting,jadi bikin nggak nyaman kalo main,apa lagi penempatan tombol dodge disebelah kanan basic attack itu agak aneh menurut saya,jadi saran saya ayo lah berikan opsi custom UI control buat device HP,kebiasaan buruk mihoyo banget dah...",bagusanimasinya mantab gilacombat mekanik simple satisfyingcuma kurang device hp ui controlernya tidak settingjadi bikin tidak nyaman mainapa tempat tombol dodge belah kanan basic attack aneh sayajadi saran ayo opsi custom ui control device hpkebiasaan buruk mihoyo deh,Negative,Negative
"Bboring bet gameplay nya, skill set dikit, combo cuma swap char, open world nanggung, yg bagus cuma movement yg smooth",bboring gameplay skill set dikit combo swap char open world nanggung bagus movement smooth,Positive,Negative
"Knp gw ga bisa summon char, selalu force close, main game nya bisa, cuman summon dan beberapa fitur lainnya tidak",tidak summon char force close cuman summon fitur tidak,Negative,Negative
"Jelek, ngantuk, kikir lagi 😴",jelek ngantuk kikir,Negative,Negative
Compatibility on my device but why is the screen all black please fix it immediately,compatibility on my device but why is the screen all black please fix immediately,Negative,Negative
Game nya pas login gak bisa padahal di genshin impact bisa padahal udah nunggu lama 😭😭😭,pas login tidak genshin impact tunggu,Negative,Negative
"Overall bagus banget tapi masih banyak bug, sering force closed",overall bagus bug force closed,Negative,Negative
Downloadnya sih 17gb an setelah selesai jadi 19gb hampir 20gb...kurang memuaskan untuk ukuran gamenya seisinya...gacha pun sama seampas2 nya game gacha masih mendingan di Genshin (-_-) Belum ada sehari udah tak hapus gamenya.,downloadnya gb an selesai gb gbkurang muas ukur seisinyagacha ampas gacha mending genshin belum hari tak hapus,Negative,Negative
"Walopun sizenya gede tapi game ini msih terbilang lancar di hp saya. Smoga aja hal sperti ini msih terjaga hingga update2 kedepannya, dan tentu saja adain banyak event bagi player f2p, biar playernya makin betah. Thanks",walopun sizenya gede bilang lancar hp moga jaga update depan ada event player fp biar playernya betah thanks,Negative,Negative
"tolong di fix blackscreenya. hp oppo a96 padahal bisa seting rata kanan dan lancar, tapi sayangnya masih blackscreen, udh instal ulang 3x tapi masih sama aja, tolong secepatnya di fix ya",tolong fix blackscreenya hp oppo ting rata kanan lancar sayang blackscreen instal ulang tolong cepat fix,Negative,Negative
SAMPAH,sampah,Negative,Negative
"Semuanya bagus, cuma kurang optimasi lagi untuk chipset yg rendah",bagus kurang optimasi chipset rendah,Negative,Negative
Di bikin simpel bisa gak sih cokk,bikin simpel tidak cokk,Negative,Negative
"yahh masih layar hitam pas mau masuk, berkali kali malahh, padahal wifi nya lancar aja buat main genshin",layar hitam pas kali malahh wifi lancar genshin,Negative,Negative
Boring,boring,Negative,Negative
Entah kenapa waktu mau ngebuka event atau ngegacha sering force close gitu....,waktu ngebuka event ngegacha force close,Negative,Negative
Menurut ku bansos untuk bener utama nya kurang sih yang banyak nya cuman bener yang umum tolong beri kami bansos untuk bener utama nya,ku bansos utama kurang cuman umum tolong bansos utama,Negative,Negative
"Game nya dh bagus,tapi kekurangan sering force close waktu main nya mohon di perbaiki",dah bagustapi kurang force close waktu baik,Negative,Negative
Rerol terus gak s anjir,rol tidak anjir,Negative,Negative
game nya kurang optimize terutama di town,kurang optimize town,Negative,Negative
"Jangan menyerah tetap semangat, hiraukan orang yg membencimu, tetap bangkit sampai kapanpun terus berusaha",jangan serah semangat hirau benci bangkit usaha,Negative,Negative
TVnya bikin males,tvnya bikin malas,Negative,Negative
"Gamenya bagus tapi posisi tombol logout tolong dipindah, harus masuk ke menu lain untuk pencet tombol log out itu kurang efisien dan agak menggangu karena tombol log out itu tombol yang cukup sering dipakai. Mungkin bisa di pindah di bagian menu bersama menu achievement, gacha, gudang dll.",bagus posisi tombol logout tolong pindah menu pencet tombol log out kurang efisien menggangu tombol log out tombol pakai pindah menu menu achievement gacha gudang dll,Negative,Negative
"Mohon diperbaiki bug nya soalnya rata"" chipset Snapdragon layar hitam sementara pas pake hp yg chipset nya Helio terang benderang",baik bug rata chipset snapdragon layar hitam pas pakai hp chipset hio terang benderang,Negative,Negative
Jujur aja main game ini bikin ngantuk + mau kelahi aja harus cari ini cari itu masuk tv loading kebanyakan loading ... TPI gw suka kelahinya .,jujur bikin ngantuk kelahi cari cari tv loading banyak loading suka kelahi,Negative,Negative
Sering terjadi force close tolong segera di perbaiki,force close tolong baik,Negative,Negative
Betulin map nya dong aslinya gamenya bagus tapi yang bikin tidak bagus adalah mapnya menjadi hitam pekan jadi saya tidak tayada tembok dan ada meja kan jadi bingung,betulin map asli bagus bikin tidak bagus map hitam pekan tidak tayada tembok meja bingung,Negative,Negative
"Game nya bagus sih sebenernya, cuma org org ini aja device jelek terus nyalahin dev nya. Situ mau ngelawak apa gimana nih? Buat lu org yang bilang ""game nya boring lah"", "" Lebih bagusan wuwa lah"" Lebih seru wuwa lah"" heh Ini game beda tema!, jadi sesuaikan tema pembicaraan kalau mau bandingin wuwa sono bandingin sama genshin.",bagus device jelek salah dev situ lawak bilang boring bagus wuwa seru wuwa heh beda tema sesuai tema bicara banding wuwa sono banding genshin,Negative,Negative
tolong di optimalkan lagi utilization nya ini di cpu : 100% gpu : 12%,tolong optimal utilization cpu gpu,Negative,Negative
Why is there a bug? (The graphics seem unstable and the floor disappears when the camera points to the floor and walls too and monsters) I use Snapdragon 888,why is there bug the graphics seem unstable and the floor disappears when the camera points the floor and walls too and monsters use snapdragon,Negative,Negative
game bagus smoot and lancar... saja di device saya... bagi yg mengeluh black screen green screen /screen2 apan itu lah... tolong dilihat dlu spek minim game nya... dan liat dulu spek device anda... kira2 udah suport apa belum untuk memainkan game nya... jangan cuman mengangap hp anda masih punya penyimpanan bnyak.. tp kalo chip set hp anda kurang drii spek minimum ya.. jngan heran jika kurang mulu experince mainya(kalo bisa buat mai)../ bahkan jika game nya tdak bisa di mainin (masuk in game),bagus smoot and lancar device keluh black screen green screen screen apan tolong spek minim spek device suport belum main jangan cuman mengangap hp simpan chip set hp kurang spek minimum jangan heran kurang mulu experince mainyakalo tidak mainin,Negative,Negative
FORCE CLOSE ANDROID 11,force close android,Negative,Negative
Ga jelas harus pakai ini lah itu lah,tidak pakai,Negative,Negative
"Sebenernya gw suka, semua game dr hoyoverse. Tp sayang hp gw dgn snpdrgon 860 udh g bisa main ini game. Krna patah², framenya, trs ngfrze ga nyaman jdinya ya sadar diri. Maen sbntar doang trs g kuat ya udh🙂. Gw selalu support hoyoverse dg game yg mereka kmbangkan mulai dr GI, HSR, trs ZZZ🫰🏻",suka hoyoverse sayang hp snpdrgon tidak patah framenya ngfrze tidak nyaman jdinya sadar sbntar doang tidak kuat support hoyoverse kmbangkan gi hsr,Negative,Negative
"terlalu banyak loading dan black screen yang lama , ini sangat menggangu.",loading black screen menggangu,Negative,Negative
"Sering force close, buka event force close, padahal gameplay nya agak lancar dan koneksi sinyal masih oke, tp kendala sama force close, tolong di perbaiki dan di kasih konpensasi, karena loading ke game itu mendingan agak lama",force close buka event force close gameplay lancar koneksi sinyal oke kendala force close tolong baik kasih konpensasi loading mending,Negative,Negative
"Secara Keseluruhan Udah Bagus hanya optimisasi aja yang kurang, ya okelah baru patch 1.0 tapi kalau keluhan dari saya yang menggunakan chipset Snapdragon 860 yaitu pada saat keluar aplikasi hanya selang beberapa detik aplikasi nya harus ngulang dari awal, jadi harus login lagi dan itu makan waktu cukup lama, begitu juga masalah batre yang kubilang sangat boros untuk penggunaan hp saya yang tergolong besar di 5160mAH dengan menggunakan grafik terendah hanya dalam 10 menit makan batre 7-10 batre.",bagus optimisasi kurang oke patch keluh chipset snapdragon aplikasi selang detik aplikasi ngulang login makan waktu batre bilang boros guna hp golong mah grafik rendah menit makan batre batre,Negative,Negative
"Ini game lawak sebenarnya, storynya lawak semua tapi saya suka anti mainstream beda sama story game yang lain, gameplaynya juga fresh tapi itu tv tv masih ngeselin, kalau karakter gak usah ditanyalah game hoyoverse bagus semua karakternya mantap 👌",lawak storynya lawak suka anti mainstream beda story gameplaynya fresh tv tv kesal karakter tidak tanya hoyoverse bagus karakter mantap,Negative,Negative
Ini game apa cok layar itam udah nunggu lama pula,cok layar itam tunggu,Negative,Negative
Game terjelek mihoyo,jelek mihoyo,Negative,Negative
"Force close terus ini game, padahal pas tutorial lancar"" aja ga frame drop, tolong perbaiki pihak hoyoverse🙏",force close pas tutorial lancar tidak frame drop tolong baik hoyoverse,Negative,Negative
Game aneh pelit bansos,aneh pelit bansos,Negative,Negative
Yang ngeluh ngeluh ini itu hp nya spek nya di cek dulu kalo emang patah patah layar hitam apalah itu berarti hp lu spek nya kentang gak cocok buat maen game berat kalo mau lancar ya beli hp yang spek tinggi satt,ngeluh ngeluh hp spek cek patah patah layar hitam apa hp spek kentang tidak cocok berat lancar beli hp spek tinggi satt,Negative,Negative
game nya bagus tapi kenapa ya sering banget force close. tiap buka banner gacha selalu force close. semoga cepat diperbaiki dan dioptimalkan.,bagus force close buka banner gacha force close moga cepat baik optimal,Negative,Negative
"Untuk ukuran game fastpace saya rasa untuk dapat menikmati kombat yang intensif memerlukan fitur 60fps, namun dalam beberapa device medium yang saya coba sebenernya lancar 60 fps dalam kombatnya namun yang menjadi masalah adalah pada open worldnya yang sangat tidak nyaman hingga menyentuh 10 fps, saya rasa Hoyoverse dapat mempertimbangkan untuk membagi setingan fps agar dipisah antara kombat dan di dunianya, atau mungkin mengambil jalan tengah yakni 45 fps?",ukur fastpace nikmat kombat intensif fitur fps device medium coba lancar fps kombat open worldnya tidak nyaman sentuh fps hoyoverse timbang bagi ting fps pisah kombat dunia ambil jalan tengah fps,Negative,Negative
Semoga awet awet aja ini game,moga awet awet,Positive,Negative
"Backsound terlalu kecil untuk di HP, udah 80 masih tetep kecil, di settingan mudah max smua, pas battle sound sfx gede tpi backsoundnya tetep kecil, harus pake headset kah mainnya?",backsound hp settingan mudah max pas battle sound sfx gede backsoundnya pakai headset kah main,Negative,Negative
B aja bau bau ded game,bau bau ded,Negative,Negative
"The surrounding area goes dark since the beginning of the game, what's happened? It's like the same problem when Genshin impact first launching, please fix it soon as possible",the surrounding area goes dark since the beginning of the whats happened its like the same problem when genshin impact first launching please fix soon as possible,Negative,Negative
"bagus gamenya, tetapi kalian siap siap memori kalian akan cepat habis",bagus memori cepat habis,Negative,Negative
gamenya mayan cuman suka force close padahal ane maen di SD860 semoga segera di fix,lumayan cuman suka force close ane sd moga fix,Negative,Negative
"Cerita bagus, sayang kebanyakan loading untuk buka pintu ke sana sini.",cerita bagus sayang banyak loading buka pintu,Negative,Negative
Gamenya bagus kok lancar bagi yang kena masalah gitu ingat game ini butuh spesifikasi tinggi malah nyalahin gamenya aduh,bagus lancar butuh spesifikasi tinggi salah aduh,Negative,Negative
"Bagus banget gilaak, TPI tolong di bagusin lagi ya masalah frame drop masih lumayan sering framedrop ketika keluar toko",bagus gilaak tolong bagusin frame drop lumayan framedrop toko,Negative,Negative
"Untuk grafis pengaturan sudah di stabilkan ke paling rendah, tetapi masih bermasalah seperti gedung/jalan berwarna gelap. Gimana mau menikmati explore kalau tampilan gelap gulita. Mohon di kasih arahan untuk pengaturan lanjutan",grafis atur stabil rendah masalah gedungjalan warna gelap nikmat explore tampil gelap gulita kasih arah atur lanjut,Negative,Negative
"Game nya bagus, tapi entah kenapa setelah saya instal semua data game yang di perlukan seluruh tekstur map semua nya jadi berwarna hitam sedangkan character nya tidak, apakah ada solusi nya?",bagus instal data perlu tekstur map warna hitam character tidak solusi,Negative,Negative
"Keren si , dari beta gua udah main, yang bilang berat banget, kek nya udah bisa ganti device deh kalo bisa",keren beta gua bilang berat ganti device deh,Negative,Negative
Another episode of storage crisis gacha ARPG!!! Definitely worth it!,another episode of storage crisis gacha arpg definitely worth,Negative,Negative
"19.32GB on Poco F3, full rata kanan! Keren sih efeknya!",gb on poco full rata kanan keren efek,Positive,Negative
Hp kentang tidak direkomendasikan wkwk,hp kentang tidak rekomendasi wkwk,Negative,Negative
Masih ada beberapa bug force close ketika membuka shop dan event ditambah perangkat yang mudah panas,bug force close buka shop event tambah perangkat mudah panas,Negative,Negative
Gila Keren Parah sih NiH Game ❣️,gila keren parah,Negative,Negative
"inget coy mata tutup kanan=dermawan, mata tutup kiri=KIKIR",coy tutup kanandermawan tutup kirikikir,Negative,Negative
"hambar parah ni game, combatnya pun jga ga sebagus itu walau masih diatas genshin, rewardnya jga sama pelitnya kaya genshin pula. sorry, tapi kali ini gw skip.",hambar parah combatnya tidak bagus atas genshin rewardnya pelit genshin sorry skip,Negative,Negative
"terjadinya force close, tambahkan supaya layar bisa zoom in dan zoom out karakter.",force close tambah layar zoom zoom out karakter,Negative,Negative
"Setelah download (17GB) dan memainkannya... Semua sumpah ngebuat gw shokkk!!! Kualitas permainannya... Animasinya yang hiduppp banget, sumpah rasanya kayak lagi nonton ANIME/FILM!! Aksi-aksinya juga bagussss, macam-macam dah! Dari segi storyline juga dah bagus, dialognya juga gak ngebuat bosan kalo dibaca! Tapi sih yaa... Masih ada satu masalah ya itu gamenya kurang optimal. Masih agak patah patah... Apalagi pas rendernya, agak lambat! Tapi overall, dari segi gameplay semuanya dah bagus ❤️❤️!",download gb main sumpah ngebuat shok kualitas main animasi hidup sumpah tonton animefilm aksiaksinya bagus macammacam deh segi storyline deh bagus dialog tidak ngebuat bosan baca kurang optimal patah patah pas rendernya lambat overall segi gameplay deh bagus,Negative,Negative
"Dari keseluruhan games nya sih udah bagus cuma, bisa radak di perbesar gak suaranya, mungkin ini sepele tapi suaranya itu kaya kedengeran nya sangat kecil aja gitu kalo gak pake headset, mungkin itu aja sih, semangat developer ini hanya masukan kecil aja sih jadi 😗",games bagus radak besar tidak suara sepele suara dengar tidak pakai headset semangat developer masuk,Negative,Negative
Game nya sangat bagus gw suka banget tapi ada berbagai masalah yang gw alamain saat main game ini seperti for close setiap buka tap event pasti for close alhasil harus login ulang semoga ini cepat di perbaiki soalnya cape banget setiap buka tab event kemungkinan for close 80% an mau clam hadiah nya pun susah karena setiap buka tap event bisa keseringan for clos semoga diperbaiki nanti saya kasih bintang 5 kalo sudah di perbaiki for close nya,bagus suka alamain for close buka tap event for close alhasil login ulang moga cepat baik capek buka tab event for close an clam hadiah susah buka tap event sering for clos moga baik kasih bintang baik for close,Negative,Negative
Lansung ke intinya yang gak gua suka yaitu terlalu banyak cerita dan panjang jadinya agak males buat baca gua kira game ini kaya gemsin bebas jalan di area kota untuk cari musuh sendiri atau panjat gedung tinggi kaya di gemsin bisa panjat gunung ini mah kaga ini game trlalu fokus di jlan ceritanya jadi agak kurang males buat baca semua jalan cerita,lansung inti tidak gua suka cerita malas baca gua gemsin bebas jalan area kota cari musuh panjat gedung tinggi gemsin panjat gunung mah kagak fokus jlan cerita kurang malas baca jalan cerita,Negative,Negative
"Setelah gw coba, gameplay, combat nya lumayan seru,story juga jangan di tanya,npc, grafis, dll udah bagus, cuma kekurangan nya ada di size nya si yang walaupun awal rilis udah besar. tolong untuk size nya di perkecil, atau untuk kedepan nya tambahin fitur hapus data quest terdahulu gitu.",coba gameplay combat lumayan serustory jangan tanyanpc grafis dll bagus kurang size rilis tolong size kecil depan tambah fitur hapus data quest,Negative,Negative
"17GB gk sesuai ekspektasi, Ku kira udah normal ternyata banyak eror mulai dari black screen sama karakter hitam.... Kalo masalah free pullnya hoax sama kek genshin lo harus nguli dlu",gb tidak sesuai ekspektasi ku normal eror black screen karakter hitam free pullnya hoax genshin lo nguli,Negative,Negative
teruntuk hp kentang di usahakan jangan download ini game! yang bisa menyebabkan koar2 kasih bintang 1 padahal hp eluh nya aja kentang tll.,untuk hp kentang usaha jangan download sebab koar kasih bintang hp eluh kentang tll,Negative,Negative
Kbnykn loading si ini game + berat bener untuk device 8 gen 1 aja msh kurang performa nya ini emg kudu next gen sih pdhl game hack and slash aja,kbnykn loading berat device gen kurang performa kudu next gen hack and slash,Negative,Negative
"17gb gk bisa lompat, puzzle tv 60% battle 20% mondar mandir ke npc 20%, buang-buang kuota aja",gb tidak lompat puzzle tv battle mondar mandir npc buangbuang kuota,Negative,Negative
"buset, sumpah sering bad ngeframe dan force close sendiri kalo lagi ngotak atik manu maupun di cutscene. Gue feeling bukan gegara chipsetnya. 8+ gen 1 masa perform kek begini dahal grafik pake menengah 30 fps. Ini sih kendala gamenya yg banyak bat makan ram. Kedepannya semoga diperbaiki",buset sumpah bad ngeframe force close ngotak atik manu cutscene feeling bukan gegara chipsetnya gen perform dahal grafik pakai tengah fps kendala makan ram depan moga baik,Negative,Negative
"Jelek trik marketing 100x pull boong,size baru awal awal udah gede banget padahal bukan game Open world, battle boring mending kek gensin hsr dan wuwa,untuk kali ini hoyo kurasa bener bener gagal ngebuat game.",jelek trik marketing pull boongsize gede bukan open world battle boring mending gensin hsr wuwauntuk hoyo rasa gagal ngebuat,Negative,Negative
"Bagus sih, tapi banyak buggg... Harus nya gw kasi bintang 3 tapi kasian soal nya game nya bagus :v . banyak item / properti yang ilang atau ga ke render padahal depan mata gw doang, ga jauh. Tapi frame rate nya lancar si ga nge lag. Dah itu doang... Properti sering ilang ilangan",bagus bug kasih bintang kasihan bagus item properti hilang tidak render doang tidak frame rate lancar tidak nge lag deh doang properti hilang ilangan,Negative,Negative
Pas baru masuk layar nya hitam awalnya saya kirain pas awalnya eh pas mau masuk ke dalam quest yg lain sama ajah layar nya tetap hitam semoga bug nya bisa benar,pas layar hitam pas eh pas quest layar hitam moga bug,Negative,Negative
"Yang sabar klw hp kaliam ga kuat, mainin ini game yah, saya doain semoga nnti bisa maen juga",sabar hp kaliam tidak kuat mainin doain moga,Negative,Negative
"Tolong optimisasinya di hpku poco x5 5g 6gb ram sering force close sendiri,lagi uograde character force close lagi gacha force close lagi ngejain misi force close main apa gw bjir",tolong optimisasinya hpku poco tidak gb ram force close sendirilagi uograde character force close gacha force close ngejain misi force close bjir,Negative,Negative
"for a new game, this feels boring",for new this feels boring,Negative,Negative
"Saya suka gamenya, meskipun kesusahan pilih karakter utamanya sih",suka susah pilih karakter utama,Negative,Negative
Overall gameplay smooth dan enak mungkin grafis nya bisa di tingkatkan lagi supaya gambar nya bisa lebih clear.. Gw pake seting rata kanan kek ngerasa gambar nya sedikit buram.. Dan juga ketika gw buka buka shop/gacha sering layar hitam terus close sendiri like wth.. Bro apa ram 12/512 dengan dimensity 8300 ultra belum optimal??,overall gameplay smooth grafis tingkat gambar clear pakai ting rata kanan gambar buram buka buka shopgacha layar hitam close like wth bro ram dimensity ultra belum optimal,Negative,Negative
"Sudah berhasil masuk ke game tapi semua map nya jadi hitam, yg keliatan musuh dong njir lahh",hasil map hitam musuh anjir,Negative,Negative
Terlalu berat buat sekelas game mobile Di Snapdragon 845 sering FC -_-,berat kelas mobile snapdragon fc,Negative,Negative
"Halo ZZZ, saya ingin memberikan keluhan bahwa disaat saya bermain, dunia berubah menjadi hitam. Entah itu Karna sebuah bug atau memang device yang tidak mampu menanggung grafik. Tapi saya memohon agar di update berikutnya, ZZZ akan mencoba memperbaiki hal tersebut. Karna banyak juga orang yang terkena hal tersebut, dan itu akan sangat ber-efek pada kepopuleran game. Karena banyak sekali orang yang sudah hype untuk bermain tapi malah terkena ""dunia hitam"" tersebut. Saya memohon untuk diperbaiki",keluh saat main dunia ubah hitam bug device tidak tanggung grafik mohon update coba baik kena efek populer hype main kena dunia hitam mohon baik,Negative,Negative
"Sangat amat menikmati game nya, semuanya serba baru mau itu fitur, UI, mekanik/pattern battle. Tidak mengecewakan, enjoy sih mainnya. Uniknya untuk menceritakan kisahnya berbentuk komik dan interaksi antar Wise dan Belle yang asik dan ga bisu juga. Bintang 5 lah.",nikmat serba fitur ui mekanikpattern battle tidak kecewa enjoy main unik cerita kisah bentuk komik interaksi wise belle asik tidak bisu bintang,Negative,Negative
"Maaf 🌟 1 karena terlalu pelit 👎👎👎 reward cuma gitu doang, game sebelah baru main udah bisa dpt 3 🌟5 kek mana ini lah katanya mau bersaing, terlalu banyak penyepong Hoyoverse disini harus diakui dibelain sampai mati2an padahal kelihatan game kikir gitu, download game sampai harus nyediakan 100gb penyimpanan kebangetan banget sih ini",maaf pelit reward doang belah saing penyepong hoyoverse aku bain mati kikir download nyediakan gb simpan banget,Negative,Negative
Cukup lancar di hp kentang ku,lancar hp kentang ku,Negative,Negative
Cape ngak ngerti cara mainyaa,capek tidak erti mainyaa,Negative,Negative
Background hitam semua,background hitam,Negative,Negative
Main yg fiturnya begini ngantuk duluan gak cocok buat main game abis balik kerja terlalu terbelit belit,fiturnya ngantuk duluan tidak cocok habis belit belit,Negative,Negative
Masa hp gw for close padahal pakai chipset dimensity 8300 ultra lo,hp for close pakai chipset dimensity ultra lo,Negative,Negative
17 gb gameplay nya begitu ngawur sisa gb nya pada kemana,gb gameplay ngawur sisa gb mana,Negative,Negative
"game RPG dengan mekanisme combat hack & slash dengan style yang cukup unik, menawarkan suasana modern retro & banyaknya fitur seperti Arcade & storytelling yang cukup unik, terlebih lagi aktivitas NPC terlihat lebih hidup & banyaknya custscene membuat game ini lebih menarik jika dibandingkan game hoyoverse pendahulunya, hanya saja plot cerita awal terlihat membosankan & hadiah yg terlalu sedikit untuk game yg baru rilis, dan juga banyaknya fitur membuat game ini agak membingungkan",rpg mekanisme combat hack slash style unik tawar suasana modern retro banyak fitur arcade storytelling unik aktivitas npc hidup banyak custscene tarik banding hoyoverse dahulu plot cerita bosan hadiah rilis banyak fitur bingung,Negative,Negative
Di awal stuck di mengopilasi shader 89.01,stuck mengopilasi shader,Negative,Negative
install d pc kenapa crash yah,install pc crash,Negative,Negative
Game nya keren bisa pake mode malam sampai gak liat apa apa,keren pakai mode malam tidak,Negative,Negative
"Kocak lu mihoyo, 20 gb scene game masih ppt. Game cuma base dungeon gini",kocak mihoyo gb scene ppt base dungeon,Negative,Negative
Nunggu di update hp nya biar bisa main leluasa :) :),tunggu update hp biar leluasa,Negative,Negative
"Yg ngeluh bug sana sini, hp lu klo di bawah spek minumum jgn cocot sana sini, dah tau kentang maksa main, aneh (Fakta)",ngeluh bug hp spek minumum jangan cocot deh tau kentang maksa aneh fakta,Negative,Negative
"Gameplay Tidak hype seperti game"" rpg lain. Mungkin karena terlalu berharap malah jd kecewa gegara begini modenya",gameplay tidak hype rpg harap kecewa gegara mode,Negative,Negative
"Dari segi gameplay-nya bagus,cuma lingkungan di sekitar saya tidak terlihat atau menjadi hitam,karena bug ini saya tidak dapat menyelesaikan misi dengan lancar dan cepat",segi gameplaynya baguscuma lingkung tidak hitamkarena bug tidak selesai misi lancar cepat,Negative,Negative
"Game bagus optimasi terbaik, kalo ga kuat hape mu kentank gausah maksa...",bagus optimasi baik tidak kuat hape mu kentank tidak maksa,Negative,Negative
"cuma game ini yang main sebentar langsung force close, padahal di game hoyoverse lain tidak, saya pakai chipset 778G",sebentar force close hoyoverse tidak pakai chipset tidak,Negative,Negative
Interaksi selanjutnya via DM agar dibantu cek dan privasi,interaksi via dm bantu cek privasi,Negative,Negative
"Nice lah, tampilannya cukup fresh",nice tampil fresh,Negative,Negative
Game ngantuk,ngantuk,Negative,Negative
"Semuanya sudah bagus, tapi selalu yang saya kecewakan terhadap game jaman sekarang itu adalah tidak ada pilihan settingan FPS lebih dari 60 FPS, apalagi game ini optimasinya bagus, highest 60 FPS pun masih ringan, saya harap akan ada set 90-120 FPS",bagus kecewa jaman tidak pilih settingan fps fps optimasinya bagus highest fps ringan harap set fps,Negative,Negative
Bansosnya agak kurang,bansosnya kurang,Negative,Negative
SETIAP MAU GACHA LANGSUNG FORCE CLOSE GAME GAJELAS,gacha force close tidak,Negative,Negative
"ampas bet teka teki tv bikin bosen kebanyakan ngomong sama teka teki batllenya jarang banget kaya bansos pemerintah kirain bagus rupanya ampas wak nyesel juga download 20gb anjir game kureng menurut gw ,gw hapus dulu ya",ampas teka teki tv bikin bosan banyak omong teka teki batllenya jarang bansos perintah bagus ampas wak sesal download gb anjir reng hapus,Negative,Negative
Tolong lah update nya masa 17gb Langsung aku uninstall soalnya terlalu besar kalok cuma 1-3 GB masih bisa.tolong di perkecil,tolong update gb uninstall gb bisatolong kecil,Negative,Negative
Di google pixel 6 pro sering tiba-tiba gamenya crash dan keluar sendiri.,google pixel pro tibatiba crash,Negative,Negative
Mantap dah gak sia-sia 17gb gua😋😁😹,mantap deh tidak siasia gb gua,Negative,Negative
Manaaa tombol keluarnya woyyy,tombol keluar woy,Negative,Negative
Force close mulu padahal device high end,force close mulu device high end,Negative,Negative
"Loading nya lama loading terus, game nya lag patah"" Udah mentok kiri juga, Padahal main HSR sama genshin lancar"" Aja hadeuh",loading loading lag patah mentok kiri hsr genshin lancar aduh,Negative,Negative
gatau,tidak tau,Negative,Negative
Jangan salahin gamenya tapi salahin device kalian ya (⁠｡⁠•̀⁠ᴗ⁠-⁠)⁠✧,jangan salah salah device,Negative,Negative
"Pas ingame mah lancar² aj kaya battle trus gacha dan sebagainya, cuma ya itu mapny HITAM bjir...",pas ingame mah lancar battle gacha mapny hitam bjir,Negative,Negative
Good game keep make next update more fun and more event interesting,good keep pakai next update more fun and more event interesting,Negative,Negative
"Ask the Zenless Zone Zero game admin for help to immediately remove the full black screen bug, which makes the gaming experience less fun.",ask the zenless zone zero admin for help immediately remove the full black screen bug which makes the gaming experience less fun,Negative,Negative
"Lancar si lancar tapi map gua hitam semua cuman bisa lihat character,npc,monster",lancar lancar map gua hitam cuman characternpcmonster,Negative,Negative
"Hp kentang minggir dlu berat kamu engga kuat biar aku aja, Mantap gamenya, effek, ceritanya cocok buat pengangguran",hp kentang minggir berat tidak kuat biar mantap effek cerita cocok anggur,Negative,Negative
"misi banyak tv buat apa bikin pusing saja mending hilangkan,, latar suram, desain karakter jelek",misi tv bikin pusing mending hilang latar suram desain karakter jelek,Negative,Negative
"Download aplikasi 180mb, download datanya 17gb buset dah. Melebihi game mobile lainnya",download aplikasi mbak download data gb buset deh lebih mobile,Negative,Negative
"Rilisny aja tanggal 4,yg download sebelum tnggal 4 ya belum bisa maen lah gimana sih,itu kan cuman pre download heran sama org org indo",rilisny tanggal download tnggal belum sihitu cuman pre download heran indonesia,Negative,Negative
Cape reroll ga dapet2,capek reroll tidak,Negative,Negative
"Nyesel download 17Gb , game ga jelas main story aja ribet",sesal download gb tidak story ribet,Negative,Negative
I'm so excited for this game,im sok excited for this,Negative,Negative
"Yang kasih bintang 1 ngeluh GK bisa login , buka server aja tanggal 4 lah bjir",kasih bintang ngeluh tidak login buka server tanggal bjir,Negative,Negative
"Baru rilis game, dan mencoba nya. Tidak dapat gratis untuk gacha, hanya mendapatkan 7x pull untuk banner baru",rilis coba tidak gratis gacha pull banner,Negative,Negative
"Geleng² kepala aing liatin review bintang satunya awokawokawok, klo hp lu ngk sanggup ngk usah di paksain, ngeluh 17GB gw tau ini gede tapi jangan lebay HSR awal² 16GB ngk ada yg permasalahin beda 1 GB doang padahal hadeh",geleng kepala aing lihat review bintang satu awokawokawok hp tidak sanggup tidak paksa ngeluh gb tau gede jangan lebay hsr gb tidak permasalahin beda gb doang hadeh,Negative,Negative
"Terlalu banyak permintaan, silahkan coba kembali setelah beberapa saat",minta sila coba,Negative,Negative
"W sadar diri hp ku kentang, kalau uang udah ke kumpul bakal ku Upgrade.",sadar hp ku kentang uang kumpul ku upgrade,Negative,Negative
"Buat ku secara gameplay seruu tapi tampilan lihat sekelilingku ngebug jadi gelap semua tulung diperbaiki gak nyaman banget main tapi sekelilingnya gelap cuma ada karakter,musuh,sama kotak kotak doang",ku gameplay seru tampil keliling ngebug gelap tulung baik tidak nyaman keliling gelap karaktermusuhsama kotak kotak doang,Negative,Negative
Ada bug black screen bwang,bug black screen bwang,Negative,Negative
Pas masih tutorial lancar tapi waktu mau gacha karakter langsung kagak bisa masuk in game force close mulu,pas tutorial lancar waktu gacha karakter kagak force close mulu,Negative,Negative
"Masih bisalah gamenya, cukup lancar😁",bisa lancar,Negative,Negative
"Udah bagus, tapi kalau bisa tolong tambahin kustom posisi dan ukuran tombol buat di HP, mekanik tua sering kepleset kalau gak gede :)",bagus tolong tambah kustom posisi ukur tombol hp mekanik tua kepleset tidak gede,Negative,Negative
"Saya bermain di galaxy tab s9 dan saya mengalami force close saat bermain game ini saya tidak mengalami lag sama sekali saya menyayangkan kejadian ini saya harap masalah ini akan diperbaiki, tapi secara keseluruhan game ini cukup seru menampilkan gameplay yg mudah dan menantang, mungkin di masa depan akan saya beri bintang 5 setelah masalah force close ini di selesaikan :)",main galaxy tab alami force close main tidak alami lag sayang jadi harap baik seru tampil gameplay mudah tantang bintang force close selesai,Negative,Negative
"Efek nya bikin pusing kalau main lama lama ,gak betah gw",efek bikin pusing tidak betah,Negative,Negative
"Agak heran pas lagi download game benar benar lama banget loading nya, masalah internet juga bukan karena udah dicek. Nanti bakalan naikin rating kalau isi game nya memuaskan‼️👍",heran pas download loading internet bukan cek naikin rating isi muas,Negative,Negative
17gb buat game mobile doang,gb mobile doang,Negative,Negative
"KENAPA PAS MASUK GAMENYA LAYAR HITAM, SUARA ADA,GAME PAAN INI????,UDAH DOWNLOAD DATA,HABISIN KUOTA LAGI, PAS MASUK GAME UDAH HITAM. TOLONGLAH YANG MEMBUAT GAME SEGERA DIPERBAIKI 🙏",pas layar hitam suara adagame paan iniudah download datahabisin kuota pas hitam tolong baik,Negative,Negative
"Pas dimainin semua objek kecuali Character full hitam, jadi saat saya memeainkan game nya yg terlihat hanya Character nya saja tidak dengan objek sekitaran nya. Mohon Developer tanggapan nya soal masalah ini. 😊🙏🏼",pas dimainin objek kecuali character full hitam memeainkan character tidak objek sekitar developer tanggap,Negative,Negative
Tolong developer aplikasi nya sering keluar sendiri Baru main 3 menitan udah keluar Login lagi kayak gitu lagi,tolong developer aplikasi menit login,Negative,Negative
"Okelah buat spek HP menengah (sd732g) masih bisa lancar setidaknya gak ngelag ngelag amat gak kayak wuwa sama TOF yang ngelagnya gak bisa gw maklumi,cuman storynya doang gw gak bisa nangkep isi ceritanya",oke spek hp tengah lancar tidak ngelag ngelag tidak wuwa tof ngelagnya tidak maklumicuman storynya doang tidak nangkep isi cerita,Negative,Negative
another game boring :(,another boring,Negative,Negative
Apalah,apa,Negative,Negative
Kenapa butuh verifikasi untuk menghapus akun dan dari tadi kode verifikasinya tidak terkirim,butuh verifikasi hapus akun kode verifikasi tidak kirim,Negative,Negative
"Njir coek, ga cocok gw mainnya, mana kikir lagi",anjir coek tidak cocok main kikir,Negative,Negative
"FC terus padahal grafik udah terendah, proccesor juga gak kentang kentang amat",fc grafik rendah proccesor tidak kentang kentang,Negative,Negative
"Baru juga main udah bug, map hitam semua ga keliatan apa apa, tolong di fix secepatnya",bug map hitam tidak tolong fix cepat,Negative,Negative
Suka ngefrezze trus ujungya force close sendiri.,suka ngefrezze ujungya force close,Negative,Negative
Tidak sesuai ekspetasi.,tidak sesuai ekspetasi,Negative,Negative
Bagus jir wkwkwk serius dh hoyoverse tu ibaratkan ufotable nya dunia game,bagus jir wkwkwk serius dah hoyoverse ufotable dunia,Negative,Negative
"Rendering map hitam semua, apa itu bug?",rendering map hitam bug,Negative,Negative
"saat didalam game, hanya menampilkan char dan musuh, saat digerakkan lancar"" saja kok, tapi kenapa map nya hitam? scene juga lancar, ruang penyimpanan oke, kenapa masi black screen",dalam tampil char musuh gerak lancar map hitam scene lancar ruang simpan oke black screen,Negative,Negative
Saya sebenarnya ingin memberi 5 bintang tapi saya belum bisa memberi karena ada suatu bug yang membuat enviroment menjadi hitam pekat dan karena itu saya tidak bisa memainkannya dengan nyaman.bisa kah saya memperbaikinya bug atau error' ini? Tolong dev fix bug ini,bintang belum bug enviroment hitam pekat tidak main nyamanbisa kah baik bug error tolong dev fix bug,Negative,Negative
"Kurang optimal ,Sering close app sendiri ketika main di spek Snapdragon 855+ , bikin ga betah main",kurang optimal close app spek snapdragon bikin tidak betah,Negative,Negative
Game apa ini gk jauh beda sm HI mending HI diupgrade aja jd game baru pake engine baru,tidak beda hi mending hi diupgrade pakai engine,Negative,Negative
Akhirnya yg di tunggu² hehe,tunggu hehe,Negative,Negative
"Awal rilis udh hampir 20gb kecewa berat game open word aja blom nyampe segitu ,wajar si game mihoyo sodaranya jga bengkak smua , tapi geme ya bagus si",rilis gb kecewa berat open word belum segitu wajar mihoyo sodaranya bengkak geme bagus,Negative,Negative
"calon game kikir ni mana katanya dpt 80 free pull ah elah lu boong aja sama kaya game sebelah si kikir impac nya beda sama HSR, di kasih cuma 20 pull standar bjrr dsar game pelit",calon kikir free pull ah elah bohong belah kikir impac beda hsr kasih pull standar bjrr dasar pelit,Negative,Negative
Sejauh ini fine fine aja sih ane pakai device infinix gt 10 pro set graphics smooth/med 60 fps enak parah,fine fine ane pakai device infinix pro set graphics smoothmed fps parah,Negative,Negative
"Maaf, tapi sepertinya saya tidak ini masalah dari server atau dari device saya. Ketika saya mulai bermain sering sekali terjadi Force close aplikasi. Padahal tidak ada kendala seperti saat saya bermain Wuthering wave ataupun genshin, walau sering terjadi lag dan nge frame tapi tidak langsung Force close. Saat battle masih bisa dimainkan dengan mulus hanya saat berada di six Street saja game nya mulai terjadi lag terus langsung Force close. Mohon bisa diperbaiki🙏",maaf tidak server device main force close aplikasi tidak kendala main wuthering wave genshin lag nge frame tidak force close battle main mulus six street lag force close baik,Negative,Negative
"Pre register katanya dapet 180x pull gratis. Udah pre register, eh malah zong, gk dapet bonus 180x pull... Pendusta -_-",pre register pull gratis pre register eh zong tidak bonus pull dusta,Negative,Negative
Ceritanya ada yang dijadiin kek komik gitu cuy lucuuu. Gameplaynya juga seru banget! Vibes ZZZ tuh kek persona 4 banget sih menurutku. POKOKNYA SUKA BANGET!!!! Ga nyesel nungguin ni game sejak awal beta,cerita jadi komik cuy lucu gameplaynya seru vibes tuh persona turut pokok suka tidak sesal tunggu beta,Negative,Negative
Jelek,jelek,Negative,Negative
"Yatuhan, gk kuat 64gb buat nampung 15gb lagi, padahal mau Ellen😭",yatuhan tidak kuat gb nampung gb ellen,Negative,Negative
"Siapa sangka game nya ringan cooyyyy, gw kira bakal semengerikan ky hi3 sama genshin gak juga ternyata",sangka ringan cooy keri kaya hi genshin tidak,Negative,Negative
Setelah sekian lama nunggu akhirnya rilis juga,sekian tunggu rilis,Positive,Negative
Story yang fresh gak plek ketiplek😁,story fresh tidak plek ketiplek,Negative,Negative
Gw milih karakter laki kenapa disuruh make yang cewek udahan cutscene awalnya lama bangat.,pilih karakter laki suruh pakai cewek udahan cutscene,Negative,Negative
"terlalu ribet menurut aku. Jauh berbeda sama Honkai dan Genshin. Ide nya cukup menarik sebenernya, tapi tidak sesuai dengan ya g diharapkan. Promotion yg oke tapi kurang memenuhi ekspektasi pemain yang menunggu. Interface game terlalu full and too colorful menurutku. Mungkin bisa d perbaiki dan dibenahi selagi masih awal release",ribet beda honkai genshin ide tarik tidak sesuai tidak harap promotion oke kurang penuh ekspektasi main tunggu interface full and too colorful turut baik benah selagi release,Negative,Negative
"Tidak jadi rating bintang 1 karna saya melihat Karakter Bannernya Sangat cantik sekali Ellen Joe😩😩😩😩 , Hebat HoYoverse untuk desain si Ellen ini",tidak rating bintang karakter bannernya cantik ellen joe hebat hoyoverse desain ellen,Negative,Negative
"yea seperti biasa hoyo buat game yg bagus lagi ya dengan spek yg bisa dibilang tinggi untuk device yg ga memungkinkan, gw jg masih bersyukur krna msih bisa main walau rata rendah😃, yaa boom lagi ni game kyak game hoyo lainnya grafis sm story mantep dah kayak biasa ada ae idenya dah, kalo bisa lebih di optimalisasi lagi deh nih zzz soalnya dari rating bnyk yg black screen gitu, mungkin untuk game nya bisa lebih di ringanin dan mungkin ya ada kompresan untuk datanya(di gua 19,7GB). Yeaa congrats",yea hoyo bagus spek bilang tinggi device tidak syukur rata rendah boom hoyo grafis story mantap deh ide deh optimalisasi deh rating black screen ringanin kompres datanyadi gua gb yeaa congrats,Positive,Negative
"Game ini aman di saya sampai beres opening story awal, game nya bisa di mainkan hanya saja map nya full gelap seperti gak ada ada ada hanya hitam saja padahal di cutscene map nya jelas ada. Untuk 17gb bug seperti ini sangat meresahkan.",aman beres opening story main map full gelap tidak hitam cutscene map gb bug resah,Negative,Negative
"Kebanyakan loading, ini mah nonton loading bukan main game",banyak loading mah tonton loading bukan,Negative,Negative
"Most of the time that i spent in this game is in loading times. The puzle is clanky, the gacha system is mid This game is so much out of my expactation",most of the time that spent this is loading times the puzle is clanky the gacha system is mid this is sok much out of my expactation,Negative,Negative
"udh bagus cuma di hp saya ada bug backgroundnya semua hitam kecuali karakter,npc sama uinya. tolong harap di perbaiki bugnya",bagus hp bug backgroundnya hitam kecuali karakternpc uinya tolong harap baik bugnya,Negative,Negative
"jangan jadi game pelit yah!! buat kalian yg ngeluh, salahin hp kalian, bukan salahin game nya😹😹😹😹",jangan pelit ngeluh salah hp bukan salah,Negative,Negative
"Lancar jaya!!! Berjalan mulus di ponsel spek kentang ane, Samsung Galaxy M14 5G. Dengan catatan harus pake extend RAM (6+6GB) biar nggak mepet².",lancar jaya jalan mulus ponsel spek kentang ane samsung galaxy tidak catat pakai extend ram gb biar tidak mepet,Negative,Negative
"Game rpg terbaik, hp chipset d920 lancar banget walau harus 30fps bukan 60fps. Combat nya juga seru ada sistem parrynya juga. Kalo size ga masalah 20gb, 50gb pun tetep gw download🗿👍",rpg baik hp chipset lancar fps bukan fps combat seru sistem parrynya size tidak gb gb download,Negative,Negative
"aku sudah mainin, dan grafik high tp knp burem ya?",mainin grafik high buram,Negative,Negative
Tolong warna huruf atau tulisan nya jangan redup gtu dong susah liat nya tolong di fix,tolong warna huruf tulis jangan redup susah tolong fix,Negative,Negative
"Untuk pengalaman saya 1 jam bermain sudah cukup bagus ,tidak bug untuk sementara saya coba bermain grafik tertinggi dengan 60 fps sangat memadai, yang saya paling suka adalah cara bertempur yang sangat bervariasi tinggal menyesuaikan diri kita mau combo seperti apa, semuanya sudah sangat bagus lebih tinggi dari ekspektasi saya untuk suatu game yang baru rilis.",alam jam main bagus tidak bug coba main grafik tinggi fps pada suka tempur variasi tinggal sesuai combo bagus tinggi ekspektasi rilis,Negative,Negative
Pertama kali download tidak crash setelah itu saya off dan pas mau main lg malah sering crash terjadi itu aja sih masalahnya semoga segera di fix.,download tidak crash off pas crash moga fix,Negative,Negative
"Layar nya hitam semua jier,apa hp gua ga support giti ya yakali",layar hitam jierapa hp gua tidak support yakali,Negative,Negative
bug tampilan di one plus 5,bug tampil one plus,Negative,Negative
"Banyak bug, terutama bagian open world kotanya, Hitam total, tolong diperbaiki",bug open world kota hitam total tolong baik,Negative,Negative
"Mantab, mulus lancar gada kendala beda sama gim sebelah yg ngakunya raja optimasi tapi nyatanya raja bug",mantab mulus lancar tidak kendala beda gim belah ngakunya raja optimasi raja bug,Negative,Negative
"buat yg bilang ada black screen, perhatiin lagi pake device apaan kalian, gw snapdragon 7 gk ada kata black screen pas login ataupun dalem ingame...",bilang black screen perhati pakai device snapdragon tidak black screen pas login dalem ingame,Negative,Negative
Anjay mantap rekk gak nge frame kek wuwa sama hi3🤩🤩,anjay mantap rekk tidak nge frame wuwa hi,Negative,Negative
Masih lama bukanya,buka,Negative,Negative
"Ini bukan game open world yah, ini game RPG mirip mirip kek punishing gray raven , saya liat banyak yg komen kok gabisa jalan jalan / explorasi ? Dungu itu yg komen begitu, Saya saya ga mainin gamenya tapi saya kasih 🌟🌟🌟🌟🌟 karena ini HOYOVERSE",bukan open world rpg punishing gray raven komen tidak jalan jalan explorasi dungu komen tidak mainin kasih hoyoverse,Negative,Negative
"ternyata game tidak seberat yg diperkirakan. dengan rekomendasi grafik, zzz di poco f4 berjalan smooth",tidak berat rekomendasi grafik poco jalan smooth,Negative,Negative
"combat ok tapi sering banget force close, gatau kenapa padahal pas combat aman"" aja pas mau explore ui/evnt malah sering fc",combat ok force close tidak tau pas combat aman pas explore uievnt fc,Negative,Negative
"Gamenya lumayan bagus lah, Gameplay Seru,Art Stylenya gk terlalu suka,desain karakter juga jelek menurutku,post apocalyptic nya kurang kelihatan karna penggunaan warna yg cerah,untuk world building nya saya suka,dunianya juga gk kelihatan sepi,ada npc yg lalu lalang,dll. Untung yg hollow world juga bagus,musuh lumayan susah dan menantang untuk dilawan.Sekarang masalah dialog,ya dialognya berbelit-belit dan kurang ekspresif antar karakter,tapi untungnya ada tombol skip. Puzzle nya jelek. Sekian.",lumayan bagus gameplay seruart stylenya tidak sukadesain karakter jelek menurutkupost apocalyptic kurang guna warna cerahuntuk world building sukadunianya tidak sepiada npc lalangdll untung hollow world bagusmusuh lumayan susah tantang dilawansekarang dialogya dialog berbelitbelit kurang ekspresif karaktertapi untung tombol skip puzzle jelek sekian,Negative,Negative
full hitam ges awoakwok,full hitam ges awoakwok,Negative,Negative
"Pengalaman bermain sangat lancar, hp juga tidak panas setelah bermain selama 2jam. Bagi kalian yg merasakan black screen atau FC mungkin hp kalian tidak mampu menjalankan game ini. Hp saya memiliki ram 12 GB dengan processor dimensity 1100 lancar.",alam main lancar hp tidak panas main jam rasa black screen fc hp tidak jalan hp milik ram gb processor dimensity lancar,Negative,Negative
"Saya sudah lama menanti game ini, tapi kenapa ketika saya bermain layar game saya berwarna hitam? 😭, saya sudah mengunduh semua data dan tetap berwarna hitam",main layar warna hitam unduh data warna hitam,Negative,Negative
Download demi elen joe 😋,download elen joe,Negative,Negative
"Untuk gameplay sudah bagus, namun masih ada bug yaitu saat setingan tertinggi/pun rendah terlihat seperti ada berkabut. Saat ingin menyelesaikan quest, di dalamnya terlalu banyak rute yg membuat cepat pusing, belum lagi rute untuk mengalahkan monster juga banyak, sebagai player baru akan sangat amat menjengkelkan dan membosankan karena harus bulak-balik di rutenya dan yang sangat di sayangkan reward nya biasa aja karena tidak sesuai dengan rute yg di selesaikan. Terima kasih.",gameplay bagus bug ting tinggi rendah kabut selesai quest dalam rute cepat pusing belum rute kalah monster player jengkel bosan bulakbalik rute sayang reward tidak sesuai rute selesai terima kasih,Negative,Negative
"Saya sakit mata saat melihat gameplay nya dipenuhi tv tv yang menyala berkedip kedip, juga gameplaynya membosankan",sakit gameplay penuh tv tv nyala kedip kedip gameplaynya bosan,Negative,Negative
"Mantaaapp , walaupun masih belum sepenuhnya optimal , tapi hp gw bisa main lancar , game MIHOYO tidak perlu di ragukan lagi👍",mantap belum sepenuh optimal hp lancar mihoyo tidak ragu,Negative,Negative
Bagi yg bilang game nya berat karna 17gb update Percaya lah gw maen pake hp adek gw SnD 695 bisa tanpa legger di fps 30,bilang berat gb update percaya pakai hp adek snd tanpa legger fps,Negative,Negative
"mungkin anda bisa memperbaiki game ini untuk semua player yang device nya rendah , karena kami mengalami full layar hitam dan kami mohon untuk mengoptimalkan nya secepatnya",baik player device rendah alami full layar hitam optimal cepat,Negative,Negative
lowest preset 60 fps with anti aliasing turned on cant maintain stable 60 fps on snapdragon 778g please optimize it otherwise games good so far,lowest preset fps with anti aliasing turned on cant maintain stable fps on snapdragon tidak please optimize otherwise games good sok far,Negative,Negative
"Baru masuk bingung layarnya hitam, awalnya mikir itu emang sebentar doang, ternyata bug",bingung layar hitam mikir sebentar doang bug,Negative,Negative
"Tolong tambahkan update settingan fps dari yang terkecil 24 fps, sampai yang terbesar 60 fps, serta kualitas dari grafik lebih di optimalkan settingannya lagi ya......",tolong tambah update settingan fps kecil fps besar fps kualitas grafik optimal settingannya,Negative,Negative
Force close Mulu kak udah 5x,force close mulu kak,Negative,Negative
GAME BOSOK.... YAKALI DI STAGE MALAH NYANGKUT GA BENER SAMSEK. MANA BANSOSNYA?,bosok yakali stage nyangkut tidak samsek bansosnya,Negative,Negative
Gk bisa dimainkan karna ruangan gk cukup Ruangannya yang terpaki untuk gemnya sendri memakan 17 g baru bisa main,tidak main ruang tidak ruang terpaki gemnya makan tidak,Negative,Negative
Belum kebuka fitur gacha nya semoga dapet zero11,belum buka fitur gacha moga zero,Negative,Negative
Woi bikin game ngotak lah baru awal rilis size udah 17gb penyimpanan hp gw ga kuat tolol,woi bikin ngotak rilis size gb simpan hp tidak kuat tolol,Negative,Negative
Kenapa Terjadi Black Screen? Tolong Segera,black screen tolong,Negative,Negative
"Pewarnaan game sangat berlebihan membuat pusing dan mual, belum melewati tahap tutorial saya sudah muntah muntah",warna pusing mual belum lewat tahap tutorial muntah muntah,Negative,Negative
semoga ga kikir cik kek gem sebelah 😹😹,moga tidak kikir cik gem belah,Negative,Negative
"bintang 3 dulu, soalnya msih ada bug, latar jdi item semua🙏",bintang bug latar item,Negative,Negative
Gameplay baik hanya saja selain karakter dan langit semua menjadi hitam,gameplay karakter langit hitam,Negative,Negative
Ini kenapa ya pas saya main masuk battle interiornya item semua ya,pas battle interior item,Negative,Negative
apa apaan main genshin rata kanan bisa ni hp main wuwa apalagi bisa (yang make unreal engine 4 itu) ini main di lobby aja ngelag. pas mau masuk malah force close. optimalin yg bener dong w abisin kuota w 6gb an buat download ujung ujungnya ga bisa main kecewa w,genshin rata kanan hp wuwa pakai unreal engine lobby ngelag pas force close optimalin abisin kuota gb an download ujung ujung tidak kecewa,Negative,Negative
"sementara segini dlu, gatau hp saya atau gameny tapi tadi saya tiba² keluar padahal udah saya setting grafiknya",gin tidak tau hp gameny setting grafik,Negative,Negative
"Size game nya terlalu gede untuk game yg baru rilis...seharus nya diberi pilihan didalam game "" download semua grafik atau tidak"".....ke warkop malem-malem nunggu sepi biar kenceng donlod nya",size gede rilisseharus pilih dalam download grafik tidakke warung kopi malemmalem tunggu sepi biar kencang donlod,Negative,Negative
Menyala mamang da weiiii🔥🔥🔥 The man The myth The legend,nyala mamang wei the man the myth the legend,Negative,Negative
No direct 10 LIMITED ticket free reward?? I think this is a BIG mistake consider nowadays there are many same typical games already like ZZZ which has Its player base also & it is hard to gain players to play this game just depend on the graphic aspect only. GENEROUSITY is needed when launching a new game to attract more player just like what HOK & Wuwa did. At this rate you will LOSE your player easly because of this masochist decision + the big game size. thats why this game loosing ITS hype.,no direct limited ticket free reward think this is big mistake consider nowadays there are many same typical games already like which has its player base also is hard gain players play this just depend on the graphic aspect only generousity is needed when launching new attract more player just like what hok wuwa did at this rate you will lose your player easly because of this masochist decision the big size thats why this loosing its hype,Negative,Negative
Ini bintangnya mentok 5 doang?,bintang mentok doang,Negative,Negative
"Tolong,benarkan loading screennya,aku stuck di layar hitam tidak bisa masuk gamenya dan tidak bisa login.",tolongbenarkan loading screennyaaku stuck layar hitam tidak tidak login,Negative,Negative
"Bug download ngulang terus 3x padahal udah kelar 100%, storage juga aman jaringan aman juga",bug download ngulang kelar storage aman jaring aman,Positive,Negative
"Hello developer, I have a message please fix the black screen problem at the start of entering the game it really annoys me because it can't pre download I have tried restarting my device and still the black screen. I have also tried downloading the game many times and there is still a black screen, please fix it",developer have message please fix the black screen problem at the start of entering the really annoys me because cant pre download have tried restarting my device and still the black screen have also tried downloading the many times and there is still black screen please fix,Negative,Negative
Hp gw sampe nge crash layar full hitam nya nge lag-nge lag lagi,hp nge crash layar full hitam nge lagnge lag,Negative,Negative
Buset gw kira game ringan ternyata 17 gb coy,buset ringan gb coy,Negative,Negative
"Gak bisa masu, sering for close",tidak masu for close,Negative,Negative
Kenapa ZZZ berat sekali untuk di instal ? Kok game sekelas honkai copy mesti banyak makan ruang memori ? Ruang penyimpanan udah 20gb kosong dan masih tetap tidak bisa di instal ?!,berat instal kelas honkai copy mesti makan ruang memori ruang simpan gb kosong tidak instal,Negative,Negative
"masih ngebug ga bisa dimainkan gamenya udah download data banyak, loadingnya lama banget",ngebug tidak main download data loadingnya,Negative,Negative
yang namanya bikinan mihoyo ga perlu diragukan lagi kualitasnya.... mantafff,nama bikin mihoyo tidak ragu kualitas mantaf,Negative,Negative
Mata nya yg kiri nih masalahnya,kiri,Negative,Negative
"Gamenya sih bagus dan grafik juga lumayan tapi Sering Nemu bug pas awal masuk tiba"" keluar"" sendiri dan tdk bisa masuk dlm gamenya tolong sedikit diperbaiki bugnya 🙏",bagus grafik lumayan nemu bug pas tidak tolong baik bugnya,Negative,Negative
Semoga bansosnya lancar😁,moga bansosnya lancar,Negative,Negative
cek ombak,cek ombak,Negative,Negative
Sizenya gede sangat! Tolong kurangi size gamenya dear dev.🙏 Banyak player skip game gara2 sizenya terlalu besar,sizenya gede tolong kurang size dear dev player skip gara sizenya,Negative,Negative
Kebanyakan loading dan ujung2nya gak bisa masuk game juga.,banyak loading ujung tidak,Negative,Negative
Geme nya tidak bisa dimainin,geme tidak dimainin,Negative,Negative
"Game nya bagus kok tapi ada yang kurang layar awal nya tolong diperbaiki yah soal nya kemarin aku pas masuk tiba tiba lag aku matiin hp nya tiba tiba gak bisa nyala hp nya pas dinyalain cuman ada cahaya hp ane tolong diperbaiki yaahhh, tapi bagus kok game nya aku kasih 5 bintang 👌,,eehhh tapi sekarang aku gak bisa masuk pas loading tiba2 keluar,,😭😭😭😭kok aneh gw gak bisa main game di hp ku ngebag,,,, tolong diperbaiki pls yaahh 😭😭😭.",bagus kurang layar tolong baik kemarin pas lag matiin hp tidak nyala hp pas dinyalain cuman cahaya hp ane tolong baik bagus kasih bintang eeh tidak pas loading keluarkok aneh tidak hp ku ngebag tolong baik pls,Negative,Negative
Gw dapet praregis tapi di tanggal 2,praregis tanggal,Negative,Negative
"udah download data, tinggal memuat konfigurasi data tapi tiba tiba ngefreeze habis itu force close udah di paksain Masi kek gitu bug atau gimana ya🥺🙏",download data tinggal muat konfigurasi data ngefreeze habis force close paksa bug,Negative,Negative
Gue pas masuk ke game semua layar nya hitam mana udah donload berjam jam,pas layar hitam donload jam jam,Negative,Negative
gak bisa main jir harus nunggu besok,tidak jir tunggu besok,Negative,Negative
Yg di tunggu,tunggu,Negative,Negative
Tidak bisa dimainkan,tidak main,Negative,Negative
"Kepada developer Cognosphere saya kecewa awal rilis game ini sudah berat sekali , saya main pubg yang lumayan berat aja biasa aja ketika pindah ke game ini kaget soalnya butuh 17GB saya cari tahu dan kalau nggak 8GB/20GB FULL semua datanya Cell phone storage must be full :) RIP🤓💀😵❕🪦",developer cognosphere kecewa rilis berat pubg lumayan berat pindah kaget butuh gb cari tidak gbgb full data cell phone storage must be full rip,Negative,Negative
"Maaf untuk dev dan Hoyoverse, saya tidak bisa menilai lebih lanjut dikarenakan data base yang cukup besar, kemungkinan jikalau saya meng-upgrade device saya saat ini barulah bisa saya merasakan sensasi bermain game RPG yang satu ini, jujur menarik, tetapi saya tidak dapat menikmati game ini secara langsung, terimakasih",maaf dev hoyoverse tidak nilai data base mengupgrade device baru rasa sensasi main rpg jujur tarik tidak nikmat terimakasih,Negative,Negative
"Mari kita coba dlu game nya , muda2han cocok game nya sama saya.",mari coba mudah cocok,Negative,Negative
Kalo gak kikir gua tambah bintang,tidak kikir gua bintang,Negative,Negative
"Berdasarkan beta tester di youtube game sudah bagus, namun agak disayangkan UI yg cartonist membuat agak sedikit pusing dalam memainkan gamenya karena tidak cocok dengan kesan Hack n slash dalam waktu singkat. Saya harap developer dapat memikirkan kembali Hal tersebut dan terimakasih.",dasar beta tester youtube bagus sayang ui cartonist pusing main tidak cocok kesan hack slash waktu singkat harap developer pikir terimakasih,Negative,Negative
"Game rusak,aku login tiba"" keluar sendiri udah aku hapus lalu instal lagi tetep aja",rusakaku login hapus instal,Negative,Negative
Bismillahirohmanirrohim. Saya terima nikah dan kawinnya Ellen Joe Binti Hoyoverse dengan Mas Kawin 10 Encrypted Tape tersebut dibayar tunai. SAHHHHHHHHHH🥰,bismillahirohmanirrohim terima nikah kawin ellen joe binti hoyoverse mas kawin encrypted tape bayar tunai sah,Negative,Negative
Bang game nya berat bang,abang berat abang,Negative,Negative
"Lah game ngecheat auto download,woi gajelas amat",ngecheat auto downloadwoi tidak,Negative,Negative
Apa apaan ini game gambar nya item aja kg jelas,gambar item kg,Negative,Negative
"Pulang kerja, buka hp, menu ""game"", ada ZZZ udah ke-install (auto install) 😅. Malemnya langsung download jaringan XL (17GB) 😯 (lebih gede dari Genshin, Star Rail, PUBG) 😆. Download lancar tanpa kendala (cuma agak lama). Ditunggu open servernya, terima kasih 👍",pulang buka hp menu keinstall auto install malemnya download jaring xl gb gede genshin star rail pubg download lancar tanpa kendala tunggu open servernya terima kasih,Negative,Negative
Belm bisa di mainin yaa,belm mainin,Negative,Negative
Sedang menunggu,tunggu,Negative,Negative
Plis developer tolong segera rilis could nya kasihani yang penyimpanan nya sempit dan biar anda dapat cuan lebih🤣,plis developer tolong rilis could kasihan simpan sempit biar cuan,Negative,Negative
Game nya berat,berat,Negative,Negative
Game sampah udh coba berapa kali ngak bisa main malah keluar pas masuk game nya kan udh masukin email sama password malah ngak bisa saya coba login ulang malah keluar sendiri dasar game sampah kalo ngak niat buat android gausah buat padahal saya sudah pengen banget main zzz ini semenjak aci gamespot main!!!,sampah coba tidak pas pasuk email password tidak coba login ulang dasar sampah tidak niat android tidak pengin semenjak aci gamespot,Negative,Negative
"Belum dibuka servernya. Mungkin untuk Dev. Hoyo akan lebih bagus jika diadakan BANSOS Dan semoga berjalan lancar, tidak ada banyak BUG dalam game ZZZ ini.",belum buka servernya dev hoyo bagus ada bansos moga jalan lancar tidak bug,Negative,Negative
"Went i open the app, the screen are black i only can hear the music",went open the app the screen are black only can hear the music,Negative,Negative
tolong saat mengoptimalkan shaaderr sering fc,tolong optimal shaaderr fc,Negative,Negative
Tidak bisa dibuka sama sekali,tidak buka,Negative,Negative
"Namanya juga pake unreal engine jadi kayaknya berat bgt kaya awal awal wuwa rilis, tapi kayaknya bagus si banyak yang bisa di eksplor walau sekarang belum kumainin wkwkw",nama pakai unreal engine kayak berat wuwa rilis kayak bagus eksplor belum kumainin wkwkw,Negative,Negative
"Waktu pre register auto download , setelah download apk, ruang data yg harus di butuhkan 19GB . Selamat mencoba game baru ini",waktu pre register auto download download apk ruang data butuh gb selamat coba,Negative,Negative
"Game apasih gw mau masuk gamenya malah keluar, gimana sih mending gw download black clover",apasih mending download black clover,Negative,Negative
Terima kasih telah menemani sampai hp ku sudah tidak kuat lagi dan sekarang hp ku sudah penuh memori ku dengan geme mu semua hoyovers,terima kasih tani hp ku tidak kuat hp ku penuh memori ku geme mu hoyovers,Negative,Negative
I cant download in gama v: way? Is 0 b/s But i can update hsr,cant download gama way is but can update hsr,Negative,Negative
Gk bisa masuk dalam game kenapa ya kak udh download full datanya,tidak kak download full data,Negative,Negative
Wah ternyata Michelle sempat minta cerai dari Obama di ujung jalan Agnes Monica di la liga Spanyol liga dunia internasional liga Italia MLS,michelle cerai obama ujung jalan agnes monica liga spanyol liga dunia internasional liga italia mls,Negative,Negative
"Baru instal, bisa log in tapi beberapa kali stuck di halaman awal doang ngeliatin tv nya, udah bolak balik 5 kali akhirnya bisa mulai download data, mohon untuk di perbaiki kedepannya masalah sepele seperti ini membuat player jengkel tks.",instal log stuck halaman doang lihat tv bolak download data baik depan sepele player jengkel tks,Negative,Negative
Game stuk tidak bisa di mainkan,stuk tidak main,Negative,Negative
Tidak bisa dibuka keluar sendiri 😠 sudah menyerap kuota 500mb😠,tidak buka serap kuota mbak,Negative,Negative
"Lah kemarin pas download ga porclose sekarang pas udh beres donwload porclose teruss,,,anehh",kemarin pas download tidak porclose pas beres donwload porclose terussanehh,Negative,Negative
Mudah mudahan jadi game baikk!!!!,mudah mudah,Negative,Negative
Semoga kuat di hp rtx 3050,moga kuat hp rtx,Negative,Negative
"masih download 70% liat rating org banyak yg kena black screen. untung gw kaga😂 dari pengalaman gw kena black screen, ada 2kemungkinan. 1 device terlalu pas-pasan. atau 2 disuruh install ulang aplikasinya. kalo yg protes ""gamenya berat"". mikir lah tod. visualnya lebih padat dari genshin, gameplaynya lebih aktif dari hsr. wajarlah size-nya besar. gw kasi tau nih. game mihoyo (GI, HI3, HSR,dll) sebenarnya game PC yg dipaksain bisa maen di hp.",download rating black screen untung kagak alam black screen device paspasan suruh install ulang aplikasi protes berat mikir tod visual padat genshin gameplaynya aktif hsr wajar sizenya kasih tau mihoyo gi hi hsrdll pc dipaksain hp,Negative,Negative
"Donwload data 17gb dan compile shaders ✅ ,tetapi saat mau enter in game selalu force close setelah menyentuh 79% ke atas, aku curiga ini gara gara memory leak nya ke gedean",donwload data gb compile shaders enter force close sentuh curiga gara gara memory leak gede,Negative,Negative
At least masih bisa terpasang dan update... Tapi liat nanti in game... Memungkinkan ngga buat lanjutin hehe,at least pasang update tidak lanjut hehe,Negative,Negative
"Sizenya gede banget, segede susu nichole😋",sizenya gede gede susu nichole,Negative,Negative
Saya sedikit kendala mau masuk bentar eh tiba-tiba keluar tolong perbarui saya di hp oppo,kendala bentar eh tibatiba tolong baru hp oppo,Negative,Negative
Game apa coba jelek bet,coba jelek,Negative,Negative
Maaf knp gak bisa di mainkan ya?,maaf tidak main,Negative,Negative
"Calon game kikir. Hoyo gacha ampas, size 20Gb ga worth it. Minimal gw maen sekali seumur hidup. Lalu unistall, ga harap banyak f2p..",calon kikir hoyo gacha ampas size gb tidak worth minimal umur hidup unistall tidak harap fp,Negative,Negative
Semoga ntar ping in game nya lancar,moga entar ping lancar,Negative,Negative
"AKU KASIH BINTANG 1 KARNA GAME NYA BARU RILIS TAPI SUDAH DI SURUH DOWNLOAD DATA DALAM SEBESAR 17GB, APA LAGI GAME NYA KELIATAN KAKU,BURIQ,MUKA TEMPLATE,KIKIR, DAN HACK AND SLASH DIMANA AKAL KALIAN PADAHAL BUKAN GAME OPEN WORLD, BARU AWAL RILIS UDAH SEBESAR ITU STORAGE NYA TOLONG DI PIKIR KAN LAGI KALAU MAU GAME INI RAMAI CUIH, BELUM LAGI KARAKTER NYA SEXY SEXY SEMUA KALAU BISA DI PAKAI KAN PAKAIAN TERTUTUP,BELUM LAGI SUSU KARAKTER NYA BESAR BESAR SEMUA DAN KELIATAN SEPERTI BERNAFAS",kasih bintang rilis suruh download data gb kakuburiqmuka templatekikir hack and slash mana akal bukan open world rilis storage tolong pikir ramai cuih belum karakter sexy sexy pakai pakai tertutupbelum susu karakter nafas,Negative,Negative
Blom bisa main sih,belum,Negative,Negative
"Tanggal 4 jam 9/10 WIB Baru bisa di mainin, jangan spam bintang 1",tanggal jam wib mainin jangan spam bintang,Negative,Negative
"Game ini bagus walau saya belum tentu bisa main lancar, karena keterbatasan spesifikasi device, kemungkinan bisa dapat 30fps saja, tapi saya harap game ini punya optimisasi yg baik, size memang lumanyan besar untuk versi mobile nya, tapi saya tidak mempermasalahkan, karena game ini juga pasti punya banyak animasi, VO, dan aspek-aspek lain nya, jadi wajar, itu saja dari saya, Terima kasih sudah membuat sebuah mahakarya ❤",bagus belum lancar batas spesifikasi device fps harap optimisasi size lumanyan versi mobile tidak masalah animasi vo aspekaspek wajar terima kasih mahakarya,Negative,Negative
Saya stuck di loading 70% dan crash padahal device saya bagus,stuck loading crash device bagus,Negative,Negative
Pas di buka appnya layarnya jadi hitam tapi suara ada. Tolong fix bug ini !!,pas buka appnya layar hitam suara tolong fix bug,Negative,Negative
Yahaha devicenya ga kuat,yahaha devicenya tidak kuat,Negative,Negative
Baru awal rilis udh 17 gb keatas cuy,rilis gb atas cuy,Negative,Negative
masih belum bisa untuk main. saya sudah download data sebesar 17Gb dengan bonus 700Mb untuk vo Jepang nya. namun saat rendering shaders kenapa malah force close sendiri?,belum download data gb bonus mbak vo jepang rendering shaders force close,Negative,Negative
Untung penyimpanan ruang saya 1TB jadi bisa maen game berat!? 🤲🤲🤲🤲🤲,untung simpan ruang tb berat,Negative,Negative
"Server dibuka tanggal 4 ya adik"", plis jangan spam bintang 1 karena habis download 17GB nggak bisa masuk, ya emang belom bisa masuk servernya baru buka besok.",server buka tanggal adik plis jangan spam bintang habis download gb tidak belum servernya buka besok,Negative,Negative
Gamenya berat saya download aja udah geleng-geleng hp guwa terus masuk tambah geleng,berat download gelenggeleng hp guwa geleng,Negative,Negative
Tolong dong di optimalkan lagi buat perangkat yg ram 4 sama tolong ukuran nya Jangan di gede gedein lagi udah cukup segitu saja 🙏🏻,tolong optimal perangkat ram tolong ukur jangan gede gedein segitu,Negative,Negative
gem nya tidak bagus karena pas masuk Layar nya hitam semua,gem tidak bagus pas layar hitam,Negative,Negative
"kenapa saat memuat konfigurasi data di 75.2% stuck, dan hp saya freeze dan tiba tiba hp saya mati otomatis, apa karena belum di buka servernya? . tolong devoloper jawab agar saya tau kesalahannya di mana",muat konfigurasi data stuck hp freeze hp mati otomatis belum buka servernya tolong devoloper tau salah,Negative,Negative
"HP KALIAN YANG KENTANG, YANG DISALAHIN DEVELOPER NYA. KESALAHAN BERPIKIR. ZZZ keren, gua suka grafis yang memanjakan mata. Dan semoga karakter utamanya punya personality gak kaya Genshin Impact! 👌🏻",hp kentang disalahin developer salah pikir keren gua suka grafis manja moga karakter utama personality tidak genshin impact,Negative,Negative
Suer dah kalo boleh tau ini kenapa gamenya pas gua buka kok layarnya hitam doang,suer deh tau pas gua buka layar hitam doang,Negative,Negative
Tambahkan fitur hapus Voice over yg tidak kepakai supaya lebih menghemat penyimpanan dan semoga kedepan nya size jangan besar besar amat🥲,tambah fitur hapus voice over tidak pakai hemat simpan moga depan size jangan,Negative,Negative
Gk bisa masuk madeepaker,tidak madeepaker,Negative,Negative
Saya masih belum mencoba gamenya karena servernya di buka tanggal 4 Juli Tapi saya berharap game ini bagus dan storynya tidak bikin bosan,belum coba servernya buka tanggal juli harap bagus storynya tidak bikin bosan,Negative,Negative
"Udah nungguin berbulan bulan ternyata 😮‍💨 datanya bengkak, harusnya kalau baru awal rilis data nya sedikit dulu, lama lama update kan makin gede, ini malah langsung 17 GB, itu aja baru data awal, gak kebayang kalau udah update lagi, bakal sebesar apa datanya, mohon pengertiannya developer",tunggu bulan data bengkak rilis data update gede gb data tidak bayang update data erti developer,Negative,Negative
"gamenya bagus banget, tpi kadang frame drop gitu... tolong dioptimalkan",bagus kadang frame drop tolong optimal,Negative,Negative
"Sumpah, kenapa ni game Black screen Mulu dah. Dan size-nya 17GB lebih parah cuyy. Walaupun masih ada ruang kosong 31gb tetap aje gak bisa dimainin. Sumpah kesel bet gw😭😭😭😭😭😭😭",sumpah black screen mulu deh sizenya gb parah cuy ruang kosong gb tidak dimainin sumpah kesel,Negative,Negative
20GB.,gb,Negative,Negative
Selalu oper close padahal main gensin aja di grafik paling tinggi lancar lanjar aja tapi ini kenapa selalu oper close,oper close gensin grafik tinggi lancar lanjar oper close,Negative,Negative
"Game nya sepertinya bagus,tapi semoga aja lancar aja dimainkan di hp kentang gua🙂,ram 6 ,dimensity 6080👍",bagustapi moga lancar main hp kentang guaram dimensity,Negative,Negative
gamenya pasti seru kok cmn belum bisa dimainkan jadi bisa dimainkan tanggal 4july server baru buka jadi buat bocil lain kali liat informasi nya dulu yaa para bocill,seru cuman belum main main tanggal july server buka bocil informasi bocill,Negative,Negative
Saya bot dan saya kasih bintang 5 saja,bot kasih bintang,Negative,Negative
Yang ditunggu nih☺,tunggu,Negative,Negative
Tolong dong di perkecil lagi kasian ram 3 GB kalu ada bisa memili berapa GB,tolong kecil kasihan ram gb pil gb,Negative,Negative
"Game yang di tunggu akhirnya, gak sabar cuy buat mainya",tunggu tidak sabar cuy mai,Negative,Negative
"Semoga aja lebih stabil buat HP menengah kebawah,jangan sampe Force Close kayak dev. Sebelah yang patchnya malah bikin lagnya berevolusi sampe bisa bikin FC yang bikin kecewa",moga stabil hp tengah kebawahjangan force close dev belah patchnya bikin lagnya evolusi bikin fc bikin kecewa,Negative,Negative
Tiba tiba keluar saat lagi optimize shader bisakah dibenarkan lagi sebelum servernya terbuka?,optimize shader benar servernya buka,Negative,Negative
"Ada tanggal open servernya, ada aja masih rating 1 comment ga bisa dibuka. Sdm rendah ya gini",tanggal open servernya rating comment tidak buka sdm rendah,Negative,Negative
Belom bisa dimainin,belum dimainin,Negative,Negative
"Sekelas game Dungeon base Untuk size awal 20 gb terlau besar, entar balik lagi tambah bintang klo size bs dikompres",kelas dungeon base size gb terlau entar bintang size kompres,Negative,Negative
Parah gk ukuran size gk ramah pengguna android,parah tidak ukur size tidak ramah guna android,Negative,Negative
"baru jg mau main udh stak loading .. diulang berkali"" pun ttp ga bisa",stak loading ulang kali tidak,Negative,Negative
Game ini kayaknya enak tapi aku tidak bisa masuk ke dalam game nya,kayak tidak,Negative,Negative
Wow 17 gb,wow gb,Negative,Negative
siap menjadi sepuh di game ini berikan aku uid 8000000001 😂,sepuh uid,Negative,Negative
Ga bisa dimainin,tidak dimainin,Negative,Negative
"Gamenya gak bisa di buka,cuma nampilin black screen and audio",tidak bukacuma nampilin black screen and audio,Negative,Negative
"Wanjir unduh data 17gb, kaga ngotak. Padahal dah nunggu game nya rilis, belum lagi sama update nya berapa gb coba,mirip game wuwa yang unduh data nya sampe belasan gb.",wanjir unduh data gb kagak ngotak deh tunggu rilis belum update gb cobamirip wuwa unduh data bas gb,Negative,Negative
"Yg ngasih comment jelek, coba cari info spek hp utk game ini & klo hp kalian tdk memadai gak usah di install, & utk bisa di mainin baru tgl 4 pukul 9 klo gak salah",asih comment jelek coba cari info spek hp hp tidak pada tidak install mainin tanggal tidak salah,Negative,Negative
coba dulu,coba,Negative,Negative
"Diawal Download Sudah Bisa Masuk, Sudah Login Tinggal Main Tapi Server Masih Tutup :v Lagi Penasaran Coba Login Game Lagi Malah Gak Jelas Keluar Sendiri :( Harap Diperbaiki!!",awal download login tinggal server tutup penasaran coba login tidak harap baik,Negative,Negative
Jelek mending genshin.. size gede tp main keluar masuk tv mending king gensin open world,jelek mending genshin size gede tv mending king gensin open world,Negative,Negative
"Buat yang ga bisa masuk, coba pastiin lagi device nya sudah mumpuni, kah? Bisa cek dulu minimal spek nya gimana di web atau di hoyolab. Terus buat yang nanya kok ga bisa main? Ya, servernya buka besok, 4 Juli 2024 jam 9 pagi WIB. Aku udah pernah ikut beta nya dua kali, masalah seru atau engga ya selera, tapi menurutku game nya seru!!",tidak coba pastiin device mumpuni kah cek minimal spek web hoyolab tidak servernya buka besok juli jam pagi wib beta seru tidak selera turut seru,Negative,Negative
"Gamenya bagus udah gak ada bug lagi, pertahankan",bagus tidak bug tahan,Negative,Negative
Blum bisa main,belum,Negative,Negative
Gelo size,gelo size,Negative,Negative
"Wahai orang-orang yg IQnya rendah, sebelum memainkan game ini tolong dibaca dulu untuk spek yg dibutuhkan dan kapan game ini dibuka servernya",orangorang iqnya rendah main tolong baca spek butuh buka servernya,Negative,Negative
Size Bengkak Solid Solid Solid,size bengkak solid solid solid,Negative,Negative
Moga aja kuat hp gw,moga kuat hp,Negative,Negative
"Mudah2an tidak ada kendala, sukses selalu lord.",mudah tidak kendala sukses lord,Negative,Negative
"Gajadi download, size nya kegedean ngentod",gajadi download size gede ngentod,Negative,Negative
Saya akan tunggu esok hari ini game saya pengen cobaaaa penasaran banget,tunggu esok pengin coba penasaran,Negative,Negative
Kenapa layar nya hitam gak bisa main jadinya padahal udah nungu berhari hari jadi kecewa tolong di perbaiki lagi,layar hitam tidak nungu hari kecewa tolong baik,Negative,Negative
"Maaf ya untuk developer, sepertinya game ini saya tidak bisa main karena hp saya tidak kuat untuk menjalankannya, tapi tenang saya main honkai star rail, ya walaupun begitu saya Masih akan main di apk cloud, dan yang mau tahu server di buka 2024/07/4 pukul 10:00, untuk developer sepertinya saya tidak bisa memainkan game ini, tapi saya masih bisa main di apk cloud.",maaf developer tidak hp tidak kuat jalan tenang honkai star rail apk cloud server buka developer tidak main apk cloud,Negative,Negative
Saat konfigurasi data setelah data memuat selalu crash dan keluar sendiri mohon untuk segera di perbaiki,konfigurasi data data muat crash baik,Negative,Negative
Pas buka game malah cuma muncul layar hitam (black screen) dan cuma muncul suara nya saja. Hei developer goblog kalau lu gak niat rilis di versi mobile di versi PC aja. Jgn dipaksa in kalau ujung ujungnya ngebug begitu. Padahal HP saya kuat kuat aja main gensin sama honkai kalo game ini malah gak bisa kan aneh Terima kasih,pas buka muncul layar hitam black screen muncul suara hei developer goblog tidak niat rilis versi mobile versi pc jangan paksa ujung ujung ngebug hp kuat kuat gensin honkai tidak aneh terima kasih,Negative,Negative
"For now, I'll give it five stars because the game play will be really good with the gacha animation, even though it can only be played tomorrow, 07/04/2024 at 10:00 Thursday. BTW, for those who want to play this game, I recommend a ROM of 128GB and above, because 64GB is not enough for playing heavy games like this. You know what size Hoyoverse's game is. Also, the minimum chipset is Snapdragon 680 octa core so that the game runs smoothly even though the graphics are smooth.",for now ill give five stars because the play will be really good with the gacha animation even though can only be played tomorrow at thursday btw for those who want play this recommend rom of gb and above because gb is not enough for playing heavy games like this you know what size hoyoverses is also the minimum chipset is snapdragon octa core sok that the runs smoothly even though the graphics are smooth,Negative,Negative
17 GB doang ringan bet ni game,gb doang ringan,Negative,Negative
"Aga kecewa sih udah download data lama² pas mau masuk game nya malah force close, padahal saya main genshin lancar² saja, mohon di perbaiki",aga kecewa download data pas force close genshin lancar baik,Negative,Negative
Anjir baru rilis aja datanya 24 GB genshin aja 27 GB nanti pas gamenya update berapa GB dah tu keknya melebihi genshin tapi soal grafik beh jangan ditanya,anjir rilis data gb genshin gb pas update gb deh kayak lebih genshin grafik beh jangan,Negative,Negative
"setiap lagi memuat konfigurasi data, selalu stuck di angka 72,05% dan alhasil keluar sendiri dari game, udah saya ulang berkali-kali tetep aja sama",muat konfigurasi data stuck angka alhasil ulang berkalikali,Negative,Negative
"Sip, bisa unduh di latar belakang",sip unduh latar,Positive,Negative
Langsung digempur 17gb T__T....omong² mengkompilasi shadernya lama banget (⁠〒⁠﹏⁠〒⁠),gempur gb ttomong kompilasi shadernya,Negative,Negative
"Gabisa masuk ke game, baru login langsung crash padahal main genshin Ama star Rail bisa bisa aka",tidak login crash genshin star rail aka,Negative,Negative
"Saya tidak bisa membuka game zenless zone zero. Saat saya membuka game nya terdapat peringatan Fatal Error, Another instance is already running. Membuat saya bingung apa yang salah, saya mencoba mengecek file saya tidak ada yang ke double, local disk saya masih luas. Untuk laptop sendiri masih kuat untuk bermain game sebagai perbandingan nya adalah game genshin impact yang masih bisa di mainkan. Untuk pihak COGNOSPHERE PTE. LTP. Saya tolong untuk atas masalah ini, terima kasih 🙏",tidak buka zenless zone zero buka ingat fatal error another instance is already running bingung salah coba ecek file tidak double local disk luas laptop kuat main banding genshin impact main cognosphere pte ltp tolong terima kasih,Negative,Negative
"Gila 17,6 Gb 💀 nanti aja gwa download kapan² lah padahal gwa udh lama nunggu hehehe",gila gb gwa download gwa tunggu hehehe,Negative,Negative
Full size nya gk ngotak njirr,full size tidak ngotak anjir,Negative,Negative
Semoga gachanya hoki,moga gachanya hoki,Negative,Negative
"Aneh orang"" belum juga rilis udah bilang game nya ga bisa masuk,ya ga akan bisa rilis nya juga tanggal 4 budayakan membaca😂",aneh belum rilis bilang tidak masukya tidak rilis tanggal budaya baca,Negative,Negative
Pas bukan lancar pas login keliatan bentar langsung hitam layar 🗿tolong jelaskan why,pas bukan lancar pas login bentar hitam layar tolong why,Negative,Negative
game rusak udah unduh data lama lama ga bisa dimainin hapus aja dari play store,rusak unduh data tidak dimainin hapus play store,Negative,Negative
"Kejar saja Dunia kawan, sampai HP kalian rusak dan memori penuh atau rela hidup miskin demi mengejarnya, koleksi semua game Mihoyo dan tamatkan semuanya apakah kalian mampu? Yang ada kalian makin tertinggal dan terbudak olehnya. Ini game khusua bagi sultan gamer butuh chipset high end Snapdragon 8gen. Adapun hasilnya hanya membodohi kalian. Uang segitu mending di sumbangkan ke warga miskin",kejar dunia kawan hp rusak memori penuh rela hidup miskin kejar koleksi mihoyo tamat tinggal budak khusua sultan gamer butuh chipset high end snapdragon gen hasil bodoh uang segitu mending sumbang warga miskin,Negative,Negative
Kikir ga ni?😹😹😹,kikir tidak,Negative,Negative
Sumpah udh bener nih game,sumpah,Negative,Negative
Akhirnya yg ditunggu tunggu❤️,tunggu tunggu,Negative,Negative
Semoga kuat hp ku,moga kuat hp ku,Negative,Negative
Baru Awal Rilis Size 17GB Gimana Kedepannya Ntar Ini Game Sebentar saja Ngalahin SIZE nya Ghensin Impact Mungkin 3-7 Bulan,rilis size gb depan entar sebentar kalah size ghensin impact,Negative,Negative
"Game baru ini nggak bisa di mainin.gampang force close mulu,ternyata gamenya lumayan berat,coy.tolong perbaiki game baru ini dan tanpa gampang force close lagi.FIX IT!!",tidak mainingampang force close muluternyata lumayan beratcoytolong baik tanpa gampang force close lagifix,Negative,Negative
Udah loading lama paas mau masuk malah keluar lagi loading lagi,loading paas loading,Negative,Negative
Aku ga bisa login ke dalam game,tidak login,Negative,Negative
Aplikasi nya bagus tapi ngelag ngelag,aplikasi bagus ngelag ngelag,Negative,Negative
gabisa di buka aplikasi nya cuma muncul layae hitam doang padahal ada suaranya,tidak buka aplikasi muncul layae hitam doang suara,Negative,Negative
Game bisa gak sih download nya jangan banyak gw Uda nunggu hingga 2jam tetep aja gak main dasar game penghabisan data ato kota babi,tidak download jangan tunggu jam tidak dasar habis data kota babi,Negative,Negative
Size anomali,size anomali,Negative,Negative
game ny ngebug bjir penyimpanan gw masi luas di bilang ny data ny g cukup anjir . padahal gw pengen bet maen ny😭😭😭😭,ngebug bjir simpan luas bilang data tidak anjir pengin,Negative,Negative
Game rusak capecape didowload data,rusak capecape didowload data,Negative,Negative
"saya punya ruang 15GB kenapa gak bisa download resource nya game dalam nya , suruh hapus punya 15Gb penyimpanan",ruang gb tidak download resource suruh hapus gb simpan,Negative,Negative
game tholol malah stuck black screen padahal jaringan lancar kagak rekomend mnurut gw sii soalnya tolol game rusak bngsatt👎,tholol stuck black screen jaring lancar kagak rekomend mnurut tolol rusak bngsatt,Negative,Negative
Padahal di tunggu tunggu ini game tapi di device ku malah black scren,tunggu tunggu device ku black scren,Negative,Negative
Tidak bisa dibuka,tidak buka,Negative,Negative
"Ssd gua rusak gara2 game lu, capek download 50 gb trus pas unziping pra-unduh malah bikin mati ssd.",ssd gua rusak gara capek download gb pas unziping praunduh bikin mati ssd,Negative,Negative
"Ini game bagus, grafik bukan maen sih tapi yang gua gak sukai adalah setiap mau masuk gamenya suruh hapus semua developer mohon bantuannya",bagus grafik bukan gua tidak suka suruh hapus developer bantu,Negative,Negative
B5 bansos lancar kan lur,bansos lancar lur,Negative,Negative
"hi Dev maaf kan saya ,hp saya tidak bisa login ke game dikarenakan hp saya RAM 3 tidak support untuk game yg saya tunggu-tunggu, saya ingin banget memainkannya terpaksa saya uninstall maaf ya Dev terimakasih 😭🥲🙏",hi dev maaf hp tidak login hp ram tidak support tunggutunggu main paksa uninstall maaf dev terimakasih,Negative,Negative
"Gatau bjir, belom main",tidak tau bjir belum,Negative,Negative
"Selalu stuck saat mengkompilasi shader di 5,90%,..udah coba install ulang berulang kali, hasilnya tetap sama aj kayak gitu..",stuck kompilasi shader coba install ulang ulang hasil,Negative,Negative
"Saran saya, grafiknya usahakan diperbagus lagi, khususnya bagi pengguna hp kentang atau hp yang tidak kuat dengan game-game berat. Itu aja sih yang perlu diperhatikan. Terimakasih.",saran grafik usaha bagus guna hp kentang hp tidak kuat gamegame berat perhati terimakasih,Negative,Negative
Game gbsa di buka. Blank layar item smua,gbsa buka blank layar item,Negative,Negative
Game nya gak bisa masuk cuma bisa di menu utama doang percuma aja unduh nya gak bisa maen,tidak menu utama doang unduh tidak,Negative,Negative
Game sangat buruk tidak dapat di mainkan ghensin impact aja yang 25 gb lebih masih suport untuk di mainkan sedangkan sampah ini tidak dapat dj mainkan sama sekali,buruk tidak main ghensin impact gb suport main sampah tidak dj main,Negative,Negative
Ga bisa di buka bejir pas verivikasi data langsung keluar sendiri padahal pas main gensin sama starail bisa lancar 50 fps,tidak buka bejir pas verivikasi data pas gensin starail lancar fps,Negative,Negative
Game aneh gw gk dowload ni game tapi muncul sendri 🤬,aneh tidak dowload muncul,Negative,Negative
Bagus sih game nya semoga gak 30 lebih beredak hp ako,bagus moga tidak beredak hp ako,Negative,Negative
Tolong size ny,tolong size,Negative,Negative
game asu udh di download semua malah ngelag,asu download ngelag,Negative,Negative
Lumayan,lumayan,Negative,Negative
Tolong fps untuk android unlimitied,tolong fps android unlimitied,Negative,Negative
Baru download masih ada bug nya soalnya pas mau memasuki gamenya layarnya utama nya jadi hitam pekat gt... Semoga bug diperbaiki lah ya buat yang developer,download bug pas pasuk layar utama hitam pekat moga bug baik developer,Negative,Negative
Bagus cuma ada ngebug gak tau di game atau di HP saya karena HP saya juga kentang yah,bagus ngebug tidak tau hp hp kentang,Negative,Negative
"Force close saat compilasi shader, hp ku ram 4 gak support kah?😢",force close compilasi shader hp ku ram tidak support kah,Negative,Negative
Assalamualaikum min Semoga aj g pelit bansos amin.....🤩🤩🤩😍😍,assalamualaikum min moga tidak pelit bansos amin,Negative,Negative
Akhirnya sudah sekian lama menunggu 🥲,sekian tunggu,Negative,Negative
Ini mah bukan genshin bukan honkai starrail ini bgs keliatanya pervek langsung bintang 5,mah bukan genshin bukan honkai starrail bagus keliatanya pervek bintang,Negative,Negative
Game masih ada kras tolong fix dev apakah apk belum resmi secara global,kras tolong fix dev apk belum resmi global,Negative,Negative
"Maaf ya buat developer, aku kan udah download nah pas aku masuk kan download data dulu, tapi pas aku tunggu selesai kok lama banget ya, sampe 17ribu MB aku udah tunggu 1jam ngga selesai ² 🙏maaf ya kak",maaf developer download pas download data pas tunggu selesai ribu mbak tunggu jam tidak selesai maaf kak,Negative,Negative
"Baru rilis, bukan open world, tapi minta nya 18gb. Tidak ada seumur hidup ku liat Size praunduh game sebesar itu, paling tinggi palingan 10gb, lah ini 18gb.",rilis bukan open world gb tidak umur hidup ku size praunduh tinggi paling gb gb,Negative,Negative
17 GB 🤧🤧🤧😳,gb,Negative,Negative
ga bisa login,tidak login,Negative,Negative
"Game nya sangat jelek, grafik Burik mending pripayer dari pada ini, jangan donlot game nya biar ga rugi paket kalian!!!",jelek grafik burik mending pripayer jangan donlot biar tidak rugi paket,Negative,Negative
Black screen doang,black screen doang,Negative,Negative
Grafik gacor cuy game ny jg gk terlalu berat,grafik gacor cuy tidak berat,Negative,Negative
Game nya bagus tapi saat masuk ke dalam game kok gak bisa login layar nya cuma hitam tolong ya developer di perbaiki lagi,bagus tidak login layar hitam tolong developer baik,Negative,Negative
Layar Hitam Saat Memasuki Game. Tolong Diperbaiki Developer Terimakasih.,layar hitam pasuk tolong baik developer terimakasih,Negative,Negative
Masih nunggu dua hari lgi rupanya buat mainin gamenya kyknya gw ketinggalan informaai dah,tunggu mainin kayak tinggal informaai deh,Negative,Negative
Saya igin developer memberikan saya hadiah karena saya yg pertama memberikan ini,igin developer hadiah,Negative,Negative
"Please, if you make the game, be a little more friendly, really I can't imagine eating ram 18 gb needed for this game (zoz) which is even bigger than genshin impact, please make it more friendly for HP under 18 gb",please if you pakai the be little more friendly really cant imagine eating ram gb needed for this zoz which is even bigger tahan genshin impact please pakai more friendly for hp under gb,Negative,Negative
Ga bisa di buka😡😡,tidak buka,Negative,Negative
Gatau mau rating apa gabut,tidak tau rating gabut,Negative,Negative
"Ini kok lemot bet msknya, keluar² trus dari aplikasi, pdhl penyimpanan gk penuh",lot masak aplikasi simpan tidak penuh,Negative,Negative
"Belum main, download dulu 17 gb in game",belum download gb,Negative,Negative
Please ini gak mau masuk gua langsung download pas keluar mana gak bisa masuk,please tidak gua download pas tidak,Negative,Negative
Silahkan di donload karena grafis yang bagus banget yak namun ini bukan bermaksud menghina tapi untuk HP yang blum bisa jangan di paksa yah itu aja sekian terimakasih,sila donload grafis bagus bukan hina hp belum jangan paksa sekian terimakasih,Negative,Negative
Download pertama. Dalamannya Ngedownload 17GB lebih.. Wkkwkwkw.. Segitu dulu infonya...,download dalam ngedownload gb wkkwkwkw segitu info,Negative,Negative
Semoga betah,moga betah,Positive,Negative
"Game nya seru kyknya. Grafis nya bagus. Size nya besar, seperti Game Hoyo pada umumnya. Story nya gatau seru apa nggak, belum open server soalnya Aowkwkk.",seru kayak grafis bagus size hoyo story tidak tau seru tidak belum open server aowkwkk,Negative,Negative
Mau coba main hp saya langsung ke restart terpaksa saya matikan beberapa saat tapi terjadi hal yg sama,coba hp restart paksa mati,Negative,Negative
Login masih bug min,login bug min,Negative,Negative
Kok ga masuk masuk ya min,tidak min,Negative,Negative
"tidak bisa masuk di dalam game,cuma gelap terus padahal sudah lama menunggu launching. sangat mengecewakan.",tidak gamecuma gelap tunggu launching kecewa,Negative,Negative
Game apa coba malah gelap gk bisa masuk,coba gelap tidak,Negative,Negative
Layar hitam tidak bisa masuk,layar hitam tidak,Negative,Negative
gak lucu yg bikinya gak bisa masuk gemnya penipuan bjir,tidak lucu bik tidak gemnya tipu bjir,Negative,Negative
Berhenti di 80.9% shader dan apk keluar sendiri,henti shader apk,Negative,Negative
Gak bisa di mainkan...udh nunggu setengah jam masih hitam layar nya 👎,tidak mainkanudh tunggu jam hitam layar,Negative,Negative
"Coba dulu, apakah ini game bisa menjadi game ke 3 yg gua mainin diantara genshin dan hsr",coba gua mainin genshin hsr,Negative,Negative
"3x gua mau registrasi tiba2 layar hitam trus gabisa di apa2 in , aneh amat maen game lain lanjay .. ini blm main udh 3x gagal registrasi.",gua registrasi layar hitam tidak aneh lanjay belum gagal registrasi,Negative,Negative
Mari kita coba,mari coba,Negative,Negative
"Sry kasih b3 karna gak bisa main , tolong d perbaikin ya deplopers",sry kasih tidak tolong baik deplopers,Negative,Negative
rilisnya tanggal 4. ini hanya predownload. jangan komen aneh2 menunjukan kebodohan.,rilis tanggal predownload jangan komen aneh tunjuk bodoh,Negative,Negative
"Download datanya lama banget,datanya 17099,5mb",download data bangetdatanya mbak,Negative,Negative
Knp saat saya masuk game pas loading saat pembuatan akun mengalami crash seperti layar menjadi hitam secepatnya di perbaiki saya tidak dapet login 🙏🙏,pas loading buat akun alami crash layar hitam cepat baik tidak login,Negative,Negative
bused file nya 17gb an -+,bused file gb an,Negative,Negative
"Kirain udah bisa langsung main ternyata belum bisa masuk padahal udah lama nunggu download datanya 17GB, malah belum bisa di mainin harus nunggu tanggal 4 dulu, gua kasih bintang 1 nanti kalo udah bisa main gua tambahin",belum tunggu download data gb belum mainin tunggu tanggal gua kasih bintang gua tambah,Negative,Negative
Awal download 160mb di dalam 17gb 🗿🗿,download mbak gb,Negative,Negative
WOI KOK NGE CRASH MULU,woi nge crash mulu,Negative,Negative
"Blom ada komen, pasti blom pada kelar download daleman xixixixixi",belum komen belum kelar download dalem xixixixixi,Negative,Negative
This developer is milking mf,this developer is milking maaf,Negative,Negative
sedang mencoba,coba,Negative,Negative
"Tinggal tunggu tnggal 4 jam 10, g sabar nich",tinggal tunggu tnggal jam tidak sabar,Negative,Negative
Kenapa saya tidak dapat bermain?,tidak main,Negative,Negative
Saat aplikasi dibuka menjadi black screen di hp Xiaomi tidak terlihat apa apa jadi nggak bisa main saya berharap cepat di perbaiki,aplikasi buka black screen hp xiaomi tidak tidak harap cepat baik,Negative,Negative
why is this game have 50 gb space on pc? its too large for 1.0 version. You guys need to compress it more,why is this have gb space on pc its too large for version you guys need compress more,Negative,Negative
Akhirnya liris udah lama banget nungguin ini game,liris tunggu,Negative,Negative
Hehe ram 3 kita paksakan 🗿,hehe ram paksa,Negative,Negative
Login nggak bisa masuk,login tidak,Negative,Negative
Ko ga bisa di mainin aku tau ini pasti seru,tidak mainin tau seru,Negative,Negative
Ngeleg bet anjeng,ngeleg anjeng,Negative,Negative
Aplikasi pembawa virus,aplikasi bawa virus,Negative,Negative
Baru tahap awal udah 20 gb,tahap gb,Negative,Negative
absen daftar sepuh,absen daftar sepuh,Negative,Negative
Ga bisa masuk,tidak,Negative,Negative
Kok GK bisa masuk server?,tidak server,Negative,Negative
Konyol juga nih game ngk bisa login karena perbedaan zona waktu..langsung aja gw unistall,konyol tidak login beda zona waktulangsung unistall,Negative,Negative
Boros penyimpanan ruang internal.,boros simpan ruang internal,Negative,Negative
Layar nya hitam di aku kenapa dah,layar hitam deh,Negative,Negative
bagus tapi gak ada fitur telanjang,bagus tidak fitur telanjang,Positive,Negative
Saya udah download tapi pas saya buka gamenya kok gk bisa,download pas buka tidak,Negative,Negative
Bug,bug,Negative,Negative
Aku orang pertama yang mainin,mainin,Negative,Negative
Anjay Kls,anjay kls,Negative,Negative
Mental terus ini kenapa ya pas masuk warnanya item doang trus kembali sendiri,mental pas warna item doang,Negative,Negative
Kenapa tidak bisa costume karakter?,tidak costume karakter,Negative,Negative
"Anjay seperti pc cuy,btw ada bug pas ganti karakter malah ngebug jadi tak terlihat",anjay pc cuybtw bug pas ganti karakter ngebug tak,Negative,Negative
"Game ginian doang 17 gb, ngotak dikit lah mihoyong.",doang gb ngotak dikit mihoyong,Negative,Negative
yok gas tanggal 4,yuk gas tanggal,Negative,Negative
Ku beri bintang lima supaya gacha ku wangy wangy,ku bintang gacha ku wangy wangy,Negative,Negative
Ga bisa masuk gamenya,tidak,Negative,Negative
Gajelas game nya padahal ruang data masih banyak yang kosong tapi di suruh kosongin lagi🗿,tidak ruang data kosong suruh kosongin,Negative,Negative
Panjang panjang game baik walaupun size nya ga ngotak😂,size tidak ngotak,Negative,Negative
keluar sendiri tidak bisa login,tidak login,Negative,Negative
"gk tau mau ngetik apaan, blm download soalnya wkwk",tidak tau etik belum download wkwk,Negative,Negative
Ngeri 170gb dong cu,ngeri gb cu,Negative,Negative
"Gw tau ini pra unduh, tapi download pertama 7gb napa jdi 19gban dah berat banget ini, tolong di fix",tau pra unduh download gb gban deh berat tolong fix,Negative,Negative
ga tau males pengen beli truk,tidak tau malas pengin beli truk,Negative,Negative
Ko cmn muncul gmbr hitam aja?,cuman muncul gmbr hitam,Negative,Negative
Ninggalin jejak dulu 👀,tinggal jejak,Negative,Negative
Ini game dalemnya berapa GB sih masa masih ada 25gb ga bisa download,dalem gb gb tidak download,Negative,Negative
Why only black screen ?,why only black screen,Negative,Negative
Ini sia yang saya tunggu tunggu 😁,sia tunggu tunggu,Negative,Negative
Coba dulu siapa tau seru,coba tau seru,Positive,Negative
We hope you always stay healthy and don't forget to always eat and drink☺️,we hope you always stay healthy and dont forget always eat and drink,Positive,Negative
"Yang mau komen Belum bisa main atau apalah, BUDAYAKAN BACA CIL, PRE-DOWNLOAD itu bukan berarti bisa dimainin langsung ya, makanya kalo skolah jangan BOLOS, nilai bahasa kalian jadi rendah banget kan wkwkwk",komen belum apa budaya baca cil predownload bukan dimainin sekolah jangan bolos nilai bahasa rendah wkwkwk,Negative,Negative
cocok banget sama. bintang 5,cocok bintang,Negative,Negative
"Size mu meledak mazz :( , bakal brp GB kalo udah update update patch",size mu ledak mazz gb update update patch,Negative,Negative
"Game yg gua tunggu"" auto bintang 6🗿",gua tunggu auto bintang,Negative,Negative
Kedip kiri apakah pertanda akan menjadi game kikir seperti GENSHIN,kedip kiri tanda kikir genshin,Negative,Negative
GG BANGG,tidak bang,Negative,Negative
Nyoba di g99 meledak ngga ya 🗿🗿,coba tidak ledak tidak,Negative,Negative
Gema baru ya aku cobain duluan ya,gema coba duluan,Negative,Negative
"Gamenya Baru Dirilis/Servernya Baru dibuka pada tanggal 4 Juli ya teman-teman, ini hanya Pre-Download saja",dirilisservernya buka tanggal juli temanteman predownload,Negative,Negative
Kalo blm siap rilis ngak usah rilis buat login aja ngak bisa tolong benerin,belum rilis tidak rilis login tidak tolong benerin,Negative,Negative
Akhirnya dah rilis juga nih game. semoga ngak ngelek 😁😁,deh rilis moga tidak ngelek,Negative,Negative
baru mau nyoba,coba,Negative,Negative
Woy ini genshin V2 20GB dong,woy genshin gb,Negative,Negative
Lumayan tapi musuhnya tolong diperkuat lagi,lumayan musuh tolong kuat,Negative,Negative
Yaaa semoga saja tidak dianak tirikan,moga tidak anak tiri,Negative,Negative
Tidak tercium kikir,tidak cium kikir,Negative,Negative
Kok pas login cuma ngeblank hitam doang,pas login ngeblank hitam doang,Negative,Negative
kenapa saya stuck di-black screen dan hanya ada suara music saja,stuck diblack screen suara music,Negative,Negative
Lumayan bagus di awal tetapi perangkat saya tidak mencukupi,lumayan bagus perangkat tidak cukup,Negative,Negative
"Belum bisa di mainnin soal nya kalo masuk game ada tulisan ""ruang kosong di dalam disk tidak mencukupi. mohon bersihkan ruang dan coba lagi",belum mainnin tulis ruang kosong disk tidak cukup sih ruang coba,Negative,Negative
Klo game hoyoverse tidak ragu kasih rating 5,hoyoverse tidak ragu kasih rating,Negative,Negative
"gede banget size nya, & game P2W ga gacha. akun akan selalu gembel",gede size pw tidak gacha akun gembel,Negative,Negative
"I got blackscreen for very first time I open the game, is it because my phone doesnt compatible or completely bug from the game itself, I mean i've been playing genshin impact for roughly 3-4 years and not having a problem.",got blackscreen for very first time open the is because my phone doesnt compatible completely bug from the itself mean ive been playing genshin impact for roughly years and not having problem,Negative,Negative
Sorry my phone is unworthy,sorry my phone is unworthy,Negative,Negative
"Saya ingin bertanya,kenapa disaat saya ingin bermain game nya hanya menampilkan layar hitam?,tidak ada opening atau game nya tidak mulai sama sekali,hanya menampilkan layar hitam😅,maaf untuk developer untuk perbaiki lagi game nya karna hanya menampilkan layar hitam🙏, terimakasih",bertanyakenapa saat main tampil layar hitamtidak opening tidak sekalihanya tampil layar hitammaaf developer baik tampil layar hitam terimakasih,Negative,Negative
ga bisa di mainin... kenapa ya? minta jawaban,tidak mainin,Negative,Negative
"Developers, how come the game (Zenless zone zero) doesn't run smoothly on Android phones, please fix the performance. Thank you.",developers how come the zenless zone zero doesnt run smoothly on android phones please fix the performance thank you,Negative,Negative
"Tetap ku kasih Bintang 5 , walaupun Device ga mumpuni buat mainin ini Game 😭😭",ku kasih bintang device tidak mumpuni mainin,Negative,Negative
Demen banget sama game nya hoyoverse,demen hoyoverse,Negative,Negative
"Huft, akhirnya filis juga, but pas awal masuk harus download data Ampe 17 GB lebih -_-'. Agak menguras sih sebenernya soal'nya lama juga nungguin nya.... Baru juga awal tapi udah banyak yang harus di download ckckc...",huft filis but pas download data gb uras tunggu download ckckc,Negative,Negative
Ngak bisa di mainin full item layar,tidak mainin full item layar,Negative,Negative
Gas donwload,gas donwload,Negative,Negative
Ada bug dimana layar menu log in yah tidak ada,bug mana layar menu log tidak,Negative,Negative
Loding green secren hitam,loding green secren hitam,Negative,Negative
UDAH GUA TUNGGU DARI LAMAAAAAAAAAAAAA,gua tunggu,Negative,Negative
nggak tau belum nyoba,tidak tau belum coba,Negative,Negative
Semoga menjadi game baik hati dan tidak kikir,moga hati tidak kikir,Negative,Negative
Black screen idiot Main Genshin normal Honkai star rail normal nih game black screen gk jelas,black screen idiot genshin normal honkai star rail normal black screen tidak,Negative,Negative
gak bisa masuk game nya,tidak,Negative,Negative
"I've been really waiting for this game to be released in my area, but the developer, why is it that every time I want to link my email, this game always comes out by itself?",ive been really waiting for this be released my area but the developer why is that every time want link my email this always comes out by itself,Negative,Negative
"Masa unduh datanya sampai 17gb, kali ini aku kasih bintang satu dulu",unduh data gb kasih bintang,Negative,Negative
"hey i can't enter the game, if i click this aplication, it can't open, my phone screen is just black",hey cant enter the if click this aplication cant open my phone screen is just black,Negative,Negative
I got black screen ;),got black screen,Negative,Negative
"Agak shock, baru login harus download 17gb",shock login download gb,Negative,Negative
Bug why i can see only dark,bug why can only dark,Negative,Negative
"Gamenya butuh 17gb, untuk bisa main agak gimana gitu loh baru dirilis di play store kyk gini gimana mainnya?",butuh gb loh rilis play store main,Negative,Negative
Mengalami black screen saat memasuki game,alami black screen pasuk,Negative,Negative
"Ini kenapa layarnya hitam semua udah buka ulang"" tetap sama saja",layar hitam buka ulang,Negative,Negative
"anjirr 17,2 GB yang benar nih game kagak kuat hp gua dah, ampun klo datanya bisa di kompres masih mending, ini behh pasti berat deh gamenya maaf, nanti saya coba install di hp satunya, mungkin bisa dimainkan, klo hp yang saat ini waduh berat",anjir gb kagak kuat hp gua deh ampun data kompres mending behh berat deh maaf coba install hp satu main hp berat,Negative,Negative
Coba dlu bg,coba bang,Negative,Negative
Terlalu besar penyimpanan ruangnya,simpan ruang,Negative,Negative
"Kecewa, pas masuk cuman layar hitam doang... Itu tuh udah di bagian login. Ada suaranya tapi kayak mendelep gitu... Tolonglah perbaikin...",kecewa pas cuman layar hitam doang tuh login suara mendelep tolong baik,Negative,Negative
tolong karakter nya agak di tobrutin lagi,tolong karakter tobrutin,Negative,Negative
"Pingin nyobain aja, kalau hp tidak kuat ngk jadi main 😀👍",pengin coba hp tidak kuat tidak,Negative,Negative
Game Terbaik Dan Gw Rasa Sih Bagi HP Nya Gak Terlalu Bagus Jan Mainin Gw aja Maksa Mentok 10-30 Doang Wkkww Yang Penting Dapt Id Langka Bosku,baik hp tidak bagus jangan mainin maksa mentok doang wkkww dapt id langka bos,Negative,Negative
Game nya keren bgt (mati penyimpanan gwehj💀),keren mati simpan gwehj,Negative,Negative
"Baru rilis udah ada bug nya aja, pas login layar meng hitam gk ada gambar nya cuma ada suaranya tolong perbaiki lagi hoyoverse",rilis bug pas login layar meng hitam tidak gambar suara tolong baik hoyoverse,Negative,Negative
Blm saya download,belum download,Negative,Negative
unduhan data dalam game beneran 17GB ini??,unduh data benar gb,Negative,Negative
"pas login hitam semua, udh nunggu lama tetep hitam",pas login hitam tunggu hitam,Negative,Negative
Gamenya gk bisa dimainin ngestak terus layarnya hitam mulu,tidak dimainin ngestak layar hitam mulu,Negative,Negative
Hp ku tiba tiba mati karna game ini >:'(,hp ku mati,Negative,Negative
Game nya eror apa gimana nih pas masuk game kok layarnya hitam aja,eror pas layar hitam,Negative,Negative
gimana si saya ga bisa login di akun malahan keluar sendiri dari apk nya tolong gimana ini padahal hp saya IP 13 pro max Rom 256 gb,tidak login akun apk tolong hp ip pro max rom gb,Negative,Negative
"Persyaratan Minimum (Android): CPU: Snapdragon 888, Dimensity 1200, Kirin 990 RAM: 8GB Penyimpanan: 15GB Penyimpanan astaga 15gb hari Terima kasih maaf !?🥲",syarat minimum android cpu snapdragon dimensity kirin ram gb simpan gb simpan astaga gb terima kasih maaf,Negative,Negative
"Tidak bisa login, awal masuk hanya menampilkan black screen dan suara",tidak login tampil black screen suara,Negative,Negative
size problem!!,size problem,Negative,Negative
"Min,tolong game nya bug masa baru login game nya layar g muncul malah gelap trs,tolong lah perbaiki min",mintolong bug login layar tidak muncul gelap trstolong baik min,Negative,Negative
Ayam bakar enak,ayam bakar,Negative,Negative
Sedang ingin mainkan,main,Negative,Negative
blank hitam saat loading screen,blank hitam loading screen,Negative,Negative
"Udah nungguin berbulan-bulan, hari ini baru mau coba, tapi gajadi, ga expect bakal ngabisin 17gb download datanya gileeeee 🥲🥲🥲 Terus waktu login pertama kali, glitch mulu screennya, gabisa ngetik :( Mungkin next time aku balik lagi buat nyoba ya, kalo udah lumayan booming 🥴",tunggu berbulanbulan coba gajadi tidak expect ngabisin gb download data gila waktu login glitch mulu screennya tidak etik next time coba lumayan booming,Negative,Negative
Haha njir 15 gb,haha anjir gb,Negative,Negative
"Blank hitam saat layar login, tapi suara jalan",blank hitam layar login suara jalan,Negative,Negative
Waktu masuk ke dalam game nya gelap dong dan cuma ada suara nya aja,waktu gelap suara,Negative,Negative
17.000 lebih mb brrti 17gb yg bnar sja,mbak gb bnar,Negative,Negative
Game edan awal awal udah 17gb,edan gb,Negative,Negative
Gak bisa diamainin,tidak diamainin,Negative,Negative
Game baik sehat selalu tapi ga ada fitur telanjang,sehat tidak fitur telanjang,Negative,Negative
ditunggu tunggu akhir nya rilis juga,tunggu tunggu rilis,Negative,Negative
Blom rilis tapi download duluan demi uid sepuh wkwk,belum rilis download duluan uid sepuh wkwk,Negative,Negative
Yang telah Lama di tunggu,tunggu,Negative,Negative
"Aplikasi nya lumayan walau ada sedikit kekurangan,y namanya juga baru terbit😉👍",aplikasi lumayan kekurangany nama terbit,Negative,Negative
😔BRU JUGA RILIS SIZE NYA UDH 17GB,rilis size gb,Negative,Negative
ga bisa dimasukin padahal udah download 😡 padahal aku udah pengen banget buat main😭,tidak masuk download pengin,Negative,Negative
"Kenapa saat masuk di aplikasi hanya layar hitam namun ada suara nya? Tolong di benarkan ya... Atau jika memang karena peforma hp saya yang jelek tolong di jelaskan penyebab nya Why does it only have a black screen when I enter the application but there is sound? Please correct it... Or if it's because my cellphone's performance is bad, please explain the cause Terima kasih Thankyou",aplikasi layar hitam suara tolong benar forma hp jelek tolong sebab why does only have black screen when enter the application but there is sound please correct if its because my cellphones performance is bad please explain the cause terima kasih thankyou,Negative,Negative
Lama loading nya layar nya gelap,loading layar gelap,Negative,Negative
belum di coba udah di rate 👍,belum coba rate,Negative,Negative
menyala abangkuu🔥,nyala abangkuu,Negative,Negative
First 😁😁😁😁 17Gb +,first gb,Negative,Negative
bansos nya banyakin plis,bansos banyak plis,Negative,Negative
"Gw kasih bintang 5 dulu, semoga size nya gak membadag😅",kasih bintang moga size tidak membadag,Negative,Negative
ini size nya brp gb 17gb?,size gb gb,Negative,Negative
Menyala abangkuuu🔥🔥,nyala abang,Negative,Negative
Lumayan,lumayan,Negative,Negative
first rate,first rate,Negative,Negative
Semoga kedepannya banyak bansos supaya tidak menjadi game kikir yang berinisial genshin impact,moga depan bansos tidak kikir inisial genshin impact,Negative,Negative
Hoyoverse mah g usah diraguin cmn semoga aja teori kedip mata kanan=kikir tidak terjadi di game ini🗿,hoyoverse mah tidak diraguin cuman moga teori kedip kanankikir tidak,Negative,Negative
Mudah mudahan bisa main dengan lancar dan sesuai dengan ekspektasi ku,mudah mudah lancar sesuai ekspektasi ku,Negative,Negative
Lagi di download,download,Negative,Negative
Lumayan lah dari segi cerita sama grafik cuman beberapa hal perlu perbaikan,lumayan segi cerita grafik cuman baik,Negative,Negative
Sangat mudah untuk dimainkan,mudah main,Negative,Negative
"Download datanya 17gb jadi persiapkan penyimpanan ya 20gb, ada bahasa Indonesia sekian😁",download data gb siap simpan gb bahasa indonesia sekian,Negative,Negative
gk ngerti mainnya,tidak erti main,Negative,Negative
Akhirnya keluar juga nih game belum nyoba sih gue masih download hehe:b,belum coba download heheb,Negative,Negative
"kenapa saat saya buka, hanya muncul layar hitam saja?",buka muncul layar hitam,Negative,Negative
GAME YANG KU TUNGGU TUNGGU 😁👍,ku tunggu tunggu,Negative,Negative
nah akhirnya rilis juga setelah di tunggu tunggu,rilis tunggu tunggu,Negative,Negative
Gamenya Manarik Saya Saja Sampai Ketagihan😋,manarik tagih,Negative,Negative
BEN IM COMING!!!!!,ben im coming,Positive,Negative
Kenapa ini saya baru download mau buka gem nya malah keluar sendiri aduhh harus di perbaiki ini,download buka gem aduh baik,Negative,Negative
"Belum coba, btw first min",belum coba btw first min,Negative,Negative
cuma buat ambil uid sepuh sih,ambil uid sepuh,Negative,Negative
gatau belum nyoba,tidak tau belum coba,Negative,Negative
Game yang ku tunggu tunggu😁,ku tunggu tunggu,Negative,Negative
Otw download,otw download,Negative,Negative
"si anjir main download² aja. gua praregister gak aktifin auto download nya buset, Untung cuma 14MB😅 udah pesimis aja gua tiba2 aplikasi zzz terinstall sendiri😏",anjir download gua praregister tidak aktifin auto download buset untung mbak pesimis gua aplikasi terinstall,Negative,Negative
Bagus lumayan enteng gamenya 17gb 😄😄,bagus lumayan enteng gb,Negative,Negative
Lumayannn,lumayan,Negative,Negative
Baik anjayyyyy,anjay,Negative,Negative
