Review_Text,Review,Sentimen_Asli,Sentimen_Prediksi
"Nice Game, good developer.. thankyou for FIXingy bug",nice good developer thankyou for fixingy bug,Positive,Positive
"sebenarnya Bagus Grafik bagus, Pas Fighting Nya juga Bagus Cuman Pas Bagian Cerita Tidak usah panjang panjang",bagus grafik bagus pas fighting bagus cuman pas cerita tidak,Positive,Positive
"jujur aja gamenya udh bagus bagi saya, jadi tak ada kekurangan yang saya sampaikan disini🤭🫰🏻💗💗",jujur bagus tak kurang,Positive,Positive
bagus gamenya saya suka dengan combatnya cepat dan menarik,bagus suka combatnya cepat tarik,Positive,Positive
"game nya sangat keren, fighting nya juga bagus,apa lagi char nya bnyk yg montok jing",keren fighting bagusapa char montok anjing,Positive,Positive
the best game ever🗣️,the best ever,Positive,Positive
i hope you guys stop making new boss with special parry/dodge mechanic. just make it normal with yellow or red line. you can call me skill issue and i'm just casual player who wants to have fun an enjoy the game in normal way.,hope you guys stop making new bos with special parrydodge mechanic just pakai normal with yellow red line you can call me skill issue and im just casual player who wants have fun an enjoy the normal way,Positive,Positive
"nice gameplay, keep going",nice gameplay keep going,Positive,Positive
ok,ok,Positive,Positive
game nya seru banget wok rekomen buat bara wibu yg suka tob lah,seru wok rekomen bara wibu suka tob,Positive,Positive
"yaa overall bagus sih karna saya sempat memainkan versi PC nya juga. jujur ini game bagus, dan juga simple. tolong kedepannya saat update, buat sedikit lebih ringan",overall bagus main versi pc jujur bagus simple tolong depan update ringan,Positive,Positive
gacor king,gacor king,Positive,Positive
"terimakasih atas gameplay yang bagus dan menarik dari game zzz ini, animasinya sangat bagus, story nya bagus, dan juga model karakter nya juga bagus. gamenya memang lebih berat dari pada genshin di karenakan animasi dan fitur gameplay yang ada dalam game nya.... aku sangat suka bagaimana kalian membuat gaya animasi yang sangat unik dan detail sekali menurutku, apalagi ekspresi mereka saya sangat suka sekali terimakasih 🙏🥹",terimakasih gameplay bagus tarik animasi bagus story bagus model karakter bagus berat genshin karena animasi fitur gameplay suka gaya animasi unik detail turut ekspresi suka terimakasih,Positive,Positive
best mobile action,best mobile action,Positive,Positive
1 agen 140 pity,agen pity,Negative,Positive
bagus bet jirr game nyaaa,bagus anjir,Positive,Positive
"overall udah bagus setelah main 1 bulan, dari gamplay nya yang asik, story nya juga lumayan bagus, bansos nya juga banyak,dan dan banyak qolbu, yang kurang mungkin masih ada berbagai bug, yang baru aja ku alamin kemarin karakter gak bisa di gerakin pakek analog, sama kadang rendering nya suka eror harus relog dulu.",overall bagus gamplay asik story lumayan bagus bansos banyakdan qolbu kurang bug ku alamin kemarin karakter tidak gerakin pakai analog kadang rendering suka eror relog,Positive,Positive
game nya bagus mekaniknya seru storynya menarik samangat terus yah hoyo tim.,bagus mekanik seru storynya tarik samangat hoyo tim,Positive,Positive
Semoga pas banner Ramielle bisa gw pulangin,moga pas banner ramielle pulangin,Positive,Positive
grafiknya bagus cuma loading nya lama,grafik bagus loading,Positive,Positive
"dear hoyo, tolong tambahkan fitur reroll penambahan +(+1/2/3) di substat seperti di genshin impact. soalnya terlalu menghabiskan banyak sumber daya kalo harus gacha stat/substat terus di toko musik.",dear hoyo tolong tambah fitur reroll tambah substat genshin impact habis sumber daya gacha statsubstat toko musik,Positive,Positive
bagus bgt,bagus,Positive,Positive
"Salah satu game terbaik yang pernah ada di playstore! Cerita bagus, ramah f2p, banyak event, combat bagus, original soundtrack yang keren, dll. Namun memang sih ini game agak berat dan optimasi nya di android agak kurang dibanding pc & konsol, oh ya btw hp yg gua pake Dimensity 7400 jdi masih aman-aman aja sih di setting med-low walaupun ya menurut gua minimal biar lebih nyaman maen nya pake Dimensity 9000 ke atas atau setara Snapdragon 8 gen 1/2/3/4/5",salah baik playstore cerita bagus ramah fp event combat bagus original soundtrack keren dll berat optimasi android kurang banding pc konsol oh btw hp gua pakai dimensity amanaman setting medlow gua minimal biar nyaman pakai dimensity tara snapdragon gen,Positive,Positive
game nya bagus tapi optimasi nya kureng banget si tapi overall suka ama kalau bisa agak kurangin fan servis nya kek kostum nya contoh promeia kenapa gk bisa dia baju atau pakaian nya kek arlechhino dari gi gitu lah ketutup padahal udh bagus gitu loh,bagus optimasi reng overall suka kurang fan servis kostum contoh promeia tidak baju pakai arlechhino gi tutup bagus loh,Positive,Positive
"bagus baget cuy, disni ada mbg ( My Bini Guweh🗿👌)",bagus cuy mbg my bini guweh,Positive,Positive
"semoga game nya bisa tetep ramah hp mid deh kedepanya, semoga bagus dan unik kedepanya",moga ramah hp mid deh depa moga bagus unik depa,Positive,Positive
gelo bagus bngt njirrrrr,gelo bagus anjir,Positive,Positive
seru dan keren,seru keren,Positive,Positive
peak game,peak,Positive,Positive
memuaskan nafsu player,muas nafsu player,Positive,Positive
game rusak butu di perbaiki,rusak butu baik,Positive,Positive
seru,seru,Positive,Positive
"surat cinta untuk developer terima kasih banyak telah membuat game sebagus ini karena dengan game ini saya punya alasan kedua kenapa aku ada di kamar mandi lama,dan juga ini game punya banyak karakter yang waifuable terutama itu hoshimi miyabi itu tipe aku banget aku",surat cinta developer terima kasih bagus alas kamar mandi lamadan karakter waifuable hoshimi miyabi tipe,Positive,Positive
Games nya sangat Bagus Aku Menyukai Game nya Terus Lah Berkembang,games bagus suka kembang,Positive,Positive
Game bagus,bagus,Positive,Positive
kasih bintang 5 karna emang bagus tapi kenapa setiap login selalu gagal padahal sinyal udah bagus banget malah tolong di perbaiki,kasih bintang bagus login gagal sinyal bagus tolong baik,Positive,Positive
"bintang 3 dulu, tolong perbaiki pemerataan gendernya dong terlalu banyak karakter cewek",bintang tolong baik perata gender karakter cewek,Positive,Positive
"game nya bagus apalagi story tapi ketika di roscaelifer ada masalah yang dimana ketika menggunakan cctv atau bangboo yang terbang layar seketika menjadi putih, abu, dan hitam dan tidak terlihat jelas semoga masalah nya bisa diperbaiki terimakasih",bagus story roscaelifer mana cctv bangboo terbang layar putih abu hitam tidak moga baik terimakasih,Positive,Positive
nice,nice,Positive,Positive
"Udah benar-benar jadi ""gooners bait game"". Story utama Season 2 hancur berantakan. Game kabanyakan coba-coba. Balikin Season 1 yang bagus itu!",benarbenar gooners bait story utama season hancur beranta kabanyakan cobacoba balikin season bagus,Positive,Positive
GAME HOYO TERBAIK,hoyo baik,Positive,Positive
mantap gw dapat karakter tier-S 5 langsung 😜😜😜,mantap karakter tiers,Positive,Positive
hoammm.....,hoam,Positive,Positive
bagus permainan nya,bagus main,Positive,Positive
game sigma njing,sigma njing,Positive,Positive
Ga pernah bagus upgrade Disc,tidak bagus upgrade disc,Positive,Positive
saya suka game ini,suka,Positive,Positive
udah gw uninstall 🥰,uninstall,Positive,Positive
gamenya bagus dan tidak kikir namun saya hanya menginginkan satu hal yaitu user hp bisa suport ui keyboard karena bermain dengan ui hp itu kurang nyaman,bagus tidak kikir user hp suport ui keyboard main ui hp kurang nyaman,Positive,Positive
love it,love,Positive,Positive
sangat sangat lambat pas log in nya,lambat pas log,Positive,Positive
"gamenya bagus tapi kadang² ngelek, dari keseluruhan sudah bagus dan nyaman di mainkan",bagus kadang ngelek bagus nyaman main,Positive,Positive
bagus,bagus,Positive,Positive
BAGUS BGT pler,bagus pler,Positive,Positive
makasih game baik,terima kasih,Positive,Positive
kenapa kok keluar keluar sendiri iya padahal ram lumaya besar,iya ram lumaya,Positive,Positive
ts good,ts good,Positive,Positive
suka keluar sendiri di saat menjalankan event atau quest story makin berat buat hp kelas menengah ke bawah,suka jalan event quest story berat hp kelas tengah,Positive,Positive
good,good,Positive,Positive
ini game udah bagus cuma kurang optimisasi nya,bagus kurang optimisasi,Positive,Positive
tolong perbaiki dulu karena mau baru buka loading malah sering keluar sendiri aku hampir emosi tolong segera perbaiki dulu,tolong baik buka loading emosi tolong baik,Negative,Positive
payah,payah,Positive,Positive
enjoy,enjoy,Positive,Positive
admin rerun miyabi lagi😭,admin rerun miyabi,Positive,Positive
game baik bersize tinggi untuk gerakan animasi yang bagus,bersize tinggi gera animasi bagus,Positive,Positive
"harap"" versi cloud nya rilis:)",harap versi cloud rilis,Positive,Positive
"game nya bagus njir, kayak yang di repost² di platform digital 👍🏻",bagus anjir repost platform digital,Positive,Positive
ver3.0 the best,ver the best,Positive,Positive
"game ini sangat bagus dan menyenangkan, namun semakin bertambah nya update device semakin tidak kuat, aku berharap ada nya optimalisasi untuk player dengan device menengah kebawah, selebihnya game ini sangat seru",bagus senang tambah update device tidak kuat harap optimalisasi player device tengah bawah lebih seru,Positive,Positive
terima kasih zenlesszonezero 😄,terima kasih zenlesszonezero,Positive,Positive
game kikir,kikir,Positive,Positive
semoga lebih optimal lagi,moga optimal,Positive,Positive
"gamenya bagus woilah gameplay seru story seru apalagi desain karakter nya yang hnnggghhhhh sangat wleo wleo, oh iya walau gacha di akunku dapat s-tier nya selalu low pity tapi kalah mulu jierrr",bagus woilah gameplay seru story seru desain karakter hnngh wleo wleo oh iya gacha akun stier low pity kalah mulu jier,Positive,Positive
best lah😂🤭,best,Positive,Positive
yeah!!🌟🌟🌟🌟🌟✨,yeah,Positive,Positive
"Untuk Hoyoverse, Terima kasih banyak karena sudah memberikan subtitle ID untuk game nya❤ semoga ZZZ selalu konsisten dan selalu memberikan story, fitur dan ide menarik dalam pengembangan game nya😁👍, Sukses selalu untuk Hoyoverse dan Terima kasih atas kerja keras nya🔥😁😍👍",hoyoverse terima kasih subtitle id moga konsisten story fitur ide tarik kembang sukses hoyoverse terima kasih keras,Positive,Positive
game yang sangat bagus,bagus,Positive,Positive
best gacha game I've played since forever,best gacha ive played since forever,Positive,Positive
mantap sekaliw,mantap sekaliw,Positive,Positive
"gamplay expedisi nya terlalu membosankan,",gamplay expedisi bosan,Positive,Positive
sangat mantap,mantap,Positive,Positive
best hoyo game,best hoyo,Positive,Positive
"untuk dari segi gameplay, sangat bagus sekali dan menarik, alur ceritanya cukup bagus,",segi gameplay bagus tarik alur cerita bagus,Positive,Positive
cool game,cool,Positive,Positive
"gamenya bagus, tapi tolong tambahkan cutcene panel manga nya🙏",bagus tolong tambah cutcene panel manga,Positive,Positive
gamenya seru,seru,Positive,Positive
grafik gamenya bagus dan agennya juga bagus semua,grafik bagus agen bagus,Positive,Positive
"maaf bagus sih animasi, gameplay, gift dan desain karakter YANG DULU WALAUPUN GOONABLE TAPI MEREKA GA HARUS TERBUKA DAN DESAIN TEMPLATE. sekarang mah HOTPANTS, ASETNYA GEDEIN. sisanya dengerin fans yang pengen karakter cowo lebih banyak mereka juga ada benernya loh.",maaf bagus animasi gameplay gift desain karakter goonable tidak buka desain template mah hotpants aset gedein sisa dengar fan pengin karakter cowok benernya loh,Positive,Positive
I love how you all are so ignorant and denial about criticism of your terrible character design.,love how you all are sok ignorant and denial about criticism of your terrible character design,Positive,Positive
server login nya susah perbaiki!,server login susah baik,Positive,Positive
"I got nothing to say, but I enjoy this game a lot compares to other hoyo game, modern style + arcade type of world I really love this combination.",got nothing sayang but enjoy this lot compares other hoyo modern style arcade type of world really love this combination,Positive,Positive
game nya sangat hd jadi bisa bisa hp saya jadi mesin cukur,hd hp mesin cukur,Positive,Positive
JuFuFu Sangat imut sekali Sama agent lainnya story nya benar benar mantap dan sangat menikmati,jufufu imut agent story mantap nikmat,Positive,Positive
ini game kompatibilitasnya oke banget dah,kompatibilitas oke deh,Positive,Positive
Seru,seru,Positive,Positive
semoga bertahan,moga tahan,Negative,Positive
Berikan Character Yang Mempunyai Aset Yang SANGAT BESAR 😋😋 Dan Menarik Dan Memiliki Skill Yang Unik Dan Menarik Dan Bisa Menjadi DPS Terbaik Saat Dalam Pertempuran Melawan Ether,character aset tarik milik skill unik tarik dps baik tempur lawan ether,Positive,Positive
the best game sih🤭,the best,Positive,Positive
thank you,thank you,Positive,Positive
"Animasi Keren, Alur Seru, Karakter Mantap",animasi keren alur seru karakter mantap,Positive,Positive
gamenya bagus,bagus,Positive,Positive
"1. Story season 2 is absolute MID 2. Banyue, Manato, SBilly got dirty treatment 3. Female character is always being master love bait or same design? don't worry this game just plan B hoyovers when genshin is gonna end soon",story season is absolute mid banyue manato sbilly got dirty treatment female character is always being master love bait same design dont worry this just plan hoyovers when genshin is gon na end soon,Positive,Positive
"overall bagus dari semua aspek, paling yang harus di benerin cuman masalah suttering aja sih karna mau kita pake HP high end juga suttering ini kerasa banget. jadi optimasi lagi di situ aja",overall bagus aspek benerin cuman suttering pakai hp high end suttering rasa optimasi situ,Positive,Positive
bagus,bagus,Positive,Positive
gacor,gacor,Positive,Positive
"best hoyo game inimah, diantara game hoyo yg lain ini yg paling ramah f2p",best hoyo inimah hoyo ramah fp,Positive,Positive
"jujur aja ini bagus bangett tapi yang kurang itu cuman pas ngecek data,ngecek nya lama banget",jujur bagus kurang cuman pas ecek datangecek,Positive,Positive
characters collab when?,characters collab when,Positive,Positive
overall udah bagus lah udah main dari 1.5 sangat memuaskan,overall bagus muas,Positive,Positive
gatcha rateoff 🤡,gatcha rateoff,Positive,Positive
"game ini bagus, dari story, design, map, dll. dari grafiknya sudah bagus, mungkin antileasingnya yang kurang. menurut ku ini game cocok untuk main story, dan game ini harus pake HP/PC spek yang bagus atau lebih tinggi agar saat main TIDAK NGELAG, segitu saja dari ku. mungkin antileasingnya saja yang kurang, terimakasih",bagus story design map dll grafik bagus antileasingnya kurang ku cocok story pakai hppc spek bagus tinggi tidak ngelag segitu ku antileasingnya kurang terimakasih,Positive,Positive
trash,trash,Positive,Positive
banyak MBG saya suka,mbg suka,Positive,Positive
"zzz kok lama download data nya ya di GI ukurannya lebih besar malah cepat, aneh. tapi gamenya bagus dan keren sih",download data gi ukur cepat aneh bagus keren,Positive,Positive
best cuy,best cuy,Positive,Positive
bagus,bagus,Positive,Positive
nice one,nice one,Positive,Positive
terima kasih game baik 😭👍,terima kasih,Positive,Positive
aku nak cloud kek gensin,nak cloud gensin,Positive,Positive
seru,seru,Positive,Positive
game gooners,gooners,Positive,Positive
"i hope this can reach 4,8 at least i love this game",hope this can reach at least love this,Positive,Positive
"Suami furrynya mantap2, tambah lagi Chara furry ya dev",suami furrynya mantap chara furry dev,Positive,Positive
Cerita nya menarik dan gameplay yang menarik,cerita tarik gameplay tarik,Positive,Positive
gemenya seru tapi karna hp ku gak kuat aku kasih bintang 1 dan kasih bintang 5 kalau aku di kasih iPhone 17 pro max,gemenya seru hp ku tidak kuat kasih bintang kasih bintang kasih iphone pro max,Positive,Positive
Game terbaik & Battle terbaik,baik battle baik,Positive,Positive
"saya sangat suka game ini, gameplay cepat, banyak referensi, hadiah yang melimpah dan berbagai mekanik yang sangat seru.",suka gameplay cepat referensi hadiah limpah mekanik seru,Positive,Positive
grafik semi retro yang menarik dan combat style yang unik,grafik semi retro tarik combat style unik,Positive,Positive
Fav game,favorit,Positive,Positive
sangat bagus charakternya,bagus charakternya,Positive,Positive
game baguss gkbkya sebelah,bagus gkbkya belah,Positive,Positive
"ni game bagus banget, karakter bagus semua, gameplay mantepp satisfying, animasi game paling bagus diantara game anime lainnya mau animasi ulti maupun animasi biasanya, story bagus banget pendalaman karakter rapii luar biasa, bansos gratis sangat banyak jadi ramah untuk free to play, translate bahasanya mudah dipahami overall baguss semua, paling perlu ditingkatkan lagi kestabilan gamenya mungkin faktor utamanya pasti divice saya tapi lebih optimalkan lagi dan jaga konsisten storynya sekian",bagus karakter bagus gameplay mantap satisfying animasi bagus anime animasi ulti animasi story bagus dalam karakter rapi bansos gratis ramah free play translate bahasa mudah paham overall bagus tingkat stabil faktor utama divice optimal jaga konsisten storynya sekian,Positive,Positive
grafik enak gemplay juga nyaman kalau main zzz lancar,grafik gemplay nyaman lancar,Positive,Positive
"tolong lah diperbaiki sinyal saat ingin login, saya selalu stack, sinyal saya bagus",tolong baik sinyal login stack sinyal bagus,Positive,Positive
mantap,mantap,Positive,Positive
PERFECT,perfect,Positive,Positive
"Desain karakter akhir-akhir ini kurang menarik buat digacha, aku termasuk suka pull karakter yg menurutku cantik dan punya desain yg bagus, bakal balik main kalo Sigrid playable ✌️",desain karakter akhirakhir kurang tarik digacha suka pull karakter turut cantik desain bagus sigrid playable,Positive,Positive
sangat seru untuk dimainkan 👍,seru main,Positive,Positive
"suka gamenya tapi, gak suka panas : )",suka tidak suka panas,Negative,Positive
i really like the combat and how straight forward the story is! the amount of polychromes/pulls they give each patch are very generous too ^_^,really like the combat and how straight forward the story is the amount of polychromespulls they give each patch are very generous too,Positive,Positive
Peak game ✋😎🤚,peak,Positive,Positive
"wih gamenya, keren gak ada obat. grafiknya bagus, dan hd, banyak karakternya, sampe bisa dapat karakter s rank, dan gameplaynya cukup Gambang, ditambah alur ceritanya seru🔥😍",wih keren tidak obat grafik bagus hd karakter karakter rank gameplaynya gambang tambah alur cerita seru,Positive,Positive
"Sekali sekali rilis karakter tuh yang desainnya elegan gitu lohh, males banget",rilis karakter tuh desain elegan lo malas,Positive,Positive
good,good,Positive,Positive
"Dri segi gameplay, story, udh bgus bngt, minesnya di model character, tolong blikin model char yg lebih bervariasi + tertutup seperti season 1 dulu, sama perbanyak char cowo. Udh sih itu aja ✌️.",segi gameplay story bagus mes model character tolong blikin model char variasi tutup season banyak char cowok,Positive,Positive
kikir banget jir,kikir jir,Positive,Positive
untuk story 2.8 terbilang cukup bagus tolong pertahankan story kaya gini kedepan nya,story bilang bagus tolong tahan story depan,Positive,Positive
"game tergokil dari yang tergokill, bikin update yang baguss terusa Yakk dan banyakin event gratis yang menguntungkan player gratisan😹😹",tergokil tergokill bikin update bagus rusa banyak event gratis untung player gratis,Positive,Positive
"game nya bagus optimalisasi nya ok,cuman kurang pas main ye shuan aja kadang frame drop kalau main dia,sisanya dah ok",bagus optimalisasi okcuman kurang pas ye shuan kadang frame drop diasisanya deh ok,Positive,Positive
"game rpg semi open paling seru menurut gw, top bintang 5",rpg semi open seru top bintang,Positive,Positive
i love this game,love this,Positive,Positive
"Gamenya bagus , mudah Pity yg bagus setelah 90 spin lebih",bagus mudah pity bagus spin,Positive,Positive
"Combat nya seru sih, cmn kadang suka ngcrash -_'",combat seru cuman kadang suka ngcrash,Positive,Positive
Tolong desain Lady Sunbringer diperbaiki,tolong desain lady sunbringer baik,Positive,Positive
grafik bagus optimalisasi juga bagus mekanik mudah dipelajari dan tidak kikir,grafik bagus optimalisasi bagus mekanik mudah ajar tidak kikir,Positive,Positive
bagus,bagus,Positive,Positive
"panjang""game baik",panjanggame,Positive,Positive
bagus untuk story dan lainnya... untuk kedepannya bisa lebih ditambah lagi untuk eventnya,bagus story depan tambah eventnya,Positive,Positive
"udah setahun main ni game dan jujur untuk pengalaman yang lumayan lama bagi saya game nya sangat baguss, saya sangat suka dengan combat, story, dan agent""nya, pokoknya game nya sngat baguss dan rekomend untuk yang mau cobainn👍",tahun jujur alam lumayan bagus suka combat story agentnya pokok sngat bagus rekomend cobainn,Positive,Positive
"Oke ini sekarang udh keren bangettttt!!! sumpah saya gak bisa berkata-kata dalam game ini, heronya, storynya, pokokmen itu detail dan apik pwoll",oke keren sumpah tidak berkatakata hero storynya pokokmen detail apik pwoll,Positive,Positive
"Game nya sangat bagus, Gameplay nya menarik, Karakter2 nya mantap... optimalisasi lagi dong, biar makin Joss",bagus gameplay tarik karakter mantap optimalisasi biar joss,Positive,Positive
absolute goon 10/10,absolute goon,Positive,Positive
mantap. saya suka story di versi 2.8 ini. penutup yang sangat mantap! semoga kedepanya penulisan cerita zzz semakin bagus seperti ini tidak bertele-tele dan berbelit-belit lagi.,mantap suka story versi tutup mantap moga depa tulis cerita bagus tidak berteletele berbelitbelit,Positive,Positive
bagus,bagus,Positive,Positive
ini game terbaik menurut ku sih soalnya menurut ku story nya keren apalagi banyak bansos,baik ku ku story keren bansos,Positive,Positive
all good,all good,Positive,Positive
"My first rating is 5, i played from 1.0 patch, and now i think i give it 2, My reason is because the character design is too monotonous and changes the existing initial design such as Lady Sunbringer, I hope the developer listens to the player's opinion and makes improvements.",my first rating is played from patch and now think give my reason is because the character design is too monotonous and changes the existing initial design such as lady sunbringer hope the developer listens the players opinion and makes improvements,Positive,Positive
bagus,bagus,Positive,Positive
Nice Game,nice,Positive,Positive
Nice game,nice,Positive,Positive
udah bagus banget,bagus,Positive,Positive
terus tingkatkan kualitas operasionalnya biar hp menengah masih bisa main,tingkat kualitas operasional biar hp tengah,Positive,Positive
"suka banget sama combatnya, parry nya juga candu banget, event nya juga seru seru, suka banget sama ini game",suka combatnya parry candu event seru seru suka,Positive,Positive
Absolute Gameplay,absolute gameplay,Positive,Positive
"Jujur ini salah satu game terbaik yang pernah saya mainkan☺. Tapi saya juga heran dengan orang yang complain karena desain karakter yang tidak sesuai dengan harapan mereka, padahal karakternya aja belum rilis tapi udah diprotes ama dia😒. Orang kek gitu banyak maunya. Intinya game ini baguslah👍, cuman beberapa pemainnya ada yang banyak mau.",jujur salah baik main heran complain desain karakter tidak sesuai harap karakter belum rilis protes mau inti bagus cuman main,Negative,Positive
semuanya sudah bagus hanya saja semenjak sekarang telah di tetapkan top up region lock saya jadi tidak sanggup top up lagi karena kemahalan🥹,bagus semenjak tetap top up region lock tidak sanggup top up mahal,Positive,Positive
game terkeren menurut ku,keren ku,Positive,Positive
"comeback buat liat sekeren apa lady sunbringer malah dikasih yang terbuka , bintang 5 ntr kalo pas rilis jadi lebih keliatan baddas sunbringer nya",comeback keren lady sunbringer kasih buka bintang entar pas rilis baddas sunbringer,Positive,Positive
"repetitive design, lack of diversity of character, worst balancing endgame, worst balancing character's powers, too many false advertising",repetitive design lack of diversity of character worst balancing endgame worst balancing characters powers too many false advertising,Positive,Positive
low device is not allowed 😭,low device is not allowed,Positive,Positive
ABSOLUTE PEAKKKKK,absolute peak,Positive,Positive
game kontol,kontol,Negative,Positive
bagus,bagus,Positive,Positive
"Would love to play this game again when they finally work with the character designs. It used to be unique,but noooo they just have to make it all just copy and paste. I don't mind a revealing character, but hyv needs to understand that a character can be fully covered up and still loved by many because of that character itself. Take a look at firefly and how much people loved her since her very first appearance in hsr. I hope ZZZ will get back to their unique charms again.",would love play this again when they finally work with the character designs used be uniquebut no they just have pakai all just copy and paste dont mind revealing character but hyv needs understand that character can be fully covered up and still loved by many because of that character itself take look at firefly and how much people loved her since her very first appearance hsr hope will get back their unique charms again,Positive,Positive
"baru saja meliat apa yang akan saya hadapi di Season 3, tolong perbaiki desain karaktermu itu, dengarkan fanbase mu yang mengkritik dengan bagus, hal ini membuat saya makin malas untuk bermain dengan desain baru yang generik itu",liat hadap season tolong baik desain karakter dengar fanbase mu kritik bagus malas main desain generik,Positive,Positive
"desain karakter makin nguawur, makin telanjang. ini game dah menjauh dari core design art style ny",desain karakter nguawur telanjang deh jauh core design art style,Positive,Positive
DESAIN KARAKTERNYA BAGUS BGT😋😋😋,desain karakter bagus,Positive,Positive
FIX YOUR DESIGN! WE ARE NOT GOONERS,fix your design we are not gooners,Positive,Positive
udh jadi gim gooner,gim gooner,Positive,Positive
ohhh my godddd.... fire all season 2 writers fire all season 3 character designers... how TF did you guys come up with WORSE designs after Promeia???? 😭 cs is useless because you guys CLEARLY DON'T LISTEN 💀 at least come up with actual goongem instead of goonslop,oh my god fire all season writers fire all season character designers how tf did you guys come up with worse designs after promeia cs is useless because you guys clearly dont listen at least come up with actual goongem instead of goonslop,Positive,Positive
"Character design just gets worse and worse for every patch. They never listen to us, at this point just EOS and no one will care",character design just gets worse and worse for every patch they never listen us at this point just eos and no one will care,Positive,Positive
game bagus buat gooners 🥀,bagus gooners,Positive,Positive
aku cinta game ini ❤😍,cinta,Positive,Positive
bagus,bagus,Positive,Positive
"secara gameplay dan combat ok bagus mantab secara story juga bagus tapi ya kadang ada beberapa bug kek dialog nya terulang kembali, beberapa objek ilang, dan butuh waktu lebih dari 3 detik mungkin satu transisi. mungkin divice aku aja yang kureng atau gimana tapi game nya udah lumayan oke banget meski di mobile butuh dioptimalkan lagi",gameplay combat ok bagus mantab story bagus kadang bug dialog ulang objek hilang butuh waktu detik transisi divice reng lumayan oke mobile butuh optimal,Positive,Positive
"segi story, bansos ama karakter nya dah bagus sih. gw kasih bintang 4 karena HP gw kentang jadinya ngelag main ni game🗿🗿",segi story bansos karakter deh bagus kasih bintang hp kentang ngelag,Positive,Positive
apa apaan dengan optimasi ini?!! ini sangat bagus🔥🔥,optimasi bagus,Positive,Positive
trash,trash,Positive,Positive
"Cara mainnya enak, story lumayan, ekspresi on point karakter bagus bagus!!!",main story lumayan ekspresi on point karakter bagus bagus,Positive,Positive
game buriq,buriq,Positive,Positive
"Gameplay nya seru, animasi Parry nya bagus, meriah, cerita nya ga terlalu ribet, animasi Parry nya bagus, ramah newbie, event nya ga boring, animasi Parry nya bagus, end game seru dan ga menuntut kesempurnaan, dan animasi Parry nya keren sih.",gameplay seru animasi parry bagus riah cerita tidak ribet animasi parry bagus ramah newbie event tidak boring animasi parry bagus end seru tidak tuntut sempurna animasi parry keren,Positive,Positive
game terseru untuk saat ini,seru,Positive,Positive
"game bagus tapi berat banget kalo eksplorasi, tidak seperti kakaknya Genshin atau Honkai",bagus berat eksplorasi tidak kakak genshin honkai,Positive,Positive
mantap,mantap,Positive,Positive
Kenyang bansos 😛,kenyang bansos,Positive,Positive
trash as hell,trash as hell,Positive,Positive
Semoga bagus,moga bagus,Positive,Positive
game gooner final bos,gooner final bos,Positive,Positive
cepetin shunguang sama miyabi rerun ntar ku kasih B5😹,cepetin shunguang miyabi rerun entar ku kasih,Positive,Positive
good,good,Positive,Positive
love the story,love the story,Positive,Positive
Game ini sangat bagus grafik nya sangat bagus tetapi tolong buat developer untuk lebih manusiawi gacha agennya ya dan hadiah event-event yang ada di game ini,bagus grafik bagus tolong developer manusiawi gacha agen hadiah eventevent,Positive,Positive
KIKIR,kikir,Positive,Positive
"Tolong perbaiki lagi gamenya terkadang force close sendiri, device tablet Xiaomi pad 6s pro. ayolah optimalkan gamenya donk",tolong baik terkadang force close device tablet xiaomi pad pro ayo optimal,Positive,Positive
Ini game forno,forno,Positive,Positive
super great,super great,Positive,Positive
storynya kepanjangan,storynya panjang,Positive,Positive
this was a Relly nice game but i Miss when Zhao was being free Soo i hope you release the Baner because i really need that cute fluffy pink rabit,this was relly nice but miss when zhao was being free soo hope you release the baner because really need that cute fluffy pink rabit,Positive,Positive
Lebih bagus dari kikir impact,bagus kikir impact,Positive,Positive
dari segi game play nya seru cuma minta tambahin event nya aja.sama di lancarin lagi game nya.kadang kadang sering kekuar sendiri,segi play seru tambah event ajasama lancarin nyakadang kadang kuar,Positive,Positive
best gooner game walaupun graphic di mobile kurang tapi gameplay bagus,best gooner graphic mobile kurang gameplay bagus,Positive,Positive
"tolong banget nih hoyo, tolong lebih profesional dalam mendesain karakter, lebih kreatif, pilih ilustrator untuk bagian desain karakter dengan benar, promia, lucia, cissia, yidhari adalah karakter dengan desain terburuk",tolong hoyo tolong profesional desain karakter kreatif pilih ilustrator desain karakter promia lucia cissia yidhari karakter desain buruk,Positive,Positive
Thanks for the S Rank Billy I'm gonna clank him,thanks for the rank billy im gon na clank him,Positive,Positive
"thanks telah di fix Bug versi 2.7, sekarang main jadi lebih smooth, di highest.",thanks fix bug versi smooth highest,Positive,Positive
tambahin fitur ON/OFF HITSTOP nya dong,tambah fitur onoff hitstop,Positive,Positive
game nya bagus dari segi story nya bagus semangat ya,bagus segi story bagus semangat,Positive,Positive
"game nya bagus tapi,kok sejak dari v 2.0 sampai sekarang kok sering patah ²dah padahal hpnya sudah oke. mau grafik diturunkan rendah tetap sama aja. padahal main game yg lain enak aja pas main zzz patah/leg tolong dong di optimalin... biar seru mainnya tanpa kendala 🙏",bagus tapikok patah deh hpnya oke grafik turun rendah pas patahleg tolong optimalin biar seru main tanpa kendala,Negative,Positive
Game nya sangat bagus(⁠✯⁠ᴗ⁠✯⁠),bagus,Positive,Positive
loding data nyah lama benget tolong untuk dekloper untuk di perbaiki,loding data benget tolong dekloper baik,Positive,Positive
gamenya seru euy,seru euy,Positive,Positive
game bagus tapi agak berat di iqoo 15 saya,bagus berat iqoo,Positive,Positive
"kenapa di kasih lycaon, AOD ku 1 lagi padahal",kasih lycaon aod ku,Positive,Positive
"sejak pembaruan kok login ke akun Facebook tidak bisa, mohon di perbaiki",baru login akun facebook tidak baik,Positive,Positive
Gooner game😔🥀💔,gooner,Positive,Positive
nice game 👍👍🤝,nice,Positive,Positive
banyak my kisah inimah,my kisah inimah,Positive,Positive
"seru sih, gk kikir kayak game satunya",seru tidak kikir satu,Positive,Positive
keren,keren,Positive,Positive
add more jiggle physic,more jiggle physic,Positive,Positive
WE NEED CO-OP! 🗣🔥,we need coop,Positive,Positive
Sekarang di perangkat hp Infinix gt 30 pro ada stuttering saat battle,perangkat hp infinix pro stuttering battle,Positive,Positive
"game nya baik ,dan tidak Kikir ,agent nya juga montok saya suka",tidak kikir agent montok suka,Positive,Positive
keren:),keren,Positive,Positive
gamenya bagus cocok buat lagi nyantai,bagus cocok nyantai,Positive,Positive
mntap,mntap,Positive,Positive
"Game The Best, komunitas nya asik tapi banyak Furry nya jir😹😹",the best komunitas asik furry jir,Positive,Positive
walaupun sudah jarang main gamenya tapi overall bagus lah....,jarang overall bagus,Positive,Positive
terbaik,baik,Positive,Positive
kangen mode tv 🫠,kangen mode tv,Positive,Positive
anciiiiss bagus banget dari ceritanya gameplay-nya dll best game lah👍,anciss bagus cerita gameplaynya dll best,Positive,Positive
"Dari story, gameplay dan lainnya, saya sangat suka.",story gameplay suka,Positive,Positive
good,good,Positive,Positive
bagus min tambahin skin gapake baju,bagus min tambah skin tidak pakai baju,Positive,Positive
getting agent s with 50% is greed,getting agent with is greed,Positive,Positive
jern sih ini!,jern,Positive,Positive
bagus lah,bagus,Positive,Positive
Bagus,bagus,Positive,Positive
Masterpiece,masterpiece,Positive,Positive
kikir,kikir,Positive,Positive
Make optimized perfomance for samsung s25 fe. I play this game in low setting and still have many stutter and framedrop.,pakai optimized perfomance for samsung fe play this low setting and still have many stutter and framedrop,Positive,Positive
"gamenya bagus, tapi kenapa sepi di indo yak",bagus sepi indonesia,Positive,Positive
game gooning👍🏻,gooning,Positive,Positive
sebenernya seru cuman gacha nya aja yang enggak seru,seru cuman gacha seru,Positive,Positive
dev kenapa game nya pas loading keluar sendiri dari game nya 😭,dev pas loading,Positive,Positive
pog,pog,Positive,Positive
bagus bansos nya banyak ❤️💝💖,bagus bansos,Positive,Positive
game bagus ada my bini Zhu Yuan. lebih baik dari pada game EA kikir🤭🤭🤭,bagus my bini zhu yuan kikir,Positive,Positive
bagus,bagus,Positive,Positive
sunnaku woi😡,sunnaku woi,Positive,Positive
game yang bagus baget,bagus,Positive,Positive
Mimin tolong dong di perbaiki loading game nya masa terjadi kesalahan jaringan padahal jaringan saya bagus tolong di perbaiki!,admin tolong baik loading salah jaring jaring bagus tolong baik,Positive,Positive
worth it,worth,Positive,Positive
Terima kasih,terima kasih,Positive,Positive
yaaaa bagus,bagus,Positive,Positive
"banyak bansos, f2p suka",bansos fp suka,Positive,Positive
still the best game give me Aria pls,still the best give me aria pls,Positive,Positive
kasih lah keringanan untuk player baru dengan bansos yang banyak,kasih ringan player bansos,Negative,Positive
Diam kalian semua Dasar game P2w,diam dasar pw,Negative,Positive
keren,keren,Positive,Positive
"aku baru pertama kali main nih game,awal"" nya seru dan menarik.selepas keluar dari game dan masuk lagi kan lagi login ke server selalu keluar sendiri.udah coba beberapa kali tetap keluar.gimana nih hoyo....yg lain nya udah bagus tapi benerin dong....ini aku mau main nya gimana kalau keluar Mulu😭",gameawal seru menarikselepas login server sendiriudah coba keluargimana hoyoyg bagus benerin dongini mulu,Positive,Positive
"gamenya bagus, tapi perlu ditambahkan polynya",bagus polynya,Positive,Positive
mantep,mantap,Positive,Positive
connection issue,connection issue,Positive,Positive
seru,seru,Positive,Positive
game bagus dah pokonya,bagus deh pokok,Positive,Positive
game terbaik favorit pokoknya zzz I love you❤❤❤❤❤❤❤,baik favorit pokok love you,Positive,Positive
game mantap kalau bisa permudah lagi dapat poly chrome :v,mantap mudah poly chrome,Positive,Positive
ofc,ofc,Positive,Positive
MIYABI MY LOVEEEEEEE ❤,miyabi my love,Positive,Positive
good,good,Positive,Positive
"gamenya sangat bagus, btw banyakin bansosnya hehe",bagus btw banyak bansosnya hehe,Positive,Positive
"min saya mohon game nya di perbaiki lagi soalnya kalo main kadang gamenya suka force close, mungkin di beberapa device gak ada kendala kayak gitu tapi beberapa juga ada. jadi saya minta tolong di perbaiki lagi karena sangat menggangu kenyamanan bermain saya mungkin orang lain yang main juga. 😊🤧",min baik kadang suka force close device tidak kendala tolong baik menggangu nyaman main,Positive,Positive
i love you game zzz,love you,Positive,Positive
NICE HOYO,nice hoyo,Positive,Positive
kikir,kikir,Positive,Positive
2.6 is Disgusting and forced patch 🤮,is disgusting and forced patch,Positive,Positive
best mobile game,best mobile,Positive,Positive
"Game ini sangat bagus sekali dimainkan saat waktu luang🥲😭, grafik yang unik, mekanik yang seru, story yang makin mendebarkan, dan semangkin bayak yang menarik, TAPI SAYA HARAP BISA DI OPTIMALKAN BUAT PERANGKAT PONSEL YANG....YA BEGITULAH",bagus main waktu luang grafik unik mekanik seru story debar semangkin bayak tarik harap optimal perangkat ponsel yangya,Positive,Positive
"bagus banyak karakter unik, meskipun ngumpulin bahan gachanya agak susah tapi terbayarkan dengan mendapatkan karakter yang waifuable",bagus karakter unik ngumpulin bahan gachanya susah bayar karakter waifuable,Negative,Positive
Good Game,good,Positive,Positive
all good for me,all good for me,Positive,Positive
best game,best,Positive,Positive
"aku pindahan dari genshit impek, di zzz banyak karakter yang fresh dan karakternya wangi boing-boing, gameplay ramah buat orang sibuk kerja, nggak kikir 😻",pindah genshit impek karakter fresh karakter wangi boingboing gameplay ramah sibuk tidak kikir,Positive,Positive
game terbaik👍💯 story yg sangat bagus 👍,baik story bagus,Positive,Positive
"game bagus, saya enjoy sekali memainkan game zzz karena boing boing",bagus enjoy main boing boing,Positive,Positive
Best Game In Hoyoverse,best hoyoverse,Positive,Positive
"tiba tiba gamenya suka ngeframe padahal device saya sudah support, main genshin & HSR rata kanan bisa tapi tiba tiba zzz update 2.6 suka ngeframe meski grafik sudah saya coba turunkan, mohon Diperbaiki untuk kenyamanan player",suka ngeframe device support genshin hsr rata kanan update suka ngeframe grafik coba turun baik nyaman player,Positive,Positive
mantap,mantap,Positive,Positive
Game Hoyo paling mudah untuk dimainkan dan sangat bagus gameplay nya. serta bansos gamenya yang terlalu banyak. SEHAT SEHAT GAME BAIK🥰🥰🥰,hoyo mudah main bagus gameplay bansos sehat sehat,Positive,Positive
game nya bagus dikarenakan yang di render susunya,bagus render susu,Positive,Positive
i love this game🤩🤩🤩,love this,Positive,Positive
grafik oke bansos Oke kalo udah ngfrem OKE banget sih terimakasih ADIOS APA?YA NGGAK TAU,grafik oke bansos oke ngfrem oke terimakasih adios apaya tidak tau,Positive,Positive
Give me a character with the appearance and feel like Acheron. And voice actors like Acheron both English and Mandarin and also my favorite voice actor Japanese Miyuki Sawashiro,give me character with the appearance and feel like acheron and voice actors like acheron both english and mandarin and also my favorite voice actor japanese miyuki sawashiro,Positive,Positive
"gameplay dan visual dari game ini sudah tergolong sangat bagus, masalah optimalisasi dari versi sebelumnya sudah mulai diatasi dan terasa lebih optimal, semoga terus ditingkatkan kedepannya",gameplay visual golong bagus optimalisasi versi atas optimal moga tingkat depan,Positive,Positive
mana sunna nya >:(,sunna,Positive,Positive
perfect,perfect,Positive,Positive
"game seru ngilangin gabut, apalagi suara sfx nya yang renyah ditambah cutscene yg cinematic banget love you zzz 👍🔥",seru hilang gabut suara sfx renyah tambah cutscene cinematic love you,Positive,Positive
padahal seru game nya tapi masuk nyavsusah,seru nyavsusah,Positive,Positive
gem ya bagusss semoga nanti bisa lebih baik lagi gem yaa,gem bagus moga gem,Positive,Positive
peak games🔥🔥,peak games,Positive,Positive
oke,oke,Positive,Positive
"Terimakasih gaem baik zzz, karena kamu aku menang rate off terus sampe streak 7x termasuk w engine. aku kalah singnature cuman 1x terus dikasih wangi terus hehe, semoga gachaku wangi dan baik terus. semoga aku mendapatkan Full AOD lalu aku rehat tidak gacha lagi karena sudah bagus. semoga zzz sehat selalu diberikan bansos lancar terus hehe terimakasih ke sekian kalinya",terimakasih gaem menang rate off streak engine kalah singnature cuman kasih wangi hehe moga gachaku wangi moga full aod rehat tidak gacha bagus moga sehat bansos lancar hehe terimakasih sekian kali,Positive,Positive
event hari ini tidak bagus,event tidak bagus,Positive,Positive
Love it.,love,Positive,Positive
gamenya bagus story nya bikin gue ngakak dikit ya walaupun situasinya lagi tegang 🗿🗿,bagus story bikin akak dikit situasi tegang,Positive,Positive
"I like the game, the story is good and the graphics are also good.",like the the story is good and the graphics are also good,Positive,Positive
no comment best game ever..,no comment best ever,Positive,Positive
jenis-jenis Zero seru dan heronya cantik-cantik dan ganteng-ganteng,jenisjenis zero seru hero cantikcantik gantengganteng,Positive,Positive
best game. gass terus dev ZZZ,best gass dev,Positive,Positive
overall is amazing,overall is amazing,Positive,Positive
"game fan servis terbaik yang pernah w mainin, gooner senang",fan servis baik mainin gooner senang,Positive,Positive
Rent a agents,rent agents,Positive,Positive
keren banget sumpah grafik nya memanjakan mata 👀,keren sumpah grafik manja,Positive,Positive
"saya player baru sejak Desember dan saya langsung mendapatkan banyak karatker tier s,intinya game ini ramah newbie,ada sistem parry,story peak bgt",player desember karatker tier sintinya ramah newbieada sistem parrystory peak,Positive,Positive
"jujur ini game bagus banget, yang bagus cuma bagian tempur doang 🤭😆😂",jujur bagus bagus tempur doang,Positive,Positive
game pembaik,baik,Positive,Positive
"Menurut gue bagus sih tapi plisss lah admin Hoyo ini kenapa dah Miyabi gue makin kena nerf sama Yi Xuan dan Ye Shunguang?😭 minimal Miyabi kasih buff lagi lahhh, kasih skin juga kalo perlu, plisss lahhh admin Miyabi tuh char masterpiece woyyy, kasihlah up char biar makin overpower, apa-apaan char baru Ye Shunguang yang dari story aja masih agak kurang tapi bisa nyaingin Miyabi? keren sih tapi gue gak terima, dari segi story Miyabi lebih pantas dapet up character",bagus plis admin hoyo deh miyabi nerf yi xuan ye shunguang minimal miyabi kasih buff kasih skin plis admin miyabi tuh char masterpiece woy kasih up char biar overpower apaapaan char ye shunguang story kurang nyaingin miyabi keren tidak terima segi story miyabi up character,Positive,Positive
"Semuanya sangat bagus, terimakasih HoYoverse sudah menemani hari-hari ku, semoga game nya bertahan lebih lama lagi.. OK👍",bagus terimakasih hoyoverse tani harihari ku moga tahan ok,Positive,Positive
"bagus banget storynya, dari semua game story yang gw mainin ini yang paling bagus sih, gw bahkan bisa nangis di setiap chapternya wkwkwk",bagus storynya story mainin bagus menang chapternya wkwkwk,Positive,Positive
"Game bagus banyak bansos, story ny lumayan cuman satu aj kadang² ngebug pas gameplay ny.",bagus bansos story lumayan cuman kadang ngebug pas gameplay,Positive,Positive
"game bagus,suka sama gameplay nya",bagussuka gameplay,Positive,Positive
aku mau Ellen joe!!!,ellen joe,Positive,Positive
good game nice game,good nice,Positive,Positive
i love the graphics and the physics too.,love the graphics and the physics too,Positive,Positive
mantap gacor,mantap gacor,Positive,Positive
"aku kira game ini game fans servis aja ternyata bounding karakternya seru banget buat dimainin, aku ngerasa kayak mereka temen ku sendiri sekarang. btw kapan bansos lagi?🤭",fan servis bounding karakter seru dimainin teman ku btw bansos,Positive,Positive
cool,cool,Positive,Positive
bagus semoga ada kemajuan,bagus moga maju,Positive,Positive
asli ini game lebih seru dari pada game sebelah! semoga di patch 2.6 bisa lebih bagus dari patch yang sekarang ini! makasih Dev! 5⭐,asli seru belah moga patch bagus patch terima kasih dev,Positive,Positive
seruu,seru,Positive,Positive
Gud,gud,Positive,Positive
"Game ini memiliki gameplay yang menarik dan jalan cerita yang bagus, dengan grafis yang cukup bagus. Kontrolnya responsif dan memberikan pengalaman bermain yang menyenangkan, meskipun ada beberapa kekurangan kecil. Secara keseluruhan, game ini seru dan layak untuk dimainkan.",milik gameplay tarik jalan cerita bagus grafis bagus kontrol responsif alam main senang kurang seru layak main,Positive,Positive
"story season 2 is boring asf, cutting new character banner is hella dissapointed cz not everyone cares about master love character, generous but then forgot about this market game actually mixed between female and not just male audience",story season is boring asf cutting new character banner is hella dissapointed cz not everyone cares about master love character generous but then forgot about this market actually mixed between female and not just male audience,Positive,Positive
best,best,Positive,Positive
sehat selalu game baik,sehat,Positive,Positive
plzz...i love this game but plzz don't make the memory get bigger and bigger.i'm trying to enjoy the game,plzzi love this but plzz dont pakai the memory get bigger and biggerim trying enjoy the,Positive,Positive
"sehat"" terus game baik semoga konsisten bansos nya dan optimisasi pada game nya lebih baik lagi",sehat moga konsisten bansos optimisasi,Positive,Positive
bagus animasinya juga bagus,bagus animasi bagus,Positive,Positive
Gamenya keren,keren,Positive,Positive
"story nya sudah benar2 bagus dari game kebanyakan, fanservice nya juga luar biasa,gameplay apa lagi, apalagi gw hoki bener, main satu tahun udah punya 19 char limited, woww",story bagus banyak fanservice biasagameplay hoki tahun char limited wow,Positive,Positive
"game nya seru,enak,petualangan nya seru bener bener bikin takjub. cuma saya nya aja yang males login",seruenakpetualangan seru bikin takjub malas login,Positive,Positive
mantap,mantap,Positive,Positive
gamenya seru banget,seru,Positive,Positive
"The First hoyogame i play, and i really enjoy it, good designs, animation, and gameplay, i just hope we'd get more PEAK story, especially like The Seed Agent Story, it was really good and really make me cry, good job Dev hope this game can be better than ever.",the first hoyogame play and really enjoy good designs animation and gameplay just hope wed get more peak story especially like the seed agent story was really good and really pakai me cry good job dev hope this can be better tahan ever,Positive,Positive
min kasih lah setiap seminggu dapet roll 2,min kasih minggu roll,Positive,Positive
Give more polycrome.,give more polycrome,Positive,Positive
best gacha game sejauh ini buat ku,best gacha ku,Positive,Positive
"game yang sangat bagus , mungkin bisa ditambahkan pengaturan lebih detail supaya bisa menyesuaikan agar game makin lancar dan nyaman dimainkan",bagus atur detail sesuai lancar nyaman main,Positive,Positive
wow,wow,Positive,Positive
"suka banget si sama mekanik battle di game ini, grafiknya juga menarik",suka mekanik battle grafik tarik,Positive,Positive
semoga kedepannya ada fitur kawin,moga depan fitur kawin,Positive,Positive
Great job,great job,Positive,Positive
tolong optimalisasi di mobile di perbaik lagi,tolong optimalisasi mobile baik,Positive,Positive
bagus,bagus,Positive,Positive
"I really like this game, starting from the storyline, the characters and others, but there is one thing missing, namely why can't we change our MC, if we could just change our MC it would be more enjoyable to get more into the story",really like this starting from the storyline the characters and others but there is one thing missing namely why cant we change our mc if we could just change our mc would be more enjoyable get more into the story,Positive,Positive
bagus,bagus,Positive,Positive
game berat kikir,berat kikir,Positive,Positive
game nya udah bagus tapi pas download data itu banyak banget tapi begitu grafik bagus overall bagus apa lagi si Jane behh🤤,bagus pas download data grafik bagus overall bagus jane behh,Positive,Positive
kapan opsi matiin bayangan,opsi matiin bayang,Positive,Positive
good,good,Positive,Positive
"gak kikir, bagus, grafiknya memuaskan",tidak kikir bagus grafik muas,Positive,Positive
"story terlalu repetitif,boring duluan sebelum sampai ke bagain karna yg dibawain cuma gitu gitu doang,udah gitu part yg sama diulang 4 5x.",story repetitifboring duluan bagain dibawain doangudah part ulang,Positive,Positive
minusnya cuma satu kadang masih suka ngefreez udah itu aja,minus kadang suka ngefreez,Positive,Positive
GEM HOYO TERBAIKKK,gem hoyo baik,Positive,Positive
ya seru,seru,Positive,Positive
enak di mainkan dan seru,main seru,Positive,Positive
i love this,love this,Positive,Positive
Game bagus gak kikir,bagus tidak kikir,Positive,Positive
"story di patch kali ini cukup mengecewakan untuk menutup season 2, malah lebih bagus story di season 1.",story patch kecewa tutup season bagus story season,Positive,Positive
goon game,goon,Positive,Positive
mantap render susu nya,mantap render susu,Positive,Positive
saya sangat suka sama inibgame,suka inibgame,Positive,Positive
"terbaik dah, banyak sekali bansos dan ramah f2p. semoga game ini selalu memperdulikan playernya dan selalu mendengarkan pendapat playernya",baik deh bansos ramah fp moga duli playernya dengar dapat playernya,Positive,Positive
aku suka zhao,suka zhao,Positive,Positive
"suka game perang, apalagi ada cewek 😍",suka perang cewek,Positive,Positive
"biasa ajh combatnya, gamenya juga pernah frezee 2 kali",combatnya frezee,Positive,Positive
semoga lekas sembuh,moga lekas sembuh,Positive,Positive
"game terbaik, bansos melimpah, gameplay terbaik",baik bansos limpah gameplay baik,Positive,Positive
absolute sinema,absolute sinema,Positive,Positive
bagus,bagus,Positive,Positive
animasinya bagus banget,animasi bagus,Positive,Positive
"terimakasih telah menambahkan fitur zoom character ,sehat- sehat game yang sangat mendengarkan saran player 👍🏻",terimakasih fitur zoom character sehat sehat dengar saran player,Positive,Positive
I want her character .Ye Shunguang. please miHoYo.I LOVE HOYOVERSE AND DAWEI,want her character ye shunguang please mihoyoi love hoyoverse and dawei,Positive,Positive
udh mulai membaik..,baik,Positive,Positive
bro this game is heavy bruh 35GB+ wth i know the more time i play this game the more heavy it will be :( well the game is good tho 😌,bro this is heavy bruh gb wth know the more time play this the more heavy will be well the is good tho,Positive,Positive
ini game bener bener bagus bansos nya tolong dibanyakin,bagus bansos tolong dibanyakin,Positive,Positive
"game terbaik sepanjang masa, makasih udah ngasih ysg + w engine nya🥰",baik terima kasih asih ysg engine,Positive,Positive
the auto rate-off gacha,the auto rateoff gacha,Negative,Positive
keren,keren,Positive,Positive
"gamenya bagus ama gameplay nya, tapi tolonglah hoyoverse gw kalo mau login pas verifikasi data malah keluar sendiri tolong ya hoyoverse segera diperbaiki bugnya",bagus gameplay tolong hoyoverse login pas verifikasi data tolong hoyoverse baik bugnya,Positive,Positive
Sehat sehat game baik,sehat sehat,Positive,Positive
"Menurut saya game nya bagus, mekanik game nya bagus, tambahin lagi bansos nya😁😁",bagus mekanik bagus tambah bansos,Positive,Positive
enjoy,enjoy,Positive,Positive
bagus banget coy apa lagi karakter yang 👌🏻,bagus coy karakter,Positive,Positive
"BAGUSS BANGET, lov Ellen",bagus lov ellen,Positive,Positive
good game,good,Positive,Positive
cuman kadang suka lag,cuman kadang suka lag,Positive,Positive
"game-nya bagus banget, W buat developernya makasih udah bikin game seabsolut ini. moga ada lebih banyak bansos lagi ya😋😋😋",bagus developer terima kasih bikin absolut moga bansos,Positive,Positive
makasi Hoyoverese telah membuat char Ellen joe,terima kasih hoyoverese char ellen joe,Positive,Positive
MY ISTRI YE SHUNGUANG😍😍,my istri ye shunguang,Positive,Positive
game gacha terbaik dan tidak kikir,gacha baik tidak kikir,Positive,Positive
wah mantap nih sekarang dialog yang tidak ada Voice actor bisa di skip. Terimah kasih karna sudah mendengarkan kami developer👍,mantap dialog tidak voice actor skip terimah kasih dengar developer,Positive,Positive
the bestlah,the bestlah,Positive,Positive
i love this game i'm a Gooner,love this im gooner,Positive,Positive
"sangat seru, aku berharap aku bisa memainkannya lagi",seru harap main,Positive,Positive
game nya bagus,bagus,Positive,Positive
"Game terbagus yang ku temukan eventnya lumayan menarik video dan animasinya bagus asalkan device nya bagus-bagus aja. semoga update seterusnya lebih baik lagi, makasih banget buat developer nya udah membuat game terbaik tahun ini🔥",bagus ku temu eventnya lumayan tarik video animasi bagus device bagusbagus moga update terima kasih developer baik tahun,Positive,Positive
game nya bagus dan keren,bagus keren,Positive,Positive
"bagus, cmn Lycaon gak pulang syyyyyyybaw",bagus cuman lycaon tidak pulang sybaw,Positive,Positive
game baik hati bansos no seret seret,hati bansos no seret seret,Negative,Positive
gamenya Bagus Grafiknya Keren Gamenya Juga Nyenangkan Sekali Karakternya Bagus²,bagus grafik keren nyenangkan karakter bagus,Positive,Positive
mode Co-op nya mantap banget 👍👍👍👍👍,mode coop mantap,Positive,Positive
"Game bagus, sumpah puas banget asli cocok buat player yang ga punya banyak waktu, daily simple ga sampai 5 menit Ramah F2P asalkan sabar nguli dan pinter2 nabung buat char yang dipengen, soalnya sekali patch bisa dapet kurang lebih 100 pull buat F2P, dan Makasih banget ZZZ di ANNIVERSARY DAPET KARAKTER S + SIGNYA GRATIS BISA DIPILIH #ZZZGAMEBAIK",bagus sumpah puas asli cocok player tidak waktu daily simple tidak menit ramah fp sabar nguli pintar nabung char ken patch kurang pull fp terima kasih anniversary karakter signya gratis pilih,Positive,Positive
nice combat....,nice combat,Positive,Positive
"udah bagus, kalo menurut ku, Gak terlalu kikir juga 😄🤏",bagus ku tidak kikir,Positive,Positive
Peak Ahh gameplay Rajin-rajin kasih bansos hoyo😋🙏🏿,peak ah gameplay rajinrajin kasih bansos hoyo,Positive,Positive
Baru main dikasih rate off pity 80+... YA UNINSTALL LAH.,kasih rate off pity uninstall,Negative,Positive
"Gamenya bagus, kualitas visualnya juga bagus, musiknya lumayan. tapi setelah update terbaru 2.5 gamenya jadi lebih sering forced closed, butuh 2 kali bahkan 3 percobaan cuman buat login doang, padahal di versi sebelumnya aman aman aja. tolong segera diperbaiki",bagus kualitas visual bagus musik lumayan update baru forced closed butuh coba cuman login doang versi aman aman tolong baik,Positive,Positive
thx udh bkin game sebagus ini,thx bikin bagus,Positive,Positive
game ini bagus,bagus,Positive,Positive
"sangat bagus, dan ada karakter kesukaan saya🤗",bagus karakter suka,Positive,Positive
game baik/bagus ☕🗿,baikbagus,Positive,Positive
games with the worst gacha rates.,games with the worst gacha rates,Negative,Positive
peak game,peak,Positive,Positive
"game bagus! bansos banyak,ramah f2p, gameplay Dan combat nya seru",bagus bansos banyakramah fp gameplay combat seru,Positive,Positive
gamenya sangat seruu namunn saya menggunakan device poco f6 dengan hyper os sangat sulit untuk bermain bagaimana solusinya ya?,seru namunn device poco hyper os sulit main solusi,Positive,Positive
"Tolong Untuk kendala jaringan di perbaiki, saya sudah bermain Honkai: Start rail dan Genshin Impact dan masalah jaringan bagus aja tidak perlu Ngulang dari awal untuk log-in tapi kasus game ini selalu ngulang dan sangat kesusahan untuk log-in",tolong kendala jaring baik main honkai start rail genshin impact jaring bagus tidak ngulang login ngulang susah login,Positive,Positive
tolong tambahkan fitur ganti mc di story,tolong tambah fitur ganti mc story,Positive,Positive
mantap kek gitu dong jangan jadi kikir kayak sebelah itu,mantap jangan kikir belah,Positive,Positive
maaf gachanya bagus kok,maaf gachanya bagus,Positive,Positive
goo(n)d game,goond,Positive,Positive
"game terbaik, goated🔥",baik goated,Positive,Positive
cras terus,cras,Positive,Positive
shiyu defense 2.5 anjrit... dev blunder. malah kesannya pay to win. gimana nasib f2p new player kalo difficulty nya begini...?,shiyu defense anjrit dev blunder kesan pay win nasib fp new player difficulty,Positive,Positive
"suka sekali dengan fitur haptik, main zzz lebih asik",suka fitur haptik asik,Positive,Positive
Seperti yang ku katakan di review sebelumnya... Hp ku tiba-tiba ngecrash. Sayang banget padahal gamenya keren. Palingan nanti kalo udah punya pc bagus aku comeback,ku review hp ku tibatiba ngecrash sayang keren paling pc bagus comeback,Positive,Positive
not bad lah nih game... saya suka animasinya👍👍,not bad suka animasi,Negative,Positive
bagus banget geme nya animasi suara bagus semua nya,bagus geme animasi suara bagus,Positive,Positive
game mantap karakter mantap story mantap gameplay mantap bansos mantap makasih game baik 🫰,mantap karakter mantap story mantap gameplay mantap bansos mantap terima kasih,Positive,Positive
okelah,oke,Positive,Positive
bagus banget,bagus,Positive,Positive
sehat sehat game baik,sehat sehat,Positive,Positive
Mantap zzz,mantap,Positive,Positive
"bagus banget gilak, kalo bisa bagian physicnya di bikin lebih smoth lagi dong😁",bagus gila physicnya bikin smoth,Positive,Positive
saya suka game ini mantap dah pokoknya👍,suka mantap deh pokok,Positive,Positive
fun game,fun,Positive,Positive
keren game Nya,keren,Positive,Positive
i love zzz,love,Positive,Positive
seru dan menarik,seru tarik,Positive,Positive
The best game I've ever played. keep the spirit up! 🔥,the best ive ever played keep the spirit up,Positive,Positive
game gooner no 1,gooner no,Positive,Positive
"nice game, banyak bansos",nice bansos,Positive,Positive
I Love ZZZ,love,Positive,Positive
The Best,the best,Positive,Positive
"dari story, gameplay, graphic, sound audio semuanya bagus, tapi untuk ukuran game hp terlalu berat. Saya sudah pake hp spek snapdragon 888 ram 16 meskipun di bilang lancar tpi tetap kurang. saran dari sya jika ada player yg ada dana mau main ato sudah maen lancar jaya mending pake laptop ato pc(mid-end/high-end). karena ini game butuh graphic pc seperti game"" Triple A",story gameplay graphic sound audio bagus ukur hp berat pakai hp spek snapdragon ram bilang lancar kurang saran player dana lancar jaya mending pakai laptop pcmidendhighend butuh graphic pc triple,Positive,Positive
kikir banget lu wok 😡,kikir wok,Positive,Positive
good game,good,Positive,Positive
mantap,mantap,Positive,Positive
optimisasi buat hp plz,optimisasi hp plz,Positive,Positive
mantaff win rate,mantap win rate,Positive,Positive
"mantap, agak berat tapi gameplay memuaskan, sering bansoss, jarang kalah rate off (di beberapa akun aja)",mantap berat gameplay muas bansoss jarang kalah rate off akun,Positive,Positive
game ramah,ramah,Positive,Positive
game nya ga terlalu kikir hampir sama kaya HSR gampang untuk dapetin untuk tiket gacha limitid nya gameplay keren satesfying saat nge parry musuh keren,tidak kikir hsr gampang tiket gacha limitid gameplay keren satesfying nge parry musuh keren,Positive,Positive
akhir tahun makin gyattt,tahun gyat,Positive,Positive
kita harus memiliki keyakinan yang BESAR~,milik yakin,Positive,Positive
"gamenya bagus karena konsep utamanya terasa sangat baru dibanding game lain sejenisnya--desain karakter keren dan ""baru""--konsep story yang rapi namun tetap seru nan kompleks--pengalaman build karakter sangat mudah, karena banyak cara untuk upgrade build karakter, terutama soal farming disk--dan meta masih terbilang ramah untuk F2P/Low Spender--saya update jadi 5* karena sudah ga pernah force close lagi dan thanks atas reward tahun baru nya, terima kasih dev",bagus konsep utama banding sejenisnyadesain karakter keren barukonsep story rapi seru nan komplekspengalaman build karakter mudah upgrade build karakter farming diskdan meta bilang ramah fplow spendersaya update tidak force close thanks reward tahun terima kasih dev,Positive,Positive
mantap,mantap,Positive,Positive
"game ini bagus banget, mulai dari gamplay nya yang unik,desain karakter nya juga bagus bagus, udah gitu banyak hadiah gratis yang bagus, cuma karakter laki nya dibanyakin juga ya kedepanya",bagus gamplay unikdesain karakter bagus bagus hadiah gratis bagus karakter laki dibanyakin depa,Positive,Positive
mana 160 jt lapangan kerj eh. 160× pull free yg kau janjikan,juta lapang kerj eh pull free kau janji,Positive,Positive
Peak,peak,Positive,Positive
pengalaman terbaik dalam game ini adalah semua aspek nya,alam baik aspek,Positive,Positive
support Dev zzz,support dev,Positive,Positive
dihh🥀🥀,dih,Positive,Positive
"The Gameplay, Combat System, And The Visual Is Insane I love it!!",the gameplay combat system and the visual is insane love,Positive,Positive
PEAK,peak,Positive,Positive
Mantap lah,mantap,Positive,Positive
besar nye😋,nye,Positive,Positive
gem nya seru,gem seru,Positive,Positive
Terbaik!!,baik,Positive,Positive
"grafis bagus, gameplay smooth dan menarik, gameplay juga user friendly untuk di mobile. kekurangan game ini ada kalo device player kurang bagus 🤣",grafis bagus gameplay smooth tarik gameplay user friendly mobile kurang device player kurang bagus,Positive,Positive
cringe,cringe,Positive,Positive
that's good game,thats good,Positive,Positive
"game paling ramah, baik, dermawan, sopan, mendengarkan player, 💓💓",ramah dermawan sopan dengar player,Positive,Positive
game nya bagus lancar banyak eventnya juga,bagus lancar eventnya,Positive,Positive
good,good,Positive,Positive
epik,epik,Positive,Positive
"suka banget sama game ny, dari visual bergaya anime, gameplay yg sangat menarik, dan yg paling kusuka dari mekanisme ""parry"" yg sangat satisfying🤩🤩",suka visual gaya anime gameplay tarik suka mekanisme parry satisfying,Positive,Positive
bagus banget update nya keren desainnya mantap dan sistem gachanya juga friendly bnget mantap dah pokoknya ini game,bagus update keren desain mantap sistem gachanya friendly mantap deh pokok,Positive,Positive
"game bagus, tapi paling yang kurang di peng optimalisasi nya doang sih. sisanya bagus",bagus kurang peng optimalisasi doang sisa bagus,Negative,Positive
gacor kang,gacor kang,Positive,Positive
"oke game ini benar-benar seru, tapi satu hal, tolong di optimalkan lagi grafik nya agar menjadi lebih ringan, beberapa orang ingin memainkan game ini tanpa harus merasakan overheat",oke benarbenar seru tolong optimal grafik ringan main tanpa rasa overheat,Positive,Positive
Good game,good,Positive,Positive
"bansosnya lancar, story nya juga keren, karakternya juga detail banget😋",bansosnya lancar story keren karakter detail,Positive,Positive
Gamenya benar-benar menyenangkan!,benarbenar senang,Positive,Positive
"Gameplay nya udh the best buat device menengah,tapi kalo mau kualitas high emng perlu dibandingkan Ama hp spek atas jadi untuk story game nya juga oke not bad,untuk saran jangan terlalu maen lama2 itu ngebuat hp ngedrop(kalo make grafis high+60fps)pokoknya rata kanan lah(tergantung devicenya kuat ap gk) jadi thanks bet game ZZZ approve kali Yo!!",gameplay the best device menengahtapi kualitas high banding hp spek story oke not baduntuk saran jangan ngebuat hp ngedropkalo pakai grafis highfpspokoknya rata kanan lahtergantung devicenya kuat tidak thanks approve,Positive,Positive
tah toh tah toh... dasar penerjemah jawa jawa jawaaaaaaa,teh teh dasar terjemah jawa jawa jawa,Positive,Positive
mantap dah,mantap deh,Positive,Positive
nice,nice,Positive,Positive
game seru,seru,Positive,Positive
Game terbaik hoyo untuk sekarang,baik hoyo,Positive,Positive
semangat terus game ramahh!!,semangat ramahh,Positive,Positive
"tolong tingkatkan resolusi rendering agar semakin hd, masih terlihat pixel please tambahkan opsi ultra rendering",tolong tingkat resolusi rendering hd pixel please tambah opsi ultra rendering,Positive,Positive
"gamenya seru banget, gameplay nya juga asik sekaligus menantang😉,aku berharap Game ini terus berkembang dan banyak pemain,dan juga rilis agen attack dengan attribute ice A rank 🥰",seru gameplay asik menantangaku harap kembang pemaindan rilis agen attack attribute ice rank,Positive,Positive
Gwe senang main game ini punya pengalaman kisah cerita yg banyak dan terharu,gwe senang alam kisah cerita haru,Positive,Positive
ok,ok,Positive,Positive
mantab,mantab,Positive,Positive
Nice game,nice,Positive,Positive
"game ini sangat seru, terutama gameplay nya yang enak di lihat 😝😋",seru gameplay,Positive,Positive
good game,good,Positive,Positive
gamenya bagus,bagus,Positive,Positive
beri kami easy pity.....🥀🥀🪼🪼,easy pity,Positive,Positive
"gamenya keren uy, setelah nunggu lama akhirnya bisa main juga nih game. 😭",keren uy tunggu,Positive,Positive
"Since version 2.0 was launched, this game has started to have several problems on Android, namely stuttering and uncomfortable gameplay on some devices with mediocre specifications.",since version was launched this has started have several problems on android namely stuttering and uncomfortable gameplay on some devices with mediocre specifications,Positive,Positive
lain kali kalo buat game jangan Kebagusan,jangan bagus,Positive,Positive
"game bagus tapi tolong kadang sering force close,saya kasih bintang 5 kalau sudah di perbaiki",bagus tolong kadang force closesaya kasih bintang baik,Positive,Positive
"Bilangin ke mihoyo, makasih udah ngasih bansos se mantap ini, aku sayang mihoyo 😁🥰",bilang mihoyo terima kasih asih bansos mantap sayang mihoyo,Positive,Positive
sangat gacorrr,gacor,Positive,Positive
"sehat-sehat game baik, semoga harumasa segera rerun ^^",sehatsehat moga harumasa rerun,Positive,Positive
I love harumasa asaba,love harumasa asaba,Positive,Positive
ABSOLUTE GAME ✋🏻💀🤚🏻,absolute,Positive,Positive
skill issue,skill issue,Positive,Positive
Banyak bansos = B5. trimakasih,bansos trimakasih,Positive,Positive
game nya bisa di jual,jual,Positive,Positive
"Terima kasih HoYoverse 🙏 ZZZ keren banget. Combat seru, story menarik, visual stylish, karakter cakep banget, dan musiknya asik. Main lama nggak bosen. Semoga ke depannya makin banyak update seru dan reward 😆🔥",terima kasih hoyoverse keren combat seru story tarik visual stylish karakter cakep musik asik tidak bosan moga depan update seru reward,Positive,Positive
gameplay bagus cerita bagus grafis bagus map bagus dan sangat dermawan tidak ada kekurangan👍,gameplay bagus cerita bagus grafis bagus map bagus dermawan tidak kurang,Positive,Positive
"kenyang bansos, thx Dev zzz",kenyang bansos thx dev,Positive,Positive
my favorite game,my favorite,Positive,Positive
sehat sehat game baik,sehat sehat,Positive,Positive
ini game sangat lah bagus,bagus,Positive,Positive
INI GAME BAGUS BANGET KALIAN WAJIB MAIN DEH,bagus wajib deh,Positive,Positive
SEHAT SEHAT GAME BAIK AHAHAH,sehat sehat ahahah,Positive,Positive
Nice game >_<,nice,Positive,Positive
mantap game nya bagus dan asyik desain karakter juga bagus apalagi alur ceritanya juga bagus banget saya suka game ini,mantap bagus asyik desain karakter bagus alur cerita bagus suka,Positive,Positive
gem paling a6 inimah,gem inimah,Positive,Positive
best,best,Positive,Positive
"STORY GOAT,KARAKTER AUTO KLAIM,RECOIL JANGAN DITANYA,BANSOS APALAGI.good job hoyo",story goatkarakter auto klaimrecoil jangan ditanyabansos apalagigood job hoyo,Positive,Positive
best,best,Positive,Positive
good,good,Positive,Positive
keren,keren,Positive,Positive
Kikir jembot,kikir jembot,Positive,Positive
gooner game,gooner,Positive,Positive
mantap lah pkoknya paling sih tambahin fitur zoom nya aja 👍,mantap pokok tambah fitur zoom,Positive,Positive
Buat gameplay di Hp Poco m6 lumayan lancar apalagi buat grafik medium - High,gameplay hp poco lumayan lancar grafik medium high,Positive,Positive
game yang bagus dan seru untuk saya yang ingin mekanik sulit dan Menantang semoga kedepannya makin banyak fitur dan Qol yang berguna,bagus seru mekanik sulit tantang moga depan fitur qol guna,Positive,Positive
i lov dis game❤️‍🩹,lov dis,Positive,Positive
muah,muah,Positive,Positive
"bagus dari segi gameplay, grafik, cerita, efek visual",bagus segi gameplay grafik cerita efek visual,Positive,Positive
"ini game peak banget bjir. character writing+story telling nya bagus, mekaniknya asik, mines optimalisasinya yg kureng. mohon buat lebih baik lagi🙏",peak bjir character writingstory telling bagus mekanik asik mes optimalisasi reng,Positive,Positive
Game anime terbaik yang saya mainkan,anime baik main,Positive,Positive
Gamenya seru i love ittt :D dari combat sama karakternya bagus2 menurutku,seru love combat karakter bagus turut,Positive,Positive
elen joe wleowlwowleo makasih ya,elen joe wleowlwowleo terima kasih,Positive,Positive
game nya sudah bagus tapi kadang suka ada leg dikit mungkin device saya yang Ttdk terlalu bagus tapi saya tetap enjoy main nya,bagus kadang suka leg dikit device ttdk bagus enjoy,Positive,Positive
game ini bagus tapi masih ada beberapa bug jadi tolong di perbaiki ya🙏,bagus bug tolong baik,Positive,Positive
(sebuah Keinginan) pada Anniversary yang akan datang Aku Berharap Hoyo Merilis Swimsuit Miyabi mengingat Fanbasenya yang Besar Suit ini Bisa Jadi Uang tambahan untuk pengembangan Lore/ZZZ yang akan datang,anniversary harap hoyo rilis swimsuit miyabi fanbasenya suit uang tambah kembang lorez,Positive,Positive
im fomo,im fomo,Positive,Positive
I love this game,love this,Positive,Positive
"untuk selebihnya bagu sih, cuman buat ulti karakter anby tiba-tiba HP gw crash. padahal ulti char yg lain aman-aman aja. kalo semisal HP gw yg kentang, ya kalo gw pake ulti char lain bakalan crash juga, tapi ini cuman buat char Anby aja. sementara gw kasih bintang 3, setelahnya kalo diperbaiki bintang 5. entah ini bug/HP gw yg kentang. tapi mantap buat grafik",lebih bagu cuman ulti karakter anby tibatiba hp crash ulti char amanaman hp kentang pakai ulti char crash cuman char anby kasih bintang telah baik bintang bughp kentang mantap grafik,Positive,Positive
mantep,mantap,Positive,Positive
game nya udah bagus banget tapi buat story dari 1.0 dulu udah bagus sampai sekarang udah sih aku main juga fokus ke bagian story dan fight nya sih itu udah bagus oh ya developer juga ga pelit bagus banget soal nya kebenyakan game developer nya pelit harus pay dulu baru dapet karakter kalo zzz mah ga.,bagus story bagus fokus story fight bagus oh developer tidak pelit bagus kebenyakan developer pelit pay karakter mah tidak,Positive,Positive
"REALLY BEST GAME, I AM BIG FANS ZENLEES ZONE ZERO 👍🔥🔥",really best big fan zenlees zone zero,Positive,Positive
game nya bagus kekurangannya cuma agak kikir walau emang hampir semua game open world gacha kikir material dan item untuk gachanya tapi ini game bagus story dan gameplaynya tapi plis my dompet kind a homeless bro,bagus kurang kikir open world gacha kikir material item gachanya bagus story gameplaynya plis my dompet kind homeless bro,Positive,Positive
keren,keren,Positive,Positive
It's a good game,its good,Positive,Positive
sangat tidak memuaskan,tidak muas,Positive,Positive
"optimalisasi dong hoyo, plis kalo aja ini game bagus optimalisasinya yakin yang maen lebih banyak dari genshill",optimalisasi hoyo plis bagus optimalisasi genshill,Positive,Positive
"saya suka jenis game yang tidak terlalu kompe dan santai seperti ini, grafiknya juga sudah cukup bagus walaupun grafiknya yang saya pakai low. Jadi game ini lumayan seru untuk saya",suka jenis tidak kompe santai grafik bagus grafik pakai low lumayan seru,Positive,Positive
Game Dontol,dontol,Positive,Positive
nice,nice,Positive,Positive
Bagus,bagus,Positive,Positive
keren habis,keren habis,Positive,Positive
lama loding nya,loding,Positive,Positive
power creep is not good,power creep is not good,Positive,Positive
good,good,Positive,Positive
"for the new patch, disappointed",for the new patch disappointed,Positive,Positive
sucu a perfect game,sucu perfect,Positive,Positive
"Need more optimization for minimum requirements (especially for low-spec chipset like dimensity 1100, 1200, etc)",need more optimization for minimum requirements especially for lowspec chipset like dimensity etc,Positive,Positive
mohon untuk pembaruan berikutnya tambahkan fitur zoom pada karakter dan optimalisasikan drop pada awal combat. semoga kedepannya bisa lebih bagus dan menyenangkan pemain 😊,baru tambah fitur zoom karakter optimalisasi drop combat moga depan bagus senang main,Positive,Positive
"This Game its ABSOLUTE AMAZING FIVE STAR REVIEWS WITH AMAZING LORE,AGENTS,AND EVEN NPC'S!!!! 🌟🌟🌟🌟🥰🥰🥰 JUST YK PLEASE LET ME BE MORE LUCKIER IN PULLS EARLY AND WINNING BOTH AGENTS AND WENGINE !!! ALRIGHT THANK YOU !!!💞💞💞💞",this its absolute amazing five star reviews with amazing loreagentsand even npcs just yk please let me be more luckier pulls early and winning both agents and wengine alright thank you,Positive,Positive
"uhmmm, guys? Where's shungguang's dub? 😭",uhm guys wheres shungguangs dub,Positive,Positive
"Grafiknya bagus, tapi setiap update kok makin ngelek ya😞",grafik bagus update ngelek,Positive,Positive
"bagus, game nya ada fitur skip, smooth cutscene nya, fps nya bisa unlimited, karakter nya mantep semua, sarang karbit, tidak kikir seperti genshin",bagus fitur skip smooth cutscene fps unlimited karakter mantap sarang karbit tidak kikir genshin,Positive,Positive
Waifu baru bintang baru,waifu bintang,Positive,Positive
Best game,best,Positive,Positive
"No backlog dialogue in daily conversation,no instant speed texts,no voice in character bond,sometimes it even not finished and already gone,no sweep,no instant when go to new place",no backlog dialogue daily conversationno instant speed textsno voice character bondsometimes even not finished and already goneno sweepno instant when go new place,Positive,Positive
i love lighter but they need to change his body model.,love lighter but they need change his body model,Positive,Positive
game sangat bagus,bagus,Positive,Positive
tingkatkan lagi story quality nya,tingkat story quality,Positive,Positive
mid,mid,Positive,Positive
gooning everytime,gooning everytime,Positive,Positive
good game,good,Positive,Positive
peak,peak,Positive,Positive
Makin ke sini makin keren nih game 😍🥰,keren,Positive,Positive
"best hoyogame so far, just keep up balance between powercrept n that hp inflation....",best hoyogame sok far just keep up balance between powercrept that hp inflation,Positive,Positive
i need moree,need moree,Positive,Positive
enjoying the story,enjoying the story,Positive,Positive
gamenya bagus seru. saya suka banget untuk animasi storynya bagus mulus. bagi para pencinta anime cocok main game ini. battle nya juga seru.,bagus seru suka animasi storynya bagus mulus cinta anime cocok battle seru,Positive,Positive
pliz kondisi kan pendeteksi jaringan sampea,pliz kondisi deteksi jaring sampea,Positive,Positive
game nya bagus bgt,bagus,Positive,Positive
"semenjak update ui ada map nya zzz tergolong jadi kategori hp menengah ke atas agak berat,tapi semua overall bagus",semenjak update ui map golong kategori hp tengah berattapi overall bagus,Positive,Positive
sering framedrop,framedrop,Positive,Positive
HOYO BEST GAME FR,hoyo best fr,Positive,Positive
game ini bagus banget saya suka😄,bagus suka,Positive,Positive
berat banget mantap,berat mantap,Positive,Positive
"game nya bagus banget, lore/story nya gampang mudeng, karakter pun, ul lala~",bagus lorestory gampang mudeng karakter ul lala,Positive,Positive
scam 150xdraw,scam xdraw,Positive,Positive
seruuuuu,seru,Positive,Positive
"bagus,. cuman optimisasi nya masih kurang",bagus cuman optimisasi kurang,Positive,Positive
game terbaik yang prnah saya coba,baik coba,Positive,Positive
game nya keren dan bagus,keren bagus,Positive,Positive
lumayan bagus tapi aku mau dapetin Jane doe 😭 menurut ku bagus tapi gak bisa lompat mekanisme combat nya juga keren kaya aku banget tapi teka teki nya susah cita citaku menjadi Seth agar bisa menemani Jane doe aku juga mau ada film kaya anime atau movie nya,lumayan bagus jane doe ku bagus tidak lompat mekanisme combat keren teka teki susah cita cita seth tani jane doe film anime movie,Positive,Positive
mantap pol nih game,mantap pol,Positive,Positive
"main Berjam jam dapet polychrome cuman 75, developer t010I",jam jam polychrome cuman developer ti,Positive,Positive
"Bagus gamenya, cuman frame drop terkadang, semoga di optimalkan lagi untuk Redmi Note 13 Pro",bagus cuman frame drop terkadang moga optimal redmi note pro,Positive,Positive
nice game,nice,Positive,Positive
good game,good,Positive,Positive
"Story, Grafik, Combat, Gacha System sudah cukup bagus👍.",story grafik combat gacha system bagus,Positive,Positive
"gamenya bagus, tapi ngeleg",bagus ngeleg,Positive,Positive
suka dengan grafiknya,suka grafik,Positive,Positive
"ini game paling bagus hoyoverse sih menurut gua, soalnya sensasi battle berasa epic banget pergerakan kamera nya bagus, dan yg paling penting ni game ramah F2P (player gratisan)",bagus hoyoverse gua sensasi battle asa epic gera kamera bagus ramah fp player gratis,Positive,Positive
The Best Gooner Game I Ever Had,the best gooner ever had,Positive,Positive
the combat is so addictive,the combat is sok addictive,Positive,Positive
"secara visual bagus sekali dan gameplay yang menarik tapi untuk gacha sulit sekali mendapatkan Hero yang bagus, tolong di tingkatkan lagi rate gachanya",visual bagus gameplay tarik gacha sulit hero bagus tolong tingkat rate gachanya,Positive,Positive
hoyoverse. terimakasih anda telah membuat game zzz ini. meskipun patah patah tapi saya tetap bersyukur masih bisa main.tapi kalau bisa buatkan versi litenya gitu yang biar spesifikasi hp nya minimum bisa main. sukses terus hoyoverse😆👍,hoyoverse terimakasih patah patah syukur maintapi buat versi litenya biar spesifikasi hp minimum sukses hoyoverse,Positive,Positive
"I guess this will help the rating, grafiknya bagus walaupun ada framedrop dikit",guess this will help the rating grafik bagus framedrop dikit,Positive,Positive
udah dapet Miyabi makasih developer kikir,miyabi terima kasih developer kikir,Positive,Positive
epic,epic,Positive,Positive
gameplabya seru banget setelah pake ROG 9 Pro rasanya jadi lebih fleksibel daripada pake laptop,gameplabya seru pakai rog pro fleksibel pakai laptop,Positive,Positive
80 zonk.. sama aja ini kek saudaranya genshin,zonk saudara genshin,Positive,Positive
keren,keren,Positive,Positive
"Please fix the optimization section on some devices.On my phone with Snapdragon 7gen3 chipset, sometimes the fps always drops even on low graphics, Unlike Genshin impact and Honkai Star Rail games. In my opinion, the gameplay, graphics, and story are very good, but please improve the optimization of the game so that it is more enjoyable.",please fix the optimization section on some deviceson my phone with snapdragon gen chipset sometimes the fps always drops even on low graphics unlike genshin impact and honkai star rail games my opinion the gameplay graphics and story are very good but please improve the optimization of the sok that is more enjoyable,Positive,Positive
mantap!,mantap,Positive,Positive
bagus :),bagus,Positive,Positive
game terbaik dari hoyo,baik hoyo,Positive,Positive
story ringan gameplay seru event menarik,story ringan gameplay seru event tarik,Positive,Positive
grafik nya tolong di tingkatkan lagi,grafik tolong tingkat,Positive,Positive
"Gamenya keren, grafik mantap, dan juga gameplay menarik. mantap lah pokoknya kalian harus coba dulu sih.",keren grafik mantap gameplay tarik mantap pokok coba,Positive,Positive
seru heheh,seru heheh,Positive,Positive
add s character for begginer,character for begginer,Positive,Positive
Amazing game Saya suka.. gameplay yg sangat seru d tambah lg ad event yg unik lg menantang maka saya beri five stars..⭐⭐⭐⭐⭐ oiya ad lg satu yg paling saya suka dari game in adalah adanya fitur/event foto cekrekk2 behh it seru parahh jd kita bisa foto d hollow d moment2 tertentu it so epic very2 cool.🤩 semoga kedepannya trus tetap begini yaa fitur2nya krna in udh oke bngtt nie game cukup tambah storynya aj..👍🏻😉,amazing suka gameplay seru event unik tantang five stars oiya suka fiturevent foto cekrekk behh seru parah foto hollow moment sok epic very cool moga depan fiturnya oke storynya,Positive,Positive
sukaaaaaaaaa,suka,Positive,Positive
MANATO-KUN!!!,manatokun,Positive,Positive
game bagus physic susu nya bagus banget adakan mod telanjang,bagus physic susu bagus adakan mod telanjang,Positive,Positive
"there are only a few male characters, mostly sexualize female characters",there are only few male characters mostly sexualize female characters,Positive,Positive
Peak Combat 10/10 lack of optimization so the performance aren't that good,peak combat lack of optimization sok the performance arent that good,Positive,Positive
"terimakasih sudah membantu, saya naikan ke 4 dulu karena masih ada framedrop dengan setting grafik lowest.",terimakasih bantu naik framedrop setting grafik lowest,Positive,Positive
"berat jem, tapi bagus",berat jem bagus,Positive,Positive
game gooner,gooner,Positive,Positive
"nice game, combat battle fluid",nice combat battle fluid,Positive,Positive
New adventure & New Character IS SO AMAZING,new adventure new character is sok amazing,Positive,Positive
bagus,bagus,Positive,Positive
"game rpg terbaik yg pernah saya mainin, suka sama gamenya, petualangan di game ini juga menyenangkan tidak membosankan👍🙌",rpg baik mainin suka tualang senang tidak bosan,Positive,Positive
GAME GOONER,gooner,Positive,Positive
dari segi story udh bagus hanya saja saat bermain terjadi fram drop,segi story bagus main fram drop,Positive,Positive
terimakasih hoyoverse telah mewangikan gacha gw🥰,terimakasih hoyoverse wangi gacha,Positive,Positive
peak game,peak,Positive,Positive
"terlalu banyak physics tapi suka😁😁. ini aku nggak bisa masuk game, awalnya masih aman tapi pas mau memasuki game malah ngestuck di situ padahal jaringan oke",physics suka tidak aman pas pasuk ngestuck situ jaring oke,Positive,Positive
generous game and epic story🔥,generous and epic story,Positive,Positive
saya rasa game ini terlalu fulgar untuk rating 12 tahun,fulgar rating tahun,Positive,Positive
INI GAME APA SIH NGASIH HIGH PITY MULU MANA KENA RET OFF,asih high pity mulu ret off,Positive,Positive
"Luar biasa story kali ini, emosi pemain bisa benar benar dapat.....baru kali ini netesin air mata cuma gegara story di ni game wkwkwk",story emosi main dapatbaru netesin air gegara story wkwkwk,Positive,Positive
I Love ZZZ,love,Positive,Positive
seru sekali beh gg sama perbanya karakter sexy,seru beh tidak perbanya karakter sexy,Positive,Positive
cool,cool,Positive,Positive
saat saya ingin mengosok kartu tiba-tiba saya keluar dari game dan saya bingung mengapa itu terjadi padahal jaringan saya bagus tapi entah kenapa tiba-tiba keluar dari game dengan sendirinya?,mengosok kartu tibatiba bingung jaring bagus tibatiba,Positive,Positive
"saya menghormati kalian sebagai pembuat game nya, dan apresiasi atas kinerja untuk membuat game yg menarik. sedikit kritik mengenai game nya, untuk gameplay terbilang menarik dan bagus kaya dengan kombinasi dan skill untuk berkreasi. masalah yg timbul adalah di loby dan base awal, pemain tidak tahu harus kemana? fitur terlalu ramai dan bertumpuk. banyak menu yg membingungkan bagi player baru dalam memahami fitur dengan fungsinya",hormat buat apresiasi kerja tarik kritik gameplay bilang tarik bagus kombinasi skill kreasi timbul loby base main tidak mana fitur ramai tumpuk menu bingung player paham fitur fungsi,Negative,Positive
terimakasih zzz sudah menyajikan story yang bagus dan gamplay hack and Slash yang seru. tapi mau saya uninstal karena HP sudah gak kuat makasih zzz sya akan selalu dukung terus,terimakasih saji story bagus gamplay hack and slash seru uninstal hp tidak kuat terima kasih dukung,Positive,Positive
"peak game!!, mekanik mudah dimengerti, fitur okee, story puas bangett cuman agak di sayanggkan story nya kebanyakan dialog tapi okee kok sebagai penikmat game story, oh yaa gacha juga harus lebih di tingkatkan lagi jangan kikir dehh, overall rate dari gw 8,7/10 terus berkembang dan ramaikan komunitas 🥳",peak mekanik mudah erti fitur okee story puas cuman sayanggkan story banyak dialog okee nikmat story oh gacha tingkat jangan kikir deh overall rate kembang ramai komunitas,Positive,Positive
"Keren, story nya mantap,, tapi suka frame drop min jadi kalau bisa segera di perbaiki min",keren story mantap suka frame drop min baik min,Positive,Positive
"Bagus kalo hp nya kuat kec pc, trus kalo udah update patch sering dikasi kompensasi, story nya bagus Karakter nya keren, bagus, imut, gameplay nya keren, udah download game ini sejak tahun kemarin baru di rate sekarang hehe, overall bagus banget",bagus hp kuat kec pc update patch kasi kompensasi story bagus karakter keren bagus imut gameplay keren download tahun kemarin rate hehe overall bagus,Positive,Positive
w peak game,peak,Positive,Positive
menurut ku sih bagus bagus aja tapi masalahnya itu gb nya harus 24 banyak betul dan kalau kita main aja capek,ku bagus bagus gb capek,Positive,Positive
"semakin lama ciri khas dari zzz mulai di tinggalkan, seperti mode TV dan combat mission, sudah pure gooning :v",ciri khas tinggal mode tv combat mission pure gooning,Positive,Positive
turu,turu,Positive,Positive
mantap game nya,mantap,Positive,Positive
"yang bilang game Gooner tu, emang Gooner😝 wong saya suka kok",bilang gooner gooner suka,Positive,Positive
mantap!,mantap,Positive,Positive
Best game best fandom,best best fandom,Positive,Positive
no debat puding di mana²,no debat puding,Positive,Positive
keren 👍,keren,Positive,Positive
aku suka boing boing nya 😋😋😋😋😋😋😋😋😋😋😋😋😋😋😋😋,suka boing boing,Positive,Positive
"ni orang orang kenapa , aku main di PC aman Lancar jaya @aeygimang",pc aman lancar jaya,Positive,Positive
bagus,bagus,Positive,Positive
gooner game,gooner,Positive,Positive
best gooner game,best gooner,Positive,Positive
Sangat menyenang menjadi seorang Proxy. Teruslah improvisasi agar menjadi lebih baik,senang proxy terus improvisasi,Positive,Positive
goon😛😝😝💟💟🔥❤️‍🩹,goon,Positive,Positive
"seperti biasa, trash game from hoyoverse",trash from hoyoverse,Positive,Positive
for vivian🥰 ⭐⭐⭐⭐⭐,for vivian,Positive,Positive
mantap jiwa,mantap jiwa,Positive,Positive
game nya bagus banget,bagus,Positive,Positive
bagus,bagus,Positive,Positive
Another best game from Hoyoverse,another best from hoyoverse,Positive,Positive
game nya baguss banget,bagus,Positive,Positive
Sehat sehat game baik.,sehat sehat,Positive,Positive
ts peak😭🙏❤‍🩹,ts peak,Positive,Positive
"ahh gooner game, i like it😋😋😋",ah gooner like,Positive,Positive
mantap,mantap,Positive,Positive
"game ini sangat bagus, terimakasih mohoyo telah membuat game sebagus ini 😁😁",bagus terimakasih mohoyo bagus,Positive,Positive
"Game-nya keren banget! Visual super detail, gameplay-nya seru, dan karakter-karakternya unik semua. Combat system-nya cepat dan memuaskan, nggak bikin bosan sama sekali. Ditambah musiknya juga top-tier! 🔥",keren visual super detail gameplaynya seru karakterkarakternya unik combat systemnya cepat muas tidak bikin bosan tambah musik toptier,Positive,Positive
story keren,story keren,Positive,Positive
Game Terbaikkkk dari semua game Hoyoverse!!!,baik hoyoverse,Positive,Positive
Absolute gooning,absolute gooning,Positive,Positive
"Bansos banyak, story bagus, desain karakter juga bagus dan menarik, animasi skill keren dan bervarian. Frame/lag? tidak pernah kecuali hp overheat.",bansos story bagus desain karakter bagus tarik animasi skill keren varian framelag tidak kecuali hp overheat,Positive,Positive
sangat menyenangkan dan menghibur dengan jiggle physic nya😋,senang hibur jiggle physic,Positive,Positive
suka pake banget 🥰,suka pakai,Positive,Positive
game baik berikan lebih banyak event dan bonus poly,event bonus poly,Negative,Positive
Game hoyo terbaik imo,hoyo baik imo,Positive,Positive
mantap min,mantap min,Positive,Positive
game bagus,bagus,Positive,Positive
game bagus euy,bagus euy,Positive,Positive
gooner,gooner,Positive,Positive
mantap game baik,mantap,Positive,Positive
"best action rpg game, gameplay yang seru dan menantang, event ga bosenin, karakter beragam, powercreep ga terlalu ngaruh (tergantung skill sama build char)",best action rpg gameplay seru tantang event tidak bosan karakter agam powercreep tidak ngaruh gantung skill build char,Positive,Positive
nice game,nice,Positive,Positive
Punyaku game nya keluar mulu. Perbaikin dong hoyo.,punya mulu baik hoyo,Positive,Positive
bumi gonjang ganjing,bumi gonjang ganjing,Positive,Positive
makasih yaaa udah bikin game sebagus ini dan tolong bnykin fitur geol-geolnya yaa utk ke depan nya 😁😁😁,terima kasih bikin bagus tolong bnykin fitur geolgeolnya,Positive,Positive
bagussssss ZENLESS ZONE ZERO Aku sukaaa rating ∞∞∞ 😄😄😄😁😄😁😄😁😄😁😄😁😄😄😁😄😄😁😁😁😃😄😃😄😄😄😄😃😃😃😃😃😃😃😃😃😁😃😁😄😄😁😁😄😁😄😁😄,bagus zenless zone zero suka rating,Positive,Positive
"pretty good , I rate 5 star, so please let me win 50-50",pretty good rate star sok please let me win,Positive,Positive
well ok ok lah terus punya permintaan juga kalo bisa collab ama kamen rider zeztz soalnya agak bavus juga,well ok ok minta collab kamen rider zeztz bavus,Positive,Positive
"terus berkembang ya Tim Zenles zone zero, aku sangat senang bisa menemukan game yang selalu ngebuat mood saya bagus teruss",kembang tim zenles zone zero senang temu ngebuat mood bagus,Positive,Positive
"I have an idea for the game story and new character, should I say it? and where I will contact the developer if yes?",have an idea for the story and new character should sayang and where will contact the developer if yes,Positive,Positive
Game Bagus sayang nya absolute Freaky,bagus sayang absolute freaky,Positive,Positive
good,good,Positive,Positive
"2.2 top story, Isolde peak character 🫡",top story isolde peak character,Positive,Positive
ngeleg,ngeleg,Positive,Positive
Optimalkan game zzz untuk kedepannya dev…kadang pas selesai battle langsung ngefreze ama frame droop apalagi pas jalanin quest kadang juga suaranya ga nambung kek si weise pas ngomong keluarnya suara belle pas aku jalanin quest…selebihnya bagus makasih udah bikin hari orang jadi berwarna🥰,optimal depan devkadang pas selesai battle ngefreze frame droop pas jalan quest kadang suara tidak nambung weise pas omong keluar suara belle pas jalan questselebihnya bagus terima kasih bikin warna,Positive,Positive
best,best,Positive,Positive
"I'm giving this a 5-star rating so the Devs can see it because, please optimize this game so phone users can enjoy it.",im giving this star rating sok the devs can because please optimize this sok phone users can enjoy,Positive,Positive
bagus game nya grafik sangar bagus story' udah kaya di Indonesia banyak korupsi dan penghianat bagus lah🗿,bagus grafik sangar bagus story indonesia korupsi penghianat bagus,Positive,Positive
Story best character nice combat next lvl and i hope PGR ZZZ can Collab thats my hope but i know is hard still i like this game,story best character nice combat next lvl and hope pgr can collab thats my hope but know is hard still like this,Positive,Positive
tambahin fitur lepas baju,tambah fitur lepas baju,Positive,Positive
awal main nguli habis habisan dapet karakter s setandar di bener limitit beh game kikir kikir,nguli habis habis karakter setandar limitit beh kikir kikir,Positive,Positive
very laggy for mobile,very laggy for mobile,Positive,Positive
"sebenernya nih game bagus dari segala story animasinya eventnya juga dan gameplaynya cuman untuk yang f2p yang sekarang itu susah gachanya hardcore, dan gamenya berat, berbeda untuk yg player Sultan jdi nih game khusus sultan agung",bagus story animasi eventnya gameplaynya cuman fp susah gachanya hardcore berat beda player sultan sultan agung,Positive,Positive
i love it but it didnt support my phone,love but didnt support my phone,Positive,Positive
seru tapi agak berat di hapeku.,seru berat hapeku,Positive,Positive
lumayan lah game bagus optimal juga di snapdragon 685 gw jadi bisa medium/60fps(gk lancar tapi playable),lumayan bagus optimal snapdragon mediumfpsgk lancar playable,Positive,Positive
manato not S rank 😡😡😡😡,manato not rank,Positive,Positive
a best combat game for fun 🤣🤣,best combat for fun,Positive,Positive
"menyenangkan, semoga kedepannya lebih baik lagi & saya harap mendengarkan keluh kesah para playernya, sekian terimakasih",senang moga depan harap dengar keluh kesah playernya sekian terimakasih,Positive,Positive
"Dari segi Map, karakter, grapic game, gemplay, story, button sangat bagus. Dari segi event cukup bagus bancosnya banyak dan sangat ramah di mainkan untuk Free To Play Hadiahnya 👍 Untuk daily login cukup login 3 menit beres 👍 tolong eventnya di perbanyak lagi apalagi event di hollow zero 👍",segi map karakter grapic gemplay story button bagus segi event bagus bancosnya ramah main free play hadiah daily login login menit beres tolong eventnya banyak event hollow zero,Positive,Positive
gamenya sebenernya bagus saya suka tapi tolong lah lebih di optimalin lagi buat snap 870🥹🥹,bagus suka tolong optimalin snap,Positive,Positive
game nya seru,seru,Positive,Positive
karena ada my bini (miyabi my istri),my bini miyabi my istri,Positive,Positive
Istri ku semua 🥰🥰🥰🥰🥰❤️❤️❤️❤️😋😋😋,istri ku,Positive,Positive
saya sangat suka gameplay nya,suka gameplay,Positive,Positive
make manato s rank,pakai manato rank,Positive,Positive
game nya bagus bgt,bagus,Positive,Positive
Akh!!,akh,Positive,Positive
gooners👅✌🏻,gooners,Positive,Positive
Gamenya sangat bagus desain karakter dan grafik game nya sangat saya suka dan saya juga suka game ini karna di game ini desain karakter² wanita nya sangat menggoda apalagi paha nya Jane doe dan saya juga sangat suka dengan desain karakter yanagi apa lagi dada nya yang sangat besar dan menggoda dan game ini memiliki mekanik yang tidak terlalu susah kecuali main satu tangan baru susah sambil melihat pahanya Jane doe ;),bagus desain karakter grafik suka suka desain karakter wanita goda paha jane doe suka desain karakter yanagi dada goda milik mekanik tidak susah kecuali tangan susah paha jane doe,Positive,Positive
"peak , goodnight seed sr...",peak goodnight seed sr,Positive,Positive
untuk developer yang terhormat game ini story nya good dan chill,developer hormat story good chill,Positive,Positive
"this game is just so fun. i am always interested in the game style, story, and all of the above with more characters that makes me interested even more.",this is just sok fun always interested the style story and all of the above with more characters that makes me interested even more,Positive,Positive
Game terbaik yang pernah saya mainkann,baik mainkann,Positive,Positive
gamenya bagus banget,bagus,Positive,Positive
bagus banget!!,bagus,Positive,Positive
"semuanya bagus cuma masalah nya di kapasitas batrai yg sedikit, saya mau progres meningkatkan characters saya tapi harus menunggu batrai yg begitu lama dan juga sedikit",bagus kapasitas batrai progres tingkat characters tunggu batrai,Positive,Positive
Mantap dev👍,mantap dev,Positive,Positive
game keren,keren,Positive,Positive
game nya seru banget,seru,Positive,Positive
Game Gooner,gooner,Positive,Positive
"i love this game and play since debut release, but now in 2.2 i feel so much powercrept, even miyabi don't giva a damage to a boss in critical node, i Will gonna leave this game if patch 2.3 still like that",love this and play since debut release but now feel sok much powercrept even miyabi dont giva damage bos critical node will gon na leave this if patch still like that,Positive,Positive
hoyotot dari dulu emang kikir🤮,hoyotot kikir,Positive,Positive
bagus itu ajah,bagus,Positive,Positive
Game yang sangat seru dan menarik😄,seru tarik,Positive,Positive
gamenya bagus dan grafiknya bagus dan pembuat game ini semangat terus sehat selalu,bagus grafik bagus buat semangat sehat,Positive,Positive
"mantap, main lagi karna hp dah sanggup langsung dikasih karakter seed + senjatanya 👍 padahal masih pemula",mantap hp deh sanggup kasih karakter seed senjata mula,Positive,Positive
kurang di bagian optimisasi tetapi overall sudah cukup bagus,kurang optimisasi overall bagus,Positive,Positive
gameplay ya seru banget,gameplay seru,Positive,Positive
absolute bonkers,absolute bonkers,Positive,Positive
Game gacha terbaik ❤️,gacha baik,Positive,Positive
perfect,perfect,Positive,Positive
"Game nya bagus banget, dari combat sampai alur ceritanya bagus banget.",bagus combat alur cerita bagus,Positive,Positive
bagus gameplay battle nya. ceritanya juga cukup bagus. better lah kalo orng nya suka main mekanik pas battle,bagus gameplay battle cerita bagus better suka mekanik pas battle,Positive,Positive
mantap,mantap,Positive,Positive
seru banget enggak ngebosenin.,seru ngebosenin,Positive,Positive
"its a good game, just need a little optimization",its good just need little optimization,Positive,Positive
"sejauh ini bagus gamenya. grafik, gameplay, story, combatnya seru bgt.",bagus grafik gameplay story combatnya seru,Positive,Positive
"game nya bagus, andai sekarang bisa main game ini lagi 👍🥲",bagus andai,Positive,Positive
kikir,kikir,Positive,Positive
my account is missing. it was my main acc and it never returns.,my account is missing was my acc and never returns,Positive,Positive
Animasi keren bet cuman ini pas awal awal update suka frame drop doang selebihnya bagus lah ya,animasi keren cuman pas update suka frame drop doang lebih bagus,Positive,Positive
gamebaik,gamebaik,Positive,Positive
nice game,nice,Positive,Positive
"tambah lebih banyak QTE waktu battle seperti saat Orpheus melawan Isolde, itu QOL yang sangat bagus",qte waktu battle orpheus lawan isolde qol bagus,Positive,Positive
"ni game sebenarnya bagus, dari segi grafik dan battel nya.. apa lagi waifu""nya cakep"" tapi game play nya monoton jadi gw cepet bosan",bagus segi grafik battel waifunya cakep play monoton cepat bosan,Positive,Positive
Absolute cinema(Bintang 1 Skill issue),absolute cinemabintang skill issue,Positive,Positive
kerenn,keren,Positive,Positive
EOS ini game 😅,eos,Positive,Positive
game story dan grafik yg bagus 👍 thanks for the game,story grafik bagus thanks for the,Positive,Positive
"Ini adalah salah satu game Anime 3D terbaik yg pernah saya mainkan mantap, semoga game nya bisa terus berkembang lebih baik lagi👍🏻😶👍🏻. Tolong lah kasih saya menag 50-50 😁 gacha nya, masa full pity terus..........",salah anime baik main mantap moga kembang tolong kasih menag gacha full pity,Positive,Positive
Game Gacha Terbaik,gacha baik,Positive,Positive
Best gacha game i ever play!!!,best gacha ever play,Positive,Positive
I love this game,love this,Positive,Positive
"ni game bagus banget. gameplay nya asik and storynya cukup seru. tapi ada yang kurang. TAMBAHIN KARAKTER COWOKNYA PLISSS (klo bisa, cwo furry:v)",bagus gameplay asik and storynya seru kurang tambah karakter cowok plis cowok furryv,Positive,Positive
kenapa manato tier A🥀,manato tier,Positive,Positive
"Gamenya sangat bagus nyaman di mata efek nya keren, saran tambahan fitur efek elemen seperti genshin",bagus nyaman efek keren saran tambah fitur efek elemen genshin,Positive,Positive
finally bloood from hoyo yaaass,finally blod from hoyo yass,Positive,Positive
"keren sih, tp harga karakternya mahal2",keren harga karakter mahal,Positive,Positive
"game yang sangat bagus dari story nya grafik nya dan gameplay yang seru,walaupun tiap update tiba tiba ngelag Mulu ya mungkin karna device ku itel p55 5g ya its ok aku paham, thanks buat hoyo verse",bagus story grafik gameplay seruwalaupun update ngelag mulu device ku itel tidak its ok paham thanks hoyo verse,Positive,Positive
"Grafiknya mantap, gameplaynya juga menarik, alur ceritanya juga mantap. Bukannya hanya sekedar grafik tapi animasi sedetail pun juga sangat menarik daripada game sesama hoyo lainnya. Gameplaynya pun mudah dan bermacam.",grafik mantap gameplaynya tarik alur cerita mantap dar grafik animasi detail tarik hoyo gameplaynya mudah,Positive,Positive
krennn,keren,Positive,Positive
good game,good,Positive,Positive
"Another GOONER game everybody! They make the male character like a trash, even they (the developers) are mostly man. Sexualize woman with jinggle jiggle~ and the game rate is 12+ lmao. How can the soldier faction only woman exists and the captain also woman... safe the world, i know ur guys love waifus, but be rational.",another gooner everybody they pakai the male character like trash even they the developers are mostly man sexualize woman with jinggle jiggle and the rate is lmao how can the soldier faction only woman exists and the captain also woman safe the world know ur guys love waifus but be rational,Positive,Positive
"Menurut saya, ZZZ adalah game dari hoyo terbaik untuk saat ini, ada beberapa alasan 1. Story yang santai dan ""heardwarming"", namun tetap membuat penasaran 2. Desain chara yang memiliki keunikan masing-masing saat berjalan dan lari 3. BGM yang sangat keren, membuat saya betah diam disuatu tempat hanya untuk mendengarkan BGM saja 4. NPC yang tidak monoton dan membosankan, seperti : Venus, Sweety dan Orchidea 5. Setiap charachter memiliki musik mereka sendiri di kanal resmi ZZZ, seperti Yanagi",hoyo baik alas story santai heardwarming penasaran desain chara milik uni masingmasing jalan lari bgm keren betah diam suatu dengar bgm npc tidak monoton bosan venus sweety orchidea charachter milik musik kanal resmi yanagi,Positive,Positive
like it so muchh,like sok muchh,Positive,Positive
sangat menyenangkan bermain zzz,senang main,Positive,Positive
"mekanik gameplaynya mantep sih .. agak kecewa sih karena manato rank A malah tiba tiba muncul char anta-brantah kek yidhari sama lucia yang ga pernah di notice sbelumnya baik di trailer atau di storynya, gw ngerti sih char waifu pasti lebih laku cuma kesannya jadi terlalu maksa aja. padahal banyak yg berharap manato rank S",mekanik gameplaynya mantap kecewa manato rank muncul char antabrantah yidhari lucia tidak notice sbelumnya trailer storynya erti char waifu kesan maksa harap manato rank,Negative,Positive
sehat sehat developer,sehat sehat developer,Positive,Positive
Love This Game,love this,Positive,Positive
game grafik terkeren😍,grafik keren,Positive,Positive
sangat bagus dan sangat menatang,bagus natang,Positive,Positive
kenapa sekarang jadi buriq atau kuliatas grafik yang sangat buruk padahal dulu sangat bagus,buriq kuliatas grafik buruk bagus,Positive,Positive
tol,tol,Positive,Positive
"gamenya bagus cuman tolong dong di fiks ada bug visual dan texture menjadi hitam,tolong dong kasih support untuk cpu semua hp,makasih ya",bagus cuman tolong fiks bug visual texture hitamtolong kasih support cpu hpmakasih,Positive,Positive
"style game dan mekanisme bagus benr, ngumpulin polycromenya gampang bener setiap even banyak hadiah berlimpah.",style mekanisme bagus benr ngumpulin polycromenya gampang even hadiah limpah,Positive,Positive
game buriq,buriq,Positive,Positive
gracias hoyoverse🙏🙂‍↕️,gracias hoyoverse,Positive,Positive
Terimakasih Hoyo karena telah membuat game seseru ini🤩 Battle nya yang menarik dan karakter yang unik membuat pengalaman bermain game ini menjadi menyenangkan!,terimakasih hoyo seru battle tarik karakter unik alam main senang,Positive,Positive
scam,scam,Positive,Positive
"game nya baguss, desain desain karakter nya juga bgs trus yang paling kusuka itu battle nya satisfy bangett, makanya love bgt",bagus desain desain karakter bagus suka battle satisfy love,Positive,Positive
Best Game,best,Positive,Positive
Waifu nya banyak banget.,waifu,Positive,Positive
Kikir bnr,kikir,Positive,Positive
bagus,bagus,Positive,Positive
"HOYOO, HUGO RERUN PLSSS. MAKASIH ❤️",hoyoo hugo rerun pls terima kasih,Positive,Positive
"HOYOVERSE ANJENG!!! Jujur aja deh ya, gw main terakhir kali cmn pas Hugo rilis dan selesai build dia. Sisanya? PENSI DONG",hoyoverse anjeng jujur deh cuman pas hugo rilis selesai build sisa pensi,Negative,Positive
game bagus tapi sayang device gk support,bagus sayang device tidak support,Positive,Positive
"The source of ""goon""",the source of goon,Positive,Positive
manato A rank njing,manato rank njing,Positive,Positive
"Makasih udah bikin karakter secantik Yanagi, dan makasih juga udah bikin karakter seimut Burnice.",terima kasih bikin karakter cantik yanagi terima kasih bikin karakter seimut burnice,Positive,Positive
seru banget dah pokoknya,seru deh pokok,Positive,Positive
"Game bagus dan seru untuk dimainkan, cuma memang ada beberapa fitur yang kurang optimal tapi yakin bisa di tingkatkan lagi seiring bermain. Untuk desain character semoga bisa lebih improve dan semoga bisa lebih wow lagi. Intinya ZZZ the best game",bagus seru main fitur kurang optimal tingkat iring main desain character moga improve moga wow inti the best,Positive,Positive
game engine unity terbaik utk sekarang,engine unity baik,Positive,Positive
MAKE MANATO S-RANK 🗣️🗣️🗣️,pakai manato srank,Positive,Positive
make manato be a free S rank,pakai manato be free rank,Positive,Positive
bagus😋,bagus,Positive,Positive
"MANATO A RANK IS CRIMINALLL, JAHATT",manato rank is criminal jahatt,Positive,Positive
Perfect,perfect,Positive,Positive
game baik devnya mau berubah dan dev listen,devnya ubah dev listen,Positive,Positive
game kikir bangsat,kikir bangsat,Negative,Positive
"I not really mad about manato but- seriously?? I tired looking at boing boing chest, I uninstall genshin because of this, are you guys really going to take that path too??",not really mad about manato but seriously tired looking at boing boing chest uninstall genshin because of this are you guys really going take that path too,Positive,Positive
i just need more male S rank,just need more male rank,Positive,Positive
"Manato jadi A Rank, apalah padahal karakter dengan screentime yang banyak, plot juga selalu cover kita sebagai MC. Apa pula itu Lucia, dateng entah dari mana auto S Rank",manato rank apa karakter screentime plot cover mc lucia auto rank,Positive,Positive
its because manato A rank,its because manato rank,Positive,Positive
ok...,ok,Positive,Positive
Reckless desicion the awaited character is A rank meanwhile nobody is S lol,reckless desicion the awaited character is rank meanwhile nobody is lol,Positive,Positive
add more male S Rank,more male rank,Positive,Positive
"perangkat udh compitable, tapi masih framedrop, malahan lebih dari spek min. gmn min?",perangkat compitable framedrop spek min min,Positive,Positive
"need more women in pants/jeans, DAMIAN PLS PLAYABLE. more men. men. men",need more women pantsjeans dami pls playable more men men men,Negative,Positive
This is waifu game not for u guys who's like husbando,this is waifu not for lu guys whos like husbando,Positive,Positive
Manato deserve an s rank!,manato deserve an rank,Positive,Positive
fun game with bunch of rewards and events. but they disappointing me for making Manato an A rank,fun with bunch of rewards and events but they disappointing me for making manato an rank,Positive,Positive
MAKE. MANATO. S. RANK,pakai manato rank,Positive,Positive
worst dev ever,worst dev ever,Positive,Positive
yg bener aja. KOMANO MANATO A-RANK??? WTFFFFFF,komano manato arank wtf,Positive,Positive
"game bagus, dan Jan kikir kek yg di sebelah",bagus jangan kikir belah,Positive,Positive
Best Gooner Game,best gooner,Positive,Positive
"game yg keren, btw yixuan istri gw",keren btw yixuan istri,Positive,Positive
"Nice game, I love the combat system, fast daily, have skip dialog, nice reward, new skins are for new character and the most event take short time to clear, those all the good thing. The bad things for me is the collaboration are so dumb...real dumb, need spend money..no characters (Agen) , no skins (outfit) , no bangboos (Xbox's bangboo not for all user).",nice love the combat system fast daily have skip dialog nice reward new skins are for new character and the most event take short time clear those all the good thing the bad things for me is the collaboration are sok dumbreal dumb need spend moneyno characters agen no skins outfit no bangboos xboxs bangboo not for all user,Positive,Positive
good game,good,Positive,Positive
"makasih sudah mendengarkan, dan untuk sekarang sudah aman",terima kasih dengar aman,Positive,Positive
sekarang sudah normal,normal,Positive,Positive
GAMENYA MANTAP DAN SERU KARNA AKU DAPAT KARAKTER ZHU YUAN(MY WIFE),mantap seru karakter zhu yuanmy wife,Positive,Positive
my favorite game ever!,my favorite ever,Positive,Positive
mantap,mantap,Positive,Positive
😎👍bagus banget grafik nya 👍👍👍👍👍👍👍👍👍👍👍👍👍👍👍👍👍👍👍👍,bagus grafik,Positive,Positive
game kikir,kikir,Positive,Positive
best gooner game,best gooner,Positive,Positive
nice bruh,nice bruh,Positive,Positive
"pengalaman yang menarik, game anime terbaik",alam tarik anime baik,Positive,Positive
"keren, battle mekanik nya top",keren battle mekanik top,Positive,Positive
Sehat-sehat game baik.,sehatsehat,Positive,Positive
GOOD GAME!,good,Positive,Positive
literal dogshit ever,literal dogshit ever,Positive,Positive
"game nya bagus, gameplay nya simple mudah buat yg baru main",bagus gameplay simple mudah,Positive,Positive
seru bnget Alhamdulillah,seru alhamdulillah,Positive,Positive
game baik kaya akan event,event,Positive,Positive
good but not too good enough especially on mobile phone....,good but not too good enough especially on mobile phone,Positive,Positive
best developer & improvement game. Nice gooning culture btw😎,best developer improvement nice gooning culture btw,Positive,Positive
im so happy know this game..goat games keep it up..and stay generouss!!,im sok happy know this gamegoat games keep upand stay generouss,Positive,Positive
Oke,oke,Positive,Positive
to all people who said this game was a gooner game.......you're not wrong tho ʕ – ᴥ – ʔ,all people who said this was gooner gameyoure not wrong tho,Positive,Positive
Nice aja...,nice,Positive,Positive
i love this Game,love this,Positive,Positive
ada my istri🤭,my istri,Positive,Positive
Good game,good,Positive,Positive
"Game yang seru untuk pecinta pertarungan epik ,juga memberikan gaya bertarung yang menarik",seru cinta tarung epik gaya tarung tarik,Positive,Positive
"game makin berat, ukuran makin gede",berat ukur gede,Negative,Positive
oke,oke,Positive,Positive
sangat bagus karena aku dapat miyabi,bagus miyabi,Positive,Positive
bagus,bagus,Positive,Positive
sangat membosankan,bosan,Positive,Positive
"overall game ini bagus dan diatas standar game hoyo, jujur bagus banget loh story tellingnya, fiturnya, gameplaynya nilai plus dari game ini tapi yang gw kurang suka disain karakter yang terlalu terbuka yang membuat gw nggak bisa fokus dan Minim karakter cowok dah itu aja sih overall udah bagus banget, mantap",overall bagus atas standar hoyo jujur bagus loh story tellingnya fiturnya gameplaynya nilai plus kurang suka disain karakter buka tidak fokus minim karakter cowok deh overall bagus mantap,Positive,Positive
Seru,seru,Positive,Positive
udh makin boring sekarang dari segi gameplay ataupun story,boring segi gameplay story,Positive,Positive
suka banget sama gamenya. semoga story makin bagus lagi,suka moga story bagus,Positive,Positive
game Gacha kikir,gacha kikir,Positive,Positive
sudah sangat bagus tapi masih ada bug misalnya pas didalam battle sering keluar batas arena,bagus bug pas dalam battle batas arena,Positive,Positive
Gooner game good 😎,gooner good,Positive,Positive
game terbaik,baik,Positive,Positive
bansos lancar gameplay bagus terutama desain karakter cewek sering sering kasih event yang bagus,bansos lancar gameplay bagus desain karakter cewek kasih event bagus,Positive,Positive
terlalu kikir,kikir,Positive,Positive
game nya sangat bagus dan keren sekali walaupun aku terus terusan di kasih pity 90 sama game ini.,bagus keren terus kasih pity,Positive,Positive
"game nya seru dan grafik nya juga bagus, saya juga suka dengan karakte-karakter nya yang imut dan lucu",seru grafik bagus suka karaktekarakter imut lucu,Positive,Positive
tido pun sodap ni,tido sodap,Positive,Positive
mantap,mantap,Positive,Positive
bagus,bagus,Positive,Positive
bagus,bagus,Positive,Positive
Jujur saya sangat menikmati ini game sudah sekitar 10 bulan saya bermain ni game benar benar tidak masalah namun saya suka story disaat komedi ada saja momen tragis atau sedih di akhir ceritanya itulah mengapa saya lebih menyukai game ini semoga ini game akan lebih bagus saya sangat puas dengan semua nya,jujur nikmat main tidak suka story saat komedi momen tragis sedih cerita suka moga bagus puas,Positive,Positive
nice game dude,nice dude,Positive,Positive
"gamenya seru, plus banyak gondal gandulnya😋😋",seru plus gondal gandul,Positive,Positive
"Game yang sangat seru, well well well",seru well well well,Positive,Positive
bagus,bagus,Positive,Positive
mantap,mantap,Positive,Positive
gw jengkel yang ngasih bintang ★★ atau ★ itu pada gblok apa gimana wkwkw,jengkel asih bintang gblok wkwkw,Negative,Positive
sangat memuaskan,muas,Positive,Positive
"1 kata untuk game ini, ""LEGIT""",legit,Positive,Positive
game baik 👍 no debat,no debat,Positive,Positive
"Gameplay nya seru dan story nya juga tak kalah seru menurut saya game ini super dah, masukan saya pada game ini hal yg tak bisa di akses beberapa minggu terakhir adalah: -Informasi pada game tidak dapat terbuka/tidak dapat melihat informasi baru, semoga ada perbaikan secepat mungkin, Terima kasih 👍",gameplay seru story tak kalah seru super deh masuk tak akses minggu informasi tidak terbukatidak informasi moga baik cepat terima kasih,Positive,Positive
"game ny bagus animasi ny mulus,bagus,dan gampang.cerita ny aku suka banget semua ny aku suuuuuukaaaaaa thanks hoyoverse☺️☺️☺️☺️☺️😊",bagus animasi mulusbagusdan gampangcerita suka suka thanks hoyoverse,Positive,Positive
"Overall udah bagus sih,perfect",overall bagus sihperfect,Positive,Positive
"overall ud bagus, tp sering ada bug saat combat, minta tlg diperbaiki ya developer, terima kasih 😇🙏",overall bagus bug combat tolong baik developer terima kasih,Positive,Positive
tambahin furry,tambah furry,Positive,Positive
aku suka,suka,Positive,Positive
gw sudah mendapatkan miyabi,miyabi,Positive,Positive
framedrop bgt,framedrop,Positive,Positive
game udah bagus tapi yg main hp kentang udah hp udah rusak,bagus hp kentang hp rusak,Positive,Positive
Tolonglah chance dapetin stat bagus di disc ditingkatkan,tolong chance stat bagus disc tingkat,Positive,Positive
Ok,ok,Positive,Positive
mantap bos ku,mantap bos ku,Positive,Positive
bagus karna harumasa ganteng,bagus harumasa ganteng,Positive,Positive
"w game, plz make the bangboo language translator, ehn-nah!",plz pakai the bangboo language translator ehnnah,Positive,Positive
kereen,keren,Positive,Positive
WoW,wow,Positive,Positive
"Ukuran game yang terlalu besar untuk awal, dan combatnya yang sering freezing/patah-patah. Saran: Lebih diringankan lagi, optimalisasi game apalagi combatnya. mengingat game ini masih early namun banyak peminatnya 🙏🙏🙏",ukur combatnya freezingpatahpatah saran ringan optimalisasi combatnya early minat,Positive,Positive
keren cting cting,keren cting cting,Positive,Positive
THANKS A LOT FOR DEVELOPER,thanks lot for developer,Negative,Positive
game keren,keren,Positive,Positive
game terbaik,baik,Positive,Positive
bagus,bagus,Positive,Positive
game sempurna saya suka,sempurna suka,Positive,Positive
"game Asik, story absolute cinema, battle seru, no powercreep yang mengharuskan kita gacha char baru kek saudaranya. Dan yang penting animasi pas story tolong banyakin kek komik gitu, jangan 3d ngobrol nya yang dibanyakin.",asik story absolute cema battle seru no powercreep harus gacha char saudara animasi pas story tolong banyak komik jangan obrol dibanyakin,Positive,Positive
aku suka game ini setelah lama main seru dan gameplay nya unik,suka seru gameplay unik,Positive,Positive
Salah satu game mobile TERBAIK yang pernah saya mainkan sampai saat ini,salah mobile baik main,Negative,Positive
"Perbaiki Bugnya, overall Bagus",baik bugnya overall bagus,Positive,Positive
terimakasih ZZZ game nya bagus,terimakasih bagus,Positive,Positive
"aku suka jiggle efeknya hoyo mantap, kerja bagus",suka jiggle efek hoyo mantap bagus,Positive,Positive
bagus banget,bagus,Positive,Positive
"best game i've played so far, 10/10, reccomended to play. just ignore the jiggling",best ive played sok far reccomended play just ignore the jiggling,Positive,Positive
saya suka zzz,suka,Positive,Positive
miyabi,miyabi,Positive,Positive
"Tolong kasih ikon buff dari w-engine di bawah bar HP, agar bisa lihat buff nya ada atau tidak.cuma itu keluhan saya terimakasih.",tolong kasih ikon buff wengine bar hp buff tidakcuma keluh terimakasih,Positive,Positive
tentang story baru seru semoga update berikut nya bisa di optimal kan lagi,story seru moga update optimal,Positive,Positive
"BEST GAME EVER! THANKS FOR CREATING THIS GAME! 🤗🤗🤗 Tapi mohon perbaiki masalah frame dan beberapa bug di game ini! Overall, yang lain udah bagus. Hanya membutuhkan beberapa optimalisasi saja! 😶‍🌫",best ever thanks for creating this baik frame bug overall bagus butuh optimalisasi,Positive,Positive
game sangat seru dan enak dimainkan semoga pada patch 2.1 akan ada kemajuan,seru main moga patch maju,Positive,Positive
mantap kali charnya,mantap charnya,Positive,Positive
"walaupun disebut game Gooner, tapi tetap saja bagus, dan developer tidak kikir, mekanik juga mudah, pokoknya the best lah",gooner bagus developer tidak kikir mekanik mudah pokok the best,Positive,Positive
need more male char in this game,need more male char this,Positive,Positive
best game,best,Positive,Positive
game gacha terbaik yg pernah gw mainkan 🥰,gacha baik main,Positive,Positive
GAME DERMAWAN SETELAH HSR,dermawan hsr,Positive,Positive
"I think it's still one of their best games, but its still faltering from identity and creative issues. The HDD is useless, commissions are gutted and no longer used, the consequences of which is no more replaying the combat part of story missions and no more hard mode. This also weakens the protagonists role as proxies, as they're now not taking online jobs or guiding exploration of the hollows. It also weakens Fairys role. They're really removing anything that made zzz unique",think its still one of their best games but its still faltering from identity and creative issues the hdd is useless commissions are gutted and no longer used the consequences of which is no more replaying the combat part of story missions and no more hard mode this also weakens the protagonists role as proxies as theyre now not taking online jobs guiding exploration of the hollows also weakens fairys role theyre really removing anything that made unique,Positive,Positive
games... best.. pokoknya.... semoga... buat player baru... untuk developer ya.. semoga gacha ya di mudah kan.. supaya player baru bisa dapet hero s+ gampang.. itu saja,games best pokok moga player developer moga gacha mudah player hero gampang,Negative,Positive
Terima kasih game baik,terima kasih,Positive,Positive
mantapppp,mantap,Positive,Positive
aku suka game ini dan cerita nya yg bagus banget aku suka game ini aku suka banget,suka cerita bagus suka suka,Positive,Positive
"Game baik, banyak bansos, combat seru, character cakep2, I LOVE THIS GAME RAHH😍😍🥰",bansos combat seru character cakep love this rahh,Positive,Positive
terima kasih atas grafik yg bagus 😋😋😋,terima kasih grafik bagus,Positive,Positive
"game nya sudah sangat bagus, walau ada sedikit bug tapi sudah memuaskan, mulai dari story, gacha, pvp, mungkin bisa di tambahkan lagi story jalan dengan karakter, saya lihat ulasan yang lain bilang lag itu mungkin device nya sendiri, jaya selalu hoyo",bagus bug muas story gacha pvp tambah story jalan karakter ulas bilang lag device jaya hoyo,Positive,Positive
thank you zzz you save my life,thank you you save my life,Positive,Positive
gamenya bagus aku menyukainya plus karakternya skillnya mantap mantap,bagus suka plus karakter skillnya mantap mantap,Positive,Positive
gamenya bagus sangat keren,bagus keren,Positive,Positive
kasih bansos lebih banyak lagi hoyo aku suka ini,kasih bansos hoyo suka,Positive,Positive
best Gooner game,best gooner,Positive,Positive
i love gravity,love gravity,Positive,Positive
MANTAP JIWA🤣🙏🔥💯,mantap jiwa,Positive,Positive
gamenya ramah buat saya yg hpnya sedikit kentang Terima kasih buat anniversarynya,ramah hpnya kentang terima kasih anniversarynya,Positive,Positive
bagus banget,bagus,Positive,Positive
ga bagus,tidak bagus,Positive,Positive
"bagus sih dari segi gameplay battle nya, tpi kebanyakan story juga",bagus segi gameplay battle banyak story,Positive,Positive
best gooning game ever,best gooning ever,Positive,Positive
"game baik, gacha mantap",gacha mantap,Positive,Positive
mantap,mantap,Positive,Positive
semoga game nya semakin ringan dan stabil 😁🙏,moga ringan stabil,Positive,Positive
panjang umur game pembaik,umur baik,Positive,Positive
Makasih Untuk Bansosnya Dev🤭,terima kasih bansosnya dev,Positive,Positive
NICE DEV!!!!🔥🔥🔥🔥🔥,nice dev,Positive,Positive
Jumlah bintang yang sepadan untuk mu,bintang padan mu,Positive,Positive
jangan jadi seperti kakak mu ya,jangan kakak mu,Negative,Positive
Perlu di tingkatkan optimasinya,tingkat optimasinya,Positive,Positive
"Game ramah F2P, game baik, banyak waifu, tidak kikir, sehat-sehat orang baik",ramah fp waifu tidak kikir sehatsehat,Positive,Positive
"nice banget, terus pertahankan konsisten nya yak :)",nice tahan konsisten,Positive,Positive
oke semoga developer jadi semakin baik dan baik lagi 🗿,oke moga developer,Positive,Positive
game nya seru walaupun agak ngelag:),seru ngelag,Positive,Positive
"dari story,lore,ama grafik bagus ,tapi minesnya kikir",storyloreama grafik bagus mes kikir,Positive,Positive
sudah mulai optimal,optimal,Positive,Positive
overal untuk grafik bagus dan fitur lain juga bagus tapi satu kekurangan saat pertama main updatenya lama banget itu aja sekian terimakasih,overal grafik bagus fitur bagus kurang updatenya sekian terimakasih,Positive,Positive
"GILLLLAAA MANTEP BNGT STORY NYA APALAGI YG CHAPER 5 BEHHH MELEDAK LAGU NYA JUGA UEEEENAK BANGT MANTAPPPP, judul nya apa ya lagu yg chapter 5😁",gila mantap story chaper beh ledak lagu uenak mantap judul lagu chapter,Positive,Positive
"game nya bagus, cuma kok sekarang sedikit patah aptah saat ngeluarin skill pas ngejalanin misi, semoga cepat di perbaiki agar lebih nyaman",bagus patah aptah keluar skill pas ngejalanin misi moga cepat baik nyaman,Positive,Positive
Game rpg yang bagus simple menurut ku dan mudah ngerti cara main dan ngebuildnya makasaih hoyoverse udah buatin game yang bagus ini♥️,rpg bagus simple ku mudah erti ngebuildnya makasaih hoyoverse bagus,Positive,Positive
when will i get luck,when will get luck,Positive,Positive
semoga saya mendapatkan karakter s caesar setelah memposting ini,moga karakter caesar memposting,Positive,Positive
Game Ini Sangat Seru Walaupun Bukan Game Open World Tetapi Game Ini Memiliki Grafik Yang Cukup Bagus Dan Mekanik Kombat Di sini Saya Sangat Suka,seru bukan open world milik grafik bagus mekanik kombat suka,Positive,Positive
"mantap bansos nya hoyo, banyakin lagi bansos nya yahh😘😘❤️‍🩹❤️‍🩹🌹🌹",mantap bansos hoyo banyak bansos,Positive,Positive
"game ini jujur bagus banget, cuman paling males pas pull 50/50 dapet nekomata",jujur bagus cuman malas pas pull nekomata,Positive,Positive
good game pyshics,good pyshics,Positive,Positive
"kenapa pada Rating Bintang satu dah, Padahal ZZZ bagus loh",rating bintang deh bagus loh,Positive,Positive
keren,keren,Positive,Positive
gamenya bagus tapi kenapa dihilangkan gaya kaomik pas lagi ngerjain questnya,bagus hilang gaya kaomik pas ngerjain questnya,Positive,Positive
bagus,bagus,Positive,Positive
Game paling favorit😍💕,favorit,Positive,Positive
Awesome,awesome,Positive,Positive
"Salah satu game terbaik dr Hoyo. story, animasi bagus, gerakan jg smooth banget. cmn gacha nya aja yg agak susah, hrs nabung chrome yg banyak baru guaranteed dpt karakter dr banner.",salah baik hoyo story animasi bagus gera smooth cuman gacha susah nabung chrome guaranteed karakter banner,Positive,Positive
dari gameplay nya sudah bagus tapi knp setiap kita pergi ke keramaian selalu ngedrop,gameplay bagus pergi ramai ngedrop,Negative,Positive
good,good,Positive,Positive
zzz nice gameplay,nice gameplay,Positive,Positive
bagus aja,bagus,Positive,Positive
"Game nya bagus, walaupun ngambil memori banyak, yang kebanyakan nya untuk Animasi, tapi menurut bagus😋😋😁😁😁",bagus ngambil memori banyak animasi bagus,Positive,Positive
game ini sangat bagus bagi kalian yg wibu,bagus wibu,Positive,Positive
"Sebenarnya game ini sangat sangat bagus, dari gameplay, karakter, grafik, soundtrack, dan lainnya. Tapi karena hp gw kentang, semua yang bagus tadi jadi sangat menyakitkan untuk dinikmati. Sekarang gw mainnya di PC. Ini game sumpah bagus bet, animasinya terlalu bagus dan cut scene nya gak ngotak.. btw i falling in love with Ellen😍..",bagus gameplay karakter grafik soundtrack hp kentang bagus sakit nikmat main pc sumpah bagus animasi bagus cut scene tidak ngotak btw falling love with ellen,Positive,Positive
seru,seru,Positive,Positive
main di PC,pc,Positive,Positive
0% wr 50:50,wr,Positive,Positive
BROOO INI TERLALU SERU DARI PADA SEBELAH,bro seru belah,Positive,Positive
npc nya cakep,npc cakep,Positive,Positive
yeayyyyyyyyyy 🐱,yeay,Positive,Positive
game nya bagus,bagus,Positive,Positive
"gameplay nya bagus sekali karakter nya juga aduhai dan juga npc nya,tapi serta di update 2.0 baynk bug nya",gameplay bagus karakter aduhai npc nyatapi update baynk bug,Positive,Positive
this is perfect,this is perfect,Positive,Positive
gud,gud,Positive,Positive
"game ini memiliki game play, story, grafik yang bagus cocok untuk dimainkan secara santai.",milik play story grafik bagus cocok main santai,Positive,Positive
Overall great,overall great,Positive,Positive
karena gw pernah main ni game pas awal rilis gw kasih bintang 1,pas rilis kasih bintang,Positive,Positive
Game ini sangat bagus,bagus,Positive,Positive
"Great Game, Ez as long as you have skill",great ez as long as you have skill,Positive,Positive
"game nya overall bagus, banyak mode nya dan juga karakter nya enggak ada yang jelek bagus bagus semua 👍",overall bagus mode karakter jelek bagus bagus,Positive,Positive
keren,keren,Positive,Positive
"seru bgt dr gameplaynya ada parry2 gitu dan fast pace dibanding genshin, tolong goonernya dikurangin dong w sbg player cewe agak risih :)",seru gameplaynya parry fast pace banding genshin tolong goonernya rangin player cewek risih,Positive,Positive
THE BEST.,the best,Positive,Positive
bagus²,bagus,Positive,Positive
nice game,nice,Positive,Positive
"story quest terlalu pendek, tapi syukur sizenya udah stabil😌",story quest pendek syukur sizenya stabil,Positive,Positive
absolute game ✋😬🤚,absolute,Positive,Positive
sangat bagus,bagus,Positive,Positive
game nya bavus bgt ya tapi rada bgelek aja sih,bavus rada bgelek,Positive,Positive
sangat seru dan gacor,seru gacor,Positive,Positive
Saya sangat suka game ini,suka,Positive,Positive
"game yg sangat memanjakan mata dengan grafik yg sangat bagus, event yg di hadir kan pun cukup bagus",manja grafik bagus event hadir bagus,Positive,Positive
sebenarnya makin bagus cuma makin patah²,bagus patah,Positive,Positive
semoga gamenya terus berkembang kedepannya 👍👍,moga kembang depan,Positive,Positive
bintang 5 untuk game ini,bintang,Positive,Positive
game the best cuman updatenya terlalu besar wkwkk,the best cuman updatenya wkwkk,Positive,Positive
"soo perfect, I like it",soo perfect like,Positive,Positive
"grafik, desain, lore, konsep, dan gameplay semuanya bagus banget. Mungkin, ada yang merasa bosan dengan gameplay explore-nya, tapi justru itu yang menarik dari ZZZ. kita diberikan hal unik yang menjadi karakteristik ZZZ, mungkin bisa ditambahin beberapa supaya bisa lebih menarik! untuk segi lore, itu udah mantap diceritakan dengan animasi dan komiknya! diharapkan untuk diperbanyak karena memang menarik banget! diharapkan untuk mengurangi fan service dan memperbanyak karakter COWOKnya🙏💅",grafik desain lore konsep gameplay bagus bosan gameplay explorenya tarik unik karakteristik ditambahin tarik segi lore mantap cerita animasi komik harap banyak tarik harap kurang fan service banyak karakter cowok,Positive,Positive
the physics 🥰,the physics,Positive,Positive
Game mantab saya suka 😫,mantab suka,Positive,Positive
game ini sangat bagus,bagus,Positive,Positive
the best game,the best,Positive,Positive
"sejujurnya saya sempat kurang suka sama game ini karena ada fitur yang membosankan ya itu fitur TV makannya saya sempat vakum main game ini tapi karena sekarang lagi anivasary saya coba main lagi sama karena fitur TV nya udah di hapus dan wow game nya jadi seru menurut saya ketika story waktu kita jadi bangboo itu sangat seru dan juga dengan hilang nya fitur TV di story, story nya jadi gk ber tele tele pokoknya zzz yang sekarang seru banget",jujur kurang suka fitur bosan fitur tv makan vakum anivasary coba fitur tv hapus wow seru story waktu bangboo seru hilang fitur tv story story tidak ber tele tele pokok seru,Positive,Positive
best,best,Positive,Positive
udah wes bagus tenan iki rek uwogh,wes bagus tenan iki rek uwogh,Positive,Positive
"Game yang sangat bagus dan santai, terlebih mekanik dari setiap agennya sangat beragam sehingga tidak menjadikan seorang player cepat bosan dalam memainkannya. Semoga pihak developernya tetap mempertahankan serta mengembangkan dari mekanik agen, story, dan event gamenya menjadi lebih baik.",bagus santai mekanik agen agam tidak jadi player cepat bosan main moga developer tahan kembang mekanik agen story event,Positive,Positive
SINYAL TOLONG DI PERBAIKI,sinyal tolong baik,Positive,Positive
"aku suka gamenya, seru dan memanjakan mata",suka seru manja,Positive,Positive
game 4N0 tapi bagus :),bagus,Positive,Positive
very cool gameeeeee,very cool,Positive,Positive
"unexpected , incredible and amazing 👍🏻",unexpected incredible and amazing,Positive,Positive
optimalin game nya dong 🥺🥀,optimalin,Positive,Positive
mines hoyo-cloud,mes hoyocloud,Positive,Positive
GAME TERBAIK DARI SEMUA GAME YANG GUE MAININ!!!👍👍👍👍🔥🔥🔥🔥🔥,baik mainin,Positive,Positive
anniversary yang mantap,anniversary mantap,Positive,Positive
"The game's updates just keep making it cooler, fr, the features are getting way more complete! My suggestion is for the NPC zzz to be playable too, 'cause I'm lowkey in love with NPC zzz, especially 'Venus'🥰. Anyway, keep it up Hoyoverse!",the games updates just keep making cooler fr the features are getting way more complete my suggestion is for the npc be playable too cause im lowkey love with npc especially venus anyway keep up hoyoverse,Positive,Positive
Tolong tambahin fitur switch mc untuk story,tolong tambah fitur switch mc story,Positive,Positive
okkkkkeeee,oke,Positive,Positive
"too many request lu perbaiki hoyo hadeh,masak kalah Ama wuwek, server bapuk Lo ya",too many request baik hoyo hadehmasak kalah wuwek server bapuk lo,Positive,Positive
"game keren, yang ditunggu tunggu",keren tunggu tunggu,Positive,Positive
"semuanya bagus,menurut saya tolong tambahkan yang persi lite/cloude,soalnya game ini makin lama makin ngeleg/ makin berat di hp saya,semoga di jawab terimakasih 🙏",bagusmenurut tolong tambah pers litecloudesoalnya ngeleg berat hp sayasemoga terimakasih,Positive,Positive
mantap,mantap,Positive,Positive
gamenya seru tapi kurang mateng,seru kurang mateng,Positive,Positive
sehat-sehat game baik,sehatsehat,Positive,Positive
kirain ada kuemungkinan jadi kompitqbel..pdahal ram 8gb..yaudalh main genshin aja amq hsr..,kuemungkinan kompitqbelpdahal ram gbyaudalh genshin amq hsr,Positive,Positive
nice,nice,Positive,Positive
terimakasih mihoyo karena sudah memberi saya Astra Yao + W Engine 30x gacha total 😋. mihoyo baik banget loh ya,terimakasih mihoyo astra yao engine gacha total mihoyo loh,Positive,Positive
"Game play nya seru,story nya bagus,dan karakternya pada bagus bagus tapi minusnya tuh penyimpanan dibuat sekarat🥲, tapi tetap seru🥰",play serustory bagusdan karakter bagus bagus minus tuh simpan sekarat seru,Positive,Positive
lebih bagus dari sodaranya,bagus sodaranya,Positive,Positive
sering ngefreeze sendiri,ngefreeze,Positive,Positive
"game nya udah lumayan bagus, tapi mungkin bisa di perbaiki",lumayan bagus baik,Positive,Positive
good,good,Positive,Positive
"It's actually good, but please reduce the new storage capacity for Android.",its actually good but please reduce the new storage capacity for android,Positive,Positive
"game dengan lore dan word detail yang kompleks, story telling nya yang unik dengan transisi dari bergaya manga menjadi animasi, desain karakter yang sangat imut, ""keren"", dan vfx yang sangat keren, game yang sangat keren dari hoyo, tapi hanya saja berberapa UI dari game nya yg agak bikin bingung dan ada yang repotin, semoga ada improve selanjutnya",lore word detail kompleks story telling unik transisi gaya manga animasi desain karakter imut keren vfx keren keren hoyo berapa ui bikin bingung repotin moga improve,Positive,Positive
aku suka game nya,suka,Positive,Positive
"wow, saya mendapatkan 3 karakter di anniversary ini👍",wow karakter anniversary,Positive,Positive
"Untuk update kali ini, jujur sangat mengesankan bagi saya. Tak sangka sudah setahun saya memainkan game ini. Pengalaman saya selama memainkan game ini bisa dibilang sangat-sangat positif. Gameplay, tema, dan atmosfer dari game ini cocok untuk saya yang suka game aksi, tapi juga santai. Game ini sangat ramah bagi pemain F2P. Selain dari hadiah, hampir semua karakter bahkan karakter rank A sekalipun memiliki potensi untuk menyelesaikan konten end game. Terimakasih, Hoyoverse. Sukses selalu.",update jujur kesan tak sangka tahun main alam main bilang sangatsangat positif gameplay tema atmosfer cocok suka aksi santai ramah main fp hadiah karakter karakter rank milik potensi selesai konten end terimakasih hoyoverse sukses,Positive,Positive
Great gacha game,great gacha,Positive,Positive
"gamenya bagus, kayak 2bit tapi bagus",bagus bit bagus,Positive,Positive
keren,keren,Positive,Positive
best game ever,best ever,Positive,Positive
loree baguss,loree bagus,Positive,Positive
Mantap,mantap,Positive,Positive
"dear zzz team dev.... i played zzz with the most minimum specification cuz my phone are not that good... but it still run smoothly.... but after 2.0 update, idk why the game is getting more laggy and heavy, one of my friend feel it too, if u can do something about it, i would be happy",dear team dev played with the most minimum specification cuz my phone are not that good but still run smoothly but after update idk why the is getting more laggy and heavy one of my friend feel too if lu can something about would be happy,Positive,Positive
best game ever,best ever,Positive,Positive
"Terimakasih Game Baik dan Dermawan, baru login di update terbarunya udah dikasih banyak Hadiah, Plus Udah dapat Yixuan, Nekomata, Lycaon pada hari yang sama tanpa menghabiskan uang asli sedikit, game bagus banget, gak kikir! 😆👍",terimakasih dermawan login update baru kasih hadiah plus yixuan nekomata lycaon tanpa habis uang asli bagus tidak kikir,Positive,Positive
mantap,mantap,Positive,Positive
peak game🔥🔥,peak,Positive,Positive
ku kasih bintang lima soalnya banyak karakter tobrutnya😋,ku kasih bintang karakter tobrutnya,Positive,Positive
game maruk,maruk,Negative,Positive
"game hoyo ke 4 yg ku mainkan, good",hoyo ku main good,Positive,Positive
"so good, and me likely story zzz",sok good and me likely story,Positive,Positive
mantap,mantap,Positive,Positive
terimakasih game baik...,terimakasih,Positive,Positive
aku nak miyabi!!!!!,nak miyabi,Positive,Positive
nice banyak bantuan polychrome datang,nice bantu polychrome,Positive,Positive
game bagus udh gitu aja🥰,bagus,Positive,Positive
Greatest Game I've played!!,greatest ive played,Positive,Positive
bismillah dapet Yixuan amiin,bismillah yixuan amin,Positive,Positive
bagus la gamenya tapi hard pity kima,bagus hard pity kima,Positive,Positive
"game asik loh CIK, makasi para developer telah membuat game seseru ini 🤭",asik loh cik terima kasih developer seru,Positive,Positive
Terima kasih game baik😇😇😇,terima kasih,Positive,Positive
best mobile game,best mobile,Positive,Positive
"zenles bgus banget lah pokoknya. kalau di bandingkan sama gi jauh lah, dari segi story dll zenles jauh lebih mendominasi..",zenles bagus pokok banding gi segi story dll zenles dominasi,Positive,Positive
Game kikir adiknya genshin ya gini,kikir adik genshin,Positive,Positive
terimakasih telah menciptakan mommy jane doe,terimakasih cipta mommy jane doe,Positive,Positive
keren,keren,Positive,Positive
game terbaik saat ini,baik,Positive,Positive
Best Game Gooners I Like 🥀🥀🥀❤️‍🩹,best gooners like,Positive,Positive
game terbaik yang gw mainin Story bagus grafik bagus bansos banyak Memang game terbaik semoga Gamenya semakin maju ya 🥳,baik mainin story bagus grafik bagus bansos baik moga maju,Positive,Positive
"absolute game, world building kuat, story ringan tapi berkesan,",absolute world building kuat story ringan kesan,Positive,Positive
aku suka furryy 😋😋😋,suka furryy,Positive,Positive
happy anniversary yang ke-1 zenzero🥳🎉,happy anniversary zenzero,Positive,Positive
good game,good,Positive,Positive
ntap,mantap,Positive,Positive
"Game nya oke, sangat ramah kepada player F2P meskipun kalau mau dapat senjatanya harus Top up dulu tapi is okay, Sistem Gachanya No scam nggak kayak game sebelah.",oke ramah player fp senjata top up is okay sistem gachanya no scam tidak belah,Positive,Positive
Best game dri Hoyoverse👍🏻,best hoyoverse,Positive,Positive
terbaik,baik,Positive,Positive
gamenya asik,asik,Positive,Positive
GOONER GAME = PEAK,gooner peak,Positive,Positive
"well well well i love this game combat style and story, live long ZZZ",well well well love this combat style and story live long,Positive,Positive
game terbaik,baik,Positive,Positive
peak gooner game,peak gooner,Positive,Positive
mantap,mantap,Positive,Positive
jangan jadi kikir aja udah,jangan kikir,Positive,Positive
good game 🎮🎮,good,Positive,Positive
"dah oke tapi sayang pas mau lihat ke bawah malah pudar, saya kasih b4 dulu :(",deh oke sayang pas pudar kasih,Positive,Positive
Best Anniv Gift!!!,best anniv gift,Positive,Positive
"BAGUS, BAGUS, SAYA SUKA SAYA SUKA",bagus bagus suka suka,Positive,Positive
game bagus semoga aku bisa beli pc,bagus moga beli pc,Positive,Positive
Good,good,Positive,Positive
Gamenya bagus,bagus,Positive,Positive
DEVELOPER TERBAIKK,developer terbaikk,Positive,Positive
"weladalah, smooth banget rek",weladalah smooth rek,Positive,Positive
"nice,Jane doe😋😋",nicejane doe,Positive,Positive
Too heavy for my phone,too heavy for my phone,Positive,Positive
Ts PEAK,ts peak,Positive,Positive
"I don't know, I'm still a bit uncomfortable with this game, it feels like something is missing.. but if I say it, it will sound a bit evil.ㅤㅤㅤㅤㅤㅤㅤㅤㅤㅤㅤㅤㅤㅤThat said, I wouldn't judge a game on its discomfort, so five stars for you anyway.ㅤㅤㅤㅤㅤㅤㅤㅤㅤㅤㅤEven though I don't play Z³ anymore, HSR is still the best for me, so keep up the spirit Devv!! :)",dont know im still bit uncomfortable with this feels like something is missing but if sayang will sound bit evilthat said wouldnt judge on its discomfort sok five stars for you anywayeven though dont play anymore hsr is still the best for me sok keep up the spirit devv,Positive,Positive
PERFECT,perfect,Positive,Positive
Ok,ok,Positive,Positive
"speechless,best game",speechlessbest,Positive,Positive
KEREN WAK 🤭,keren wak,Positive,Positive
satu kata buat game ini: peak game🥳,peak,Positive,Positive
semangat min. yang sabar juga ngadepin komen² yang padahal ada solusinya 😅,semangat min sabar ngadepin komen solusi,Positive,Positive
"really really good game that i ever played from cutscene,combat,storys and character really magnificent 100/10 game i give it 5 stars thanks developer.",really really good that ever played from cutscenecombatstorys and character really magnificent give stars thanks developer,Positive,Positive
"great game, but too heavy for my phone",great but too heavy for my phone,Positive,Positive
"ekhmm bisa dibiliang f2p lah beda dari 2 game se dev, tapi rada kikir🗿",ekhmm dibiliang fp beda dev rada kikir,Positive,Positive
loding nya sangat lama,loding,Positive,Positive
Miyabi is absolutely my wife😗,miyabi is absolutely my wife,Positive,Positive
ini game yg saya cari-cari,caricari,Positive,Positive
"gamenya seru banget. storynya, grafik, overall 10/10 bestt pokoknya!!!",seru storynya grafik overall bestt pokok,Positive,Positive
"Ost Game Ini Paling Ku suka Terus battle combat nya top, parry dodge perfect dah game ini",ost ku suka battle combat top parry dodge perfect deh,Positive,Positive
mantap,mantap,Positive,Positive
"udah bagus, tinggal masalah internet aja untuk game ini",bagus tinggal internet,Positive,Positive
"gameplay seru, story bagus, ga pelit bansos, design karakternya juga bagus². game hoyoverse terbaik.",gameplay seru story bagus tidak pelit bansos design karakter bagus hoyoverse baik,Positive,Positive
ok,ok,Positive,Positive
W Anniv,anniv,Positive,Positive
"makasih zzz bansosnya,cool",terima kasih bansosnyacool,Positive,Positive
best game of all time,best of all time,Positive,Positive
I love yanagi!!!!! and Zhu Yuan!!!!!,love yanagi and zhu yuan,Positive,Positive
Peak game,peak,Positive,Positive
Sangat spesial sekali ini game. Ini game ternyata ada di versi untuk console PS 5. Bagi yang hpny kurang mendukung sebaiknya beralih ke console PS 5.,spesial versi console pas hpny kurang dukung alih console pas,Positive,Positive
Gyatdaym,gyatdaym,Positive,Positive
love it,love,Positive,Positive
teruslah berkarya,terus karya,Positive,Positive
5 star for reward anniversary.,star for reward anniversary,Positive,Positive
i love zzz,love,Positive,Positive
best,best,Positive,Positive
mantap developer game baik 👍👍👍👍,mantap developer,Positive,Positive
game nya sangat menarik dan keren apa lagi story nya yang berbeda-beda jadi alur story nya semakin menarik dan seru selain itu kalau kalian suka Game-game yang ada story nya tapi tidak memakan waktu lama ini cocok untuk tipe orang yang sibuk/banyak urusan dan lain-lain,tarik keren story berbedabeda alur story tarik seru suka gamegame story tidak makan waktu cocok tipe sibukbanyak urus lainlain,Positive,Positive
"Gameplay terbilang seru, meskipun sedikit quest & event/terbilang gampang tamat. Tapi tetep ok sih, dan yg terpenting Game Ramah ke Player. The Best",gameplay bilang seru quest eventterbilang gampang tamat ok penting ramah player the best,Positive,Positive
"story bagus, bansos lancar, emosional nya dapet. mau maen santai bisa, main hardcore juga bisa. kapan lagi game sepaket gini",story bagus bansos lancar emosional santai hardcore paket,Positive,Positive
good,good,Positive,Positive
"thanks for giving us many rewards until this time and for anniversary, hope u guys can add more minigames outside arcade, example sport minigame (basketball,volley), playing card game (like TCG, Gwen from The Witcher) just in case Players got bored after clear all events and must wait until next patch to play the events again",thanks for giving us many rewards until this time and for anniversary hope lu guys can more minigames outside arcade example sport minigame basketballvolley playing card like tcg gwen from the witcher just case players got bored after clear all events and must wait until next patch play the events again,Positive,Positive
please add the main exhibition character change feature and main exhibition story mission,please the exhibition character change feature and exhibition story mission,Positive,Positive
good game ramah f2p,good ramah fp,Positive,Positive
kerja bagus,bagus,Positive,Positive
GAME KIKIR,kikir,Positive,Positive
game casual seru,casual seru,Positive,Positive
bagus,bagus,Positive,Positive
oke,oke,Positive,Positive
keren,keren,Positive,Positive
aku udah pernah main ini game bagus banget tapi minusnya butuh ditingkatkan 1 grafik rendah kurang 2 banyak pembicaraan 3 untuk hp bagus dll semntara aku kasih bintang lima untuk selanjutnya tolong di perbaiki,bagus minus butuh tingkat grafik rendah kurang bicara hp bagus dll semntara kasih bintang tolong baik,Positive,Positive
"gamenya bagus banget, dari segi grafik dan gameplaynya, tapi maaf ya gw kasih rating 2 soalnya gw tiba2 log out dari akun gw, pas mau log in di akun yg sama malah ngulang dari awal, jujur ini bikin kesel(meski baru di chapter 2) tapi tetep aja ini pasti bikin player mana pun jengkel karena harus ngulangin dari awal progres gamenya. jadi mohon ya hoyoverse, bug ini diperbaiki mohon bangettt..",bagus segi grafik gameplaynya maaf kasih rating log out akun pas log akun ngulang jujur bikin keselmeski chapter bikin player jengkel ulang progres hoyoverse bug baik,Positive,Positive
nice,nice,Positive,Positive
gamenya bagus tapi hp watashi ngelag tapi gapapa yang penting bagus dan animasi gamenya bagus👍,bagus hp watashi ngelag gapapa bagus animasi bagus,Positive,Positive
hoyooo ada apa dengan server mu hoyoo 😞😞,hoyo server mu hoyoo,Positive,Positive
"so far so good, need more free gift for new player , other then that all good and i enjoy it 👍",sok far sok good need more free gift for new player other then that all good and enjoy,Positive,Positive
good,good,Positive,Positive
bagus game nya menarik dan stori nya bagus,bagus tarik stori bagus,Positive,Positive
gacor,gacor,Positive,Positive
game nya kerena grafis mantap pergerakan karater nya juga mantap apa lagi di perempuan nya khususnya trigger Ama zhu yuan sama game nya gak kikir bagi bagi bansos terus,rena grafis mantap gera karater mantap perempuan trigger zhu yuan tidak kikir bansos,Positive,Positive
"Keren banget, musiknya, grafiknya dan combatnya, semoga storynya semakin bagus juga.",keren musik grafik combatnya moga storynya bagus,Positive,Positive
"SUMPAH HARUS BGT PITY 85 KEATAS BARU DAPET CHAR LIMIT😭😭 tp bagus gameplaynya storynya semua baguss, kecuali gachanya👺 coop battle dong hoyo🙂‍↕️",sumpah pity atas char limit bagus gameplaynya storynya bagus kecuali gachanya coop battle hoyo,Positive,Positive
"Story sama animationnya bagus, gamenya juga nga terlalu powercreep ramah buat player f2p seperti saya ini hehehe",story animationnya bagus tidak powercreep ramah player fp hehehe,Positive,Positive
ok juga,ok,Positive,Positive
I LOVE BURNICE SM SHES SUCH A CUTIE ICL,love burnice shes such cutie icl,Positive,Positive
"bagus game nya,suka ke story nya gua",bagus nyasuka story gua,Positive,Positive
keren,keren,Positive,Positive
"sudah top up dan main, saat login selalu ""too many request login"" kendala account hoyoverse daridulu seperti ini. sudah lapor tapi belum ditanggapi sampai saat ini. udah bagus udah nyaman malah jadi game sampah lama lama",top up login too many request login kendala account hoyoverse daridulu lapor belum tanggap bagus nyaman sampah,Positive,Positive
oke,oke,Positive,Positive
"game hoyo paling bagus, gameplay aman dan tidak patah-patah, grafik bagus dan oke, dan segi story nya mantap",hoyo bagus gameplay aman tidak patahpatah grafik bagus oke segi story mantap,Positive,Positive
MANTAP SEKALIIIIIII GOODJOB GAME✍🏻,mantap goodjob,Positive,Positive
ok lah buat gameplaynya👍,ok gameplaynya,Positive,Positive
good game,good,Positive,Positive
GOOD,good,Positive,Positive
jiggle physics 100%,jiggle physics,Positive,Positive
bagus banget gamenya seru banget,bagus seru,Positive,Positive
percuma build karakter kalau di story di paksa mulu pake karakter pinjaman,build karakter story paksa mulu pakai karakter pinjam,Positive,Positive
"Kacau Begini ZZZ Sekarang Sering Bet Framedrop Pas Battle Dulu Mah Aman Aman Aja Maen Game Hoyo Yg Laen Kek Genshin,HSR,HI3 Aman Loh Padahal🫨🫨🫨",kacau framedrop pas battle mah aman aman hoyo genshinhsrhi aman loh,Positive,Positive
story nya GG,story tidak,Positive,Positive
Satu satunya game yg gw mainin karena desain dan gameplay dunianya sangat bagus dan storynya juga ringan tapi jika diulik lumayan seru. Bintang 5 buat ini game,satu mainin desain gameplay dunia bagus storynya ringan ulik lumayan seru bintang,Positive,Positive
nice physics,nice physics,Positive,Positive
mantapppp cokk,mantap cokk,Positive,Positive
"bagus, cuma kurang stabil, setiap masuk game selalu internet yang jadi masalah, tapi internet saya bagus, dan ketika saat chat dengan karakter, chat akan keluar sangat lama, semoga bisa diperbaiki",bagus kurang stabil internet internet bagus chat karakter chat moga baik,Positive,Positive
game kikir lebih kikir dari genshin impact,kikir kikir genshin impact,Positive,Positive
"to many request, akun ku kena kyaka gini semua hoyo tlong lah padahal buat sendiri pun bisa kena, mmk",many request akun ku kyaka hoyo tlong mmk,Positive,Positive
"This game is really good, it's good but I just don't like the sibling theme",this is really good its good but just dont like the sibling theme,Positive,Positive
"Game console berkedok android, plus support gamepad kalo main di hp",console kedok android plus support gamepad hp,Positive,Positive
ILOVETHISGAME,ilovethisgame,Positive,Positive
sudah di perbaiki mantap,baik mantap,Positive,Positive
i am happy when I playi,happy when playi,Positive,Positive
"dari segi gameplay, battle sangat unik dan sangat fresh, untuk rewards nya juga berlimpah semoga kedepannya menjadi lebih bagus dan baik",segi gameplay battle unik fresh rewards limpah moga depan bagus,Positive,Positive
"Gameplay seru, mekanik battlenya menantang, visual dan storynya juga bagus banget, terutama bagian cut scene. Kurangnya cuma terlalu sedikit dapat material gacha karakter standar dibandingkan karakter limited.",gameplay seru mekanik battlenya tantang visual storynya bagus cut scene kurang material gacha karakter standar banding karakter limited,Positive,Positive
me when lose 50/50: L verse😡GRRR,me when lose versegr,Positive,Positive
"Overall bagus""aja meskipun gameplay gak terlalu suka cuman pas baku hantam yg mantep story best lah grafik no komen mantep cuman size dan ya reward yg pelit seperti biasa 🗿🗿",overall bagusaja gameplay tidak suka cuman pas baku hantam mantap story best grafik no komen mantap cuman size reward pelit,Positive,Positive
Makasih Min Hoyo vivian nya😁,terima kasih min hoyo vivian,Positive,Positive
game nya sangat seru dan menarik apalagi hp aku ram nya 12/512 GB banyak banget grafik nya juga enak rata kanan,seru tarik hp ram gb grafik rata kanan,Positive,Positive
mantap,mantap,Positive,Positive
"sangat seru dan mudah di mainkan,cocok juga buat f2p walau terkadang rate off,tolong banyakan lagi event menarik dengan hadiah yang memuaskan,terimakasih telah mengembangkan game ini",seru mudah mainkancocok fp terkadang rate offtolong banyak event tarik hadiah memuaskanterimakasih kembang,Positive,Positive
"game bagus banget🤩. story bagus, cutscene bagus, char bagus, cuman gachanya yg ampas🤣",bagus story bagus cutscene bagus char bagus cuman gachanya ampas,Positive,Positive
peak,peak,Positive,Positive
game bok3p,bokp,Positive,Positive
Let's start the Journey,lets start the journey,Positive,Positive
great,great,Positive,Positive
"ini game sangat baik ama player nya,terus event nya banyak dan ngertiin player nya, terimakasih hoyo semoga sukses selalu 🥰🥰",player nyaterus event erti player terimakasih hoyo moga sukses,Positive,Positive
mantap,mantap,Positive,Positive
Well Well Well,well well well,Positive,Positive
mantapp,mantap,Positive,Positive
walah cik gacor gamenya,walah cik gacor,Positive,Positive
The Combat System Is Michelin ⭐,the combat system is michelin,Positive,Positive
"perolehan materinya dibuat rng, tolong jumlahnya dibuat tetap saja, kalau jumlahnya tetap saya jadi bisa ngebuild banyak karakter sekaligus, tapi overall gameplay menarik, dan desain karakternya juga sangat bagus",oleh materi rng tolong ngebuild karakter overall gameplay tarik desain karakter bagus,Positive,Positive
Gooners game,gooners,Positive,Positive
"rumah yg nyaman, teman yg baik, apel yg segar, itu adalah zenless zone zero 🍃",rumah nyaman teman apel segar zenless zone zero,Positive,Positive
gamenya keren Combat nya seru,keren combat seru,Positive,Positive
bagus. tp MC cowok nya tolong dibikin keren dong. jgn standar melulu,bagus mc cowok tolong bikin keren jangan standar melulu,Positive,Positive
saya suka,suka,Positive,Positive
salah satu game terbaik dari mihoyo,salah baik mihoyo,Positive,Positive
seru,seru,Positive,Positive
yesshh,yesshh,Positive,Positive
naise,naise,Positive,Positive
suka banget plisss.karakternya juga banyak yang gyat😋😋,suka pliskarakternya gyat,Positive,Positive
Miyabi my wife 🥰🥰,miyabi my wife,Positive,Positive
aku nak Vivian 😋,nak vivian,Positive,Positive
game play paling seru di antara game hoyoverse,play seru hoyoverse,Positive,Positive
i lovit,lovit,Positive,Positive
"game e seru, character dan story nya top",seru character story top,Positive,Positive
game terbaik dengan developer yg mendengarkan player terutama f2p 🔥🔥🔥,baik developer dengar player fp,Positive,Positive
damn,damn,Positive,Positive
mantap perbanyak event nya 🔥,mantap banyak event,Positive,Positive
gamenya seru 👍,seru,Positive,Positive
fun,fun,Positive,Positive
nice game,nice,Positive,Positive
story getting boring...,story getting boring,Positive,Positive
"gamenya bagus, mekaniknya ok, karakternya Alamak, storynya bagus. tapi agak ngeframe dikit",bagus mekanik ok karakter alamak storynya bagus ngeframe dikit,Positive,Positive
no TMR no hoyoverse,no tmr no hoyoverse,Positive,Positive
terbaik lah,baik,Positive,Positive
game gratis dipenuhi effort development yang baik...keep it up ZZZ,gratis penuh effort development baikkeep up,Positive,Positive
vergil daughter is too strong dawg,vergil daughter is too strong dawg,Positive,Positive
"Semuanya bagus, dari segi alur cerita sampai desain karakter bagus banget cuma mohon untuk system' pencarian Polychrome lebih dibanyakin lagi buat player Free to play seperti saya untuk mendapatkan 1karakter beserta W-engine nya sedikit susah apalagi disini ada system' rate off dan rate on, jadi mohon kedepannya bisa untuk dipermudah atau di perbanyak ladang/farming Polychrome nya. Kembali lagi semuanya dari game ini sangat bagus pertahankan!!!",bagus segi alur cerita desain karakter bagus system cari polychrome dibanyakin player free play karakter serta wengine susah system rate off rate on depan mudah banyak ladangfarming polychrome bagus tahan,Negative,Positive
Keep your good work,keep your good work,Positive,Positive
great game,great,Positive,Positive
"untuk saat ini sangat bagus gamenya , tapi saya berharap kedepannya ada konten end game baru , supaya ketika konten habis masih ada yang bisa dikerjakan terima kasih",bagus harap depan konten end konten habis terima kasih,Positive,Positive
"game nya bagus, terlalu bagus sehingga kurang cocok untuk device ringan kayak aku 🥲",bagus bagus kurang cocok device ringan,Positive,Positive
mantabb,mantab,Positive,Positive
mekanik combat nya bagus padahal baru patch 1.6 udah bagus aja diharapkan lebih bagus kedepannya lagi...,mekanik combat bagus patch bagus harap bagus depan,Positive,Positive
"story nya bagus, tapi renderingnya masih kurang tajem, kali pas patc 1.7 renderingnya di naikin sedikit 🗿🗿🗿",story bagus renderingnya kurang tajem pas patc renderingnya naikin,Positive,Positive
plss rerun Miyabi😞,plss rerun miyabi,Positive,Positive
cukup bagus,bagus,Positive,Positive
bagus bgt 10/10,bagus,Positive,Positive
musik nya asik banget dah,musik asik deh,Positive,Positive
"bagus bgt game nya, dr semua game hoyo ini yg paling best lah power creep sejauh ini sehat, story best, charnya juga bagus bagus, bansos pa lagi lancar jaya. good buat developer ni game. minus nya ya mungkin device emang harus agak high buat mainin ni game biar ga lag😆😆",bagus hoyo best power creep sehat story best charnya bagus bagus bansos lancar jaya good developer minus device high mainin biar tidak lag,Positive,Positive
"game sangat bagus,grafik,battle nya, char nya juga cakep cakep, bansos cukup banyak, sehat sehat game baik",bagusgrafikbattle char cakep cakep bansos sehat sehat,Positive,Positive
game ter-asik,terasik,Positive,Positive
absolute game,absolute,Positive,Positive
sangat bagus,bagus,Positive,Positive
Game Animasi Terbaik. Cocok Dimainkan Sepanjang Masa.,animasi baik cocok main,Positive,Positive
ini adalah game terbaik,baik,Positive,Positive
gameplay hns dan grafik yg bagus cuma gacha karakter ampas,gameplay hns grafik bagus gacha karakter ampas,Positive,Positive
game tercinta terbaik,cinta baik,Positive,Positive
game terbaik lah 👍,baik,Positive,Positive
"tamabahin fitur pengganti mc,dalam story min ^_^",tamabahin fitur ganti mcdalam story min,Positive,Positive
nice game,nice,Positive,Positive
My favorite game and this game has many characters that i like,my favorite and this has many characters that like,Positive,Positive
Niceee,nice,Positive,Positive
the best hoyoverse game i'v ever play,the best hoyoverse iv ever play,Positive,Positive
Great Game,great,Positive,Positive
peak,peak,Positive,Positive
Perry di zzz mantep bgt,perry mantap,Positive,Positive
best,best,Positive,Positive
W games 🥰😘😱🔥,games,Positive,Positive
peak,peak,Positive,Positive
Jujur setelah pensi HSR. Dan dikasih story di luar Honkai. Jujur aku merasa lebih cocok dengan story di game ini. Dan aku hanya berharap terus konsisten membuat cerita dan game nya lebih hidup lagi kedepannya dan kalau bisa jangan kaitin story game ini dengan Lore atau Story Per Honkai an. Dan terus menjadi Zenless Zone Zero yang story nya di luar Honkai Universe. Dan jadilah teman kuliah dan kerja ku sampai game ini tamat dengan kualitas story yang bagus seperti Versi 1.4. I Love ZZZ 🫶🫶,jujur pensi hsr kasih story honkai jujur cocok story harap konsisten cerita hidup depan jangan kaitin story lore story honkai an zenless zone zero story honkai universe teman kuliah ku tamat kualitas story bagus versi love,Positive,Positive
sugoii pengiriman super duper sangat cepat sekali hehe thanks,sugoii kirim super duper cepat hehe thanks,Positive,Positive
good game I am helped by the presence of the Indonesian language I feel comfortable when I read the storyline,good helped by the presence of the indonesian language feel comfortable when read the storyline,Positive,Positive
game bagus👍,bagus,Positive,Positive
keren banyak tobrut dan lomli,keren tobrut lomli,Positive,Positive
good,good,Positive,Positive
4 Jempol,jempol,Positive,Positive
"Secara keseluruhan udah hampir bagus, mulai dari Grafik, Voice Actor, Model Karakter, dan Performa udah paling bagus, terutama taktik marketing nya yang ramah f2p",bagus grafik voice actor model karakter performa bagus taktik marketing ramah fp,Positive,Positive
cukup seru untuk karakter nya,seru karakter,Positive,Positive
to muach jiggle physics,muach jiggle physics,Positive,Positive
terimakasih game baik Zhu Yuan Saia M6,terimakasih zhu yuan saia,Positive,Positive
"Gamenya seru abis, storynya mantap, devnya suka mendengarkan keluhan para playernya terimakasih game baik.",seru habis storynya mantap devnya suka dengar keluh playernya terimakasih,Positive,Positive
"JUJUR ni game bagus banget dari segi story,design character dll udh bagus banget suka🥰😍😍😍😍",jujur bagus segi storydesign character dll bagus suka,Positive,Positive
"Fight nya seru, sat set sat set",fight seru sat set sat set,Positive,Positive
"Zenless Zone Zero keren banget! Grafisnya cakep, animasi pertarungannya halus, dan setiap karakter punya gaya unik yang bikin seru terus. Ceritanya juga menarik dan bikin penasaran. Sistem kombatnya cepet dan responsif, apalagi musiknya nge-blend banget sama suasana kotanya yang stylish. Gacha-nya cukup oke dan banyak event seru juga. Pokoknya ini game wajib dicoba buat yang suka action dan vibes futuristik!",zenless zone zero keren grafis cakep animasi tarung halus karakter gaya unik bikin seru cerita tarik bikin penasaran sistem kombat cepat responsif musik ngeblend suasana kota stylish gachanya oke event seru pokok wajib coba suka action vibes futuristik,Positive,Positive
gameplay mantap,gameplay mantap,Positive,Positive
bagus,bagus,Positive,Positive
"Dalam semua aspek saya suka game ini yang paling saya suka dari game ini adalah saat menjalankan misi, terkadang ada kayak komik-komik gitu yang nyambung sama misinya dan hal itu keren menurut saya.",aspek suka suka jalan misi terkadang komikkomik sambung misi keren,Positive,Positive
Good Game...,good,Positive,Positive
"Gamenya asik, seru, dan memuaskan. Meskipun dari Development Mihoyo, tapi untuk pengembangan gamenya cukup berbeda dari game game sebelumnya. Sering memantau dan memperbaiki bug-bug yang muncul setiap update. Kompensasi dan hadiah yang diberikan sangat berlimpah.",asik seru muas development mihoyo kembang beda pantau baik bugbug muncul update kompensasi hadiah limpah,Positive,Positive
bagus banget gamenya story walau kadang susah dipahami tapi gameplay nya seruu dan ga bored!! tolong kasih pemula karakter bintang 5 setidaknya 1 karakter saja sudah cukup,bagus story kadang susah paham gameplay seru tidak bored tolong kasih mula karakter bintang karakter,Positive,Positive
bagus bet njir👍👍❤❤❤👅👅👅💯💯💯💯💯🤭🤭🤭🤭😹😹😹😹,bagus anjir,Positive,Positive
best game,best,Positive,Positive
"terimakasih hoyo membuat penambah baik dalam Zenless zone zero dari segi grafik,game dan bansos semuanya terpenuhi walaupun pun hujat dari para kaun mendang mending saya tetap dapat menikmati game dengan nyaman terima kasih mihoyo",terimakasih hoyo tambah zenless zone zero segi grafikgame bansos penuh hujat kaun dang mending nikmat nyaman terima kasih mihoyo,Positive,Positive
saya suka zzz,suka,Positive,Positive
"Peak plot, peak gameplay",peak plot peak gameplay,Positive,Positive
mantap berasa game anime,mantap asa anime,Positive,Positive
gim baik 🥰🥰,gim,Positive,Positive
berar,berar,Positive,Positive
tolong perbaiki kompabilitas nya,tolong baik kompabilitas,Positive,Positive
"game nya keren banget vroh, Dari segi grafik dan gameplay, tambah story nya keren banget cuy",keren vroh segi grafik gameplay story keren cuy,Positive,Positive
"game terbaik, seru, story bagus",baik seru story bagus,Positive,Positive
"really cool🤩 really like the story part which has a comic style, it's exciting because the cut scenes are cool and smooth! I suggest optimizing the game again for players who use mid-range devices",really cool really like the story part which has comic style its exciting because the cut scenes are cool and smooth suggest optimizing the again for players who use midrange devices,Positive,Positive
gud game,gud,Positive,Positive
Gooner game 🗣️🔥,gooner,Positive,Positive
Terima kasih game baik,terima kasih,Positive,Positive
literally bagus gamenya cmn buat Dev ya tolong tambahin mode co op,literally bagus cuman dev tolong tambah mode cowok op,Positive,Positive
"bagus tapi ada kendala pas mau login layarnya hitam (black screen) padahal jaringan bagus dan lancar saja,bikin orng kesal saja, padahal sudh unduh data pas ada File yg ukuran 100mb+ pas selesai unduh malah fc login ulang malah layar hitam terus",bagus kendala pas login layar hitam black screen jaring bagus lancar sajabikin kesal unduh data pas file ukur mbak pas selesai unduh fc login ulang layar hitam,Positive,Positive
Banyak mommy 😍,mommy,Positive,Positive
adain fitur coop nya supaya lebih seru,ada fitur coop seru,Positive,Positive
"Tolong untuk mihoyo tercinta, optimalkan game ini untuk hp mid range ke bawah karena masih agak lag,tolong yaa,love you mihoyo 😍🥰😚",tolong mihoyo cinta optimal hp mid range lagtolong yaalove you mihoyo,Positive,Positive
Game terbaik man,baik man,Positive,Positive
Love this game,love this,Positive,Positive
bagus,bagus,Positive,Positive
"saya suka storynya, tpi jangan kasi kami sad ending, kasih happy ending",suka storynya jangan kasih sad ending kasih happy ending,Positive,Positive
tambahin char semog nya dong hoyo,tambah char semog hoyo,Positive,Positive
awesome,awesome,Positive,Positive
tòɓrut,trut,Positive,Positive
intinya zenless tuh terlalu perfect lah untuk sebuah game👍,inti zenless tuh perfect,Positive,Positive
Mantap,mantap,Positive,Positive
asik banget,asik,Positive,Positive
Mekanik parry nya bagus,mekanik parry bagus,Positive,Positive
"game dengan seni desain grafis yang sangat bagus, saya pribadi sangat menyukai hal apapun didalam game ini (kecuali sesuatu fan service yg berlebihan)",seni desain grafis bagus pribadi suka apa dalam kecuali fan service,Positive,Positive
"Nice I really love this game the story is sagat I'm interested in what else is the gameplay I prefer zzz over genshin, oh yeah a little suggestion maybe co-op feature can be added more if you can, and maybe there should be an event that can be used to create materials like denny and batre",nice really love this the story is sagat im interested what else is the gameplay prefer over genshin oh yeah little suggestion maybe coop feature can be added more if you can and maybe there should be an event that can be used create materials like denny and batre,Positive,Positive
Artstyle nya unik sih,artstyle unik,Positive,Positive
ZZZ NICE GAME,nice,Positive,Positive
Makasih ya Mihoyo udah bikinin game sebagus ini♥️,terima kasih mihoyo bikin bagus,Positive,Positive
minn glitch nya nambah min untuk lainnya aman udah itu benahin glitchnya dong,minn glitch tambah min aman benah glitchnya,Positive,Positive
Bagus bgt gamenya bng,bagus bang,Positive,Positive
gamenya seru dan banyak hadiah gratis dan juga desain karakternya bagus² dan cakep pokoknya mantap deh!,seru hadiah gratis desain karakter bagus cakep pokok mantap deh,Positive,Positive
Ellen my beloved 🔥,ellen my beloved,Positive,Positive
"Good Game, Perfect!",good perfect,Positive,Positive
jiggle nya mantap,jiggle mantap,Positive,Positive
sangat bagus,bagus,Positive,Positive
mantap,mantap,Positive,Positive
"gw kasih bintang 5 karna gw seneng akhirnya ada game mihoyo yg bisa dimainin di hp gw yang kentang ini meski lag dan panas hp gw tapi gw seneng banget , tapi agak sedikit kecewa sii untuk freebies susah bngt kayanya mau gacha but it's oke lah karna game nya cukup seru",kasih bintang senang mihoyo dimainin hp kentang lag panas hp senang kecewa freebies susah kaya gacha but its oke seru,Positive,Positive
baguss,bagus,Positive,Positive
ini baru game terbaik,baik,Positive,Positive
Mommy Character let's goooo,mommy character lets go,Positive,Positive
"Good game, best story, fun gameplay",good best story fun gameplay,Positive,Positive
cloud 👍,cloud,Positive,Positive
"sudah sangat playable, medium 60 fps stabil di update terbaru ini, di device poco x6 pro, mantap!!",playable medium fps stabil update baru device poco pro mantap,Positive,Positive
Good better than genshin,good better tahan genshin,Positive,Positive
Best game ever. Suka banget sama game yang tipenya parry and dodge. Nuansanyapun dapat. Gw suka 👍👏,best ever suka tipe parry and dodge nuansa suka,Positive,Positive
uwaw🤯🤯🤯🤯🤯,uwaw,Positive,Positive
Gooner ahh game,gooner ah,Positive,Positive
Damn,damn,Positive,Positive
Game nya bagus tapi jangan keseringan update dong,bagus jangan sering update,Positive,Positive
Game nya bur1k bgaus bgt aih,burk bgaus aih,Positive,Positive
i hope i got free 100pulls,hope got free pulls,Positive,Positive
The cutscene doesn't have bgm and sfx only va sound,the cutscene doesnt have bgm and sfx only va sound,Positive,Positive
Mantap gameplaynya cuma kurang suka modelan TVnya aja sisanya oke sih,mantap gameplaynya kurang suka model tvnya sisa oke,Positive,Positive
I Love Anby Demara!,love anby dara,Positive,Positive
Good,good,Positive,Positive
Banyak wanita yang aduhai njir 🥰🥰🥰😋😋,wanita aduhai anjir,Positive,Positive
"Bagus banget permainannya soalnya grafiknya keren banget, tetapi perlu memori yang banyak untuk download game ini.",bagus main grafik keren memori download,Positive,Positive
Can't enter,cant enter,Positive,Positive
Good Game,good,Positive,Positive
"very good, only for mobile it is very heavy and the graphic settings are only a little, if possible like the game next door, you can set all the graphics so that players with low specs can play this game smoothly without any lag complaints",very good only for mobile is very heavy and the graphic settings are only little if possible like the next door you can set all the graphics sok that players with low specs can play this smoothly without any lag complaints,Positive,Positive
"Gamenya bagus, mekaniknya seru. Tapi nguli polychromenya berat.",bagus mekanik seru nguli polychromenya berat,Positive,Positive
Game yang menyenangkan tapi perlu lebih balance di bagian grafik,senang balance grafik,Positive,Positive
"Mantap, cocok buat orang yang suka game dengan ciri khas hoyoverse tetapi tidak terlalu grinding. Masih bisa lah di nikmati secara casual tanpa hardplay, battle nya menarik dengan kombo kombo ex skill dan ultimate. Story juga bagus, ya kalau story sih sudah jagonya hoyoverse, keren dengan gaya tersendiri.",mantap cocok suka ciri khas hoyoverse tidak grinding nikmat casual tanpa hardplay battle tarik kombo kombo ex skill ultimate story bagus story jago hoyoverse keren gaya sendiri,Positive,Positive
Nice Game!,nice,Positive,Positive
bagus tapi aku juga dapet karakter Evelyn itu bagus tapi bolehkah downloadnya sampai 2 kali ini sama aja sama honkai impact 3 lama banget download-an nya,bagus karakter evelyn bagus downloadnya honkai impact downloadan,Positive,Positive
"Gameplay, Story, Design, Ost dll mantap semua 👍🔥👍",gameplay story design ost dll mantap,Positive,Positive
Oke,oke,Positive,Positive
Baru main tapi kayaknya bakal lebih seru kalo bermain cukup jauh/lama dan karakternya bagus bagus cuma karakter perempuannya kurang fans service aja sihh,kayak seru main jauhlama karakter bagus bagus karakter perempuan kurang fan service,Positive,Positive
Gamenya udah bagus.... Tapi tolong buat untuk dihp bisa dipindahin HUD nya,bagus tolong dihp dipindahin hud,Positive,Positive
cukup bagus.. tingkatkan..,bagus tingkat,Positive,Positive
Nice,nice,Positive,Positive
I love this game so much,love this sok much,Positive,Positive
Saya senang,senang,Positive,Positive
Ga ada mini game jadi seru ini game,tidak mini seru,Positive,Positive
Bagus game nya,bagus,Positive,Positive
gacor,gacor,Positive,Positive
"Mantap animasi ultimate nya, kalo bisa rerun astra yao",mantap animasi ultimate rerun astra yao,Positive,Positive
"Story-nya bagus, gameplay-nya asik, musiknya beh mantap. Belum lagi aset chara-nya g heran gamenya berat",storynya bagus gameplaynya asik musik beh mantap belum aset charanya tidak heran berat,Positive,Positive
"Mantap walau mode tv nya sedikit membosankan, sisanya udh mantapp",mantap mode tv bosan sisa mantap,Positive,Positive
TERIMA KASIH MIHOYO😘😘😘,terima kasih mihoyo,Positive,Positive
Best game 😍🥰,best,Positive,Positive
Gamenya bagus,bagus,Positive,Positive
Bagus cerita gampang masuk di otak banyak bonsos gameplay seru musik bagus,bagus cerita gampang otak bonsos gameplay seru musik bagus,Positive,Positive
Best,best,Positive,Positive
"Bagus siiy ,tapi tiap maen game loginnya lama.",bagus siiy loginnya,Positive,Positive
THE BEST GAME EVER,the best ever,Positive,Positive
Keren,keren,Positive,Positive
game mantap 😁👍🏿,mantap,Positive,Positive
Behh bintang 5,behh bintang,Positive,Positive
Untuk keseluruhan sudah sangat bagus. Namun poblem bagi saya tolong teks yang di tampilkan ketika menggunakan controller tolong di perbesar atau disediakan fitur untuk memperbesar/memperbesar font nya Terimakasih,bagus poblem tolong teks tampil controller tolong besar sedia fitur memperbesarmemperbesar font terimakasih,Positive,Positive
"Hoyo, custom hud nya lebih fleksibel lagi dong",hoyo custom hud fleksibel,Positive,Positive
SOLID SOLID SOLID,solid solid solid,Positive,Positive
Boing boing,boing boing,Positive,Positive
Always hear our feedback🔥🔥🔥,always hear our feedback,Positive,Positive
"Nice... very... unfortunately my device is not strong enough, but everything... is good.",nice very unfortunately my device is not strong enough but everything is good,Positive,Positive
Gooner game.,gooner,Positive,Positive
Game keren mantap walau agak beras game nya😁,keren mantap beras,Positive,Positive
Sigma game,sigma,Positive,Positive
"Enemy glitches out which ngl is kinda funny. Events are way too long to do, esp for limited time ones. Kinda wish I could use my chars for the main story but oh well. Fun gameplay tho, highly recommend if you're bored and just want smth to do.",enemy glitches out which ngl is kinda funny events are way too long esp for limited time ones kinda wish could use my chars for the story but oh well fun gameplay tho highly recommend if youre bored and just want smth,Positive,Positive
"Aku suka game gooning ini, karena banyak mommy mommy 😋😋😋, untuk rate pool sangat tinggi. Aku minggu kemarin dapat Astra yao hanya 30x spin😋😋😋😋😋🥰 yummy"" Good for the tummy🥰😋😋😋😋😋😋😋😋😋",suka gooning mommy mommy rate pool tinggi minggu kemarin astra yao spin yummy good for the tummy,Positive,Positive
"Seru, charnya jg ckep²",seru charnya ckep,Positive,Positive
Keren,keren,Positive,Positive
The game I'm most interested in.,the im most interested,Positive,Positive
Nom Nom Shark,nom nom shark,Positive,Positive
"Min, kapan ada event gacha karakter jane doe lagi?",min event gacha karakter jane doe,Negative,Positive
sangat bagus,bagus,Positive,Positive
Ini game aku berhasil meraih penghargaan tersebut! ❤,hasil raih harga,Positive,Positive
bagus bejir,bagus bejir,Positive,Positive
Mantap,mantap,Positive,Positive
aku senang sekali bisa dapat main game hoyo,senang hoyo,Positive,Positive
ceritanya bagus,cerita bagus,Positive,Positive
Sumpah ni game seru banget mulai dr HI 3 sampe ZZZ improve terus keren Hoyoverse,sumpah seru hi improve keren hoyoverse,Positive,Positive
"Bagusss gaya visualnya, dengan animasi yang fresh",bagus gaya visual animasi fresh,Positive,Positive
Mantap,mantap,Positive,Positive
Gameplay yang sangat Indah.,gameplay indah,Positive,Positive
"Overall udah bagus cuma tolong optimalkan lagi karna terkadang tengah tengah pertempuran tiba tiba jadi terasa berat,lag dan patah patah",overall bagus tolong optimal terkadang tengah tengah tempur beratlag patah patah,Positive,Positive
Nice,nice,Positive,Positive
keren,keren,Positive,Positive
"Game ramah f2p,ga kayak si kikir impact",ramah fpga kikir impact,Positive,Positive
"dari segi story, gameplay, design character sudah bagus tapi ada sedikit bug glitch padahal hp saya termasuk hp yang lumayanlah buat main ini game, saya juga main genshin dan star rail ga ada masalah entah knp main zzz ada glitch gini padahal sinyal masih bagus processor nya juga bagus",segi story gameplay design character bagus bug glitch hp hp lumayan genshin star rail tidak glitch sinyal bagus processor bagus,Positive,Positive
"yap, mantab",mantab,Positive,Positive
best hoyogame for now,best hoyogame for now,Positive,Positive
"Kapan miyabi rerun , dev . Aku pingin C6 😎👍",miyabi rerun dev pengin,Positive,Positive
Red pity,red pity,Positive,Positive
The best game,the best,Positive,Positive
Nice,nice,Positive,Positive
Love it,love,Positive,Positive
Game bagus,bagus,Positive,Positive
Mantap,mantap,Positive,Positive
"I love the animation of this game, the story, the characters all the characters personalities, and the gameplay!",love the animation of this the story the characters all the characters personalities and the gameplay,Positive,Positive
Game nya bagus(mana sedekah nya),bagusmana sedekah,Positive,Positive
"Dear developers, with respect, I hope in 1.6 the shining eyes will return when ulting on zzz characters again🙏🙏",dear developers with respect hope the shining eyes will return when ulting on characters again,Positive,Positive
Desain dan gameplay yang menarik,desain gameplay tarik,Positive,Positive
Selalu gagal mendapatkan karakter yang diinginkan game kikir,gagal karakter kikir,Positive,Positive
"Game nya bagus dari alur ceritanya,graphic nya, karakternya,beuhh baguss dah pokoknya",bagus alur ceritanyagraphic karakternyabeuhh bagus deh pokok,Positive,Positive
Mantap👍👍,mantap,Positive,Positive
The best absolute cinema cutscene,the best absolute cema cutscene,Positive,Positive
Kalo bagus saya kasih bintang 5 semoga game ini tetap bisa berkembang,bagus kasih bintang moga kembang,Positive,Positive
Bagus,bagus,Positive,Positive
bagus,bagus,Positive,Positive
Bagus game nya story lorenzo nya juga seru grafik nya juga bukan main-main cuy!,bagus story lorenzo seru grafik bukan mainmain cuy,Positive,Positive
"When the game has too many fan service (That God damn jiggle physics & Most of the female characters look), but still have a 11/10 stories, gameplay, and graphic.",when the has too many fan service that god damn jiggle physics most of the female characters look but still have stories gameplay and graphic,Positive,Positive
Best game ever,best ever,Positive,Positive
"Pertama kali bener bener suka game gacha dari hoyo,combat style dan puzzle style nya luar biasa",suka gacha hoyocombat style puzzle style,Positive,Positive
Gyaatt 😋😋😋,gyaatt,Positive,Positive
tambahkan fitur zoom pls,tambah fitur zoom pls,Positive,Positive
Tolong perbaiki masalah server,tolong baik server,Positive,Positive
"Seru banget main game ini, minesnya paling ya cuman ada yang kebanyakan ngobrol aja",seru mes cuman banyak obrol,Positive,Positive
Pleade add coop battle!,pleade coop battle,Positive,Positive
"Gamenya keren, moga aja dev nya makin mengembangkan game ini",keren moga dev kembang,Positive,Positive
"Hi3 2.0 but more satisfying,cool",hi but more satisfyingcool,Positive,Positive
Kerenn,keren,Positive,Positive
"terimakasih kepada developer karena sudah mendengarkan keluh kesah player, setelah update semua berjalan normal kembali, semoga kedepannya terus seperti ini",terimakasih developer dengar keluh kesah player update jalan normal moga depan,Positive,Positive
"Dear dev, please make it offline mode too, because sometimes it's difficult to get a signal here",dear dev please pakai offline mode too because sometimes its difficult get signal here,Negative,Positive
I love it,love,Positive,Positive
Animas dan battlenya bagus. Karakter dan story yang berkembang tidak kaku dan mantap,animas battlenya bagus karakter story kembang tidak kaku mantap,Positive,Positive
"Game bagus, udah itu aja",bagus,Positive,Positive
game nya bagus,bagus,Positive,Positive
Aku suka game ini karena bisa *klontang klonteng*,suka klontang klonteng,Positive,Positive
"Game kontl,kikir",kontlkikir,Positive,Positive
sehat sehat game baik,sehat sehat,Positive,Positive
Lbh up to brut nya 🫣👍,up brut,Positive,Positive
Nice,nice,Positive,Positive
So good,sok good,Positive,Positive
"Semoga semakin berkembang, game bagus sejauh ini",moga kembang bagus,Positive,Positive
nicee,nicee,Positive,Positive
Baguss,bagus,Positive,Positive
Keren bgt coyyy,keren coy,Positive,Positive
99% story 1% fight 🥱,story fight,Positive,Positive
Cihuy,cihuy,Positive,Positive
Lumayan keren pol 👍🏻👍🏻👍🏻👍🏻👍🏻👍🏻,lumayan keren pol,Positive,Positive
gooner game,gooner,Positive,Positive
"Animasi bagus, gameplay lumayan asik, cerita menarik. Pokoknya game bagus tapi sayang handphone ku menangis histeris",animasi bagus gameplay lumayan asik cerita tarik pokok bagus sayang handphone ku menang histeris,Negative,Positive
Mantap semangat terus developer,mantap semangat developer,Positive,Positive
good,good,Positive,Positive
"Akhirnya udah di fix, terimakasih",fix terimakasih,Positive,Positive
Keren,keren,Positive,Positive
love this game a lot,love this lot,Positive,Positive
"Terimakasih game baik, semoga tambah sukses. gokil",terimakasih moga sukses gila,Positive,Positive
"Mana tombol skipnya,kontl",tombol skipnyakontl,Positive,Positive
Story nya asik,story asik,Positive,Positive
Good.,good,Positive,Positive
tambahkan endgame content baru dan berikan character ss untuk pemula,tambah endgame content character ss mula,Positive,Positive
i love this game 😍,love this,Positive,Positive
Lycaon has no voice...,lycaon has no voice,Positive,Positive
Bangor kan dulu leeeeeeee😜,bangor,Positive,Positive
"Ceritanya mantep, gak kayak game buatan hoyo sebelumnya yang bahas dewa. Cerita zzz lebih relate, animasi juga bagus dan yang paling penting enggak kikir🥰",cerita mantap tidak buat hoyo bahas dewa cerita relate animasi bagus kikir,Positive,Positive
"Aslinya saya main Di PC tapi coba donlot di hp jadi bisa main di mana aja, dari kontrol asik sih Story nya ajibb eyyyy wasik pollll animasi behhh",asli pc coba donlot hp kontrol asik story ajib ey wasik pol animasi beh,Positive,Positive
"BEST, CUMA BERAT DI KOTA",best berat kota,Positive,Positive
Kasih aku yang bagus hoyo🙏,kasih bagus hoyo,Positive,Positive
Mantap le,mantap,Positive,Positive
Saya berharap support 90 dan 120 fps itu saja selebihnya memuaskan,harap support fps lebih muas,Positive,Positive
Seru,seru,Positive,Positive
Nice,nice,Positive,Positive
"Gamenya lebih seru dari pada genshin impact,karna storynya bisa di skip enggak kayak genshin harus dengerin yapping",seru genshin impactkarna storynya skip genshin dengar yapping,Positive,Positive
Battle nya seru dan unik!!!,battle seru unik,Positive,Positive
"Ada bug di beberapa tempat, tapi over all is good game",bug over all is good,Positive,Positive
Sangatt seru di gameplay nya yang tidak kaku dan menegangkan begitu juga storynya yang bagus,sangatt seru gameplay tidak kaku tegang storynya bagus,Positive,Positive
The bast,the bast,Positive,Positive
Tolong banget tambahin keyboard dan mouse untuk gameplay yang versi mobile Kalau di tambahin saya kasi bintang lima,tolong tambah keyboard mouse gameplay versi mobile tambah kasih bintang,Positive,Positive
"Alhamdulillah udah gaada quest tv lagi, udh diapus! akhirnya bisa pure berantem sama jalan jalan mantap bintang 5 langsungg",alhamdulillah tidak quest tv diapus pure antem jalan jalan mantap bintang langsungg,Positive,Positive
Mantap bansos,mantap bansos,Positive,Positive
"Mantapp semoga bisa lebih"" baik lagi kedepannya gamenya baguss",mantap moga depan bagus,Positive,Positive
Peak!!!,peak,Positive,Positive
Cukup menyenangkan,senang,Positive,Positive
Peak,peak,Positive,Positive
Gameplaynya bagus tapi gachanya rada rada😑,gameplaynya bagus gachanya rada rada,Positive,Positive
"fast respond, good performance, good story, nice design and more, even there some bug but overall it's good game",fast respond good performance good story nice design and more even there some bug but overall its good,Positive,Positive
"Sumpah ini game keren parah, dari musik nya dan grafik nya luar biasa keren, combat nya beeeh!! Muantep , efek² nya meriah bener, Tolong Hoyoverse, bikin karakter cowo, jangan selalu nge rilis karakter cewe Mulu.",sumpah keren parah musik grafik keren combat beh muantep efek riah tolong hoyoverse bikin karakter cowok jangan nge rilis karakter cewek mulu,Positive,Positive
"I really like this game, thank you!",really like this thank you,Positive,Positive
"Ini geme bagus bangat sih,aku tau karna yutuber minikraft baww ,ku kasih bingtang 5 semoga kedepan nya lebih banyak karakter dan mep nya😊",geme bagus sihaku tau yutuber minikraft baww ku kasih bingtang moga depan karakter mep,Positive,Positive
Makasih 5 star gratisnya👍👍,terima kasih star gratis,Positive,Positive
Game The Best 🗿Minta Baansos Dong Admin,the best baansos admin,Positive,Positive
keren,keren,Positive,Positive
Terlalu banyak fan service,fan service,Positive,Positive
Tolong adakan fitur ganti mc di story,tolong adakan fitur ganti mc story,Positive,Positive
Anby wa daisukii❤❤,anby wa daisukii,Positive,Positive
Love,love,Positive,Positive
Bagus untuk dimainkan,bagus main,Positive,Positive
I love this game.,love this,Positive,Positive
Oke,oke,Positive,Positive
enjoy banget sih main ZZZ,enjoy,Positive,Positive
Saya suka doang game ini game playnya bagus karakternya beragam dan evennya juga menarik tapi sayangnya game ini optimasi nya masih kurang bagus tiba tiba fpsnya suka drop semoga update ke depannya bisa stabil fps nya,suka doang playnya bagus karakter agam evennya tarik sayang optimasi kurang bagus fpsnya suka drop moga update depan stabil fps,Positive,Positive
"Story,desain karakternya, environment,pergerakan karakternya mantap semua bahkan desain npc dan ekspresi karakter disini lebih hidup dari game hoyoverse yang sebelumnya dan bansosnya sangat memuaskan untuk player f2p . Tapi loading di game ini cukup lama buat device saya yang chipsetnya g99 dan sizenya cukup besar untuk game yang rilis belum cukup lama dan masih versi 1.5.0 saya harap bisa dioptimalkan lagi untuk kedepannya. Overall nice game, Terima kasih.",storydesain karakter environmentpergerakan karakter mantap desain npc ekspresi karakter hidup hoyoverse bansosnya muas player fp loading device chipsetnya tidak sizenya rilis belum versi harap optimal depan overall nice terima kasih,Positive,Positive
Story dan animasinya bagus👍,story animasi bagus,Positive,Positive
Makasihhhh,terima kasih,Positive,Positive
Udah pilih kasih kikir lagi dasar adik genshin,pilih kasih kikir dasar adik genshin,Positive,Positive
"Gim baik, istri ku astral yao😝😝😝🌹🌹🌹🤭🤭🤭🥵🥵🥵❤❤❤",gim istri ku astral yao,Positive,Positive
Kasih fitur ganti mc dong 🗿,kasih fitur ganti mc,Negative,Positive
Amazing gameplay with full story and variable fighting skill,amazing gameplay with full story and variable fighting skill,Positive,Positive
"battle, story, animasinya keren menyala hp kentang ku",battle story animasi keren nyala hp kentang ku,Positive,Positive
I love it💜,love,Positive,Positive
Gue paling suka gameplay game ini. Tolong adain open world supaya lebih seru. Mantap,suka gameplay tolong ada open world seru mantap,Positive,Positive
Naisu,naisu,Positive,Positive
"ini game sih perfect, tinggal ada in event top up yang beri hero S pilihan. Soalnya aku mau top up jadi malas karena hanya dapat beberapa poly doang",perfect tinggal event top up hero pilih top up malas poly doang,Positive,Positive
Mancing mania mantapppp,mancing mania mantap,Positive,Positive
game mobile yang asik untuk dimainkan,mobile asik main,Positive,Positive
"Aku suka banget alur ceritanya, animasinya, desain characternya dan dll Sumpah keren banget",suka alur cerita animasi desain characternya dll sumpah keren,Positive,Positive
Good Game,good,Positive,Positive
Zzz ngorok game turu 😴💤,zzz ngorok turu,Positive,Positive
Mantap,mantap,Positive,Positive
Noice👍🏿,noice,Positive,Positive
Gamenya bagus aku sangat senang saat bermain game ini Terima kasih telah menemani hari hari kuu aku cinta game Hoyovers,bagus senang main terima kasih tani ku cinta hoyovers,Positive,Positive
"Good story, characters, mechanics, just need a little bit adjust on some features. Legit 8/10 in overall ratings",good story characters mechanics just need little bit adjust on some features legit overall ratings,Positive,Positive
Goated game,goated,Positive,Positive
Keren,keren,Positive,Positive
"Nice game, I love it mechanisme Dodge😌",nice love mechanisme dodge,Positive,Positive
"Gameplay-nya the best, story nya apalagi",gameplaynya the best story,Positive,Positive
HOPE HOYOVERSE DOWNFALL TOXIC COMMUNIT AND STUPID DEV,hope hoyoverse downfall toxic communit and stupid dev,Positive,Positive
"Yang aku suka dari Z3 itu karena storyline-nya yang fresh. Di tengah dunia fantasi yang penuh keajaiban dan sihir, Z3 datang dengan konsep dunianya yang berupa urban city",suka storylinenya fresh tengah dunia fantasi penuh ajaib sihir konsep dunia urban city,Positive,Positive
Terbaik,baik,Positive,Positive
"Karakter cakep, combat seru, cerita peak, dev yang selalu mendengarkan playernya🔥",karakter cakep combat seru cerita peak dev dengar playernya,Positive,Positive
Ok,ok,Positive,Positive
All the best this game,all the best this,Positive,Positive
Game nya bagus grafik nya bagus,bagus grafik bagus,Positive,Positive
Moga aja dapet :v,moga,Positive,Positive
"bagus bet, gampang main walau f2p",bagus gampang fp,Positive,Positive
GOKIL SEJAK RILIS MIYABI MAKIN SUKA SAMA GAME INI 😍🤩,gila rilis miyabi suka,Positive,Positive
Keren,keren,Positive,Positive
"The best lah game ZZZ, gacor parah Gue suka nih game",the best gacor parah suka,Positive,Positive
Game bagus,bagus,Positive,Positive
Game nya seru. Storynya asik,seru storynya asik,Positive,Positive
Pretty good game,pretty good,Positive,Positive
Saya suka game ini!!!,suka,Positive,Positive
"Mantap, di hp saya yang pake chipset 7 gen 3 lancar di set medium, ohh iya ellen joe pas begitu pertama kali rasanya saya merasakan bahwa apakah ini my...",mantap hp pakai chipset gen lancar set medium oh iya ellen joe pas rasa my,Positive,Positive
Nice,nice,Positive,Positive
I love zenless zone zero,love zenless zone zero,Positive,Positive
"Gameplay seru, story menarik tapi kerasa singkat banget (kebiasaan genshin yang storynya panjang), dapet polycromenya juga mudah jadi enjoy banget dimainin",gameplay seru story tarik rasa singkat biasa genshin storynya polycromenya mudah enjoy dimainin,Positive,Positive
"Garing, gitu2 doang skip nyoba sebentar langsung uninstall lg wkwk",garing doang skip coba sebentar uninstall wkwk,Positive,Positive
mantap,mantap,Positive,Positive
"Kecewa, sangat kecewa hoyo. Perbaiki system pull mu itu!",kecewa kecewa hoyo baik system pull mu,Positive,Positive
Mantap animasinya keren²,mantap animasi keren,Positive,Positive
mantap baru main udh dapat miabi 1 set sama senjata ny kerennn,mantap miabi set senjata keren,Positive,Positive
yasssss,yas,Positive,Positive
Kaciw,kaciw,Positive,Positive
Gacor kang,gacor kang,Positive,Positive
"Game hoyo selalu memuaskan sih, salut 👍🏻 Grafisnya ini ZZZ menurutku terbaik dari game Hoyo yg lain. Cerita juga gak kalah bagus nya dengan Hoyo yg lain.",hoyo muas salut grafis turut baik hoyo cerita tidak kalah bagus hoyo,Positive,Positive
"My hope is that the signal and all devices will be optimized. Storage Size In compers make it lighter and a little overall good , event in the future it will be more interesting and challenging Unfortunately the female character fan service is lacking :( sexy The story is made unique and interesting, it's good and last expand the game modes and hold realtime pvp",my hope is that the signal and all devices will be optimized storage size compers pakai lighter and little overall good event the future will be more interesting and challenging unfortunately the female character fan service is lacking sexy the story is made unique and interesting its good and last expand the modis and hold realtime pvp,Positive,Positive
Saya donwload dri link bion,donwload link bion,Positive,Positive
Bagus,bagus,Positive,Positive
Game bagus banget,bagus,Positive,Positive
Sangat bagus dan saya sangat senang memainkan game ini,bagus senang main,Positive,Positive
Seru banget ni game,seru,Positive,Positive
Gamenya mudah dan Seru,mudah seru,Positive,Positive
nice game,nice,Positive,Positive
"Game nya seru, kontennya juga banyak. Ada sistem nangkis dan menghindar. Karakternya juga ekspresif",seru konten sistem nangkis hindar karakter ekspresif,Positive,Positive
Keren dah itu aja,keren deh,Positive,Positive
"Story, Gameplay, Character, dan Grafiknya bagus. Semoga next update fitur end gamenya lebih sulit",story gameplay character grafik bagus moga next update fitur end sulit,Positive,Positive
Story nya keren,story keren,Positive,Positive
Hosimi Miyabi>_<,hosimi miyabi,Positive,Positive
"Mlesin, GK bisa cancel quest story",mlesin tidak cancel quest story,Positive,Positive
Good,good,Positive,Positive
"Sudah mulai berbenah diri, bagus, orang orang sudah mulai tertarik, jangan dikecewakan",benah bagus tarik jangan kecewa,Positive,Positive
when yah bisa lebih ringan grafiknya,when ringan grafik,Positive,Positive
"combat style nya keren, tambahin lagi banyakin mapnya",combat style keren tambah banyak map,Positive,Positive
Mantap sekali,mantap,Positive,Positive
"Very unstable gameplay experience, the lvl of monsters and characters is quite far and makes the game play experience unbalanced, defeating enemies takes quite a long time, Increasing exp World lvl level is very difficult. I have completed all the main quests and still can't upgrade my character.",very unstable gameplay experience the lvl of monsters and characters is quite far and makes the play experience unbalanced defeating enemies takes quite long time increasing exp world lvl level is very difficult have completed all the quests and still cant upgrade my character,Positive,Positive
Passion project? More like another hoyos cash cow ( > w •),passion project more like another hoyos cash cowok,Positive,Positive
"Seru sih, lebih baik dr pd kakak - kakaknya",seru percaya kakak kakak,Positive,Positive
MAJI KAKKOI !!!,maji kakkoi,Positive,Positive
Gacor kang,gacor kang,Positive,Positive
well,well,Positive,Positive
Game kikir,kikir,Positive,Positive
Enjoyable Games 😁🤩,enjoyable games,Positive,Positive
Enjoy banget walau kadang agak putus2 tapi tetep mantap ✨️,enjoy kadang putus mantap,Positive,Positive
great game,great,Positive,Positive
I Love Miyabi So Much,love miyabi sok much,Positive,Positive
Jos ad fitur skip story..,jos fitur skip story,Positive,Positive
KEREN,keren,Positive,Positive
tobrut,tobrut,Positive,Positive
Mantap,mantap,Positive,Positive
Language Indonesian 👍,language indonesian,Positive,Positive
Chapter 5 is peak!,chapter is peak,Positive,Positive
Game keren wow,keren wow,Positive,Positive
Mantap min,mantap min,Positive,Positive
Mantab ey,mantab ey,Positive,Positive
tambahkan fitur co-op di battle nya,tambah fitur coop battle,Positive,Positive
mantap emang,mantap,Positive,Positive
Ini game bagus banget!! Cuma lambat update story aja semoga kedepannya akan sering sering update story lagi.,bagus lambat update story moga depan update story,Positive,Positive
"Gamenya keren. Tp Akun ana yng dlu udh main pas awal"" Rilis hilang progresnya. Mana disitu banyak bansos pula🥲. Udh tes akun satu satu, memang mengulang dr awal. Pdhl udh dicatet lengkap beserta sandinya (akun hoyoverse) Edit: balik sendiri coy. Tq hoyoverse",keren akun ana pas rilis hilang progres situ bansos tes akun ulang dicatet lengkap serta sandi akun hoyoverse edit coy tq hoyoverse,Positive,Positive
Keren,keren,Positive,Positive
Game nya bagus,bagus,Positive,Positive
Bagus,bagus,Positive,Positive
GOAT,goat,Positive,Positive
sangat bagussssss,bagus,Positive,Positive
Good,good,Positive,Positive
"Absolutely cinema about the story, love the game",absolutely cema about the story love the,Positive,Positive
Sangat menyenangkan (⁠⁠ꈍ⁠ᴗ⁠ꈍ⁠),senang,Positive,Positive
game bagus......... rilll!!!!,bagus ril,Positive,Positive
Great games,great games,Positive,Positive
Cerita dan desain menarik apalagi reward bagus bagus. Nice ga ada mode tv,cerita desain tarik reward bagus bagus nice tidak mode tv,Positive,Positive
Keren,keren,Positive,Positive
Sangat menyenangkan,senang,Positive,Positive
guaranted gachanya naikin dkut lh 🗿,guaranted gachanya naikin dkut,Positive,Positive
"Gamenya bagus, storynya juga menarik, mekanik battle juga bagus",bagus storynya tarik mekanik battle bagus,Positive,Positive
Baru rilis udah terbatas aja wkwk,rilis batas wkwk,Positive,Positive
Seru dan aku sangat bahagia di versi ini TV mode hilang,seru bahagia versi tv mode hilang,Positive,Positive
Best overall,best overall,Positive,Positive
Alhamdulillah,alhamdulillah,Positive,Positive
"Bagus Deng game nya , dari pada kakak yg tua tuh pelit kikir pula",bagus deng kakak tua tuh pelit kikir,Positive,Positive
Keren,keren,Positive,Positive
Nice game,nice,Positive,Positive
cihuyyyy,cihuy,Positive,Positive
"kenapa hp saya jadi tidak compatible ya,padahal pas awal rilis game ini compatible di hp saya,tolong untuk developer untuk compatible kan lagi dihp saya redmi 10c",hp tidak compatible yapadahal pas rilis compatible hp sayatolong developer compatible dihp redmi,Positive,Positive
Game ny bagus,bagus,Positive,Positive
Gem baik,gem,Positive,Positive
"game terbaik dari hoyoverse menurut saya pribadi dari segi story, gameplay dan visualnya, kekurangan nya hanya di ukuran game nya yang terbilang berat, overall ini bagus",baik hoyoverse pribadi segi story gameplay visual kurang ukur bilang berat overall bagus,Positive,Positive
"game nya bagus, untuk story sangat ramah f2p dan ngumpulin polychrome nya lumayan gampang😁👍",bagus story ramah fp ngumpulin polychrome lumayan gampang,Positive,Positive
Saya sangat suka dan puas...,suka puas,Positive,Positive
Game yang sangat seru😁 semoga semakin baik kedepannya hp mid hanya 30fps lumayan,seru moga depan hp mid fps lumayan,Positive,Positive
Thanks buat perubahan besarnya,thanks ubah besar,Positive,Positive
good game,good,Positive,Positive
Saya sangat suka dengan games ini. Mantap,suka games mantap,Positive,Positive
"padahal hp ku bagus loh, redmi note 13. tapi ga kompatibel,temen ku yg hp nya di bawah aku malah bisa,aneh bgt",hp ku bagus loh redmi note tidak kompatibeltemen ku hp bisaaneh,Positive,Positive
game baik baget dan seru pula,seru,Positive,Positive
Seru,seru,Positive,Positive
"Game keren, tolong diupdate terus supaya lebih menarik",keren tolong diupdate tarik,Positive,Positive
What a gooner game,what gooner,Positive,Positive
Terimakasih atas kerja kerasmu,terimakasih keras,Positive,Positive
Gacor cik game baik,gacor cik,Positive,Positive
Best anime fight mmorpg i've played,best anime fight mmorpg ive played,Positive,Positive
miyabi wangi wangi,miyabi wangi wangi,Positive,Positive
good game,good,Positive,Positive
"Mate, give me your luck. Thank you",mate give me your luck thank you,Positive,Positive
gacor wak,gacor wak,Positive,Positive
pav banget,pav,Positive,Positive
"battlenya epik, storynya asik, soundnya renyah, desain agentnya 🤨, makasi hoyo buat saweran polynya",battlenya epik storynya asik soundnya renyah desain agentnya terima kasih hoyo sawer polynya,Positive,Positive
Seharusnya di tambahkan Kamen Rider Zero On juga karakternya,tambah kamen rider zero on karakter,Positive,Positive
"Untuk DEV.,., kadang game crash/force close tiba-tiba, mohon untuk mengatasi masalah ini, atau setingan low dimaksimalkan untuk pengguna low-end. Terimakasih",dev kadang crashforce close tibatiba atas ting low maksimal guna lowend terimakasih,Positive,Positive
Overall ni game bagus cukup memuaskam tapi saya rada bosan saat di Tv2nya itu🗿,overall bagus memuaskam rada bosan tvnya,Positive,Positive
"This game is great, i like it. But I have to regret that i didn't choose Wise to being the MC. So would the developer give me a change/opportunity to rechoose the MC without restart the account? Hope you reply this feed.",this is great like but have regret that didnt choose wise being the mc sok would the developer give me changeopportunity rechoose the mc without restart the account hope you reply this feed,Positive,Positive
Epic,epic,Positive,Positive
Gacha nya suka zonk mulu.,gacha suka zonk mulu,Negative,Positive
perfect game 💯,perfect,Positive,Positive
Love the game so much,love the sok much,Positive,Positive
I like this game,like this,Positive,Positive
Hoki mantap,hoki mantap,Positive,Positive
Tolong perbaiki lagi saya sudah nyaman main ini game kenapa harus tiba tiba FC sih,tolong baik nyaman fc,Positive,Positive
Asik good,asik good,Positive,Positive
Game bagus,bagus,Positive,Positive
"Gameplay menyenangkan, cerita yang ga bosan untuk diikuti, developer baik, QoL yang terus ditingkatkan untuk kenyamanan player! best lah",gameplay senang cerita tidak bosan ikut developer qol tingkat nyaman player best,Positive,Positive
Game kikir ngasih bansos,kikir asih bansos,Positive,Positive
Bagua pake banget,bagua pakai,Positive,Positive
Storynya bagus banget dan dapat bansos banyak,storynya bagus bansos,Positive,Positive
goat,goat,Positive,Positive
Thanks hoyo,thanks hoyo,Positive,Positive
Kadang saat saya gabut atau ingin main game bagus saya memilih Zenless zone karena game ini sangat menarik,kadang gabut bagus pilih zenless zone tarik,Positive,Positive
Best action rpg ever i played,best action rpg ever played,Positive,Positive
Thanks for miyabi,thanks for miyabi,Positive,Positive
"Gem baik, nekomiya dan miyabi🥰",gem nekomiya miyabi,Positive,Positive
cakep,cakep,Positive,Positive
Bagus ae kok,bagus,Positive,Positive
Peak game,peak,Positive,Positive
Bagus ASELI,bagus aseli,Positive,Positive
"Saya suka game ini, story telling nya bagus banget",suka story telling bagus,Positive,Positive
"Seru banget ni game, suka pokoknya. Tapi aga ngeleg2 gitu tapi tetep okaay",seru suka pokok aga ngeleg okaay,Positive,Positive
I love yanagi🌸,love yanagi,Positive,Positive
Yos,yos,Positive,Positive
Capcus Capcay Capucino XP,capcus capcay capucino xp,Positive,Positive
"Overall Good Game, grafik berwarna,dan story yang memiliki Lore yang menarik",overall good grafik berwarnadan story milik lore tarik,Positive,Positive
Game bagus berkualitas dan mau menerima pendapat pemain.,bagus kualitas terima dapat main,Positive,Positive
tambahin mode kompatibel pas battle,tambah mode kompatibel pas battle,Positive,Positive
"Pengalaman Bermain Yang Menyenangkan Dan Seru Kadang Tegang Banget Main Game ini dan kadang greget lihat battlenya Dan jugaCutscene?10/10 Keren Banget Serasa Nonton anime Xixi.Selebihnya Nice Semua,Bansos Ada,Dan Mungkin ada beberapa gameplay yang ribet karna sedang menyesuaikan :) Overall 10/10",alam main senang seru kadang tegang kadang greget battlenya jugacutscene keren serasa tonton anime xixiselebihnya nice semuabansos adad gameplay ribet sesuai overall,Positive,Positive
Love zzz,love,Positive,Positive
"sehatt"" game baikk🥰 makasii udahh wangiin akun aku cintaa deh sama game inii",sehatt makasii wangiin akun cintaa deh,Positive,Positive
1.4 alur cerita nya keren dan memuaskan terimakasih ini alur cerita yang sungguh mengharukan keren bettt,alur cerita keren muas terimakasih alur cerita sungguh haru keren,Positive,Positive
Overall sudah cukup bagus harapan saya kedepannya untuk optimasi dan peningkatan grafis untuk perangkat Android,overall bagus harap depan optimasi tingkat grafis perangkat android,Positive,Positive
Keep up the good work !,keep up the good work,Positive,Positive
Bagus,bagus,Positive,Positive
game mekanisme santai,mekanisme santai,Positive,Positive
Sangat cool,cool,Positive,Positive
Seru parah mantep dah,seru parah mantap deh,Positive,Positive
"WAAAAWW NICE WORK HOYO, I LOVE THIS GAMEEEEE",wow nice work hoyo love this,Positive,Positive
Bagus,bagus,Positive,Positive
Game burik lagi login malah ngesetak,burik login ngesetak,Positive,Positive
Uwoogh,uwoogh,Positive,Positive
Satisfying sama combat systemnya,satisfying combat systemnya,Positive,Positive
The best.,the best,Positive,Positive
sangat seru dan ini adalah game hoyo pertama yang sangat saya suka,seru hoyo suka,Positive,Positive
Download cuman buat harumasa,download cuman harumasa,Negative,Positive
Mohon di perbaiki masalah kompartibel dengan perangkat. Padahal perangkat saya cukup memenuhi standar kompartibel namun tidak dapat menjalankan game ZZZ. Mohon cepat di perbaiki.,baik kompartibel perangkat perangkat penuh standar kompartibel tidak jalan cepat baik,Positive,Positive
Mantap,mantap,Positive,Positive
I LOVEE THIS GAMEE SM,lovee this gamee,Positive,Positive
1.4 patch its just tooooooo goooooodddd,patch its just god,Positive,Positive
Sehat-sehat game baik,sehatsehat,Positive,Positive
Masa iya gatcha pertama rate off game kikir,iya gatcha rate off kikir,Positive,Positive
"Game ini adalah yang terbaik mulai dari segi pengembangan karakter yang mudah, ceritanya bagus sekali, serta developer juga sangat memperhatikan Player dengan secepatnya melakukan penambahan , perbaikan fitur game sesuai saran dan keinginan player. Mantap lah hoyoverse",baik segi kembang karakter mudah cerita bagus developer perhati player cepat tambah baik fitur sesuai saran player mantap hoyoverse,Positive,Positive
Hoyoverse kapan ada dubbing Indonesia di game mu ini?,hoyoverse dubbing indonesia mu,Positive,Positive
"I love this game. It feels like i was living in a videogame, a home i belong to, thankyou so much hoyo for making this game, i hope for the best for ZZZ!",love this feels like was living videogame home bong thankyou sok much hoyo for making this hope for the best for,Positive,Positive
"Saya suka sekali dengan game ini, ayolah hoyo kembalikan tier s di sinyal!!",suka ayo hoyo kembali tier sinyal,Positive,Positive
Mau 1st annivesar,st annivesar,Positive,Positive
Game nya seru dan gameplay juga asik sama sub dan petualangan nya mantap sama misi nya juga gampang di pahami,seru gameplay asik sub tualang mantap misi gampang paham,Positive,Positive
Hentai,hentai,Positive,Positive
best game ever,best ever,Positive,Positive
"ada bug visual, efek chr malah jadi silau banget",bug visual efek chr silau,Positive,Positive
Sangat menyenangkan karena saya berhasil mendapatkan suami saya ( lighter),senang hasil suami lighter,Positive,Positive
"Kasih fitur zoom out,kaya di hsr!!!",kasih fitur zoom outkaya hsr,Positive,Positive
"Game nya bagus dan dah gak banyak mode TV nya sekarang sudah banyak kombat yg bagus, semoga kedepannya menjadi lebih bagus",bagus deh tidak mode tv kombat bagus moga depan bagus,Positive,Positive
"Aku sangat senang, bisa bermain game menyenangkan seperti ini",senang main senang,Positive,Positive
"Desain Karakter bagus-bagus. Dan yang paling saya suka itu Animasinya, sangat-sangat mulus sekali pergerakannya, apalagi pas Cutscene. Good job buat yang bikin Animasinya.",desain karakter bagusbagus suka animasi sangatsangat mulus gera pas cutscene good job bikin animasi,Positive,Positive
Best gameeeeeeee,best,Positive,Positive
Makin optimal 👍,optimal,Positive,Positive
Yoshaa,yoshaa,Positive,Positive
"game bagusss, tapi kenapa berat bangetttt",bagus berat,Positive,Positive
Terimakasih telah membuat character Miyabi yang gameplay nya bagus bgt :),terimakasih character miyabi gameplay bagus,Positive,Positive
BIG W,big,Positive,Positive
"Good improve game, Ya awal awal ni game rilis lumayan bosenin gameplay nya cuma makin sini gameplay nya makin berkembang dan banyak fitur fitur menarik sih, dan juga character"" nya yang jadi nilai jual tinggi, keep improve, this game to good",good improve rilis lumayan bosan gameplay gameplay kembang fitur fitur tarik character nilai jual tinggi keep improve this good,Positive,Positive
keren,keren,Positive,Positive
Very great,very great,Positive,Positive
Good Game,good,Positive,Positive
"Game action RPG terbaik, grafis, cerita, sound, overall sangat memuaskan",action rpg baik grafis cerita sound overall muas,Positive,Positive
"Unique and fun gameplay, lots of cool prizes and events, keep improving dev ZZZ🔥🔥🔥",unique and fun gameplay lots of cool prizes and events keep improving dev,Positive,Positive
"Story bagus 4/5 | Animasi super mantap 5/5 | Gameplay superb 4.7/5 | Character Design mantap 4.5/5 | Music 4.8/5 | Gacha System seperti hsr 3.5/5 | F2p Friendly 4/5 | Vibe 4/5 | Minus ini game cuma di size terlalu besar woi untuk genre yg bukan open world dan dimana mana loading, plus di ps5 untuk lokasi seperti lumina square sering frame drop | [Overall Rating 4.2/5]",story bagus animasi super mantap gameplay superb character design mantap music gacha system hsr fp friendly vibe minus size woi genre bukan open world mana loading plus pas lokasi lumina square frame drop overall rating,Positive,Positive
"1.4 absolutely amazing! Peak story and full of motivation. But, the stupid think is they censored character when user looking character from low angle the character will disappear. How stupid when dev create gooner character like Burnice but they taking away the best essence they have. Edit: dev already solved. Thank you Hoyoverse",absolutely amazing peak story and full of motivation but the stupid think is they censored character when user looking character from low angle the character will disappear how stupid when dev create gooner character like burnice but they taking away the best essence they have edit dev already solved thank you hoyoverse,Positive,Positive
Terima kasih game baik Mungkin akun saya dinaikin lagi rate gachanya biar makin wangi 😍🥰,terima kasih akun dinaikin rate gachanya biar wangi,Positive,Positive
Nice,nice,Positive,Positive
Oh ✋😭,oh,Positive,Positive
Mantabbbb,mantab,Positive,Positive
"gila sii, dapet karakter gratis woyy. anjayy, makasihh zzz. dari segi story dan gameplay menarik, dengan desain karakter yang luar biasa‼️🌷",gila karakter gratis woyy anjayy makasihh segi story gameplay tarik desain karakter,Positive,Positive
"Bagus, tapi tolong hp saya kentang",bagus tolong hp kentang,Positive,Positive
terimakasih telah membuat game sebagus ini dan sekeren ini sehat selalu yaaa ♥️♥️,terimakasih bagus keren sehat,Positive,Positive
omg i loveeeeeee thissss gameeeee,omg love this,Positive,Positive
kereen,keren,Positive,Positive
"Nah gini dong b5 gratis, sering sering ya",gratis,Positive,Positive
"Tahun 2024...mencoba game zzz..game nya keren dan seru,gameplaynta pun unik yaitu main tv aowkkw...ah gw suka Hoshimi Miyabi..i love you Hoshimi miyabi 😍",tahun coba zgame keren serugameplaynta unik tv aowkkwah suka hoshimi miyabii love you hoshimi miyabi,Positive,Positive
Kasih gw Miyabi atau gw b 1 lagi,kasih miyabi,Positive,Positive
Recomen,recomen,Positive,Positive
Version 1.4 is very good,version is very good,Positive,Positive
Tulung updatenya udah mulai extreme,tulung updatenya extreme,Positive,Positive
Nice game hoyo😙,nice hoyo,Positive,Positive
Hebat,hebat,Positive,Positive
"Seriusan keren bngt uptade 1.4 ini.. jadi ringan gamenya, jadi lancar bngt mainnya, mantap banget Hoyo, jadi makin betah mainnya",serius keren uptade ringan lancar main mantap hoyo betah main,Negative,Positive
"Sangat suka,gamenya seruu",sukagamenya seru,Positive,Positive
Menurut gue bagus gamenya untuk game hoyovers pertama yang gue mainkan.,bagus hoyovers main,Positive,Positive
Zzz void hunter,zzz void hunter,Positive,Positive
"The best game hoyo yg pernah di buat selama ini, gameplay asik, desain character cakep2, engga kikir impact!",the best hoyo gameplay asik desain character cakep tidak kikir impact,Positive,Positive
"Sangat Fun, Setiap update selalu memberikan optimasi yang baik, sangat cocok untuk saya, Good Job Hoyo",fun update optimasi cocok good job hoyo,Negative,Positive
Optimalkan lagi Hoyo,optimal hoyo,Positive,Positive
"Bagus, GOK GOK GOK",bagus gok gok gok,Positive,Positive
Ini game bagus bngt rekomendasi(Lucy punya guejh),bagus rekomendasilucy guejh,Positive,Positive
Good,good,Positive,Positive
Seru,seru,Positive,Positive
"suka banget ama gamenya, seruuu",suka seru,Positive,Positive
"I played all Hoyoverse games except Tear of Themis of course and all of them are great, oh yeah I forgot to mention that my first impression when playing Honkai Impact 3rd was a bit disappointing",played all hoyoverse games except tear of themis of course and all of them are great oh yeah forgot mention that my first impression when playing honkai impact rd was bit disappointing,Positive,Positive
Game yang memiliki latar yang bagus di tambah dengan gameplay yang seru dan juga grafik dan animasi yang bagus memberikan kesan bermain yang sangat menakjubkan,milik latar bagus gameplay seru grafik animasi bagus kesan main takjub,Positive,Positive
Akhirnya bisa maim game ini thx hoyooo,maim thx hoyo,Positive,Positive
Nice,nice,Positive,Positive
Gyat,gyat,Positive,Positive
Gameplay yang menarik,gameplay tarik,Positive,Positive
"Epic battle untuk solo mode. Feeling kayak main ""Tekken"".",epic battle solo mode feeling tekken,Positive,Positive
Good Game,good,Positive,Positive
This a good game,this good,Positive,Positive
"Devnya mantap banget bener bener dengerin player nya,sekrang kalau main udh lebih lancar dibanding dulu sebelum update 1,3.mantap lah",devnya mantap dengar player nyasekrang lancar banding update mantap,Positive,Positive
Game nya bagus banget efek suara nya mantep apa lagi pertarungan nya kasih bintang lima deh,bagus efek suara mantap tarung kasih bintang deh,Positive,Positive
GAME YANG SANGAT SERU BUAT GUWE DARI GRAFIK NYA YANG MEMANJAKAN DAN MEKANIK NYA YANG SERU GOOD GAME,seru guwe grafik manja mekanik seru good,Positive,Positive
Keren,keren,Positive,Positive
"Game Hoyo dri HI3, GI, HSR, ZZZ emang bagus semua sih 👌🏻",hoyo hi gi hsr bagus,Positive,Positive
80 free pull? Only 10 free pull for newbie,free pull only free pull for newbie,Positive,Positive
Miyabi miyabi,miyabi miyabi,Positive,Positive
"Gameplay seru, grafis memukau, dan yang paling penting developer sangat mendengar masukan pemain",gameplay seru grafis pukau developer dengar masuk main,Positive,Positive
"Bgm,effect,battle 10/10 ada mekanik Parry yg seru bet cuy puas banget main ini game pas santai kalau gacha emang agak kintil tapi yaa karakter A pun masih bisa dipake di semua setiap karakter dapat story masing-masing.",bgmeffectbattle mekanik parry seru cuy puas pas santai gacha kintil karakter pakai karakter story masingmasing,Positive,Positive
Mantap,mantap,Positive,Positive
"Storynya seru, gameplaynya unik, musiknya enak banget",storynya seru gameplaynya unik musik,Positive,Positive
Good game and Perfect game continue to develop better,good and perfect continue develop better,Positive,Positive
Mantap euy,mantap euy,Positive,Positive
Geme nya bagus music nya bagus mechanic nya bagus soal mode tv jgn di hilangkan ya itu udaha jadi keunikan ZZZ yg bisa jadi pembeda dari geme h/s lainya saran saya perbanyak karakter laki-laki itu saja sih👍,geme bagus music bagus mechanic bagus mode tv jangan hilang udaha uni beda geme hs lai saran banyak karakter lakilaki,Positive,Positive
Good,good,Positive,Positive
Kapan game ini rilis untuk ps4?,rilis pas,Positive,Positive
Teterbaik,baik,Positive,Positive
Bagus,bagus,Positive,Positive
Best Game!!,best,Positive,Positive
Story nya bagus banget kalo menurut aku. Dan komunitas zenles zone zero yang solid banget,story bagus komunitas zenles zone zero solid,Positive,Positive
"Gacha kikir, event annoying",gacha kikir event annoying,Positive,Positive
bagus bgt min gamennya,bagus min gamennya,Positive,Positive
Game yang seru dengan cerita menarik saya suka.,seru cerita tarik suka,Positive,Positive
"Sejauh ini pengalaman bermainnya sangat asik! Combatnya juga oke dan semoga ke depannya tetap seperti ini atau bahkan lebih baik lagi. Saya juga berharap ke depannya ada male characters baru di ZZZ. Terima kasih, developer!",alam main asik combatnya oke moga depan harap depan male characters terima kasih developer,Positive,Positive
pity kecil,pity,Positive,Positive
Good Game,good,Positive,Positive
"Seru dan gameplay nya gak bosenin. Tapi kalo bisa tambahin fitur pause pas pertarungan dong, jadi bingung kalo harus ngelakuin sesuatu, apalagi kalo ada bates waktu ngelawannya",seru gameplay tidak bosan tambah fitur pause pas tarung bingung bates waktu ngelawannya,Positive,Positive
Nice,nice,Positive,Positive
Seru,seru,Positive,Positive
Sugoi dekai,sugoi dekai,Positive,Positive
"Sangat menarik, sangat seru dan sangat bagus",tarik seru bagus,Positive,Positive
"Seru,,event banyak,,gameplay asik.. Sayang handphone nya kurang mendukung😅 Nanti lanjut kalo handphonenya dah support y😁",seruevent banyakgameplay asik sayang handphone kurang dukung handphonenya deh support,Positive,Positive
Keren MEDIATEK G99 bisa lancar settingan medium,keren mediatek tidak lancar settingan medium,Positive,Positive
kereeeeeeen,keren,Positive,Positive
"game bagus, perpaduan santai dan combat yang seru! grafiknya manjain sih.",bagus padu santai combat seru grafik manja,Positive,Positive
asik aja kata gw mah,asik mah,Positive,Positive
"I hope this game have a PvP mode, maybe that's amazing if can battle with other people",hope this have pvp mode maybe thats amazing if can battle with other people,Positive,Positive
Ellen joe hytam,ellen joe hytam,Positive,Positive
Gelo bansosnya gacor kang,gelo bansosnya gacor kang,Negative,Positive
"semoga hoyo baik user ROSAJA, ramah terus ya bansosnya",moga hoyo user rosaja ramah bansosnya,Positive,Positive
"best game, i am up to 7 hours a day just playing this game not to mention i got a standee character gift from burnice fuel depot web. thanks mihoyo 🥰",best up hours day just playing this not mention got standee character gift from burnice fuel depot web thanks mihoyo,Positive,Positive
Game terbaik bikin waktu ku berwarna dengan development yg terbaik dan update yg menarik,baik bikin waktu ku warna development baik update tarik,Positive,Positive
Mantap game nya njer,mantap njer,Positive,Positive
"Gamenya sangat bagus dan keren, tapi gamenya, tidak bisa didownload di Redmi Note 13. Mohon buat gamenya bisa didownload di perangkat ini.",bagus keren tidak didownload redmi note didownload perangkat,Positive,Positive
Sedap wak🗿,sedap wak,Positive,Positive
Game terbagus yang pernah gw mainin,bagus mainin,Positive,Positive
Good quality game,good quality,Positive,Positive
Suka banget sama game ini!,suka,Positive,Positive
"bagus, keren, tapi gachanya najis, 3 character tier S, standart semua, gacha nya baguskan lagi, tausah macam pvqiq",bagus keren gachanya najis character tier standart gacha bagus tausah pvqiq,Positive,Positive
"Gamenya bagus bet w pke chip g99, pas bru dnlowd masih bisa masuk standar, skrng mah low😊",bagus pakai chip tidak pas dnlowd standar mah low,Positive,Positive
anime/10,anime,Positive,Positive
"Good, render susu",good render susu,Positive,Positive
Grafik game nya bagus,grafik bagus,Positive,Positive
Sangat kikir ygy,kikir ygy,Positive,Positive
Karena ada Lighter tercinta skskskssksks,lighter cinta skskskssksks,Positive,Positive
Actually i don't know how to explain this game but I'll give love for HOYOVERS,actually dont know how explain this but ill give love for hoyovers,Positive,Positive
Game nya bagus dan asik,bagus asik,Positive,Positive
Gim 4no,gim no,Positive,Positive
Bagus,bagus,Positive,Positive
bagus 2024,bagus,Positive,Positive
Aku cinta ZZZ sekarang 🥰,cinta,Positive,Positive
gacha nya wangi👍,gacha wangi,Positive,Positive
Nice,nice,Positive,Positive
Tolong rate karakter bannernya diperbaiki,tolong rate karakter bannernya baik,Positive,Positive
"Karakter hanya bisa dipakai dibattle saja, jadi percuma rasanya meng-gacha karakter tertentu jika hanya bisa dipakai dibattle saja",karakter pakai dibattle menggacha karakter pakai dibattle,Positive,Positive
Best gamee!!!,best gamee,Positive,Positive
Mana sprei gratisnya,sprei gratis,Positive,Positive
Bintang berbicara,bintang bicara,Positive,Positive
Gem ny mantap bagus njalanin quest ny sampai ketiduran ini gem gacor bgt,gem mantap bagus njalanin quest tidur gem gacor,Positive,Positive
Good story good character and good cut scene,good story good character and good cut scene,Positive,Positive
Yas,yas,Positive,Positive
bismillah semoga gacha wangi,bismillah moga gacha wangi,Positive,Positive
"Gamenya seru banget coy ad story seru bagus banget jir dan buat kalian kalo main harus pro literasi lho wkwkw banyak kata2 nanti dan gamenya ga ngebosenin, ada banyak banget misi keren bet dan juga kalo main ni game cuma perlu nunggu waktu si soalny pas hari ini g ad ap ap eh besokny dpt ap gitu...ni game wajib download si wkwkw(kalo penyimpananya banyak dpt 25 gb co wkwkw)🗿👍",seru coy story seru bagus jir pro literasi lho wkwkw tidak ngebosenin misi keren tunggu waktu soalny pas tidak eh besokny gituni wajib download wkwkwkalo penyimpananya gb cowok wkwkw,Positive,Positive
Game ya bagus,bagus,Positive,Positive
Kerja bagus,bagus,Positive,Positive
Terimakasih hoyo atas kehokian gachanya dpt Yanagi+weapon nya,terimakasih hoyo hoki gachanya yanagiweapon,Positive,Positive
GOTY LETS GO,goty lets go,Positive,Positive
"Thank you for the fun days, this is the second time you disappointed me, the first time when Jane's banner you gave me Nekomata and the second time when Yanagi's banner you gave me I'm Nekomata again and it makes my efforts in vain so far I think I've played this game enough so thank you.",thank you for the fun days this is the second time you disappointed me the first time when janes banner you gave me nekomata and the second time when yanagis banner you gave me im nekomata again and makes my efforts vain sok far think ive played this enough sok thank you,Positive,Positive
I like Games,like games,Positive,Positive
Game nya bagus,bagus,Positive,Positive
"gila dari semua game ini yang paling terbaik, mulai dari animasinya, storynya, dan gayanya yang digabung retro dan cyber beh keren banget!!!",gila baik animasi storynya gaya gabung retro cyber beh keren,Positive,Positive
Seru kuy,seru yuk,Positive,Positive
Bangboo sunda cihuy😏😏,bangboo sunda cihuy,Positive,Positive
doesn't let me play it,doesnt let me play,Positive,Positive
"Gemplay menarik,,desain karakter bagus² saya suka kombat yg bisa parry🥰",gemplay menarikdesain karakter bagus suka kombat parry,Positive,Positive
Nice game so far,nice sok far,Positive,Positive
"Game bagus, tp berat wkwk",bagus berat wkwk,Positive,Positive
Best game i play. plz try it,best play plz try,Positive,Positive
This a good game! ...... Dari segi gameplay maupun story 👌,this good segi gameplay story,Positive,Positive
Udah lama main baru review nih emang sesuai genre deh sama² developer nya miHoyo 😘🔥,review sesuai genre deh developer mihoyo,Positive,Positive
Besar banget sizenya buat game di HP. Ckckck,sizenya hp ckckck,Positive,Positive
Mantap! gameplay dan battlenya bener2 satisfying banget cuy dan storynya juga bener2 epic. Tapi untuk gameplay tv rasanya cukup boring juga itu aja sih😁😁😁 semngat terus hoyoverse🔥🔥🔥,mantap gameplay battlenya satisfying cuy storynya epic gameplay tv boring semangat hoyoverse,Positive,Positive
Animasinya waw wew wow banget,animasi wow wew wow,Positive,Positive
"amazing game, i really love the character design.",amazing really love the character design,Positive,Positive
"Sometimes i bored, sometimes i excite. But i love this game thanks",sometimes bored sometimes excite but love this thanks,Positive,Positive
Wow,wow,Positive,Positive
Terkuras aku Wak main game ini,kuras wak,Positive,Positive
Cakep lah,cakep,Positive,Positive
The best,the best,Positive,Positive
Dimensity 6080 apa cukup untuk game ini ?,dimensity,Positive,Positive
Aku suka animasi nya,suka animasi,Positive,Positive
Iyeyyyy,iyey,Positive,Positive
Keren banget,keren,Positive,Positive
"Seru aja, Miyabi kapan anjir rilisnya",seru miyabi anjir rilis,Positive,Positive
Udah bagus daripada sebelumya,bagus sebelumya,Positive,Positive
"Gameplay udah bagus grafik bagus combatnya juga bagus tapi ilangin mode tv lah bikin ngantuk, Okelah menurut gw ni game jadi gw kasih bintang 5 cuma karakternya mungkin masih terlalu dikit tambah lagi lah kalo bisa",gameplay bagus grafik bagus combatnya bagus ilangin mode tv bikin ngantuk oke kasih bintang karakter dikit,Positive,Positive
Good,good,Positive,Positive
Game baik aku suka gameplay nya asik banget grafik mantap bansos lancar tapi kalo bisa banyakin lagi hehe,suka gameplay asik grafik mantap bansos lancar banyak hehe,Positive,Positive
Mantaaapp,mantap,Positive,Positive
Good Game,good,Positive,Positive
Gamenya keren bangett tolong buat ultinya bisa di pisah buat char masing masing hoyo,keren tolong ultinya pisah char hoyo,Positive,Positive
"Story cukup bagus, Combat seru, Karakter bagus",story bagus combat seru karakter bagus,Positive,Positive
Wowie!!!!,wowie,Positive,Positive
Nice,nice,Positive,Positive
Mantap,mantap,Positive,Positive
Thanks buat Hoyo yang masih support hp samsung A32,thanks hoyo support hp samsung,Positive,Positive
I DIDN'T GET BURNICE😭😭,didnt get burnice,Positive,Positive
"Gamenya bagus banget, dari segi grafik, plot, dan gameplay nya sangat worth it untuk di mainkan, kesampingkan soal fanservice nya, semua char di game ini sangat menarik dan memiliki style yg menarik, gameplay nya juga gk kaku jadinya cukup seru buat dimainkan",bagus segi grafik plot gameplay worth main samping fanservice char tarik milik style tarik gameplay tidak kaku seru main,Positive,Positive
I like ellen joe and all,like ellen joe and all,Positive,Positive
Sangat teramat realistis cuy gerakannya😁,amat realistis cuy gera,Positive,Positive
"-The Golly gee willykers ahh style/animation -The characters that have ""personality"" -The ""my neurons are 7 years old and now im happy"" ahh combat system",the golly gee willykers ah styleanimation the characters that have personality the my neurons are years old and now im happy ah combat system,Positive,Positive
Good,good,Positive,Positive
Good,good,Positive,Positive
banyak tobrut😱,tobrut,Positive,Positive
"Grafik memukau, desain karakter bagus dan cakep parah, sistem kombatnya seru apalagi parry dan assist parrynya beh asli, animasinya? Next level ini mah",grafik pukau desain karakter bagus cakep parah sistem kombat seru parry assist parrynya beh asli animasi next level mah,Positive,Positive
Mantap tv nya ilang,mantap tv hilang,Positive,Positive
"storynya bagus graphic nya juga keren bisa memanjakan mata gameplay nya juga keren mulai dari kamera sudut pandang saat bertanrung, ulti, dan skill nya juga epic semua. overall saya sangat suka dengan game ini",storynya bagus graphic keren manja gameplay keren kamera sudut pandang bertanrung ulti skill epic overall suka,Positive,Positive
"Makasih zzz setelah main game ini rasanya kayak tempat pulang pokoknya bagus, baru ketemu game yang bisa se frekuensi makasih 😭",terima kasih pulang pokok bagus ketemu frekuensi terima kasih,Positive,Positive
"Game nya seru,story dan karakternya bagus bagus",serustory karakter bagus bagus,Positive,Positive
Terbaik sejak awal rilis sampe sekarang update terus demi kenyamanan player,baik rilis update nyaman player,Positive,Positive
Sudah mulai optimal,optimal,Positive,Positive
Kalau di buat multiplayer enak bisa mabar dan ketemu player lain,multiplayer mabar ketemu player,Positive,Positive
Good,good,Positive,Positive
Mantap,mantap,Positive,Positive
Mantap👍,mantap,Positive,Positive
Ok,ok,Positive,Positive
Kenapa icon game memakai anby?,icon pakai anby,Positive,Positive
Game nya seru tapi agak makan waktu banget pas lagi mode tv,seru makan waktu pas mode tv,Positive,Positive
Terbaik dan Waifuku burnice,baik waifuku burnice,Positive,Positive
Grafik bagus story bagus dan desain bagus dan game ini memberi banyak hadiah buat pemain dan semoga kayak begini terus,grafik bagus story bagus desain bagus hadiah main moga,Positive,Positive
ente yakin ini game perang?,ente perang,Negative,Positive
Good game,good,Positive,Positive
"Keren nih game,sayang hp gw kurang smooth soal grafik,gameplay lanjay minusnya grafik burem",keren gamesayang hp kurang smooth grafikgameplay lanjay minus grafik buram,Positive,Positive
"dari segi puzzle dan gameplay sama"" the best dan cutsen nya, alur cerita yang menarik, dan untuk battle nya mengingatkan saya pada suatu film di spacetoon dulu yang berjudul code lyoko karna battle nya melalui komputer, the best lah pokok nya",segi puzzle gameplay the best cutsen alur cerita tarik battle film spacetoon judul code lyoko battle komputer the best pokok,Positive,Positive
Bagus mantab,bagus mantab,Positive,Positive
"Keren game nya, seru",keren seru,Positive,Positive
Sangat bagus,bagus,Positive,Positive
Aku suka Belle dan chaesar😋,suka belle chaesar,Positive,Positive
Sangat menghibur,hibur,Positive,Positive
hoyoverse kikir,hoyoverse kikir,Positive,Positive
Gamenya seru banget,seru,Positive,Positive
Game bagus,bagus,Positive,Positive
Good,good,Positive,Positive
Gamenya seru,seru,Positive,Positive
"Game yang sangat seru dari segi battle action, puzzle, dll. Saya sangat menyukai game ini",seru segi battle action puzzle dll suka,Positive,Positive
Keren banget Zenless Zone Zero,keren zenless zone zero,Positive,Positive
Game nya overall bagus bisa dinikmati cuman plis pitynya jan terlalu high+menang trs 50/50 hehe,overall bagus nikmat cuman plis pitynya jangan highmenang hehe,Positive,Positive
Geme ya bagus saya suka dan grafik ya sangan bagus Sangan realistic,geme bagus suka grafik sangan bagus sangan realistic,Positive,Positive
"Karakter S nya tolong di kembangkan lagi, ini sudah bagus, keren hoyo terimakasih",karakter tolong kembang bagus keren hoyo terimakasih,Positive,Positive
Jaringan tolong di perbaiki lgi seperti versi 1.0 Update jaringan mlh kek ketek,jaring tolong baik versi update jaring ketek,Positive,Positive
Bagus,bagus,Positive,Positive
Gamenya bagus adik saya suka 👍👍,bagus adik suka,Positive,Positive
Keren Banget,keren,Positive,Positive
Nice grafik,nice grafik,Positive,Positive
LIGHTER WILL COME HOME🔥🔥🔥🔥,lighter will come home,Positive,Positive
Dawg,dawg,Positive,Positive
game nya sangat bagus dan keren jadi nomor 1 ditu game aksi ayok,bagus keren nomor ditu aksi ayok,Positive,Positive
Keren.,keren,Positive,Positive
"EPICCC💯💯💯💯 i love this game so much, storynya bagus, ui nya bagus, musiknya enak, the best lahh pokoknya",epic love this sok much storynya bagus ui bagus musik the best pokok,Positive,Positive
ZZZ DAISUKII!!,daisukii,Positive,Positive
wow 🔥,wow,Positive,Positive
"Love this game , just its taking to much space",love this just its taking much space,Positive,Positive
Mantap mihoyo gacor kang,mantap mihoyo gacor kang,Positive,Positive
nyinglah,nyinglah,Positive,Positive
Sangat puas.,puas,Positive,Positive
Bsgussss Betttrttrt,bsgus betrttrt,Positive,Positive
Animasinya memuaskan !,animasi muas,Positive,Positive
"This game is my favorite game, look at the beautiful graphics! and unique and cute characters! but..I haven't gotten Jane Doe yet but the update is over :(. I really want to get Jane Doe, I hope I will get Jane Doe someday! :D",this is my favorite look at the beautiful graphics and unique and cute characters buti havent gotten jane doe yet but the update is over really want get jane doe hope will get jane doe someday,Positive,Positive
Cuih,cuih,Positive,Positive
Game nya menarik dan karakter nya juga unik²🗿,tarik karakter unik,Positive,Positive
ga seru game nya,tidak seru,Positive,Positive
Udah main aku botol lu 😡😡😡😡,botol,Positive,Positive
Tambahkan fitur skip itu aja si. Ama transisi loadingnya coba diringankan.,tambah fitur skip transisi loadingnya coba ringan,Positive,Positive
Game RPG terbaik,rpg baik,Positive,Positive
Laggy af,laggy af,Positive,Positive
GAMENYA KURANG AKURAT JADI COBA DI TAMBAHN SOUND EPIC SAAT BERTEMPUR PASTI SAAT FIGHT JADI LEBIH BAGUS DAN LEBIH TERBAWA SUASANA UNTUK PLAYER,kurang akurat coba tambahn sound epic tempur fight bagus bawa suasana player,Positive,Positive
Good,good,Positive,Positive
Sehat² game baik,sehat,Positive,Positive
Game sick must DBD,sick must dbd,Positive,Positive
Gamenya sih bagus banget gw suka cara bertarung nya dan musuh nya juga bagus grafik nya gak main main tapi untuk saran kasih player agar bisa Mabar supaya player gak bosan main sendiri lebih bagus sih kalo bisa multiplayer yaaa sekian terima kasih,bagus suka tarung musuh bagus grafik tidak saran kasih player mabar player tidak bosan bagus multiplayer sekian terima kasih,Positive,Positive
Kikir banget anj,kikir anjing,Positive,Positive
Best game,best,Positive,Positive
"GAME KESAYANGAN AKU, THANKS FOR HOYOVERSE UDH NYIPTAIN GAME SEPERTI INI",sayang thanks for hoyoverse nyiptain,Positive,Positive
"Best! ini dia, akhirnya kompatibel lagi setelah beberapa saat tidak kompatibel dengan perangkat",best kompatibel tidak kompatibel perangkat,Positive,Positive
Seriusan seru banget,serius seru,Positive,Positive
It's cool,its cool,Positive,Positive
gacha kikir,gacha kikir,Positive,Positive
Gamenya bagus,bagus,Positive,Positive
Emang hoyo ini keren banget,hoyo keren,Positive,Positive
grafik sama gameplay nya suka banget,grafik gameplay suka,Positive,Positive
gim baik dan keren,gim keren,Positive,Positive
Keren,keren,Positive,Positive
Good,good,Positive,Positive
Best,best,Positive,Positive
Dibolehkan,boleh,Positive,Positive
Gacor kang,gacor kang,Positive,Positive
Good gaming,good gaming,Positive,Positive
Game paling baik di hoyo!!!,hoyo,Positive,Positive
Pas dilihat 232 MB pas dimainin teranyata 1000+ lebih,pas mbak pas dimainin teranyata,Positive,Positive
Gamenya fan service cik,fan service cik,Positive,Positive
"Ini Game yang apa apa semuanya mahal naikin level karakter mahal, nyari material aja perlu banyak energi itu aja belum tentu bisa dapet semuanya. game ini sebenarnya bagus seru cuman semua aktivitas di dalam itu mahal semua. Semoga developer bisa ngurangin lah konsumen energi biar lebih gampang buat farming material soalnya mahal banget dah konsumin energinya",mahal naikin level karakter mahal cari material energi belum bagus seru cuman aktivitas mahal moga developer ngurangin konsumen energi biar gampang farming material mahal deh konsumin energi,Positive,Positive
Seru,seru,Positive,Positive
Astaghfirullah,astaghfirullah,Negative,Positive
Keep cooking 🔥🔥🔥,keep cooking,Positive,Positive
"Mantap karakter nya cakep² semuaaa, ditambah sama gaya main, grapik dll semua nya dah mantap😋👆",mantap karakter cakep tambah gaya grapik dll deh mantap,Positive,Positive
"Lost pity for 3 times, thanks for wonderful time together byee :)",lost pity for times thanks for wonderful time together byee,Positive,Positive
i'm very happy,im very happy,Positive,Positive
nice,nice,Positive,Positive
Ini game bagus banget sumpah storynya menarik gameplaynya juga asik terus grafiknya bagus mantep dah pokoknya,bagus sumpah storynya tarik gameplaynya asik grafik bagus mantap deh pokok,Positive,Positive
Game mahal,mahal,Positive,Positive
amazing game,amazing,Positive,Positive
There should be more social assistance,there should be more social assistance,Positive,Positive
Good,good,Positive,Positive
Mekanik combat nya juara 👍🏻,mekanik combat juara,Positive,Positive
"gameplay sangat menyenangkan, tidak kikir, loafyu😼😼😼",gameplay senang tidak kikir loafyu,Positive,Positive
Storynya asik dan Visualnya smooth,storynya asik visual smooth,Positive,Positive
game ini akhirnya support di perangkat redmi 13c ku hore...... tapi masih butuh banyak penyesuaian dan optimisasi lagi. aku harap kedepannya game ini semakin di tingkatkan di bagian optimisasi nya.,support perangkat redmi ku hore butuh sesuai optimisasi harap depan tingkat optimisasi,Positive,Positive
Game yang menurut saya keren! seperti mekanik bertarung dan story yang menyenangkan.,keren mekanik tarung story senang,Positive,Positive
"combatnya kurang kompleks, yang lain ok sih",combatnya kurang kompleks ok,Positive,Positive
Game nya seru mantep 😁 tapi bosenin 🗿,seru mantap bosan,Positive,Positive
"Game bagus hanya saja tidak kompatibel dengan HP saya jadi saya main di PC, semoga di masa depan bisa dioptimasi lagi",bagus tidak kompatibel hp pc moga dioptimasi,Positive,Positive
Saya main karena ada burger bangor 🤤,burger bangor,Positive,Positive
Gimnya bagus cuma donglot datanya lama banget,gim bagus donglot data,Positive,Positive
Akhirnya support lagi hp gweh,support hp gweh,Positive,Positive
"Very nice, tapi masih patah²",very nice patah,Positive,Positive
Mantap,mantap,Positive,Positive
"Mantap jiwa, teruskan HOYO",mantap jiwa terus hoyo,Positive,Positive
Still waiting for miyabi 😁,still waiting for miyabi,Positive,Positive
NICE GAMEPLAY,nice gameplay,Positive,Positive
Bagus bgt,bagus,Positive,Positive
Tq hoyo,tq hoyo,Positive,Positive
Bagus,bagus,Positive,Positive
"Keren Dev,hp ku jadi c4 budget 1,5 juta.,",keren devhp ku budget juta,Positive,Positive
Udh nice banget,nice,Positive,Positive
I love the story ques:3,love the story ques,Positive,Positive
nothing we can do,nothing we can,Positive,Positive
Horeeee,hore,Positive,Positive
Bagus bgt,bagus,Positive,Positive
Ellen 🤤🤤🤤🤤,ellen,Positive,Positive
"Asli game ini bagus banget, mulai dari segi Graphics, storyline, gameplay, sama Fighting style-nya emang the best parah, dari size-nya aja emang worth it lah👌🏻",asli bagus segi graphics storyline gameplay fighting stylenya the best parah sizenya worth,Positive,Positive
Game nya lumayan seru,lumayan seru,Positive,Positive
collabed with kfc and mcd hoyo? really?,collabed with kfc and mcd hoyo really,Positive,Positive
Yemss,yemss,Positive,Positive
seru banget,seru,Positive,Positive
Bagus,bagus,Positive,Positive
"Ini game memang bagus tapi tv explorationnya yang bikin ngantuk, Alhamdulillah hollow zero udh sekarang ad versi yg gausah exploration",bagus tv explorationnya bikin ngantuk alhamdulillah hollow zero versi tidak exploration,Positive,Positive
grafiknya keren,grafik keren,Positive,Positive
Ini gem bagus banget,gem bagus,Positive,Positive
Game nya bagus,bagus,Positive,Positive
"Hehe, alangkah baiknya fitur TV tetap ada",hehe alangkah baik fitur tv,Positive,Positive
Game keren👍,keren,Positive,Positive
"Tanpa adanya fitur tv, game ini terasa seperti game AAA biasa yang membosankan😮‍💨🥱",tanpa fitur tv bosan,Positive,Positive
Bagus,bagus,Positive,Positive
"TV mode dihilangkan di story untuk apa? Itu ciri khas gamenya. Dilhilangkan malah mirip sm HI3, jd gk ada ciri khasnya",tv mode hilang story ciri khas dilhilangkan hi tidak ciri khas,Positive,Positive
"Hahaha, tumben nih game ada di hp ku.. waktu itu tidak kompatibel.. tapi cukup senang dengan hal ini, ini game yang bagus",hahaha tumben hp ku waktu tidak kompatibel senang bagus,Positive,Positive
Wao terimakasih banyak telah memperbaharui game nya jadi nya HP ram 6 rom 128 bisa memainkan game ini saya sangat berterimakasih kepada developer game ini,wao terimakasih baharu hp ram rom main berterimakasih developer,Positive,Positive
"I like this game a lot.. But please bring bang tvvmode int he story , it make the story more variable and mor fun to play , right now it's only about fighting mobs, fighting again, and fighting again.. If this continue for a long period, it will make the okayers who already love this game goes burnout",like this lot but please bring abang tvvmode int he story pakai the story more variable and mor fun play right now its only about fighting mobs fighting again and fighting again if this continue for long period will pakai the okayers who already love this goes burnout,Positive,Positive
"Udah gitu aja, gamenya masih bagus kok 👍🏻😄",bagus,Positive,Positive
bagus!,bagus,Positive,Positive
"Kecewa cirikhas ini game yaitu fitur tv hilang di story (patch 1.2), cuman ngadalin combat repetitive dan terlalu mudah musuhnya temasuk di story keliatan gak ada kesulitan sama sekali.",kecewa cirikhas fitur tv hilang story patch cuman ngadalin combat repetitive mudah musuh temasuk story tidak sulit,Negative,Positive
"story,gameplay,lore semuanya bgus ""I like it"" 👍",storygameplaylore bagus like,Positive,Positive
game yang keren,keren,Positive,Positive
Nice game,nice,Positive,Positive
Saya suka memainkannya walaupun device panas,suka main device panas,Negative,Positive
Good,good,Positive,Positive
Ajg keren bangetttt ga sih,ajg keren tidak,Positive,Positive
Gooner game😹,gooner,Positive,Positive
BigblackNigaboy,bigblacknigaboy,Positive,Positive
Gede(size nya),gedesize,Positive,Positive
KIKIR part2,kikir part,Positive,Positive
"This is the best game I have ever played, I hope This game can be further developed.",this is the best have ever played hope this can be further developed,Positive,Positive
Bagus,bagus,Positive,Positive
Bagus banget story nya fitur combat nya juga bagus,bagus story fitur combat bagus,Positive,Positive
Game bagus akhirnya bisa diupdate juga game ini di Playstore.,bagus diupdate playstore,Positive,Positive
Ntabs,ntabs,Positive,Positive
"Sebenernya tertarik sama game ini karna gameplay nya yang menarik dari segi story yang harus keluar masuk TV, tetapi di story sekarang gak ada keluar masuk TV yang dimana itu adalah ciri khas dari game tersebut untuk story. Mungkin saya akan kembali ketika ""TV"" tersebut bisa kembali lagi atau tidak bisa dibilang ""balik ke versi 1.0"". Sekian terima kasih 🙏",tarik gameplay tarik segi story tv story tidak tv mana ciri khas story tv tidak bilang versi sekian terima kasih,Positive,Positive
Akhirnya bisa donlod,donlod,Positive,Positive
Ok lah!!,ok,Positive,Positive
Game nya bagus dan keren,bagus keren,Positive,Positive
Recommend game,recommend,Positive,Positive
Seru banget ihik ihik ihik,seru ihik ihik ihik,Positive,Positive
nice,nice,Positive,Positive
I Love This Game,love this,Positive,Positive
Love this game alot,love this alot,Positive,Positive
Keren banget,keren,Positive,Positive
good,good,Positive,Positive
Mantap,mantap,Positive,Positive
Alhamdulillah hpku sekarang sudah kompatible dengan gamenya,alhamdulillah hpku kompatible,Positive,Positive
Gameplay sangat seru,gameplay seru,Positive,Positive
Good game,good,Positive,Positive
"Gamenya keren, seru banget. seperti honkai impact, tapi ini lebih di tingkatkan, dengan game sebagus ini sayangnya kikir pitty, soalnya pitty di game ini selalu tinggi, kalau bisa mohon untuk di ringankan pitty nya, soalnya banyak player yang ga top up di game ini termasuk saya, jadi mohon kalau bisa pittynya di ringankan terimakasih....",keren seru honkai impact tingkat bagus sayang kikir pitty pitty tinggi ringan pitty player tidak top up pittynya ringan terimakasih,Positive,Positive
Ok,ok,Positive,Positive
"Animasi cakep, design character cakep, story oke, mekanik ok, explore ok, grafik cakep, overall cakep",animasi cakep design character cakep story oke mekanik ok explore ok grafik cakep overall cakep,Positive,Positive
Bagus,bagus,Positive,Positive
"Gameplay menarik, story bagus, karakter waifuable",gameplay tarik story bagus karakter waifuable,Positive,Positive
Gamenya keren,keren,Positive,Positive
Coba dulu kalo bagus baru ditambah bintang nya,coba bagus tambah bintang,Positive,Positive
Bagus,bagus,Positive,Positive
Best for now👌,best for now,Positive,Positive
"Hampir semua fitur di game ini bagus, tapi untuk perkembangan selanjutnya mungkin bisa ditambahkan fitur multiplayer untuk melawan bos-bos kuat(itu saja untuk saat ini)",fitur bagus kembang fitur multiplayer lawan bosbos kuatitu,Positive,Positive
Gameplay dan storynya bagus 👍,gameplay storynya bagus,Positive,Positive
Good,good,Positive,Positive
Story bagus dan unik sih mode TV nya gw suka tuh mode 😆😁,story bagus unik mode tv suka tuh mode,Positive,Positive
Goodluck,goodluck,Positive,Positive
"Mantap hoyo zzz sudah sebagus dengan game Abang nya setelah di optimasi nanti dan saya menanrikannya, bug playstore pun sudah di perbaiki mantap lah pokoknya",mantap hoyo bagus abang optimasi menanrikannya bug playstore baik mantap pokok,Positive,Positive
"Game bagus overall dah bagus tapi menurut saya mode televisinya sangat boring jadi tolong di improve oleh developer dan loading screennya kelamaan gak kaya HSR dan Genshin, trimakasih sudah mau didengar dan di benahi",bagus overall deh bagus mode televisi boring tolong improve developer loading screennya tidak hsr genshin trimakasih dengar benah,Positive,Positive
Game keren,keren,Positive,Positive
"kebanyakan yang komen negatif itu gara2 device yang kurang memenuhi spesifikasi, padahal sebelum install sudah ada pemberitahuan soal spesifikasi yang dibutuhkan, dan sejauh ini developer sudah sangat baik dan mendengarkan suara dari para player, semoga kedepannya semakin bagus dan banyak karakter yang bagus bagus",banyak komen negatif gara device kurang penuh spesifikasi install pemberitahuan spesifikasi butuh developer dengar suara player moga depan bagus karakter bagus bagus,Positive,Positive
I love this game give me Caesar please,love this give me caesar please,Positive,Positive
L tv mode,tv mode,Positive,Positive
"Menarik gamenya. Awal rilis coba maen bisa. Abis tu patch 1.1 perangkat g mendukung!?? Lah. Sekarang 24/9 bisa lagi. Tapi dah Malas,ketinggalan patch.",tarik rilis coba habis patch perangkat tidak dukung deh malasketinggalan patch,Positive,Positive
"GAMEPLAY FULL TV, BOSENIN",gameplay full tv bosan,Positive,Positive
Game bagus,bagus,Positive,Positive
"Sejauh ini story dan experience game sudah memuaskan, hanya aja masih butuh optimalisasi lagi",story experience muas butuh optimalisasi,Positive,Positive
Mantap,mantap,Positive,Positive
"Seru bgt,first time coba langsung ketagihan.",seru bgtfirst time coba tagih,Positive,Positive
"Keren gamenya, aku sangat suka. Sangat rekomendasi😍😍",keren suka rekomendasi,Positive,Positive
😎👍 baguss,bagus,Positive,Positive
Game baik + grafick bagus di pc,grafick bagus pc,Positive,Positive
Udah dapet Jane😋,jane,Positive,Positive
mantap (pulangkan saya lycaon ya)😇🙏,mantap pulang lycaon,Positive,Positive
Great option kind of game,great option kind of,Positive,Positive
Not openworld,not openworld,Positive,Positive
Yessir,yessir,Positive,Positive
"Gamenya seru, story oke, action oke, walaupun parrynya di tombol switch tapi keren banget saat character lain nangkisnya",seru story oke action oke parrynya tombol switch keren character nangkisnya,Positive,Positive
Finally they fix the game now its suport dimensity 6100+ Thank you hoyo,finally they fix the now its suport dimensity thank you hoyo,Positive,Positive
Sangat mantap gamenya,mantap,Positive,Positive
Game nya keren banget!!!,keren,Positive,Positive
Ellen nya loh rek besar bet🤓,ellen loh rek,Positive,Positive
Game gak bagus,tidak bagus,Positive,Positive
Game keren,keren,Positive,Positive
Ok,ok,Positive,Positive
NICEEEEEE MGENTOT,nice mgentot,Positive,Positive
Good?,good,Positive,Positive
Game sangat seru lebih seru dari hsr yg bikin ngantuk,seru seru hsr bikin ngantuk,Positive,Positive
Terima kasi telah mengabulkan keiingina kami para kaum mendang mending yang device tidak support sekarang bisa terima kasih hoyovers lwbih optimalin lagi games nya yaa,terima kasih kabul keiingina kaum dang mending device tidak support terima kasih hoyovers lwbih optimalin games,Positive,Positive
"Gameplay seru, story menarik, ramah buat player F2P seperti saya:v , trus optimalisasi di game ini juga lumayan, saya main di HP POCO X6 Pro 60fps grafik high sangat lancar & tidak ada kendala😃👍",gameplay seru story tarik ramah player fp sayav optimalisasi lumayan hp poco pro fps grafik high lancar tidak kendala,Positive,Positive
repetitif,repetitif,Positive,Positive
Gamenya seru & Bangboo-nya lucu² cuy😁👍,seru bangboonya lucu cuy,Positive,Positive
"Ingfokan maklumat terkait penggacha an harum santuy rek,woilah😜",ingfokan maklumat kait penggacha an harum santuy rekwoilah,Positive,Positive
"Game ini sangat menyenangkan dan seru banget, dan alur ceritanya juga lumayan lah",senang seru alur cerita lumayan,Positive,Positive
Gacor kang,gacor kang,Positive,Positive
Need auto battle.....please dev.,need auto battleplease dev,Positive,Positive
Burnice 😍,burnice,Positive,Positive
"Membosankan nih game, gk kek honkai impact ama HSR, asli bosan bat ama story nya",bosan tidak honkai impact hsr asli bosan story,Positive,Positive
Nice game,nice,Positive,Positive
Gem cihuy gerafik bagus GK ramah Ama hp kentang😁,gem cihuy gerafik bagus tidak ramah hp kentang,Positive,Positive
Game udah bagus tapi mohon di perbaiki pencantuman nama Seth berubah jadi Ben di mission friendship Seth,bagus baik cantum nama seth ubah ben mission friendship seth,Positive,Positive
Game bagus 😎👍,bagus,Positive,Positive
Oke Lah 👍👍👍👍,oke,Positive,Positive
"kesini gara""nero",kesini garanero,Positive,Positive
"Worst gaming experience yet, literally Zzz",worst gaming experience yet literally zzz,Positive,Positive
god game,god,Positive,Positive
Mantap👍🏻,mantap,Positive,Positive
Bangun bet Rekomen sih,bangun rekomen,Positive,Positive
BIBLICAL,biblical,Positive,Positive
game kikir😠😠,kikir,Positive,Positive
Hehehehe,hehehehe,Positive,Positive
mantab,mantab,Positive,Positive
Pas dimainin cuma berasa aga bosen skillnya kek gtu doang,pas dimainin asa aga bosan skillnya doang,Positive,Positive
Sangat bagus,bagus,Positive,Positive
Nice,nice,Positive,Positive
game yang sangat seru dan konten yang menarik,seru konten tarik,Positive,Positive
Game bagus👍👍👍,bagus,Positive,Positive
Cihui ada istri ku 🥰,cihui istri ku,Positive,Positive
Storynya bagus dan grafik nya juga bagus,storynya bagus grafik bagus,Positive,Positive
kok komtibel,komtibel,Positive,Positive
Mantap,mantap,Positive,Positive
game bibing🤗,bibing,Positive,Positive
Game kikir,kikir,Positive,Positive
Baru main..Game yang mantap Luar biasa.petualangan yg seru👍👍👍,maingame mantap biasapetualangan seru,Positive,Positive
Kenapa sudah 1 jam. Lebih masih 19 %loding lama bgt yah,jam loding,Positive,Positive
jual fan service,jual fan service,Positive,Positive
Keren,keren,Positive,Positive
Seru sekali.. Hoyo the best 😁,seru hoyo the best,Positive,Positive
seru gess game ini😍,seru gess,Positive,Positive
Game kikir,kikir,Positive,Positive
Masih bagusan game pgr ketimbang ini,bagus pgr ketimbang,Positive,Positive
Terima kasih sudah membuat gadis seimut anby,terima kasih gadis seimut anby,Positive,Positive
kalo udah dpt jane doe dinaikin bintangnya hehe,jane doe dinaikin bintang hehe,Positive,Positive
Just need more Skin,just need more skin,Positive,Positive
"Dari segi animasi sangat mantap, fight juga mantap, overall mantap lah Cuma prihal hadiah polychrome sedikit dan grinding resource terlalu memakan banyak waktu dan energi",segi animasi mantap fight mantap overall mantap prihal hadiah polychrome grinding resource makan waktu energi,Positive,Positive
"UI yang terlalu kompleks, padahal honkai star rail UI nya simpel tapi intuitive to the point. Gameplaynya jadi kemakan navigasi disini bikin bosen",ui kompleks honkai star rail ui simpel intuitive the point gameplaynya makan navigasi bikin bosan,Positive,Positive
Bague,bague,Positive,Positive
I love it,love,Positive,Positive
Suka liat kakak adik yang akur,suka kakak adik akur,Positive,Positive
Gamenya seru sekali,seru,Positive,Positive
"THANKS HOYO, YOU ARE SO PEAKKK, FINALLY I CAN PLAY IN THIS POCO M4 AFTER WAITING FOR HOPES THAT THIS PHONE CAN SUPPORT THIS GAME!!❤️❤️❤️",thanks hoyo you are sok peak finally can play this poco after waiting for hopes that this phone can support this,Positive,Positive
Happiness,happiness,Positive,Positive
no rispek,no rispek,Positive,Positive
"My favorite is lycaon, what about you??",my favorite is lycaon what about you,Positive,Positive
Grafik ngeblur di spesifikasi smartphone mid range. Berharap bisa lebih bagus kedepannya,grafik ngeblur spesifikasi smartphone mid range harap bagus depan,Positive,Positive
Mohon lebih di optimalkan lagi,optimal,Positive,Positive
"Why not support on my device, nah i always play in my PC, not everyday IM in my home😔😔🥲",why not support on my device always play my pc not everyday im my home,Positive,Positive
Game bagus,bagus,Positive,Positive
Setelah saya eksplorasi seru juga ternyata,eksplorasi seru,Positive,Positive
Gemngaseru,gemngaseru,Positive,Positive
Zzz game kikir,zzz kikir,Positive,Positive
Game yg punya mekanisme battle yg seru,mekanisme battle seru,Positive,Positive
Sangat bagus,bagus,Positive,Positive
Game keren,keren,Positive,Positive
Bangorin dulu le,bangorin,Positive,Positive
I like this game😁,like this,Positive,Positive
"Some quest just don't have a locatin show on the map, like how im i suppose to know where to go and what should i do come on mihoyo its simple feature",some quest just dont have locatin show on the map like how im suppose know where go and what should come on mihoyo its simple feature,Positive,Positive
Dapat rahmat,rahmat,Negative,Positive
Semoga bisa di tingkatkan lagi biar para Player nyaman bermain,moga tingkat biar player nyaman main,Positive,Positive
sangat seru,seru,Positive,Positive
plis give me luck in gacha,plis give me luck gacha,Positive,Positive
Mantap,mantap,Positive,Positive
Burger Bangor 😋,burger bangor,Positive,Positive
Kasih rating aj,kasih rating,Positive,Positive
TOBRUTTT 🤑🤑🤑🤑🤑🤑🤑,tobrut,Positive,Positive
"Ajg ajg, kenapalah gua luck issue Gamenya seru tapi gachanya sama aja kek kakaknya, kejam",ajg ajg kenapa gua luck issue seru gachanya kakak kejam,Positive,Positive
EASY 10/10 RATING!!,easy rating,Positive,Positive
Mantap,mantap,Positive,Positive
"Ok, moga ga qiqir",ok moga tidak qiqir,Positive,Positive
Best,best,Positive,Positive
bagusan ff,bagus ff,Positive,Positive
Good good,good good,Positive,Positive
Game nya bagus kayak grafik nya gak ada pixel dan juga actionnya keren banget,bagus grafik tidak pixel actionnya keren,Positive,Positive
mantap,mantap,Positive,Positive
Lopyu hoyoverse,lopyu hoyoverse,Positive,Positive
"Good lah dari story sampe gameplany, cuman yg gw heran kenapa sebelumnya gk kompatibel dengan perangkat anda",good story gameplany cuman heran tidak kompatibel perangkat,Positive,Positive
Saya suka game ini. Semoga ada fitur coop. Pas lawan bos,suka moga fitur coop pas lawan bos,Positive,Positive
Game bagus,bagus,Positive,Positive
Ada istri,istri,Positive,Positive
Seru dari pada maju mundur 😁,seru maju mundur,Positive,Positive
Good,good,Positive,Positive
Button custom plz,button custom plz,Positive,Positive
Bosen mekanik tv,bosan mekanik tv,Positive,Positive
Mntap,mntap,Positive,Positive
Cant instal on my device poco M3,cant instal on my device poco,Positive,Positive
Gamenya unik dan ramah untuk device kentang.. Semoga gamenya terus berkembang..,unik ramah device kentang moga kembang,Positive,Positive
Nice game,nice,Positive,Positive
kikir zone zero,kikir zone zero,Positive,Positive
Saya sangat suka game ini tapi sayang nya saya ingin memainkan game ini di handphone saya tolong bereskan masalah ini terimakasih,suka sayang main handphone tolong beres terimakasih,Positive,Positive
"Overal udh bagus, cuman kalo bisa dipersimpel lagi, berasa ribet kalo lagi maen push story dan farming. Kalo bisa kek hsr",overal bagus cuman simpel asa ribet push story farming hsr,Positive,Positive
Mantap,mantap,Positive,Positive
Jane doe got them GYATTT💀💀💀 (bagus bnget gamenya sangat asik),jane doe got them gyat bagus asik,Positive,Positive
Mantap,mantap,Positive,Positive
"story & gameplay bagus, ""street"" nya berasa banget",story gameplay bagus street asa,Positive,Positive
Good,good,Positive,Positive
Absolutely,absolutely,Positive,Positive
Lmao,lmao,Positive,Positive
"THE BEST GAME EVER, BTW WAIFU AING ELLEN😋",the best ever btw waifu aing ellen,Positive,Positive
"Game nya bagus, story nya unik, grafik nya sangat smooth, gameplay nya menarik apalagi mekanik nya yang bikin menantang, semoga kedepannya makin mantap hoyoverse sukses buat ZENLESS ZONE ZERO!",bagus story unik grafik smooth gameplay tarik mekanik bikin tantang moga depan mantap hoyoverse sukses zenless zone zero,Positive,Positive
Niceeeee,nice,Positive,Positive
"Makanya sadar diri punya hp kentang jangan maksain kocak , game ny bagus kok menurut gw grafik ok gameplay menarik 👌",sadar hp kentang jangan paksa kocak bagus grafik ok gameplay tarik,Positive,Positive
Akhirny support juga hpny buat main,akhirny support hpny,Positive,Positive
burger Bangor 😋,burger bangor,Positive,Positive
"Game Bagus, Bahkan aku suka combatnya. Dialog Bahasa Indonesia yg tidak kaku serta Tampilan kualitas UI yg keren. Ini game seperti surganya buat para designer, kenapa? Karena referensi desainnya banyak",bagus suka combatnya dialog bahasa indonesia tidak kaku tampil kualitas ui keren surga designer referensi desain,Positive,Positive
"Gamenya sudah bagus, semoga ke depan banyak fitur yang baru agar semakin seru",bagus moga fitur seru,Positive,Positive
good,good,Positive,Positive
Bagus,bagus,Positive,Positive
Nice,nice,Positive,Positive
"Untuk game ini bagus menurut aku bagus malahan grafik ok 😈 game paly bagus, tapi pas game pertama kali rilis gk bisa download tunggu sampai updates 1.1 , kenapa lah hoyo padahal main game ini cuma incar Ellen Joe sama zhu yauan tapi kenapa harus tunggu 🥲 , saran aku sih jika org gk bisa dapat karakter Ellen ama Zhu minimal ada pahse 2 biar enak 🙏😄🗿, segitu aja dulu, emang game terbaik sih gk kaku lagi, jujur agak kecewa 😞, 🙏😄",bagus bagus grafik ok paly bagus pas rilis tidak download tunggu updates hoyo incar ellen joe zhu yauan tunggu saran tidak karakter ellen zhu minimal pahse biar segitu baik tidak kaku jujur kecewa,Negative,Positive
"The game is really good, especially the gameplay is really fun to be able to play an action game with good combat like this, but the most boring thing is when we are looking for resources to spin or upgrade your character to make it stronger. But overall it's good.",the is really good especially the gameplay is really fun be able play an action with good combat like this but the most boring thing is when we are looking for resources spin upgrade your character pakai stronger but overall its good,Positive,Positive
Mantap,mantap,Positive,Positive
Ini game sgt bagus walaupun banyak bagian ngobrol nya tapi ini story nya dan peperangan nya bagus banget dan aku juga dapet karakter secara tiba2 yaitu karakter corin aku tidak menyangka itu,bagus obrol story peperangan bagus karakter karakter corin tidak sangka,Positive,Positive
"Kadang ada bugnya namun sudah ada perbaikan, dimohonkan untuk ditingkatkan lagi, supaya menjadi game yang baik dan sehat 👍🙏",kadang bugnya baik mohon tingkat sehat,Positive,Positive
Good job mihoyo,good job mihoyo,Positive,Positive
game gacha terbaik 2024🔥🔥,gacha baik,Positive,Positive
gamenya sangat bagus,bagus,Positive,Positive
Gw udh seneng banget zenless zone zero udh bisa dimainkan di mobile sekarang!,senang zenless zone zero main mobile,Positive,Positive
Game seru,seru,Positive,Positive
Tv explore ☠️,tv explore,Positive,Positive
suka game mihoyo,suka mihoyo,Positive,Positive
Tambahin Multiplayer nya dong Biar character sesama character lebih seru,tambah multiplayer biar character character seru,Positive,Positive
Gacor kang,gacor kang,Positive,Positive
Best artstyle👍,best artstyle,Positive,Positive
"Gila parry nya asik banget wak, tapi tetep aja explore tv itu jujur agak ngebosenin sih min. Tapi overall gw suka banget ama ni game",gila parry asik wak explore tv jujur ngebosenin min overall suka,Positive,Positive
Good,good,Positive,Positive
Good games,good games,Positive,Positive
"Secara story sebenarnya masih b aja sih, tapi untuk gameplay udah oke banget, sayang aja gak bisa loncat, semoga story kedepannya bisa lebih menarik",story gameplay oke sayang tidak loncat moga story depan tarik,Positive,Positive
"LOL JUST OPTIMIZE THE GAME, SLIT-EYED",lol just optimize the sliteyed,Positive,Positive
Bagus dan uninstall,bagus uninstall,Positive,Positive
"grafik keren sekali , alur cerita cukup bagus,",grafik keren alur cerita bagus,Positive,Positive
"Gamenya seru, semoga tidak kikir",seru moga tidak kikir,Positive,Positive
"Secara keseluruhan game ini cukup bagus buat yang mau pake device mobile bisa fan juga maininnya ""hp kalian juga harus support operasi system yang di minta game-ya"" Untuk saya sendiri fun banget mainin game ini secara ya device saya mumpuni untuk memainkannya. Bisa jadi catatan buat HOYOVERSE kualitas hp yang suppor main game-nya agak diturunkan degan performa yang sama (kalo ini di dengan asli game baik kalian) 🙏🙏",bagus pakai device mobile fan maininnya hp support operasi system gameya fun mainin device mumpuni main catat hoyoverse kualitas hp suppor turun degan performa asli,Positive,Positive
"kerenn!!, game play smoot lancar walau pemakaian 2jam hp mulai panas",keren play smoot lancar pakai jam hp panas,Positive,Positive
"This pretty well done, complex Combat mechanic that pretty much makes the game more smoother in terms of flow in Combat and Linda in a way better than other hoyo games for the simple facts dailies and energy are more generous in here although i still think too much common item like dennies and such could be made more common or easier to obatin but otherwise it's all pretty good because the genre split the obnoxius part of the ""community"" By offing the genre with the story long pay off and genre",this pretty well done complex combat mechanic that pretty much makes the more smoother terms of flow combat and linda way better tahan other hoyo games for the simple facts dailies and energy are more generous here although still think too much common item like dennies and such could be made more common easier obatin but otherwise its all pretty good because the genre split the obnoxius part of the community by offing the genre with the story long pay off and genre,Positive,Positive
"Good game lah hoyoverse buat bansosnya,sistem battlenya sama ui nya yang enak dipandang sama banyakin bansosnya 😀",good hoyoverse bansosnyasistem battlenya ui pandang banyak bansosnya,Positive,Positive
bagus banget semangat bekerja mihoyo,bagus semangat mihoyo,Positive,Positive
Fitur gacha yang bagus,fitur gacha bagus,Positive,Positive
"cerita yang menarik dan gameplay yang seru, semoga kedepan nya bisa meningkat emotion karakter nya",cerita tarik gameplay seru moga depan tingkat emotion karakter,Positive,Positive
"Overall bagus banget, Grafik, Musik, Animasi, Cerita, Voice actor, dll. Saya suka banget dengan game satu ini. Mines nya hanya 1 yaitu saat mode story bangboo masuk TV itu membuat mata pusing.",overall bagus grafik musik animasi cerita voice actor dll suka mes mode story bangboo tv pusing,Positive,Positive
Nice game,nice,Positive,Positive
I like Anby and Ellen,like anby and ellen,Positive,Positive
"Suka banget sama satu game Hoyoverse ini ,😭💐 the best, alur ceritanya bagus, voice acting nya best banget. Apalagi grafiknya ga usah di tanya deh, download ajaa 😖",suka hoyoverse the best alur cerita bagus voice acting best grafik tidak deh download,Positive,Positive
Bgus,bagus,Positive,Positive
Terimakasih game baik,terimakasih,Positive,Positive
1 kata bagus,bagus,Positive,Positive
Semoga hokyyy,moga hoky,Positive,Positive
PERFECT! YG KASI BINTANG 1 FIX HP NYA KENTANK.,perfect kasih bintang fix hp kentank,Positive,Positive
Alhamdulillah compatible lagi😇,alhamdulillah compatible,Positive,Positive
nice,nice,Positive,Positive
Map kecil cuma banyak main di tv,map tv,Positive,Positive
Let's gooooooooooo bisa main ni game lagi coyyyy,lets go coy,Positive,Positive
Game baik terimakasih emuach emuach,terimakasih emuach emuach,Positive,Positive
"Game terbaik 2024, keep it up Hoyoo... ❤❤",baik keep up hoyoo,Positive,Positive
akhirnya balik di playstore 😭😭😭,playstore,Positive,Positive
"Untuk optimalisasi ditingkatkan lagi ya dev, overal semua udah bagus",optimalisasi tingkat dev overal bagus,Positive,Positive
"Nice banget pindah dari laptop ke mobile dan ya sangat mantap (device vivo x100 pro), bisa di pakein gamepad pula di hp, tambah mirip kek di laptop namun di layar yang lebih kecil. Sangat mantap tolong tambahkan lagi fitur fitur yang bermanfaat☺☺☺",nice pindah laptop mobile mantap device vivo pro pakein gamepad hp laptop layar mantap tolong tambah fitur fitur manfaat,Positive,Positive
Game terbaik. Game satu-satunya yang bisa menghabiskan waktu sepanjang dalam hidup saya. Terima kasih atas supportnya kepada pihak developer karena gamenya sudah support lagi di device saya.,baik satusatunya habis waktu hidup terima kasih supportnya developer support device,Positive,Positive
"Wahh makasih hoyo, udah di muncul lagi di play store",terima kasih hoyo muncul play store,Positive,Positive
Seruuuuuuu,seru,Positive,Positive
Mantap,mantap,Positive,Positive
mantap,mantap,Positive,Positive
More Reward!!,more reward,Positive,Positive
Game bagus😹😹,bagus,Positive,Positive
Makasih Dev,terima kasih dev,Positive,Positive
Bagus sih tapi semoga game ini masih kurang optimalisasi dan beberapa fitur,bagus moga kurang optimalisasi fitur,Positive,Positive
Jane Doe😍😍😍,jane doe,Positive,Positive
"let's go 🔥🔥🔥🔥, akhirnya suport",lets go suport,Positive,Positive
"Alhamdulillah akhirnya berwarna, dan bisa bermain dengan tenang di HP :)",alhamdulillah warna main tenang hp,Positive,Positive
tingkatkan kualitas,tingkat kualitas,Positive,Positive
"Game nya bagus, penuh warna dan yg paling terbaik ada fitur skip cerita",bagus penuh warna baik fitur skip cerita,Positive,Positive
Bagus,bagus,Positive,Positive
Mantap,mantap,Positive,Positive
Akhirnya bisa juga menginstal game ini di playstore,menginstal playstore,Positive,Positive
"Selebihnya bagus,tapi suara game nya kecil banget buset,nggak kedengaran tolong perbaiki untuk suara game nya.",lebih bagustapi suara busetnggak dengar tolong baik suara,Positive,Positive
Ellen wanita🥰,ellen wanita,Positive,Positive
Finally bisa download lewat PlayStore,finally download playstore,Negative,Positive
Game yang bagus,bagus,Positive,Positive
Game nya bagus mungkin ditambahin karakter swisuitnya karakter,bagus ditambahin karakter swisuitnya karakter,Positive,Positive
Good,good,Positive,Positive
"optimalisasi sudah membaik, kerja bagus",optimalisasi baik bagus,Positive,Positive
Good project👍👍👍,good project,Positive,Positive
Makasih untuk kompatibilitas device nya,terima kasih kompatibilitas device,Positive,Positive
Plis developer bisa di gunakan di perangkat saya karena saya benar² suka kali game ini,plis developer perangkat suka,Positive,Positive
Akhirnya ada game yang bisa buat gua hype lagi. Keren nih game,gua hype keren,Positive,Positive
Gamenya bagus dan saya sangat suka dengan game ini... Terimakasih juga telah mengembalikan kompatibel pada beberapa perangkat hp... Terimakasih mihoyo.,bagus suka terimakasih kembali kompatibel perangkat hp terimakasih mihoyo,Positive,Positive
"bagus , itu yg B1 hp nya kentang 😂",bagus hp kentang,Positive,Positive
Zenless Zone Zero Bagus Sekali & Seru Sekali👍👍👍,zenless zone zero bagus seru,Positive,Positive
Game play nya sangat mantap,play mantap,Positive,Positive
Perbaikan masalah fast respon Trims,baik fast respon terima kasih,Positive,Positive
mantap,mantap,Positive,Positive
semoga game nya menjadi lebih berkembang dan menyenangkan,moga kembang senang,Positive,Positive
I love Ellen Joe,love ellen joe,Positive,Positive
Mantap udah kompatibel sekarang,mantap kompatibel,Positive,Positive
"Good game, i like it",good like,Positive,Positive
Game AAA mobile terbaik🔥,mobile baik,Positive,Positive
Sadly,sadly,Positive,Positive
Gamenya oke banget,oke,Positive,Positive
Udah bisa main di chipset heliogate 99,chipset heliogate,Positive,Positive
"Good UI design, Combat Mechanic and music.",good ui design combat mechanic and music,Positive,Positive
Akhirnya HP saya sanggup memainkan game ini,hp sanggup main,Positive,Positive
Thanks gamenya sudah di support compatible di heliog96,thanks support compatible heliog,Positive,Positive
Kikir buriq,kikir buriq,Positive,Positive
burger bangor,burger bangor,Positive,Positive
"Saya Sangat Berterima Kasih Kepada Developer (COGNOSPHERE PTE. LTD.) Karena Sudah Memperbaiki Masalah Kompatibel Yang Saya Alami, Sukses Selalu Dalam Membuat Membuat Game Yang Menarik Di Mata Para Gamer Di Luar Sana!",terima kasih developer cognosphere pte ltd baik kompatibel alami sukses tarik gamer,Positive,Positive
Mantap,mantap,Positive,Positive
"Semakin bagus dan berkembang story dan lain nya, menunggu miyabi datang..",bagus kembang story tunggu miyabi,Positive,Positive
best game for casual Player,best for casual player,Positive,Positive
the parry was so satisfying,the parry was sok satisfying,Positive,Positive
Gameplaynya bagus si. Storynya juga seru cmn ya tv aja agak bosan 😅 diaku,gameplaynya bagus storynya seru cuman tv bosan dia,Positive,Positive
Keren,keren,Positive,Positive
No comment,no comment,Positive,Positive
Pity besar resources kecil,pity resources,Positive,Positive
"Game nya bagus, bersyukur banget game sebagus ini bisa dimainkan gratis",bagus syukur bagus main gratis,Positive,Positive
Good,good,Positive,Positive
Boing boing,boing boing,Positive,Positive
"The gameplay is kinda boring for me especially when you exploring the tv, i just dont get it why you guys think that will works good, the size is too big for game like this...just not my cup of tea",the gameplay is kinda boring for me especially when you exploring the tv just dont get why you guys think that will works good the size is too big for like thisjust not my cup of tea,Positive,Positive
Fitur chat teman letaknya terlalu tersembunyi sehingga merepotkan ketika ingin chat teman.,fitur chat teman letak sembunyi repot chat teman,Positive,Positive
Gachanya ampaas,gachanya ampaas,Positive,Positive
Mantab,mantab,Positive,Positive
Game hoyovers memang yg terbaik,hoyovers baik,Positive,Positive
"Game Yang bagus,Alur cerita gak ngebosenin sama Desain Character keren",bagusalur cerita tidak ngebosenin desain character keren,Positive,Positive
Mantap,mantap,Positive,Positive
Great game! I love the comedy in this game and it's animation. Top notch! The issues well i guess same as the others.,great love the comedy this and its animation top notch the issues well guess same as the others,Positive,Positive
Game rpg terbaik 2024,rpg baik,Positive,Positive
"Tobrut Zhu Yuan udah dapat beserta signature.. ini proses bagus, liat kedepan dapat apa aku..",tobrut zhu yuan serta signature proses bagus depan,Positive,Positive
Seru,seru,Positive,Positive
UWOOGGHHHH TERIMAKASIH MIHOYO SUDAAA MEMBERIKAN AKU POLWAN SEMOGG. SEGSSSSSS BRUTALLLLL,uwooggh terimakasih mihoyo polwan semogg segs brutal,Positive,Positive
"★4 dulu untuk sekarang karena masih banyak yg perlu dibenahi & dioptimalisasi. Selebihnya seperti design karakter, gameplay, animasi gacha dll sudah sangat bagus 👍 Semangat terus Hoyovers !",benah optimalisasi lebih design karakter gameplay animasi gacha dll bagus semangat hoyovers,Positive,Positive
Combat dan cut scene nya cakep🥶,combat cut scene cakep,Positive,Positive
nice game,nice,Positive,Positive
Bagus,bagus,Positive,Positive
Mantap sii,mantap,Positive,Positive
"ya, sangat suka",suka,Positive,Positive
Asik,asik,Positive,Positive
Mntap,mntap,Positive,Positive
"Everything is nice except for gatcha rate and resource, so minus 2 star",everything is nice except for gatcha rate and resource sok minus star,Positive,Positive
Keren game nya dan bansos juga lumayan jdi bintang 5 karena GK ad kendala ap2 udh bagus x ini game sih,keren bansos lumayan bintang tidak kendala bagus,Positive,Positive
"Buatku ZZZ adalah game dengan gameplay yang beda dengan game yang sebelumnya pernah kumainin, juga game ini bisa dimainkan pakek controller jadinya lebih enak, tangan gk pegel pegang hp gamenya bagus, misi hariannya juga mudah banget, pokoknya best lah gamenya. Pas pertama kali nyoba ZZZ langsung suka mungkin karena kesannya beda dari game yang lain aja dan gak bikin bosen pas maininnya. Okelah ini ulasanku yang sedikit membingungkan karena aku juga bingung ini ngetik apaan, hehe🗿",buat gameplay beda kumainin main pakai controller tangan tidak gel pegang hp bagus misi hari mudah pokok best pas coba suka kesan beda tidak bikin bosan pas maininnya oke ulas bingung bingung etik hehe,Positive,Positive
"Gamenya seru dan visualnya juga bagus, tapi kenapa sering terjadi force close",seru visual bagus force close,Positive,Positive
"Ini knp gak bisa2 login.? Mulai tdi siang, tolong developer perbaiki dong soal seru nih",tidak login siang tolong developer baik seru,Positive,Positive
Good Game😌👌🏻,good,Positive,Positive
game bokep nya bagus,bokep bagus,Positive,Positive
Haaa saya suka game ya game ya tidak suka saya,ha suka tidak suka,Positive,Positive
"Gamenya bagus, perbanyak bansos ya😄😄😄",bagus banyak bansos,Positive,Positive
KIKIR ANJ,kikir anjing,Positive,Positive
hp guwa snapdragon 8 gen 3 boiiiii,hp guwa snapdragon gen boi,Positive,Positive
"Gameplay fresh, bagus juga, Join youtube ku untuk live ZZZ 😁 (Windofu)",gameplay fresh bagus join youtube ku live windofu,Positive,Positive
Ok,ok,Positive,Positive
Best game ever,best ever,Positive,Positive
"Makasih min,keluarkan benner ellen🤬",terima kasih minkeluarkan benner ellen,Positive,Positive
"Keren parahhh. Sedikit masukan, kualitas grafiknya buat seperti genshin impact yang lebih full color dan HD",keren parah masuk kualitas grafik genshin impact full color hd,Positive,Positive
Too repetitive,too repetitive,Positive,Positive
Fun.. I love the jungle animation,fun love the jungle animation,Positive,Positive
Gamenya mantap meskipun chipset yg sy pake demensity 8050 lumayan lancar,mantap chipset pakai demensity lumayan lancar,Positive,Positive
Game ya keren,keren,Positive,Positive
good,good,Positive,Positive
i think its the best and game mechanics its same AS honkai impact 3d mechanics after all its amazing stories and amazing Animation and good mechanics 👍💯,think its the best and mechanics its same as honkai impact mechanics after all its amazing stories and amazing animation and good mechanics,Positive,Positive
Good game,good,Positive,Positive
Game nya buagus bgt sampe hp atmin meledakk terimakasih zzzzzzzzzzz,buagus hp atmin meledakk terimakasih,Positive,Positive
Game seru ini wajib di mainkan,seru wajib main,Positive,Positive
keren bagus,keren bagus,Positive,Positive
Sangat bagus,bagus,Positive,Positive
"Seru ja gamenya, tpi gachanya keras euy",seru gachanya keras euy,Positive,Positive
Good game hoyoverse,good hoyoverse,Positive,Positive
beri aku burger bangor dlu baru *5,burger bangor,Positive,Positive
Sama sperti game kikir lain nya b3 aja,kikir,Positive,Positive
bagus,bagus,Positive,Positive
"Alamak saya dapat Zhu Yuan pakai lagu ""if i am with you(gomen amanai)"" Btw game nya mantap abies,mekanik yang seru dan menyenangkan, mohon hoyoverse perbanyak bansos(Polychrome) biar tidak seperti game kikir",alamak zhu yuan pakai lagu if with yougomen amanai btw mantap abiesmekanik seru senang hoyoverse banyak bansospolychrome biar tidak kikir,Positive,Positive
sangat recommended,recommended,Positive,Positive
fine,fine,Positive,Positive
Seru banget gamenya🤌,seru,Positive,Positive
Game kikir,kikir,Positive,Positive
"New game from hoyoteam, new fresh story, good music, good animation, good gameplay.",new from hoyoteam new fresh story good music good animation good gameplay,Positive,Positive
Im short on materials...,im short on materials,Positive,Positive
Pengalan game tidak menyenangkan,pengalan tidak senang,Positive,Positive
Baby shark,baby shark,Positive,Positive
5 minute fight 20 minutes puzzle,mute fight minutes puzzle,Positive,Positive
Ukuran game bisa di bilang terlalu besar untuk Gameplay seperti ini,ukur bilang gameplay,Positive,Positive
Bagus,bagus,Positive,Positive
sangat bagus rekomended untuk yang hp krntang soalnya datanya cuman 17 mb,bagus rekomended hp krntang data cuman mbak,Positive,Positive
seru tapi aga ngantuk,seru aga ngantuk,Positive,Positive
Keren,keren,Positive,Positive
Naise,naise,Positive,Positive
Combatnya menyenangkan,combatnya senang,Positive,Positive
Nice,nice,Positive,Positive
"Nice game, lebih bagus main di PC sih ketimbang mobile",nice bagus pc ketimbang mobile,Positive,Positive
Oke lah,oke,Positive,Positive
Nice game hoyo 😁,nice hoyo,Positive,Positive
"support gamepad sepenuhnya, sangat membantu dan keren",support gamepad sepenuh bantu keren,Positive,Positive
Burung,burung,Positive,Positive
Bagus,bagus,Positive,Positive
So bored with TV everytime I want to join the battle :(,sok bored with tv everytime want join the battle,Positive,Positive
Seru jir 😹,seru jir,Positive,Positive
Best:3 maen di PC. mobile di uninstall soalnya background hitam (hp ai kentang buat Zenless walaupun game laen sejenis msh aman walaupun setting medium/low),best pc mobile uninstall background hitam hp ai kentang zenless jenis aman setting mediumlow,Positive,Positive
Game sangat seru,seru,Positive,Positive
Good game,good,Positive,Positive
Mantap!,mantap,Positive,Positive
Trash!!!,trash,Positive,Positive
Good game and great design,good and great design,Positive,Positive
Thanks ellennya,thanks ellennya,Positive,Positive
nice,nice,Positive,Positive
Good game,good,Positive,Positive
Nice game,nice,Positive,Positive
Game ini bagu tetepi hanya hp tertentu untuk di main kan tolong 3 ram di hp saya untuk perangkat keras,bagu tetepi hp tolong ram hp perangkat keras,Negative,Positive
aku apresiasi,apresiasi,Positive,Positive
Kikir kayak kakaknya,kikir kakak,Positive,Positive
"Overall oke, saran TV simulator ny di nerf dong",overall oke saran tv simulator nerf,Positive,Positive
TV nya bikin bosan,tv bikin bosan,Positive,Positive
Game kikir,kikir,Positive,Positive
Bestttsss,bests,Positive,Positive
Tema gamenya keren,tema keren,Positive,Positive
Mantap min bugnya udah fix,mantap min bugnya fix,Positive,Positive
Udah bagus nggak FC lagi... Semangat terus...,bagus tidak fc semangat,Positive,Positive
Parry parry jump,parry parry jump,Positive,Positive
Gachanya scam,gachanya scam,Positive,Positive
Nice,nice,Positive,Positive
"keren , terlalu menikmati gameplay bertarungnya",keren nikmat gameplay tarung,Positive,Positive
Game nya nice,nice,Positive,Positive
I love it,love,Positive,Positive
zi best mobile goty this yer,zi best mobile goty this yer,Positive,Positive
Karena furry solid solid solid,furry solid solid solid,Positive,Positive
The game is good but l am sad bc l don't get the shark girl but at least l have the s w Thank you,the is good but sad baca dont get the shark girl but at least have the thank you,Positive,Positive
"komiknya seru, battle nya seru",komik seru battle seru,Positive,Positive
Game keren,keren,Positive,Positive
"Gameplay not recommended, only story telling game",gameplay not recommended only story telling,Positive,Positive
"Sangat bagus, grafik sangat bagus, intinya bagus semua 😘😘😘",bagus grafik bagus inti bagus,Positive,Positive
Game nya sangat baik semoga memberikan karakter s lebih banyak😄,moga karakter,Positive,Positive
Sudah cukup bagus game nya,bagus,Positive,Positive
"Mode TV tolong di persingkat, tapi semuanya sudah bagus.",mode tv tolong singkat bagus,Positive,Positive
High quality games,high quality games,Positive,Positive
"Gameplay seru, tidak bikin bosen.",gameplay seru tidak bikin bosan,Positive,Positive
Latar gel Alp,latar gel alp,Positive,Positive
Ku kira bakal bosen ternyata bikin nagih,ku bosan bikin nagih,Positive,Positive
"Story dan gameplay battle sebenarnya udah seru. Untuk UI, designnya fresh sih cuma pusing banget. Untuk sewaktu puzzle tv/monitor itu juga agak keganggu karena text percakapannya yang di atas kanan itu kecil banget, selebihnya udah oke 👍",story gameplay battle seru ui designnya fresh pusing puzzle tvmonitor ganggu text cakap kanan lebih oke,Positive,Positive
"Gamenya keren sih mulai dari grafik, karakter, sampe alur ceritanya semuanya bagus dan ga bikin bosen sama sekali",keren grafik karakter alur cerita bagus tidak bikin bosan,Negative,Positive
"untuk game nya sudah bagus , tapi tolong render nya , saya mengunggu 15 menit hanya untuk merender sebuah kota 💀💀 PERBAIKI DULU LE 🔥🔥",bagus tolong render mengunggu menit merender kota baik,Positive,Positive
"Gamenya bagus sih ceritanya juga menarik, dan ga bikin ngebosenin misinya juga sangat bagus dan fight battle keren bet cuy😁👍",bagus cerita tarik tidak bikin ngebosenin misi bagus fight battle keren cuy,Positive,Positive
"Game nya keren, ini Persona nya mobile, dari Game play, area semua mirip game persona nya playstation Pokok nya kereeeennn banget 👍 🫶",keren persona mobile play area persona playstation pokok keren,Positive,Positive
The game is good but my enviroment is black please fix,the is good but my enviroment is black please fix,Positive,Positive
Game nya bagus banget apa lagi pas gacha keren parah aku suka game mya,bagus pas gacha keren parah suka mya,Positive,Positive
Burger bangor diskon 40%,burger bangor diskon,Positive,Positive
"Game haram dasar pay to win susah emng klo udh kikir dari sananya, dasar game kikir ajggggg!!!!!!",haram dasar pay win susah kikir sana dasar kikir ajg,Positive,Positive
Best game ever Made by Hoyoverse!!,best ever made by hoyoverse,Positive,Positive
"ini game terbaik, kasi saya keuntungan yg banyak ya",baik kasih untung,Positive,Positive
Good,good,Positive,Positive
Seru tapi berat buat mobile,seru berat mobile,Positive,Positive
Bagus banget gamenya,bagus,Positive,Positive
"Bagus bgt, lancar jaya sentosa amanah",bagus lancar jaya sentosa amanah,Positive,Positive
Mau burger bangor😋😋😋😋,burger bangor,Positive,Positive
"gue kasih bintang lima soalnya gue suka wise ama belle, jaya jaya jaya phaethonku tersayang.",kasih bintang suka wise belle jaya jaya jaya phaethonku sayang,Positive,Positive
TV Mode is suckk,tv mode is suckk,Positive,Positive
Story is good but the gameplay is boring,story is good but the gameplay is boring,Positive,Positive
Game terbaik semenjak 2000 tahun terakhir,baik semenjak tahun,Positive,Positive
Seru,seru,Positive,Positive
Bziiirrr poco x3 pro support game ini cooyyy,bzir poco pro support cooy,Positive,Positive
Game bagus seru dan asik untuk di mainin cuma HP saya kurang bagus kali ya jadi sering keluar dari game tiba tiba jadi susah mau main nya,bagus seru asik mainin hp kurang bagus susah,Positive,Positive
Kasih qingyi yak,kasih qingyi,Positive,Positive
kikirverse,kikirverse,Positive,Positive
Game kikir,kikir,Positive,Positive
Bagus si,bagus,Positive,Positive
"Bagus sih, tapi kurang tertarik aja. gajauh beda sama game2 mihoyo sebelumnya",bagus kurang tarik gajauh beda mihoyo,Positive,Positive
Kukira bisa nyaingin wuwa ternta kikir impact v 2.0,kira nyaingin wuwa ternta kikir impact,Positive,Positive
"Gameplay lumayan asik, grafis dan visual bagus, dan game nya udh optimize di device Poco F4 lancar set rata kanan. Keluhan palingan di puzzle TV nya bikin kesel, selebihnya enjoyable. Combat nya emg g se fluid PGR atau hi3, tapi msh enak² aja lah.",gameplay lumayan asik grafis visual bagus optimize device poco lancar set rata kanan keluh paling puzzle tv bikin kesel lebih enjoyable combat tidak fluid pgr hi,Positive,Positive
Game kikir,kikir,Positive,Positive
Bosenin,bosan,Positive,Positive
Kasih gw banyak karakter S aja sih,kasih karakter,Positive,Positive
"Game nya bagus, tapi lebih bagus kalau di kasih low pity",bagus bagus kasih low pity,Positive,Positive
Cut scene nya keren coyy😁,cut scene keren coyy,Positive,Positive
Bagus bagus,bagus bagus,Positive,Positive
Game nya bagus cuma kalau dapetin EXP buat naikin level di permudahkan,bagus exp naikin level mudah,Positive,Positive
Game bagus,bagus,Positive,Positive
main quest chapter 2 ngebug,quest chapter ngebug,Positive,Positive
Forclose,forclose,Positive,Positive
"Mantap ini game , cuma size gede banget 19, 80 baru awal main 😒",mantap size gede,Positive,Positive
Perfect Game🍷,perfect,Positive,Positive
Ini game keren parah sih😍,keren parah,Positive,Positive
Good game,good,Positive,Positive
Game ramah buat Pay to win 🤗,ramah pay win,Positive,Positive
Semoga masih baik,moga,Positive,Positive
Game nya bagus suka banget kalo kayak gini,bagus suka,Positive,Positive
perfect 👍,perfect,Positive,Positive
Sering keluar sendiri. Perbaiki dong. Jadi mpas gamenya sering keluar sendiri,baik mpas,Positive,Positive
Bagus,bagus,Positive,Positive
Good,good,Positive,Positive
Game terbaik 2024!!!!!,baik,Positive,Positive
"First 80 pull di limited,, kenapaa malah ratee offff!!!????",first pull limited ratee of,Positive,Positive
Game nya ceru toh bayak juga yang tobrut xixixix,ceru bayak tobrut xixixix,Positive,Positive
umu,umu,Positive,Positive
Mantap,mantap,Positive,Positive
"Gamenya bagus, storynya sangat menarik (masih awal sih jadi wajar), mekanisme battle yang mantap, meski ada beberapa bagian yang harus dioptimalkan...",bagus storynya tarik wajar mekanisme battle mantap optimal,Positive,Positive
gameplay membosankan maless banget mainnya,gameplay bosan maless main,Positive,Positive
Game nya bagus tapi loding nya lama Tolong diperbaiki,bagus loding tolong baik,Positive,Positive
"Overall good,but my luck in gacha is like a sh! t, its always in the high pity, please give me luckkk",overall goodbut my luck gacha is like sh its always the high pity please give me luck,Positive,Positive
Bagus,bagus,Positive,Positive
Battlenya sangat membosankan,battlenya bosan,Positive,Positive
game nya bagus ramah bansos sering2 begitu yah ☺️☝️,bagus ramah bansos,Positive,Positive
Love this game,love this,Positive,Positive
Seruuuu,seru,Positive,Positive
Menbosankan mode tv puzzel terlalu lama bikin cape... klo mode battle udah bagus..,menbosankan mode tv puzzel bikin capek mode battle bagus,Positive,Positive
Game nya sudah bagus hanya saja spek minimum nya sangat tinggi,bagus spek minimum tinggi,Positive,Positive
"Kenapa sih orang yang bilang ""game kikir""? Ge heran ama mereka Dan juga, game nya bagus. Combat bagus, exploration lumayan lah ama animasi nya top tier",bilang kikir ge heran bagus combat bagus exploration lumayan animasi top tier,Positive,Positive
"Buat kalian yg bermasalah pas main, masalahnya cuma 1 device kalian kentang, solusinya ganti device yg bagus. Device yg kentang kok nyalahin gamenya",masalah pas device kentang solusi ganti device bagus device kentang salah,Positive,Positive
Ternyata game baik meski 60% kikir,kikir,Positive,Positive
"iklan doang free 180x pull on release , faktanya dapet kalo sering main bukan instan. bagus marketingnya wkw",iklan doang free pull on release fakta bukan instan bagus marketingnya wkw,Positive,Positive
I love this game,love this,Positive,Positive
Good,good,Positive,Positive
"Yo, can you make this game run smoother on my S23 FE with the Exynos 2200 chip? I just played it and it kept lagging.",can you pakai this run smoother on my fe with the exynos chip just played and kept lagging,Positive,Positive
Kurang suka dengan gameplay tv yang terlalu banyak ngabisin waktu,kurang suka gameplay tv ngabisin waktu,Positive,Positive
Gameplaynya seruuuu sekali,gameplaynya seru,Positive,Positive
More Perfect game from hoyo🔥,more perfect from hoyo,Positive,Positive
Overall good game,overall good,Positive,Positive
Asik coy,asik coy,Positive,Positive
"Secara keseluruhan ini game sudah bagus sekali, is the best game ever👍👍👍",bagus is the best ever,Positive,Positive
Uwasik pol,uwasik pol,Negative,Positive
"Game bagus kok , minimal bintang 🌟🌟🌟🌟🌟 dong",bagus minimal bintang,Positive,Positive
Nice game !!!,nice,Positive,Positive
Love ittt,love,Positive,Positive
Mantap,mantap,Positive,Positive
"Overall bagus, nama nya game baru klo ada masalah ya wajar sih yaa, yg penting ada progress perbaikan dan pengembangan nya. Well done dev.",overall bagus nama wajar progress baik kembang well done dev,Positive,Positive
Gameplaynya bagus 👍,gameplaynya bagus,Positive,Positive
Rill Kah?,rill kah,Positive,Positive
Gamenya bagus bnget dari segi art style nya sama dunianya kayak yakuza sama persona series penuh interaksi bnget ini game cobain aj sendiri,bagus segi art style dunia yakuza persona series penuh interaksi coba,Negative,Positive
Game bagus mantap (pls berikan saya Ellen),bagus mantap pls ellen,Positive,Positive
Audio nya sangat kecil. Mohon diperbaiki.,audio baik,Positive,Positive
"Di snapdragon 8 gen 1 suka frame drop dan ujung2nya FC, perbaiki tolong soalnya bagus banget ni game",snapdragon gen suka frame drop ujung fc baik tolong bagus,Positive,Positive
gacor,gacor,Positive,Positive
Nice mihoyo,nice mihoyo,Positive,Positive
"Story bagus, ringan, istilahnya gak rumit, dibanding kakaknya HSR yang story nya rumit pakai istilah ribet, ZZZ lebih santai. Isinya gameplay 30%, sisanya story, jadi sebisa mungkin story diikutin. Grafik mantep, sama kayak game hoyoverse lainnya.",story bagus ringan istilah tidak rumit banding kakak hsr story rumit pakai istilah ribet santai isi gameplay sisa story bisa story diikutin grafik mantap hoyoverse,Positive,Positive
Ini baru hoyoverse,hoyoverse,Positive,Positive
Pliss hoyo buatlah game yg nyaman utk Player nya,pliss hoyo buat nyaman player,Positive,Positive
"Semoga kedepannya bisa lebih optimal, untuk masalah kinerja",moga depan optimal kerja,Positive,Positive
"GAME MANTAP DENGAN FITUR SKIP STORY, CMN ILANGIN TUU MODE TV LAH, BIKIN NGANTUK",mantap fitur skip story cuman ilangin tuh mode tv bikin ngantuk,Positive,Positive
Tv gameplay annoying af,tv gameplay annoying af,Positive,Positive
"design UI, battle style, grafis, semua bagus, cuman tolong kedepannya bisa lebih optimal untuk device menengah",design ui battle style grafis bagus cuman tolong depan optimal device tengah,Positive,Positive
"Mantap min aku dapet Ellen walaupun pity tinggi tapi yg penting dapet, terimakasih game baik, terimakasih bapak dawei, semoga bapak dawei panjang umur",mantap min ellen pity tinggi terimakasih terimakasih dawei moga dawei umur,Positive,Positive
Sehat sehat game baik,sehat sehat,Positive,Positive
Perlu di stabilin lagi,stabilin,Positive,Positive
Game ya sangat terasa baru untuk saya... amazing,amazing,Positive,Positive
"Bagus banget, dari segi grafis sama gameplay, sampe combatnya semuanya bagus, semoga ada pengoptimalan size di next patch",bagus segi grafis gameplay combatnya bagus moga optimal size next patch,Positive,Positive
game super mantap setelah kejenuhan game saudara nya,super mantap jenuh saudara,Positive,Positive
Desain karakter mantap,desain karakter mantap,Positive,Positive
I really like it 🥰,really like,Positive,Positive
sehat sehat game baik,sehat sehat,Positive,Positive
Bangor enak,bangor,Positive,Positive
Good game lah,good,Positive,Positive
Kapan collab sama burger Bangor nya min 😡,collab burger bangor min,Positive,Positive
Seru bgt cerita nya karakter mc kakak adiknya juga bagus dan jgn lupa ada diskon 40% burger bangor,seru cerita karakter mc kakak adik bagus jangan lupa diskon burger bangor,Positive,Positive
Bener bener mengecewakan,kecewa,Positive,Positive
Mantap lah,mantap,Positive,Positive
Tambahkan fitur ngebangor,tambah fitur ngebangor,Positive,Positive
literally Z Z Z sleeep game,literally slep,Positive,Positive
Untuk game sudah bagus tapi masih sering force close tolong diperbaiki developer terima kasih,bagus force close tolong baik developer terima kasih,Positive,Positive
kurang menarik gameplay nya om,kurang tarik gameplay om,Positive,Positive
Game kikir,kikir,Positive,Positive
"Kenapa yaa suka keluar sendiri baru juga login sangat menganggu,mohon diperbaiki mihoyo",suka login menganggumohon baik mihoyo,Positive,Positive
game baik pity 40 dapet Ellen😋😋,pity ellen,Positive,Positive
kikir,kikir,Positive,Positive
Sakne aku,sakne,Positive,Positive
Style desain karakter serta animasi 3d nya suka banget 🤩🤩😍,style desain karakter animasi suka,Positive,Positive
Nice pity Im got 3 SS in 1 day MAKE GOOD PITY AGAINN,nice pity im got ss day pakai good pity againn,Positive,Positive
seruu,seru,Positive,Positive
Keren,keren,Positive,Positive
Menurut gw gamenyabagus,gamenyabagus,Positive,Positive
Nice,nice,Positive,Positive
All black in area and city (dark map),all black area and city dark map,Positive,Positive
Background nya kedap kedip kek lampu disko☝🏻😔 Kadang muncul kadang kagak,background kedap kedip lampu disko kadang muncul kadang kagak,Positive,Positive
grafik mantap efek bagus semoga hadiah nya makin banyak,grafik mantap efek bagus moga hadiah,Positive,Positive
Good,good,Positive,Positive
Gamenya bagus dan seru,bagus seru,Positive,Positive
ratenya ZZZ banget,ratenya,Positive,Positive
80 PITY DAPET STANDARD 🤬🤬🤬,pity standard,Positive,Positive
"Sejauh ini, ini game dari mihoyo yang terbaik. Good job mihoyo 👍",mihoyo baik good job mihoyo,Positive,Positive
I like it,like,Positive,Positive
Mantab,mantab,Positive,Positive
nice,nice,Positive,Positive
game play battlenya bagus banget tapi dialognya terlalu banyak dan membosankan,play battlenya bagus dialog bosan,Positive,Positive
Good game,good,Positive,Positive
Game ngantuk + ngebosenin Combat nya B aja Story nya B aja Explore nya hah ya sudah lah,ngantuk ngebosenin combat story explore hah,Positive,Positive
WIBUUUU,wibu,Positive,Positive
the sound too low,the sound too low,Positive,Positive
"plis hoyo masa game ya keluar sendiri sih padahal lagi main keluar sendiri,tolong di perbaiki",plis hoyo sendiritolong baik,Positive,Positive
Bagus dan sangat Compatible di ponsel,bagus compatible ponsel,Positive,Positive
"Story,musik, dan battle nya sih seru yh, cuma saya kurang suka mode explore nya yg masuk ke TV, cukup ngebosenin.",storymusik battle seru kurang suka mode explore tv ngebosenin,Positive,Positive
Game kikir,kikir,Positive,Positive
Saya suka banget game play nya unik sedikit mirip dengan game sebelah tapi menurut saya ini lebih seru dan musik game nya seru banget 😍,suka play unik belah seru musik seru,Positive,Positive
Good,good,Positive,Positive
sejauh ini saya main sudah sampai level 34 sudah sangat bagus tinggal kasi event yg menarik aja biar tambah seru mainnya,level bagus tinggal kasih event tarik biar seru main,Positive,Positive
gameplay casual cukup memuaskan buat menghilangkan penat & ui simple dikemas menarik dan fresh,gameplay casual muas hilang penat ui simple kemas tarik fresh,Positive,Positive
Nice Game,nice,Positive,Positive
Game kikir😏😏😏😏😏,kikir,Positive,Positive
Game nya seru,seru,Positive,Positive
Like this!,like this,Positive,Positive
Goog,goog,Positive,Positive
Terima kasih atas ellen nya 🤤,terima kasih ellen,Positive,Positive
"Game bagus, cerita menarik, mekanik keren",bagus cerita tarik mekanik keren,Positive,Positive
"Ga dapet ellen pity 75(hrd pity) dispam jomok srigala 3x dari Benner limit&standar game kikir asw ga ramah f2p.... liat noh Wuwa dermawan Dev ramah, baik hati☹️",tidak ellen pity hrd pity dispam jomok srigala benner limitstandar kikir asw tidak ramah fp noh wuwa dermawan dev ramah hati,Positive,Positive
Game Wuenak 😋,wuenak,Positive,Positive
Sebagai sepuh hi3 game ini lumayan bagus,sepuh hi lumayan bagus,Positive,Positive
Burger Bangor diskon 40% 🤤,burger bangor diskon,Positive,Positive
Opsional,opsional,Positive,Positive
"Game Masterpiece, untuk cerita lumayan menarik dengan visual komik dan animasi yang terasa hidup, voice actingnya emang the best, overall npc dan suasana juga bikin santai",masterpiece cerita lumayan tarik visual komik animasi hidup voice actingnya the best overall npc suasana bikin santai,Positive,Positive
"Best relaxing game of all the time, i don't care what anyone said but the game is very good and enjoyable",best relaxing of all the time dont care what anyone said but the is very good and enjoyable,Positive,Positive
Perfect game for me,perfect for me,Positive,Positive
"Bagus gamenya, story juga bagus suka dengan soundtrack2nya dan gameplay cukup mudah untuk dikuasai. Bagi yg merasa kurang sulit gameplaynya main sekiro aja BLOK!",bagus story bagus suka soundtracknya gameplay mudah asai kurang sulit gameplaynya sekiro blok,Positive,Positive
Gamenya asik ama santai karakternya unik unik gameplaynya juga bagus ✨️,asik santai karakter unik unik gameplaynya bagus,Positive,Positive
"Ini game bagus dan gw suka, rating terkadang membohongi. 101% bagus",bagus suka rating terkadang bohong bagus,Positive,Positive
Saya tidak suka gameplay tv,tidak suka gameplay tv,Positive,Positive
Sangat membosankan,bosan,Positive,Positive
"tadinya mau kasih bintang 5 karna suka sama visualnya, udah sabar hard pitty 80+ tapi dapatnya cowok furry",kasih bintang suka visual sabar hard pitty dapat cowok furry,Positive,Positive
"It takes up too much RAM, so the game is uncomfortable and always freezes.",takes up too much ram sok the is uncomfortable and always freezes,Positive,Positive
Game kikir,kikir,Positive,Positive
"Anak2 skip aja ya de, selera milenial.",anak skip deh selera milenial,Positive,Positive
Kasih free pull lebih banyak lagi,kasih free pull,Positive,Positive
Game kikir wkwkkwkwkwk,kikir wkwkkwkwkwk,Positive,Positive
"Asik bet🔥di tunggu event"" nya agar bisa nabung buat miyabi😘",asik betdi tunggu event nabung miyabi,Positive,Positive
Gameplay terasa baru,gameplay,Positive,Positive
"Gamenya bagus , grafik, visual oke saran untuk efek kedipan tv nya diganti dengan efek lain karna bikin sakit mata ,warna kedipan putih dan background hitam nya sangat kontras. Terima kasih",bagus grafik visual oke saran efek kedip tv ganti efek bikin sakit warna kedip putih background hitam kontras terima kasih,Positive,Positive
Gameplay nya membosankan kerena ada monitor,gameplay bosan rena monitor,Positive,Positive
"Games good, Graphics r nice, effects r amazing. But the storyline is kind of boring. on top of that, it takes so long just to load in the game!",games good graphics nice effects amazing but the storyline is kind of boring on top of that takes sok long just load the,Positive,Positive
Gamenya keren grafik mantap mekanismenya seru gemplay fun karakternya mantap,keren grafik mantap mekanisme seru gemplay fun karakter mantap,Positive,Positive
Aku mau burger Bangor,burger bangor,Positive,Positive
kikir,kikir,Positive,Positive
Oke,oke,Positive,Positive
kekikiran zona 0 kikir!!,kikir zona kikir,Positive,Positive
"Sangat suka dengan game ini, sangat menarik dan seru",suka tarik seru,Positive,Positive
"best hoyoverse game, easy to understand the story, and easier to upgrade the characters. unlike genshin.",best hoyoverse easy understand the story and easier upgrade the characters unlike genshin,Positive,Positive
Tak seru. Downgrade PGR,tak seru downgrade pgr,Positive,Positive
"bagus grafisnya, gameplay seru",bagus grafis gameplay seru,Positive,Positive
"Game yang sangat mudah, cerita dan art dari karakter nya sangat baguss",mudah cerita art karakter bagus,Positive,Positive
KIKIR,kikir,Positive,Positive
Burger bangor😋,burger bangor,Positive,Positive
Game kikir,kikir,Positive,Positive
game nya fresh dan keren,fresh keren,Positive,Positive
Good game,good,Positive,Positive
"180 pulls? Lmaooo, lucky u that i cant give 0 star. Atleast for the new game u give 50 pulls on limited banner. This game is too evil for a game that just release.",pulls lmao lucky lu that cant give star atleast for the new lu give pulls on limited banner this is too evil for that just release,Positive,Positive
Niceee,nice,Positive,Positive
"Ini game benar2 keren dan bagus.. seru mantap.. Tpi main zzz cuma sebentar krn klo lama,hp cpt panas. Lbh baik main PC saja..",keren bagus seru mantap sebentar lamahp cepat panas pc,Positive,Positive
Game op untuk pc,op pc,Positive,Positive
best game ever,best ever,Positive,Positive
"Ini game seru, gue suka dengan style dan animasi yg smooth, kalau hp kentang jangan maksa main nya",seru suka style animasi smooth hp kentang jangan maksa,Positive,Positive
Kebanyakan story nya dari pada maen nya,banyak story,Positive,Positive
untuk sejauh ini saya sangat menikmati game ny. Dengan tampilan grafik yg memukau dan serta UI yg sangat mewah membuat saya menikmati game ini,nikmat tampil grafik pukau ui mewah nikmat,Positive,Positive
I love this game already =),love this already,Positive,Positive
Terimakasih game baik,terimakasih,Positive,Positive
Sudah bagus Masih bisa di mainkan untuk sekarang Paling di opimalisasikan saja untuk perangkat yang belum stabil. Karena keluhan berputar di situ sama ukuran yg besar.,bagus main opimalisasikan perangkat belum stabil keluh putar situ ukur,Positive,Positive
Sugoii nee,sugoii,Positive,Positive
"GAMENYA SANGAT KEREN DAN UNIK BAGI AKU YANG GAK PERNAH MAIN GAME GINIAN MAKASIH😁😁😁👌,",keren unik tidak terima kasih,Positive,Positive
"Tv nya plagiat counter side, dan membosankan",tv plagiat counter side bosan,Positive,Positive
Bolela,bolela,Positive,Positive
Nice Mihoyo,nice mihoyo,Positive,Positive
"Sistem gamenya sangat bagus dan juga desainnya bagus bagus, tidak mengecewakan",sistem bagus desain bagus bagus tidak kecewa,Positive,Positive
Seru Cok boss rumayan lah ya grafik nya terlalu mantap,seru cok bos rumayan grafik mantap,Positive,Positive
Game nya mantap banget sesuai ekspetasi saya dan Terima kasih banyak kepada para developer yang bekerja keras 🕖💸☕⭐💪💯🕒,mantap sesuai ekspetasi terima kasih developer keras,Positive,Positive
sejauh ini bagus...,bagus,Positive,Positive
Kurang bagus permainannya,kurang bagus main,Negative,Positive
"Bagus lah, ga ngeleg kyk wuwok",bagus tidak ngeleg wuwok,Positive,Positive
Masterpiece ini mah,masterpiece mah,Positive,Positive
Awesome battle mecanisme,awesome battle mecanisme,Positive,Positive
Good,good,Positive,Positive
Bagus banget...,bagus,Positive,Positive
Aku suka zzz,suka,Positive,Positive
I like this,like this,Positive,Positive
Story menarik dengan gameplay seru kombinasi luar biasa,story tarik gameplay seru kombinasi,Positive,Positive
Keren,keren,Positive,Positive
"Keren,, gameplay nya cukup nyaman dan seru untuk dimainkan",keren gameplay nyaman seru main,Positive,Positive
Keren,keren,Positive,Positive
Perfect👌,perfect,Positive,Positive
I love billy,love billy,Positive,Positive
gamenya bagus tapi masih sering keluar otomatis dari gamenya ketika berada di halaman game 'Berhasil Login' perangkat yg saya gunakan Poco F4 apa ada yg mengalami kendala yg sama? mohon perbaikannya Terimakasih,bagus otomatis halaman hasil login perangkat poco alami kendala baik terimakasih,Positive,Positive
Grafik game ny smooth enak bget.,grafik smooth,Positive,Positive
What the sigma,what the sigma,Positive,Positive
"Animasinya keren smooth banget, cocok banget dimainin di waktu luang 👍🏻",animasi keren smooth cocok dimainin waktu luang,Positive,Positive
Sehat sehat game baik,sehat sehat,Positive,Positive
"Best game,perlu pengembangan buat kedepannya",best gameperlu kembang depan,Positive,Positive
"Untuk gameplay & graphic nya sudah cukup bagus, bahkan feel nya berasa mirip persona. Untuk combat nya juga seru, namun sayang untuk cara penyampaian story kurang bagus menggunakan puzzle TV. Hal ini membuat feel adventure & action nya kurang berasa sehingga terasa membosankan. Mungkin game mihoyo kali ini aku skip",gameplay graphic bagus feel asa persona combat seru sayang sampai story kurang bagus puzzle tv feel adventure action kurang asa bosan mihoyo skip,Positive,Positive
Di Xiaomi pad 5 Sering keluar dari game kalo masuk menu gaca👎,xiaomi pad menu gaca,Positive,Positive
keren saya bisa dapat noelle ya meskipun mentok pity tapi ni game mantap jangan kikir ya kayak soudaraku,keren noelle mentok pity mantap jangan kikir soudaraku,Positive,Positive
Yang vote bintang 3 kebawah device issue + fomo fomo kecewa,vote bintang bawah device issue fomo fomo kecewa,Positive,Positive
Bosan,bosan,Positive,Positive
"Josss lah,, hanya untuk spek dewa mntap",jos spek dewa mntap,Positive,Positive
"Overall gamenya sangat bagus, mungkin hanya perlu optimalisasi saja untuk beberapa device, saya sangat menikmati storynya terkadang terasa seperti membaca komik full color, terkadang juga seperti menonton film 3d anime dengan kualitas visual yang sangat bagus 👍.",overall bagus optimalisasi device nikmat storynya terkadang baca komik full color terkadang tonton film anime kualitas visual bagus,Positive,Positive
ty ty makasi ellennya😍😍,ty ty terima kasih ellennya,Positive,Positive
Bagus,bagus,Positive,Positive
"untuk game mobile, bener2 bagus, semoga kedepannya bisa jadi standar game mobile",mobile bagus moga depan standar mobile,Positive,Positive
Keren banget game nya the best lah,keren the best,Positive,Positive
Jossss,jos,Positive,Positive
"Bagus, saya suka",bagus suka,Positive,Positive
Gameplay seru dan design karakter-karakter yang sangat bagus,gameplay seru design karakterkarakter bagus,Positive,Positive
"udah bagus cuman optimalisasi game nya masih harus di tingkatkan. Gameplay nya unik terutama yang tv, mungkin buat sebagian orang ngebosenin tapi buat ku engga karena jadi lebih santai main nya",bagus cuman optimalisasi tingkat gameplay unik tv ngebosenin ku tidak santai,Positive,Positive
"Game Terbaik Battle yg smooth, world building yg keren dan design character yg menarik. Hoyoverse selalu konsisten bikin game yg bgus 👍👍👍",baik battle smooth world building keren design character tarik hoyoverse konsisten bikin bagus,Positive,Positive
Tingkatin Lagi Grafik Di Android Nya Hoyovers👍🏻👍🏻 Burikk Soalnya,tingkatin grafik android hoyovers burikk,Positive,Positive
Great game !!,great,Positive,Positive
baguss bangett game nyaa,bagus,Positive,Positive
WE GONNA BUY BURGER BANGOR WITH 40% DISCOUNT WITH THIS ONE🗣️🗣️❗❗,we gon na buy burger bangor with discount with this one,Positive,Positive
Kerenn,keren,Positive,Positive
Black screen,black screen,Positive,Positive
Napa ya begroung nya hitam jadi tidak bisa menikmati game nya tolong di perbaiki aku sudah anu gratis dan data jaringan bagus hp gak kentang kenapa ya mohon di perbaiki agar saya bisa menikmati game nya untuk saat ini saya kasih bintang 1 jika sudah di perbaiki saya akan kasih bintang 5 sekali lagi mohon diperbaiki 🙏🏻,begroung hitam tidak nikmat tolong baik anu gratis data jaring bagus hp tidak kentang baik nikmat kasih bintang baik kasih bintang baik,Positive,Positive
"Good work, hoyoverse. Najis banget sama orang yang ngasih bintang 1 karena hpnya ga mampu maenin zzz/kurang mendukung jadinya ngebug, padahal masalahnya di device mereka🤮🤮🤮🤮 ew",good work hoyoverse najis asih bintang hpnya tidak maenin zkurang dukung ngebug device ew,Positive,Positive
"Keren,",keren,Positive,Positive
It's fun and i loved the characters too💕💕💕,its fun and loved the characters too,Positive,Positive
"Mantap, Alur Ceritanya mudah dipahami, Gameplay nya Keren juga, Puzzle Tv nya jujur unik tapi itu yg Jadi nilai + menurut ane, MASTERPIECE!!!!",mantap alur cerita mudah paham gameplay keren puzzle tv jujur unik nilai ane masterpiece,Positive,Positive
"Gamenya bagus strorynya juga bagus baget dah , walaupun gacha seret , dan bansosnya gak semua langsung di kasih recomendah mainnya",bagus strorynya bagus deh gacha seret bansosnya tidak kasih recomendah main,Positive,Positive
"Enjoy mainnya, udh terbiasa main persona sm DMC seru2 aja",enjoy main biasa persona dmc seru,Positive,Positive
Combat dan game play yg sangat smooth,combat play smooth,Positive,Positive
Keren si ini,keren,Positive,Positive
Tv turu,tv turu,Positive,Positive
"Aku suka grafiknya yg bagus, karakternya yg kyk kartun, battlenya tp yg aku gak suka explorenya jd terpaksa aku hapus lg gamenya",suka grafik bagus karakter kartun battlenya tidak suka explorenya paksa hapus,Positive,Positive
Semoga aku dapet ellen,moga ellen,Positive,Positive
Gim jelek kikir seperti kakaknya (gencin),gim jelek kikir kakak gencin,Negative,Positive
"Overall seru sih, game playnya fresh mungkin karena udh bosen sama eksplor map di gi sama hsr trus klo main ini jadi ke inget hi3 cumn ini lebih smoth aja gameplaynya",overall seru playnya fresh bosan eksplor map gi hsr hi cuman smoth gameplaynya,Positive,Positive
Baguuss gamenya,baguuss,Positive,Positive
"Bagus, tapi masih sering kena FC :(",bagus fc,Positive,Positive
"Game nya terbaik,, epic parah.",baik epic parah,Positive,Positive
Keren brayyy,keren bray,Positive,Positive
Ay udah beberapa hari main game ini tapi black screennya tetap masih ada yang punya solisi,ay black screennya solis,Positive,Positive
Bgus,bagus,Positive,Positive
hp kentang minggir dulu👍,hp kentang minggir,Positive,Positive
Menurut saya game zzz memiliki keunggulan di dalamnya seperti disain karakter yang sangat unik gameplay yang sangat unik dan satisfying juga bagaimana developer memberikan pengalaman yang sangat berbeda dari pada game game sebelumnya seperti Explore yang sangat simpel sehingga tidak menghabiskan waktu dan story yang bisa di skip dan bisa di tonton ulang ketika selesai good job mihoyo,milik unggul dalam disain karakter unik gameplay unik satisfying developer alam beda explore simpel tidak habis waktu story skip tonton ulang selesai good job mihoyo,Positive,Positive
Dari segi grafik bagus sekali keren NPC keren design char keren battle keren,segi grafik bagus keren npc keren design char keren battle keren,Positive,Positive
Sangat seru,seru,Positive,Positive
Monoton,monoton,Positive,Positive
"Game play bagus, story berasa lagi nonton anime. Nice la 👍🏻",play bagus story asa tonton anime nice,Positive,Positive
Gameplay Nya Seru,gameplay seru,Positive,Positive
GIVE ME MORE 5 STAR CHARACTER!! THANKS.,give me more star character thanks,Positive,Positive
"Cuma desain karater yg bagus, gameplay buruk membosan kan game untuk gaca buat kantong bolong",desain karater bagus gameplay buruk bos gaca kantong bolong,Positive,Positive
Smooth bangettt,smooth,Positive,Positive
Give us free gacha 180x,give us free gacha,Positive,Positive
Sumpah ini game keren grafik sama efek nya.. Setara konsol.. Pakai joystick wireless auto jalan tanpa mapping.. Gak ada obat cok,sumpah keren grafik efek tara konsol pakai joystick wireless auto jalan tanpa mapping tidak obat cok,Positive,Positive
Di PC meskipun spek mid tapi lancar jaya di set medium 60FPS,pc spek mid lancar jaya set medium fps,Positive,Positive
kerennn,keren,Positive,Positive
mantap jos,mantap jos,Positive,Positive
"Minimal device lu pada bagusin, di gua aman aja bagus banget malah",minimal device bagusin gua aman bagus,Positive,Positive
Saat mendengar ada gadis hiu aku langsung mendownload game ini😁,dengar gadis hiu mendownload,Positive,Positive
"Mirip HI3 tapi dengan grafis dan mekanisme yang baru, dan jelas lebih orisinil, mantap si ini, enjoy banget mainnya sama nikmatin story nya yang ga terlalu kompleks",hi grafis mekanisme orisinil mantap enjoy main nikmat story tidak kompleks,Positive,Positive
"lumayan bagus battle nya,.menarik dsn unik untuk sebagian karakter",lumayan bagus battle nyamenarik dsn unik karakter,Positive,Positive
Secara pribadi buat gw game nya bagus,pribadi bagus,Positive,Positive
Combat nya seru,combat seru,Positive,Positive
Gameplay & grafik bagus. Untuk story oke lah. Itu yang pada blackscreen mungkin karena spek device ga support. Karena di hp saya juga settingan high & 60 fps lancar² saja,gameplay grafik bagus story oke blackscreen spek device tidak support hp settingan high fps lancar,Positive,Positive
"Grafis lebih soft dari pada Genshin, cara bertarung karena udah biasa main Genshin... Untuk ini suka sama model Perfect Asistant/ Dodge-nya jadi lebih ""bebas"" beraksi... Nda model tabrak atau seruduk aja kek kebanyakan game... Kalau Genshin aja hindarinnya harus lari² tanpa trik ""perfect dodge"".. So? Perkembangan yang bagus Miyoho... (Jempol). Apakah Genshin bisa di ""kasih"" fitur Perfect Dodge juga? Ya semoga...",grafis soft genshin tarung genshin suka model perfect asistant dodgenya bebas aksi indak model tabrak seruduk banyak genshin hindarinnya lari tanpa trik perfect dodge sok kembang bagus miyoho jempol genshin kasih fitur perfect dodge moga,Positive,Positive
Makasih ellen joe di pity 10 nya ❤❤🥰🥰🥰❤❤❤😘😘😍😘,terima kasih ellen joe pity,Positive,Positive
"akusih bintang 5 yah, game tipikal buatan hoyoverse yg penting mainin, nabung gacha pasti dapet yg diincer kok. semoga jadi game baik ya yang suka bersedekah ke para player, lhoh.....",akusih bintang tipikal buat hoyoverse mainin nabung gacha diincer moga suka sedekah player lhoh,Positive,Positive
Bagus banget dan semangat ya terus ya. Semoga menjadi game yg murah dan tidak sombong/kikir,bagus semangat moga murah tidak sombongkikir,Positive,Positive
Game yang bagus,bagus,Positive,Positive
game terbaik yg pernah ada,baik,Positive,Positive
Sistem parry yg bikin nagih dan juga suasana semi cyberpunk yg fluid. Asik art style nya,sistem parry bikin nagih suasana semi cyberpunk fluid asik art style,Positive,Positive
"Tried to enjoy the game but the gameplay is too boring, what a waste of such good visual character.",tried enjoy the but the gameplay is too boring what waste of such good visual character,Positive,Positive
Game baik and easy to play,and easy play,Positive,Positive
"Overall bagus, cuma puzzle tv nya aja yg agak bikin bad mood maen",overall bagus puzzle tv bikin bad mood,Positive,Positive
Great Game!,great,Positive,Positive
"Game yang sangat baik dan bagus, sesuai grafik spec handphone juga mempengaruhi jalan game.",bagus sesuai grafik spec handphone pengaruh jalan,Positive,Positive
Satisfying,satisfying,Positive,Positive
Udah bagus sih dari segi game nya grafik Dari segi battle nya menurut ku asik tapi menurut ku yang bikin lama itu adalah mode tv nya yang terkadang bikin ngantuk kelamaan mode tv nya battle nya cukup sebentar menurut saya,bagus segi grafik segi battle ku asik ku bikin mode tv terkadang bikin ngantuk mode tv battle sebentar,Positive,Positive
"gamenya bagus 😁👌,di bagian mekanik battlenya saya sangat suka karna simpel, storynya juga bagus .tapi tolong di kurangi mode yg ad tv-nya jangan terlalu di banyakin(karna kebanyakan suka mekanik battlenya ketimbang mode tv-nya😅🙏).",bagus mekanik battlenya suka simpel storynya bagus tolong kurang mode tvnya jangan banyakinkarna banyak suka mekanik battlenya ketimbang mode tvnya,Positive,Positive
Bagus,bagus,Positive,Positive
Nice,nice,Positive,Positive
Mantap,mantap,Positive,Positive
Visual game nya eyecatching banget👍,visual eyecatching,Positive,Positive
Seru dan fresh semoga tetep baik ya min,seru fresh moga min,Positive,Positive
Game nya ngebosenin....,ngebosenin,Positive,Positive
Keren bngt anjay,keren anjay,Positive,Positive
"eye catching parah, desain ui nya bagus banget, animasi fluid, penyampaian story terbilang cukup unik, battle nya oke",eye catching parah desain ui bagus animasi fluid sampai story bilang unik battle oke,Positive,Positive
Game membosankan terlalu repetitif,bosan repetitif,Positive,Positive
Yg bilang ini game kikir ama scam itu tolong budayakan membaca 😂 literasi tolong ditingkatkan 😂,bilang kikir scam tolong budaya baca literasi tolong tingkat,Positive,Positive
"Terimakasih atas,JANGAN KIKIR KAYA GAME SEBELAH MU YA!!!",terimakasih atasjangan kikir belah mu,Positive,Positive
Bagus,bagus,Positive,Positive
Great,great,Positive,Positive
SCAM FREE PULL,scam free pull,Positive,Positive
Animasi pertarungan sedap dipandang dan gamenya ramah pemain baru,animasi tarung sedap pandang ramah main,Positive,Positive
skip game ini. udah cukup 2 game hoyo. B5 cuma apresiasi saja.,skip hoyo apresiasi,Positive,Positive
"For me its good. I like the story telling, characters personality, comic like panel for some scene and the tv puzzle. The urban city reminds me with other game too",for me its good like the story telling characters personality comic like panel for some scene and the tv puzzle the urban city reminds me with other too,Positive,Positive
"gamenya asik, apalagi sistem combatnya yg satisfying",asik sistem combatnya satisfying,Positive,Positive
"Gamenya sangat bagus dan design karakter nya bagus, walaupun gamenya kebanyakan quest story dan lain2 tpi tetap bagus, oh iya nanti di banner selanjutnya kasih tambah karakter baru cowok yg mirip2 Nekomata ya😁",bagus design karakter bagus banyak quest story bagus oh iya banner kasih karakter cowok nekomata,Positive,Positive
Game TV lol,tv lol,Positive,Positive
The Best parah ini game bagus banget graphic digeber rata kanan aman jaya,the best parah bagus graphic geber rata kanan aman jaya,Positive,Positive
"Masih sering crash mungkin bisa diperbaiki di update selanjutnya. Soal gameplay lancar di set medium, chipset mediatek 8300ultra ngga ku naikin high, medium juga udah bagus visualnya menurut mataku",crash baik update gameplay lancar set medium chipset mediatek ultra tidak ku naikin high medium bagus visual mata,Positive,Positive
Games bagus,games bagus,Positive,Positive
Bgus kok,bagus,Positive,Positive
"Gamenya menarik tapi yang membosankan itu pas Waktu di TV² selebihnya bagus cuma bug saya gapernah ngalamin,semoga ga kikir",tarik bosan pas waktu tv lebih bagus bug tidak ngalaminsemoga tidak kikir,Positive,Positive
"Kenapa pas war bangunan nya warna item semua , kepada developer mohon segera di perbaiki , karena mengganggu kenyamanan bermain",pas war bangun warna item developer baik ganggu nyaman main,Positive,Positive
"Keren gamenya cuy,cuma kadang masih sering frame drop,mohon di perbaiki",keren cuycuma kadang frame dropmohon baik,Positive,Positive
agak baik tapi tetep aja kikir kaya genshin,kikir genshin,Positive,Positive
Semangat terus bikin game nya,semangat bikin,Positive,Positive
"Bagus gamenya, semoga kedepannya ada pengisi suara dengan bahasa Indonesia",bagus moga depan isi suara bahasa indonesia,Negative,Positive
Makasih banyak ya aku dapat karakter hiu makasih sekali lagi game baik🥰,terima kasih karakter hiu terima kasih,Positive,Positive
Hp kentang mengeluh...,hp kentang keluh,Positive,Positive
Like as always.. Good quality from hoyoverse. 👍👍👍,like as always good quality from hoyoverse,Positive,Positive
"Suka game fight nya, satisfying, graphicnya memanjakan juga",suka fight satisfying graphicnya manja,Positive,Positive
"bagusss bangett scene battle juga bagus, latarnya tu benar-benar kek dunia komik bangett sukaaa (pls jan jadi game kikir)",bagus scene battle bagus latar benarbenar dunia komik suka pls jangan kikir,Positive,Positive
Bagus banget gamenya,bagus,Positive,Positive
this game need optimization,this need optimization,Positive,Positive
kren,keren,Positive,Positive
bagus,bagus,Positive,Positive
bgus,bagus,Positive,Positive
game keren,keren,Positive,Positive
mantap,mantap,Positive,Positive
Gameplay nya seru serasa bukan game hp,gameplay seru serasa bukan hp,Positive,Positive
"Gamenya bagus ,cuman gw main di Snapdragon 8+gen 1 suka ngefreeze,terlalu berat gamenya",bagus cuman snapdragon gen suka ngefreezeterlalu berat,Positive,Positive
"Gameplay nya Satisfying, walaupun termasuk mudah gameplay dan cukup B aja tapi ketutupan Ama animasi yang bagus...",gameplay satisfying mudah gameplay tutup animasi bagus,Positive,Positive
Game bagus,bagus,Positive,Positive
"Rog 7 sering FS, cirihas game baru sih wkwkw",rog fs cirihas wkwkw,Positive,Positive
"Gameplay seru, tutorial mudah dimengerti, control mudah, perfect assist bisa dengan gampang dipicu. Dan terutama TERIMAKASIH GAME BAIK 😁😁😁👍👍👍",gameplay seru tutorial mudah erti control mudah perfect assist gampang picu terimakasih,Positive,Positive
BILLYYYYY,billy,Positive,Positive
Kureng,reng,Positive,Positive
Semoga kedepannya nya makin banyak hadiah menarik,moga depan hadiah tarik,Positive,Positive
Kikir komtol,kikir komtol,Positive,Positive
sangat kikir,kikir,Positive,Positive
mantap,mantap,Positive,Positive
Banyak bocil device issue,bocil device issue,Positive,Positive
Aku suka game ini 🗿👍,suka,Positive,Positive
Gameplay seru ceritanya masih simple untuk saat ini,gameplay seru cerita simple,Positive,Positive
"Nice story, nice grapich, nice music 👌🏻",nice story nice grapich nice music,Positive,Positive
"Stack di kompilasi shader 89,01%.. Apa karena device saya yg kentang.. tapi main ghensin, star rail, whutering wife aman2 aja..",stack kompilasi shader device kentang ghensin star rail whutering wife aman,Positive,Positive
Mntp aku,mntp,Positive,Positive
"Keren bangett.. Style story mirip kaya baca komik itu nuansa baru sih😄 Animasi bertarungnya keren, gaya translasi ke bahasa indonesianya juga unik.. Rekomen banget👍",keren style story baca komik nuansa animasi tarung keren gaya translasi bahasa indonesia unik rekomen,Positive,Positive
Yang ngasih bintang 🌟 1. Woi sadar diri hp lu kentang. Malah nyalain dev,asih bintang woi sadar hp kentang nyalain dev,Positive,Positive
"Yah cukup menyenangkan dan seru untuk dimainkan, apalagi saya lagi sangat bosan ngescroll sosmed.",senang seru main bosan ngescroll sosmed,Positive,Positive
Ini emng sizenya gede sih tapi kalo di maenin malahan lebih ringan dari tetangga .. Gameplay mekaniknya mantep sih,sizenya gede maenin ringan tetangga gameplay mekanik mantap,Positive,Positive
game ini yang mampu mampj aja ya guys yang main haha,mampj guys haha,Positive,Positive
"Gk tahu mau komentar apa ,inti nya seru dan Bagus Banget 👍🏻👍🏻👍🏻👍🏻👍🏻",tidak komentar inti seru bagus,Positive,Positive
repetitif seperti gem mihoyo lainnya,repetitif gem mihoyo,Positive,Positive
gamenya bagus bangeeet,bagus,Positive,Positive
Terimakasih telah membuat Redmi Note 10 Pro support game ini,terimakasih redmi note pro support,Positive,Positive
Kikir detected,kikir detected,Positive,Positive
"I don't know why i don't feel so good playing this game (motion sickness, nusea)",dont know why dont feel sok good playing this motion sickness nusea,Positive,Positive
"kikir scam, 100 pull awal perilisan ternyata syarat dan ketentuannya sama aja kaya sebelumnya yang di buat. KIKIR ZONE",kikir scam pull rilis syarat tentu kikir zone,Positive,Positive
"Gamenya keren banget ini kualitasnya behh mantap bener, gameplaynya satisfying, nggak kaku, f2p friendly. sejauh ini menurutku game hoyoverse terbaik ( mungkin )",keren kualitas behh mantap gameplaynya satisfying tidak kaku fp friendly turut hoyoverse baik,Positive,Positive
Bagus dari segi gameplay dan story tapi tolong untuk dimaksimalkan lagi untuk platform android performanya,bagus segi gameplay story tolong maksimal platform android performa,Positive,Positive
disappointing co-op gameplay,disappointing coop gameplay,Positive,Positive
Semoga awet dengan segala macam kritik dari Player lain...,moga awet kritik player,Positive,Positive
Press f,press,Positive,Positive
Satisfying,satisfying,Positive,Positive
Game terbaik di dunia,baik dunia,Positive,Positive
"Fine fine aja, mines ini apa watashi aj yg ngerasain kalo ni game makan baterainya banyak y😁",fine fine mes watashi rasai makan baterai,Positive,Positive
Joss gandoss tenan👍👍🔥🔥,joss gandoss tenan,Positive,Positive
bagus,bagus,Positive,Positive
Uwoooghh ellen,uwoghh ellen,Positive,Positive
"lancar game nya, story mantap, desain overall suka, combat lumayan lah g yg gimana gichuuu",lancar story mantap desain overall suka combat lumayan tidak gichu,Positive,Positive
Semoga game baik tidak kikir,moga tidak kikir,Positive,Positive
Nice game,nice,Positive,Positive
Sangat bagus,bagus,Positive,Positive
"Tidak ada kendala, game bagus. Semua orang yang ngasih bintang satu HPnya KENTANG!! 🤣🤣",tidak kendala bagus asih bintang hpnya kentang,Positive,Positive
Bagus gamenya ☺️ lebih santai juga sihhh 😃,bagus santai,Positive,Positive
nice gameee,nice,Positive,Positive
"Very good game, style retro nya cakep, battle vfx bagus, sfx nya asik, interaksi antara player dan npc sangat menarik, puzzle nya cukup sulit. It's a good game tbh❤",very good style retro cakep battle vfx bagus sfx asik interaksi player npc tarik puzzle sulit its good tbh,Positive,Positive
Scam bilangnya 100 pulls,scam bilang pulls,Positive,Positive
Ada banyak permasalahan untuk beberapa device bro mihoyo mungkin bisa diperbaikin spek temen saya lebih bagus namun dia blackscreen 😅,masalah device bro mihoyo diperbaikin spek teman bagus blackscreen,Positive,Positive
Mantap,mantap,Positive,Positive
"Fresh gameplay, i like it",fresh gameplay like,Positive,Positive
Cara ngasih ulasan review gimana sih? Apa setelah ini klik kirim terus udah keposting?,asih ulas review klik kirim keposting,Positive,Positive
good,good,Positive,Positive
Smooth parah gem nya mantap,smooth parah gem mantap,Positive,Positive
Mantap,mantap,Positive,Positive
aman aja di gw :v,aman,Positive,Positive
Nice,nice,Positive,Positive
"A good start, hopefully soon as possible 45 fps add on setting. It help for mid device",good start hopefully soon as possible fps on setting help for mid device,Positive,Positive
Seruu banget,seru,Positive,Positive
"Very cool games and stylish,love the environment and character the songs is great too the best hoyo games from my opinion and this games is different from any hoyo games it didn't feel like hoyo gacha games it's feel like japanese anime games which is good",very cool games and stylishlove the environment and character the songs is great too the best hoyo games from my opinion and this games is different from any hoyo games didnt feel like hoyo gacha games its feel like japanese anime games which is good,Positive,Positive
"Gw suka gama ini asik menurut gw, cuma masalahnya berat banget ini game di mobile, dari setiap game mobile yang pernah gw mainin ini doang yang paling berat. Semoga Dev bisa membuat game ini jauh lebih ringan terimakasih.",suka gama asik berat mobile mobile mainin doang berat moga dev ringan terimakasih,Positive,Positive
Keren,keren,Positive,Positive
Nice,nice,Positive,Positive
bagus,bagus,Positive,Positive
"Perpaduan warnanya nyaman dimata, karakternya juga unik²",padu warna nyaman mata karakter unik,Positive,Positive
Mantab,mantab,Positive,Positive
"terus terang, game nya seru!.. grafisnya juga bagus tp masih bingung sama penampilan UI nya ada terlalu banyak warna yang ke highlight & lumayan banyak pernak pernik walaupun ada pengaturan warna, tp tetap berasa ngg nyaman & ternyata login screen nya cukup banyak, jadi mau apa"" ada jeda loading, jadi gameplay nya terasa lebih lama",terang seru grafis bagus bingung tampil ui warna highlight lumayan pernak pernik atur warna asa tidak nyaman login screen jeda loading gameplay,Negative,Positive
Nice,nice,Positive,Positive
Game kikir part 2 kedip kanan,kikir part kedip kanan,Positive,Positive
already download where my 180 pulll free,already download where my pul free,Positive,Positive
Lets goooo too battel 🤩🤩🤩,lets go too battel,Positive,Positive
Mantap,mantap,Positive,Positive
"Up grafik!! Udah high grafik masi aja burik, setarain ama genshin kek, mihoyo masak burik si?",up grafik high grafik burik setarain genshin mihoyo masak burik,Positive,Positive
game scam,scam,Positive,Positive
best game :),best,Positive,Positive
King,king,Positive,Positive
Mantap seru coyy,mantap seru coyy,Positive,Positive
"Unik sih gameplaynya, cuma ya kurang compatible aja d Android, smoga d perbaik",unik gameplaynya kurang compatible android moga baik,Positive,Positive
"Game ini sangat seru untuk sekelas game gratis, saya bersyukur punya kesempatan untuk memainkannya (karena device saya dewa)",seru kelas gratis syukur sempat main device dewa,Positive,Positive
Penipuan bansos katany free pull manaaaaaaaaaaa iklannnn doanggg,tipu bansos katany free pull iklan doang,Positive,Positive
aku cinta lycaon 💋,cinta lycaon,Positive,Positive
Game nya seru... Semoga terus berkembang nih game!!!,seru moga kembang,Positive,Positive
nicole wangy:3,nicole wangy,Positive,Positive
Mana 100 tiketnya ?,tiket,Positive,Positive
"Bagus game ya... Tapi mungkin bisa lebih dioptimalkan lagi, biar bisa lebih smooth game play ny",bagus optimal biar smooth play,Positive,Positive
Sangat bagus banyakin karakter tobrut,bagus banyak karakter tobrut,Positive,Positive
No 100 free pulls,no free pulls,Positive,Positive
"Sangattttt bagusss animasinya, device mid lancarr jaya best optimasi, bansos banyak daripada hsr, game baik",bagus animasi device mid lancarr jaya best optimasi bansos hsr,Positive,Positive
"Thanks Mihoyo sudah merilis zzz, game yang saya tunggu sejak beta test. Dengan membawakan Tema baru, Story baru, char baru, dan tentunya battle combat baru Karena dapet char Ellen di 10 pull, saya kasih bintang 5",thanks mihoyo rilis tunggu beta test bawa tema story char battle combat char ellen pull kasih bintang,Positive,Positive
"Gamenya BAGUS, characternya smooth dan ekspresif, Battlenya KEREN SEKALI tidak seperti genshin ama wuthering waves yg membosankan.",bagus characternya smooth ekspresif battlenya keren tidak genshin wuthering waves bosan,Positive,Positive
Kaya main Persona vibe nya,persona vibe,Positive,Positive
"Story mantap, gameplay baru asik banget, dan enjoy lah",story mantap gameplay asik enjoy,Positive,Positive
Bagus,bagus,Positive,Positive
Gamenya seru,seru,Positive,Positive
"Kukira bakalan seru explore nya kayak gta campur gensin gitu eh ternyata taik cuma mainin pazel di komputer explore nya beda sama expetasi gue beda juga ama isu"" Pas sebelum rilis",kira seru explore gta campur gensin eh tahi mainin pazel komputer explore beda expetasi beda isu pas rilis,Positive,Positive
Saya sangat menyukai game ini tapi di ke esokan hari saya tidak bisa masuk game nya karena selalu forclose dengan sendirinya Tolong di perbaiki lagi terimakasih,suka esok tidak forclose tolong baik terimakasih,Positive,Positive
Kikir🗿,kikir,Positive,Positive
Keren,keren,Positive,Positive
Seru gamenya,seru,Positive,Positive
Game yang seru 😁,seru,Positive,Positive
Nice boi,nice boi,Positive,Positive
Sering keluar sendiri padahal game kakaknya biasa aja,kakak,Positive,Positive
Smooth banget cuuk,smooth cuuk,Positive,Positive
"Bagus sih, tapi sudah tidak relevan",bagus tidak relevan,Positive,Positive
"Jujur saat battle cukup bagus, dan musik keren-keren, sayang ultimate skill berapa karakter sangat biasa. Menurut saya membuat game ini membosankan 80% lebih kita cuma liat monitor, bahkan side quest nya pun liat monitor, apa yang menyenangkan main game tap2 monitor ke monitor lainya. Juga Karakter yg didapatkan dari gacha hanya digunakan saat battle saja.",jujur battle bagus musik kerenkeren sayang ultimate skill karakter bosan monitor side quest monitor senang tap monitor monitor lai karakter dapat gacha battle,Positive,Positive
Game bagus baru mulai dapat 2 S rank Koleda sama soldier 11 memudahkan push story + lucy + bangbo S tier mantap sering2 kasih bansos event banyak,bagus rank koleda soldier mudah push story lucy bangbo tier mantap kasih bansos event,Positive,Positive
"Gue sudah uninstall, Game nya suka keluar sendiri.. Kalau untuk permainan nya cukup bagus Hanya itu aja kendala nya suka foreclose😑😑😑",uninstall suka main bagus kendala suka foreclose,Positive,Positive
Naise😹👍. I love it.,naise love,Positive,Positive
Good game,good,Positive,Positive
"Combat, karakter design, dan story udah lumayan bagus. Worldbuildingnya juga lumayan oke, meskipun masih ada beberapa hal yang perlu ditingkatkan (seperti bagian TV-TV itu). Menurut saya akan lebih baik jika sesi combatnya diperbanyak lagi, karena combat yang saya rasa paling bagus di game ini.",combat karakter design story lumayan bagus worldbuildingnya lumayan oke tingkat tvtv sesi combatnya banyak combat bagus,Positive,Positive
Bagus,bagus,Positive,Positive
Free 120 pull?lucu banget hoyeverse harus nguli dulu biar dpt pull:v,free pulucu hoyeverse nguli biar pullv,Positive,Positive
"Bagis banget gamenya, dan yg paling penting support full controller, yg punya pengalaman game konsol pasti suka sama settingan controller nya",bagis support full controller alam konsol suka settingan controller,Positive,Positive
mantap,mantap,Positive,Positive
waiting for me,waiting for me,Positive,Positive
lancar & satisfaying bgt mainnya asik,lancar satisfaying main asik,Positive,Positive
Lumayan menarik,lumayan tarik,Positive,Positive
"Langsung uninstall lagi, tutorial lama bs ampe sejam, mau story bertele tele pakai ada puzzle dulu, bonus pre register dicicil 6 bulan (itu jg jd bagian reward event) fighting mekanik jg b aja",uninstall tutorial jam story tele tele pakai puzzle bonus pre register cicil reward event fighting mekanik,Positive,Positive
"Dari semua game hoyo aku paling suka zzz, karena karakternya ekspresif dan interaksinya dibuat sangat menarik contohnya seperti komik dan menurutku itu keren. Harapanku semoga nanti ceritanya jadi lebih menarik dan asik untuk diikuti seperti arc penacony honkai star rail, dan bug nya segera diperbaiki itu saja👍",hoyo suka karakter ekspresif interaksi tarik contoh komik turut keren harap moga cerita tarik asik ikut arc penacony honkai star rail bug baik,Positive,Positive
"Keren sih gamenya, gameplay menarik, animasi nya smooth banget mantep banget dah pokoknya",keren gameplay tarik animasi smooth mantap deh pokok,Positive,Positive
"Gamenya bagus bgt aku suka Tapi aku kasih bintang 4 dulu karna masih ada bug,BGM Terlalu kecil harus main dengan full volume tolong di fix yaa min (:",bagus suka kasih bintang bugbgm full volume tolong fix min,Positive,Positive
Seu sih gamenya apalagi battlenya beeehhhh🔥🔥🔥,seu battlenya beh,Positive,Positive
Selama saya main aman2 aja.. Mau di pc atau di hp.. Tambahin event lagi biar para Player senang.. Dan ditambahkan ratenya.. Semoga ada gratis *5 karakter.. Sukses selalu ZZZ,aman pc hp tambah event biar player senang ratenya moga gratis karakter sukses,Positive,Positive
nice game,nice,Positive,Positive
mantap,mantap,Positive,Positive
Bosok,bosok,Positive,Positive
Wow wow wow wow,wow wow wow wow,Positive,Positive
Yang ngasih b1 ada masalah apa coba,asih coba,Positive,Positive
Pokokny bagus,pokokny bagus,Positive,Positive
"Ini game cakep sih ,,, meskipun masih LV 9 ,,, tapi good banget",cakep lv good,Positive,Positive
"Game kerenn banget yang dah aku tunggu, grafiknya unik, mekanik game playnya keren jadi gak mudah bosen.",keren deh tunggu grafik unik mekanik playnya keren tidak mudah bosan,Positive,Positive
Bagus bwang,bagus bwang,Positive,Positive
Apa cuma saya yang sering tiba tiba keluar dari game padahal sedang di tengah tengah misi,tengah tengah misi,Positive,Positive
Game terbaik dengan grafik yg luar biasa. Serasa mimpi main ni. Mimpi yg nyata. GRAFIK GA BIKIN KECEWA. KEREN BANGET. MOGA ADA KEMUDAHAN MAIN GAME INI. BIAR PARA FANS NYA GA DI BUAT KECEWA😎🤟,baik grafik serasa mimpi mimpi grafik tidak bikin kecewa keren moga mudah biar fan tidak kecewa,Positive,Positive
Game keren,keren,Positive,Positive
Setara kapasitas dan gamenya,tara kapasitas,Positive,Positive
Best,best,Positive,Positive
Bagus,bagus,Positive,Positive
Best,best,Positive,Positive
"gameplay seru style world nya colorful abis, wuwa tapi versi simple sih good job mihoyo 👍🏻",gameplay seru style world colorful habis wuwa versi simple good job mihoyo,Positive,Positive
grafik burik tetapi data game sangat besar untuk ukuran game baru,grafik burik data ukur,Positive,Positive
"Awesome quality (would be better on PC cuz but I don't have one) , cool character design and personality",awesome quality would be better on pc cuz but dont have one cool character design and personality,Positive,Positive
Monoton gameplay,monoton gameplay,Positive,Positive
oke,oke,Positive,Positive
art sama playstylenya bagus dan seru,art playstylenya bagus seru,Positive,Positive
Good game,good,Positive,Positive
Mantav,mantav,Positive,Positive
"Optimalisasi hoyo emang bagus, nih game emang smooth",optimalisasi hoyo bagus smooth,Positive,Positive
Game bagus..tapi tolong di perbaiki pas mau masuk dan menuju fitur gacha dan toko sukar FC. Padagal device sudah mumpuni. Tolong di perbaiki.,bagustapi tolong baik pas fitur gacha toko sukar fc padagal device mumpuni tolong baik,Positive,Positive
Love Hoyoverse ❤️❤️❤️,love hoyoverse,Positive,Positive
Rekomendasi sih ntah kenapa aku lebih suka ZZZ ini dari pada game mihoyo lainnya wkwk,rekomendasi suka mihoyo wkwk,Positive,Positive
Grafik nya keren banget,grafik keren,Positive,Positive
"Keren, yang kena black screen mungkin device nya belum optimal, sabar aja namanya game baru",keren black screen device belum optimal sabar nama,Positive,Positive
Gak bisa lompat wak :v Tapi bagus 👍,tidak lompat wak bagus,Positive,Positive
"Dari Semua Game ARPG, ini game ARPG terbaikk semoga semakin update semakin mantap👍👍👍",arpg arpg terbaikk moga update mantap,Positive,Positive
Game bagus. Enak buat main kasual-an.,bagus kasual,Positive,Positive
Good Game,good,Positive,Positive
fight nya seru si,fight seru,Positive,Positive
"Bagus, sisa optimisasi",bagus sisa optimisasi,Positive,Positive
bosenin,bosan,Positive,Positive
Amazing,amazing,Positive,Positive
"Overall sih bagus² aja, -minus Audionya kekecilan.",overall bagus minus audio kecil,Positive,Positive
Gamenya tidak kikir alhamdulillah saya gacha ellen pulang pity padahal udah niat nguli😁,tidak kikir alhamdulillah gacha ellen pulang pity niat nguli,Positive,Positive
Nice game,nice,Positive,Positive
Nice lah,nice,Positive,Positive
"Overall dari keseluruhan gameplay, grafik, dan story bagus banget sih. Apalagi grafiknya yang cozy gitu, jadi betah maennya. Snap 860 lancar di setting High-60fps, keren lah optimalisasinya",overall gameplay grafik story bagus grafik cozy betah maennya snap lancar setting highfps keren optimalisasi,Positive,Positive
Semoga jadi game baik 👍,moga,Positive,Positive
kikir banget,kikir,Positive,Positive
Greattttt,great,Positive,Positive
"Dah Bagus, cocok Buat Player Casual",deh bagus cocok player casual,Positive,Positive
"Secara keseluruhan sangat worth it main game ini, saya sangat suka mulai dari nuansa urbannya ditambah style dan gaya bertarung yang modern dan kekinian, saya berharap game ini masih bisa terus dikembangkan, meskipun memang berat untuk dimainkan di mobile tapi tetap bagus.",worth suka nuansa urban tambah style gaya tarung modern kini harap kembang berat main mobile bagus,Positive,Positive
fixs blacksreen!!!,fixs blacksreen,Positive,Positive
I felt dizzy when I saw the UI,felt dizzy when saw the ui,Positive,Positive
Mantap game nyaa,mantap,Positive,Positive
OH YEAH YOU LOVES TRASH CANS HA? THIS IS A TRASH GAME.,oh yeah you loves trash cantik ha this is trash,Negative,Positive
"Asik sih, cuman suka Crash tiap beberapa menit sekali, ntah dari device incompatibility atau memang gamenya yang masih baru. overall asik gamenya",asik cuman suka crash menit device incompatibility overall asik,Positive,Positive
Mantap,mantap,Positive,Positive
"Udh Bagus , Cm Kadang Ngefreeze aja Game ny",bagus kadang ngefreeze,Positive,Positive
Masih Sering FC,fc,Positive,Positive
I love all the waifu!,love all the waifu,Positive,Positive
"Dpt Ellen di 10 pull pertama,moga aja ngikut hi dan tidak jadi kikir v2.",ellen pull pertamamoga ngikut hi tidak kikir,Positive,Positive
"17,5GB masih standard,, grafik ok lah,, mantap",gb standard grafik ok mantap,Positive,Positive
Josss sekali 🥰,jos,Positive,Positive
"The best lah ni game, story dah mantep Dan pas nyerang aku suka banget,moga ni game ke depan nya makin optimal dan ga banyak bug,dan jangan lupa bansos hehehe 😅",the best story deh mantap pas serang suka bangetmoga optimal tidak bugdan jangan lupa bansos hehehe,Positive,Positive
"Tq hoyo, luck banget gw di game ini😂, soft pity trs, nah gitu donk hoyo jangan pelit pity ke player🗿",tq hoyo luck soft pity hoyo jangan pelit pity player,Positive,Positive
Keren,keren,Positive,Positive
"gameplay nya udah bagus visual dan efek nya bagus, tapi tolong perbaiki bug hitam saat bermain",gameplay bagus visual efek bagus tolong baik bug hitam main,Positive,Positive
"rating saya gameplay ok story ok combonya ok banget charnya juga tapi disini saya ada Kendala di arcade, yang ular vs ular gak bisa keluar, padahal waktunya udah habis sampe 3 kali ngulang tapi gk selesai selesai,jadi gak bisa lanjut story",rating gameplay ok story ok combonya ok charnya kendala arcade ular vs ular tidak habis ngulang tidak selesai selesaijadi tidak story,Positive,Positive
Nice game,nice,Positive,Positive
Bgus,bagus,Positive,Positive
Not according to expectations,not according expectations,Positive,Positive
lanjay,lanjay,Positive,Positive
Bagus,bagus,Positive,Positive
keren fighting nya keren mantap pokok nya,keren fighting keren mantap pokok,Positive,Positive
Bintang 3 aja dlu krna masalahnya pas login langsung di ksih black screen,bintang pas login kasih black screen,Positive,Positive
"Game nya udah bagus, tapi mode TV nya membuat saya ngantuk",bagus mode tv ngantuk,Positive,Positive
good,good,Positive,Positive
The best.,the best,Positive,Positive
Intro chapter lama banget aki harus main 3 jam baru bisa buang stamina.,intro chapter aki jam buang stamina,Positive,Positive
Mantab djiwa,mantab djiwa,Positive,Positive
Bugg graphics 🗿,bugg graphics,Positive,Positive
"Visual effects nya memanjakan mata, karakter yg unik, serta gameplay yg menarik",visual effects manja karakter unik gameplay tarik,Positive,Positive
"Dari segi style game seru, untung nya sanggup di hp gw",segi style seru untung sanggup hp,Positive,Positive
Mantab,mantab,Positive,Positive
Seru banget! Saya suka storynya yang gak bikin ngantuk,seru suka storynya tidak bikin ngantuk,Positive,Positive
Gamenya bagus bgd tapi makan ramnya ga ngotak asli 😭,bagus makan ram tidak ngotak asli,Positive,Positive
"Graphic udah bagus, gameplaynya asik hampir sama kayak pendahulunya, performa udah oke cuma masih perlu ditingkatkan lagi",graphic bagus gameplaynya asik dahulu performa oke tingkat,Positive,Positive
"Senjatanya kaya siki kanjut 😅, Mending balik main HI3 😁",senjata siki kanjut mending hi,Negative,Positive
Optimalkan lgi,optimal,Positive,Positive
"Game nya bagus grafik nya juga bertema di kota kalau di buat open world seperti GTA pasti bagus kapan ya kira""bisa di buat game bebas seperti itu??saya sangat berharap heheh",bagus grafik tema kota open world gta bagus kirabisa bebas itusaya harap heheh,Positive,Positive
Mantap,mantap,Positive,Positive
"Game nya bagus banget, story dan animasi yang lumayan asik, cuma untuk sekarang ada kendala di bagian render map. Aku pakek hp oppo a96, bisa berjalan lancar di setingan rendah, tapi map tetap berwarna hitam, bahkan ke setingan yang paling rendah sekalipun. Mohon untuk segera diperbaiki untuk masalah bug render map untuk device mobile, aku cukup menikmati game ini walau terstuck di awal game. Aku kasih bintang 1 dulu supaya masalah ini bisa cepat di perbaiki.",bagus story animasi lumayan asik kendala render map pakai hp oppo jalan lancar ting rendah map warna hitam ting rendah baik bug render map device mobile nikmat terstuck kasih bintang cepat baik,Positive,Positive
"Suasana nya hidup,bagus sekali cuman kadang kadang ngedrop",suasana hidupbagus cuman kadang kadang ngedrop,Positive,Positive
Game udah bagus . cuma harus lebih dioptimalkan lagi di perangkat hp,bagus optimal perangkat hp,Positive,Positive
"good game 👍, please add more reward event & redeem code",good please more reward event redeem code,Positive,Positive
Aku menunggu perilisannya Yoshimi Miyabi,tunggu rilis yoshimi miyabi,Positive,Positive
"game bagus banget, tapi gak ramah di hp kebawah terlalu besar ukuran nya, saya pakai hp poco x6 pro aman"" aja, untuk grafik bagus dan gameplay nya yang seru, apalagi bansos 100 kali pull, semoga kedepannya ada cara lain bagi palyer yang hp nya kentang bisa main game ini biar rame ni game",bagus tidak ramah hp bawah ukur pakai hp poco pro aman grafik bagus gameplay seru bansos pull moga depan palyer hp kentang biar rame,Positive,Positive
Kont,kont,Positive,Positive
"Game jelek,hitam semua",jelekhitam,Positive,Positive
"Gameplay smooth, lore yg disajikan lewat perpaduan cutscene, comic style dan dialog bener² keren... VA dan desain karakter nya juga keren...",gameplay smooth lore saji padu cutscene comic style dialog keren va desain karakter keren,Positive,Positive
seru,seru,Positive,Positive
Ulasan ulang. Setelah story cukup jauh ternyata SD845 cuma kuat low biar stabil 50 fps-an,ulas ulang story sd kuat low biar stabil fpsan,Positive,Positive
Good,good,Positive,Positive
"masih sering keluar dari apknya sendiri,padahal device sudah sangat mendukung.",apknya sendiripadahal device dukung,Positive,Positive
Mulai segi story dan animasi bertarungnya keren dan dari panduannya mudah di pahami Semoga kedepannya lebih bagus Mantap,segi story animasi tarung keren pandu mudah paham moga depan bagus mantap,Positive,Positive
"jangan kikir, itu aja.",jangan kikir,Positive,Positive
semoga,moga,Positive,Positive
Secara gameplay bagus sama kayak game hoyo lain kek hi3 cuman tolong di kurangi loading ny bagi bbrp player mungkin bisa menjadi masalah design char nya jg bagus 👍 Aset nya gede,gameplay bagus hoyo hi cuman tolong kurang loading player design char bagus aset gede,Positive,Positive
Keren banget,keren,Positive,Positive
Puas banget sama combat nya 💯,puas combat,Positive,Positive
"Dari semuanya bagus cuma satu sering keluar sendiri padahal hp saya mempunyai chipset setara Snapdragon 8 gen 2 knp masih keluar sendiri saat memainkan ya,, tolong diperbaiki karna saya merasa ga enak kalo main gini terus",bagus hp chipset tara snapdragon gen main tolong baik tidak,Positive,Positive
Perfect.. Bikin nagih njir..,perfect bikin nagih anjir,Negative,Positive
Agak Ngelag jaringan padahal bagus HP gw Kuat kok,ngelag jaring bagus hp kuat,Positive,Positive
joss cakep,joss cakep,Positive,Positive
"Menurut gw game nya bagus, mekanik dan kombinasi skil nya bagus, mc dan story nya juga seru,sejauh ini belum ada kendala selama bermain,story nya juga seru jadi gk berasa bosan.pendapat ku tentang game ini, Worth it buat didownload.",bagus mekanik kombinasi skil bagus mc story serusejauh belum kendala bermainstory seru tidak asa bosanpendapat ku worth didownload,Positive,Positive
"Bagus dan lumayan menyenangkan, hanya saja terlalu sering force close",bagus lumayan senang force close,Positive,Positive
Mantap animasi dan gameplaynya smooth pokoknya mantap,mantap animasi gameplaynya smooth pokok mantap,Positive,Positive
"Gameplay membosankan, iklan free 180 pulls cuma gimmick.",gameplay bosan iklan free pulls gimmick,Positive,Positive
Combat nya asikk,combat asikk,Positive,Positive
aduhai besarnya tapi tetep tak mainin :3,aduhai besar tak mainin,Positive,Positive
Oke dh,oke dah,Positive,Positive
Gud,gud,Positive,Positive
"Akhirnya 4 juli open server,dan aku udh mainin,jujur ini seru bangetttt mulai dari gameplay yang parry nya yang satisfying,combatnya yang bagus dan gak kaku,akhir fight nya juga keren,trus design dari gamenya juga menarik,mulai dari charnya yang mantap hehehe,trus ada furry,dan pemandangan kota yang diawal yang bener bener berasa kayak di jepang,rasanya chill gitu,trus kalau dk segi story juga lumayan seru,apalagi kekocakan nya si belle wkwkwk",juli open serverdan maininjujur seru gameplay parry satisfyingcombatnya bagus tidak kakuakhir fight kerentrus design menarikmulai charnya mantap hehehetrus furrydan pandang kota awal asa jepangrasanya chill gitutrus dk segi story lumayan seruapalagi kocak belle wkwkwk,Positive,Positive
op,op,Positive,Positive
"Suka banget sama game nya mulai dari story, gameplay, dan grafik yang memukau serta dengan karakter nya yang bagus dan menarik meski ada yang furry",suka story gameplay grafik pukau karakter bagus tarik furry,Positive,Positive
Bosannnnnnnnnnnnnnnn,bosan,Positive,Positive
Art bagus banget untuk game mobile. VA juga sangat masuk karakter nya. Berharap story nya juga mengimbangi,art bagus mobile va karakter harap story imbang,Positive,Positive
"Perbanyak Mode Co Op nya, tapi gerakan masih bagus game Solo Levelling yha klo in game nya, klo Teaser video emg bagus ZZZ,",banyak mode cowok op gera bagus solo levelling teaser video bagus,Positive,Positive
Mantap,mantap,Positive,Positive
Mantep poll pokoe,mantap poll pokoe,Positive,Positive
"Udah sabar banget nungguin game nya rilis, pas udah rilis malah stuck di black screen pas awal masuk",sabar tunggu rilis pas rilis stuck black screen pas,Positive,Positive
kren kren,keren keren,Positive,Positive
Ppt lu warna apa bozzz? 😴,ppt warna boz,Positive,Positive
Love,love,Positive,Positive
I LOVE IT,love,Positive,Positive
Mantapp,mantap,Positive,Positive
Semua bagus cuma ui nya aja bikin pusing,bagus ui bikin pusing,Positive,Positive
Tiap mengopilasi shaders di 79.62% kok fc ya,mengopilasi shaders fc,Positive,Positive
Game kikir kenapa,kikir,Positive,Positive
Great game and smooth gameplay in my Samsung GS24U 😁,great and smooth gameplay my samsung gsu,Positive,Positive
Keren,keren,Positive,Positive
Nice game,nice,Positive,Positive
"Game ini bagus, cuma loading nya kalo bisa dicepetin biar bisa langsung main, tapi terkadang aku bingung tapi enjoy staying here",bagus loading dicepetin biar terkadang bingung enjoy staying here,Positive,Positive
Seru gamenya,seru,Positive,Positive
Segini dulu nanti kalau puas nanti update rating secara berkala sesuai kepuasan bermain,gin puas update rating kala sesuai puas main,Positive,Positive
Game Kerenn 😎,keren,Positive,Positive
furry jaya,furry jaya,Positive,Positive
Goated,goated,Positive,Positive
Hoyovers kok susah banget login nya ya tolong di perbaiki,hoyovers susah login tolong baik,Positive,Positive
Aduhai Kikirnya.,aduhai kikir,Positive,Positive
Lancar jaya di snap 870 dgn setting low. Mekanik fighting & swap karakternya seru,lancar jaya snap setting low mekanik fighting swap karakter seru,Positive,Positive
Download>berburu id sepuh>unin 😋,downloadberburu id sepuhunin,Positive,Positive
Game bagus,bagus,Positive,Positive
"a stylish fast pacing combat, i love it!! would love it more if you put out more male characters but it's okayy, just don't forget about them in the future please..🙏",stylish fast pacing combat love would love more if you put out more male characters but its okayy just dont forget about them the future please,Positive,Positive
Bisa bisanya game baru rilis sizenya lebih gede dari pada game open word pas rilis rilis 🤣🤣🤣 lawak ini game,bisa rilis sizenya gede open word pas rilis rilis lawak,Positive,Positive
Keren visual memanjangkan mata 👍🏼,keren visual panjang,Positive,Positive
Let's go,lets go,Positive,Positive
keep the good work,keep the good work,Positive,Positive
Game baru waifu baru😍,waifu,Positive,Positive
Mempan,mempan,Positive,Positive
Nice,nice,Positive,Positive
Cihuy,cihuy,Positive,Positive
semoga dipermudah mendapatkan Miyabi 😋,moga mudah miyabi,Positive,Positive
Hari ini rilis kasih aku doble B5 😤😤,rilis kasih doble,Positive,Positive
Aku Suka😋,suka,Positive,Positive
Woilah gorengan rek,woilah goreng rek,Negative,Positive
Keren,keren,Positive,Positive
Good game. Game baik,good,Positive,Positive
LET'S F GOOO,lets go,Positive,Positive
"Kenapa baru rilis dah berat banget? Kayak game bagus aja, awas aja ya kalo kikir aku spam bintang 1 pake akun cloningan. Semoga kau bahagia selalu Zenless",rilis deh berat bagus awas kikir spam bintang pakai akun cloningan moga kau bahagia zenless,Positive,Positive
Yok sabi yok,yuk sabi yuk,Positive,Positive
Keren,keren,Positive,Positive
Mantap coy 😘,mantap coy,Positive,Positive
"Permisi Untuk Developer Game zZz, saya sudah lama menunggu game ini rilis dan Tiba lah Saat ini namun Saya Kaget Karena Ukuran Data game yang begitu Besar, Mohon Untuk ukuran data Game Di Kompres lagi Ke ukuran Yang lebih Kecil dan Optimalkan grafisnya Agar Setiap Hp android dapat memainkan game zZz ini tanpa mempermasalahkan Ukuran data game dan Berat game atau masalah gratis lainnya🙏 Terimakasih..",permisi developer zzz tunggu rilis kaget ukur data ukur data kompres ukur optimal grafis hp android main zzz tanpa masalah ukur data berat gratis terimakasih,Positive,Positive
I haven't had any problems thank you game😉,havent had any problems thank you,Positive,Positive
"Warning :Shader error, gimana cara memperbaikinya di pc?",warning shader error baik pc,Positive,Positive
Semoga ga game kikir,moga tidak kikir,Positive,Positive
Keren😁👍🏻,keren,Positive,Positive
makasih 180 pulls nya 🙏,terima kasih pulls,Positive,Positive
Akhirnya rilis juga 🥰🥰🥰🥰🥰(tidak sabar untuk memainkannya),rilis tidak sabar main,Positive,Positive
"Karena ini game hoyoverse saya berekspektasi lumayan tinggi untuk game ini, ya walau saya tidak terlalu suka desain furry cuman nyoba aja dulu, nanti ditambah jadi *5 kalo bikin nagih.",hoyoverse berekspektasi lumayan tinggi tidak suka desain furry cuman coba tambah bikin nagih,Positive,Positive
Kenapa setiap login kok keluar sendiri,login,Positive,Positive
Nice,nice,Positive,Positive
Gw dah selesai download datanya tapi servernya bukanya besok ini semoga aja seru game nya ku tambahin bintang nya kalo seruuu,deh selesai download data servernya buka besok moga seru ku tambah bintang seru,Positive,Positive
Masi kepo yaudh kasih 5aja biar mimin ngasih karakter wangi wangi beeuh kasus men,kepo kasih biar admin asih karakter wangi wangi beeuh men,Positive,Positive
Gamenya storynya bagus dan sangat banyak skin,storynya bagus skin,Positive,Positive
Keren,keren,Positive,Positive
Ok,ok,Positive,Positive
Aku cukup menantikan story yang diberi hoyoverse digame ini😼,story hoyoverse digame,Positive,Positive
Kira² bakal jadi game baik atau game kikir nih?,kikir,Positive,Positive
aku furry Indonesia ☝,furry indonesia,Positive,Positive
untuk sekarang kukasih b5 dulu..,kasih,Positive,Positive
Cool,cool,Positive,Positive
Nice game,nice,Positive,Positive
"Kalau seru lanjut, kalau ga seru hapus.",seru tidak seru hapus,Positive,Positive
Black Screen ....,black screen,Positive,Positive
Semoga gak kikir,moga tidak kikir,Positive,Positive
aku suka game ini!!,suka,Positive,Positive
Walaw eee,walaw,Positive,Positive
Semoga Dev tidak kikir Seperti kakak nya 😤😤😤,moga dev tidak kikir kakak,Positive,Positive
Semoga gak kikir kayak kakak kakak nya ya.lope you mihotod,moga tidak kikir kakak kakak yalope you mihotod,Positive,Positive
"Mihoyo konfigurasi data mau 100 tiba"" forclose perbaiki",mihoyo konfigurasi data forclose baik,Positive,Positive
Enthod,enthod,Positive,Positive
blm dirilis aja udh ada yg kasih bintang 1😂,belum rilis kasih bintang,Positive,Positive
LETS GO!!! GAME FURYYY!!!!,lets go fury,Positive,Positive
Solid solid solid,solid solid solid,Positive,Positive
Semoga jadi game baik,moga,Positive,Positive
"sudah menunggu lama untuk game ini, karena animasinya yang bagus dan gameplaynya yang menarik. semoga dapat berkembang jadi makin bagus untuk kedepannya. keep cook Hoyoverse!",tunggu animasi bagus gameplaynya tarik moga kembang bagus depan keep cook hoyoverse,Positive,Positive
Tes dulu kalo bagus *5 *Hanying 17gb gini brok🔥☠️,tes bagus hanying gb brok,Positive,Positive
Semoga gatchaku hoki terima kasih game baik,moga gatchaku hoki terima kasih,Positive,Positive
"Bestttt, i cant wait for playing this game",best cant wait for playing this,Positive,Positive
"GAME APAAAN, BISA BISANYA ADA GAME KEK GINI... SANGATTT MANTAPPPP",apan bisa mantap,Positive,Positive
di hp saya loading nya lama patah-patah Animasi video nya ngeframe mau login langsung keluar tolong perbaiki katanya berfungsi di hp saya Vivo y12,hp loading patahpatah animasi video ngeframe login tolong baik fungsi hp vivo,Positive,Positive
"Melihat video gameplay bagus, tapi saya tidakbisa main karena device saya tidak bagus, jadi ngasih rating aja👍🔥🔥",video gameplay bagus tidakbisa device tidak bagus asih rating,Positive,Positive
Seru oy,seru oy,Positive,Positive
Black screen cuman muncul suara doang mantap Kalee 🙃,black screen cuman muncul suara doang mantap kalee,Positive,Positive
Mantap Game Baik😁,mantap,Positive,Positive
bang aku terperangkap,abang perangkap,Positive,Positive
Bintang 6,bintang,Positive,Positive
Bagus,bagus,Positive,Positive
"3 star dulu, Coba main, dan untuk ukuran awal ini terbilang besar..",star coba ukur bilang,Positive,Positive
Game nya seru dan bagusss😁,seru bagus,Positive,Positive
"Udh lama nunggu rilis global dan akhirnya rilis jg semoga game nya optimal, klo optimasi nya bagus saya kasih bintang 5",tunggu rilis global rilis moga optimal optimasi bagus kasih bintang,Positive,Positive
"I hope this game can provide a better playing experience than the previous game (Genhsin) by providing a little kindness to players through more prizes than (Genshin) Come on, Mihoyo, you can definitely do it, I know, keep up the enthusiasm and don't hesitate to give kindness to Zzz players later. Thank you",hope this can provide better playing experience tahan the previous genhsin by providing little kindness players through more prizes tahan genshin come on mihoyo you can definitely know keep up the enthusiasm and dont hesitate give kindness zzz players later thank you,Positive,Positive
Wow dulu,wow,Positive,Positive
Nice,nice,Positive,Positive
Lets go,lets go,Positive,Positive
Gem paling aku tunggu tunggu semoga bagus,gem tunggu tunggu moga bagus,Positive,Positive
Semoga gacha ku wangi,moga gacha ku wangi,Positive,Positive
Lol game nya hitamm keka yg bikin,lol hitamm keka bikin,Positive,Positive
Moga teori bintang lima dapet Zhu Yuan,moga teori bintang zhu yuan,Positive,Positive
"Game ARPG paling terbaik yang saya temui apalagi animasinya smooth banget, semoga kedepannya ada update-update yang makin bagus lagi dan tolong tingkatkan optimalisasi dan kurangi bug yang mengganggu 👍",arpg baik temu animasi smooth moga depan updateupdate bagus tolong tingkat optimalisasi kurang bug ganggu,Positive,Positive
Untuk game baru rilis ini cukup besar. Tapi saya sangat ingin memainkan nya,rilis main,Positive,Positive
"Semoga terus dikembangkan dengan lebih baik lah di game ini dan semoga sukses selalu untuk hoyoverse dan moga untuk device minimum nya bs lebih di perbaiki bila memang terdapat kekurangan nanti saat open rilis, terima kasih",moga kembang moga sukses hoyoverse moga device minimum baik kurang open rilis terima kasih,Positive,Positive
Wah keren Game sudah di tunggu tunggu,keren tunggu tunggu,Positive,Positive
"I like the models of all the characters, they are very smooth and very charming for the female characters 😋",like the models of all the characters they are very smooth and very charming for the female characters,Positive,Positive
"Saya sangat menantikan game ini dari lama semoga tetap jaya, dan semoga saja game nya optimal dan lancar.",moga jaya moga optimal lancar,Positive,Positive
TIDAK SABAAAAAAARRR!!!!!,tidak sabar,Positive,Positive
"Gim yang saya tunggu tunggu, semoga benar benar bagus dan menyenangkan!",gim tunggu tunggu moga bagus senang,Positive,Positive
Mantap,mantap,Positive,Positive
"English As for the games, it's really good, but it's a pity that the size is too big or the PC is getting bigger, but I have a cellphone, the only one is the D6080 chipset, so it's definitely strong because the internal RAM 6 is 128GB The name of the cellphone is Itel P55 5G. Indonesia Untuk gamenya bgs cuma ya kasihan sih mna kebesaran size-nya apa lg PC tambah besar tapi aku ada hp satunya chipset D6080 ya pasti kuat lah karena Ram 6 internal 128GB Nama Hp Itel P55 5G.",english as for the games its really good but its pity that the size is too big the pc is getting bigger but have cellphone the only one is the chipset sok its definitely strong because the internal ram is gb the name of the cellphone is itel tidak indonesia bagus kasihan besar sizenya pc hp satu chipset kuat ram internal gb nama hp itel tidak,Negative,Positive
Mantap P,mantap,Positive,Positive
"Keren parah sih Art & Grafis nya,meskipun gk bisa max setting it's ok lah. Niceee",keren parah art grafis nyameskipun tidak max setting its ok nice,Positive,Positive
Semoga game nya gk kikir,moga tidak kikir,Positive,Positive
Nice,nice,Positive,Positive
Best game,best,Positive,Positive
twibsondjd,twibsondjd,Positive,Positive
Ellen 🥰🥰😁,ellen,Positive,Positive
Wow,wow,Positive,Positive
Ukuran nya terlalu gede untuk game awal rilis mikir-mikir dulu lah kalo ngasih size nya,ukur gede rilis mikirmikir asih size,Positive,Positive
Game nya fix bagus tapi gw dah nunggu ternyata belum bisa masuk servernya,fix bagus deh tunggu belum servernya,Positive,Positive
"akhirnya bisa pre-download juga, moga moga gak ngecewain, klo dari beberapa leaks versi beta nya sih seru, world nya juga vibes nya bagus. I hope the best for this game🙏",predownload moga moga tidak ngecewain leaks versi beta seru world vibes bagus hope the best for this,Positive,Positive
Game bagus banget,bagus,Positive,Positive
"Gamenya bagus, tapi ukuran datanya menantang juga 🤣🤣",bagus ukur data tantang,Positive,Positive
bagus banget,bagus,Positive,Positive
Kok FC 70% ya,fc,Positive,Positive
"There are too many BMs and my cellphone can't do it , so I didn't play the game",there are too many bms and my cellphone cant sok didnt play the,Positive,Positive
"Gamenya Keren Banget, Mirip Sama Genshin Impact.",keren genshin impact,Positive,Positive
Gamenya bagus no lag dan grafik nya juga udah hd game RPG ini bagus 👍,bagus no lag grafik hd rpg bagus,Positive,Positive
Black screen di android 10,black screen android,Positive,Positive
Game sangat bagus dan memuaskan sekali,bagus muas,Positive,Positive
"Merasa keren pas main,😈",keren pas,Positive,Positive
baguss,bagus,Positive,Positive
Suka aja,suka,Positive,Positive
Woilah rek😂😂😂,woilah rek,Positive,Positive
Game seru Belum aku mainin sih tapi seru sepertinya,seru belum mainin seru,Positive,Positive
Calon game bagus,calon bagus,Positive,Positive
.. good..,good,Positive,Positive
Membosankan :v,bosan,Positive,Positive
bismillah,bismillah,Positive,Positive
Udah rilis lagi saya coba dulu,rilis coba,Positive,Positive
"Game enk di paini ,tapi agak kurang seruu",paini kurang seru,Positive,Positive
Good game,good,Positive,Positive
GAME BAIK YANG SANGAT WEW,wew,Positive,Positive
Bagus sekali cuma masuk ke dalam gamenya lama kali,bagus,Positive,Positive
"Waiting for a WHOLE DAY and kept trying each time but everytime I opens it, it just shows a black screen.",waiting for whole day and kept trying each time but everytime opens just shows black screen,Positive,Positive
Udah enggak sabar,sabar,Positive,Positive
first player 🤤🤤🔥🔥🔥🔥,first player,Positive,Positive
Game nya bagus,bagus,Positive,Positive
Karna bagus sekari,bagus sekar,Positive,Positive
Selalu mental kalo mau main game,mental,Positive,Positive
Blackscreen,blackscreen,Positive,Positive
"Knp tiba"" Suka keluar ya? HP saya yang bermasalah atau Game nya?",suka hp masalah,Negative,Positive
Bagus,bagus,Positive,Positive
Nice game! I love it.,nice love,Positive,Positive
Anime 💯💯💯💯💯💯💯😁,anime,Positive,Positive
Keren sih memang harus diapresiasi karyanya hoyoverse,keren apresiasi karya hoyoverse,Positive,Positive
Keren,keren,Positive,Positive
Gamenya seru,seru,Positive,Positive
keren,keren,Positive,Positive
Keren,keren,Positive,Positive
Maaf min mungkin masih baru rilis ku kasih 5 bintang,maaf min rilis ku kasih bintang,Positive,Positive
Mantap 🗿,mantap,Positive,Positive
Kok baru login malah keluar sih,login,Positive,Positive
Game yang sangat bagus 👍,bagus,Positive,Positive
Semoga GK kikir😂,moga tidak kikir,Positive,Positive
Let see the begin of this game,let the begin of this,Positive,Positive
Game nya bagus dan Graphic nya itu juga bagus Game Juga seru Dari awal sampe akhir Kata aku Bagus 👍,bagus graphic bagus seru bagus,Positive,Positive
FINALKY,finalky,Positive,Positive
Game 4no,no,Positive,Positive
"Game nya seru,sangat bagus dan grafiknya bagus menurut ku",serusangat bagus grafik bagus ku,Positive,Positive
Banyak tobrut rek👉😋,tobrut rek,Positive,Positive
Memex,memex,Positive,Positive
Good,good,Positive,Positive
Terimakasih Game Baik.,terimakasih,Positive,Positive
This game is so epic,this is sok epic,Positive,Positive
Game nya seru kayak lagi nonton anime sambil main,seru tonton anime,Positive,Positive
Uwooooogghhhh akhirnya rilis Para LOLI aku datang,uwoggh rilis loli,Positive,Positive
Game keren,keren,Positive,Positive
Game nya bagus,bagus,Positive,Positive
Siip,sip,Positive,Positive
Mantap,mantap,Positive,Positive
Keren,keren,Positive,Positive
need 90hz or 120hz,need hz hz,Positive,Positive
Baru donlod hehe,donlod hehe,Positive,Positive
Game nya kerenn,keren,Positive,Positive
Kenapa setiap saya login game nya malah black screen,login black screen,Positive,Positive
Bagus,bagus,Positive,Positive
Game ini sangat bagus saya akanenyampaikan ini kepada teman teman ku,bagus akanenyampaikan teman teman ku,Positive,Positive
my hardware not support 😭😭😭😭😭😭,my hardware not support,Positive,Positive
This is soo fun!,this is soo fun,Positive,Positive
Game nya keren sekali!!!,keren,Positive,Positive
Keren,keren,Positive,Positive
Kerennn bangett ini yg ku tunggu,keren ku tunggu,Positive,Positive
Alamak good game,alamak good,Positive,Positive
Keren,keren,Positive,Positive
gerakan intuitiv dengan character yang menarik semoga menjadi game baik.,gera intuitiv character tarik moga,Positive,Positive
KEREN YA,keren,Positive,Positive
I like,like,Positive,Positive
"Finally I have waited so long and, now this game is out. Hopefully this game makes me happy. Thank you developers",finally have waited sok long and now this is out hopefully this makes me happy thank you developers,Positive,Positive
"Kinda like it, but Il'l try it first😁",kinda like but ill try first,Positive,Positive
Bagus banget rekomendasi ini mah👍👍👍,bagus rekomendasi mah,Positive,Positive
Ubdep nya lama nya,ubdep,Positive,Positive
"The game is really good, greetings from Indonesia",the is really good greetings from indonesia,Positive,Positive
Seru bnget ga bikin bosen,seru tidak bikin bosan,Positive,Positive
ini keren,keren,Positive,Positive
Solidd,solidd,Positive,Positive
mantap akhirnya rilis juga,mantap rilis,Positive,Positive
bagus,bagus,Positive,Positive
Semoga asik game nya,moga asik,Positive,Positive
Keren,keren,Positive,Positive
Good games👍,good games,Positive,Positive
give me many gifts,give me many gifts,Positive,Positive
"""Keren""",keren,Positive,Positive
Pertama euy,euy,Positive,Positive
Game nya seru dan berat,seru berat,Positive,Positive
Gameplay dan story nya asik🔥,gameplay story asik,Positive,Positive
Bagus,bagus,Positive,Positive
Nice,nice,Positive,Positive
Akhirnya rilis thanks buat developer udh diriliskan,rilis thanks developer rilis,Positive,Positive
Geme kok seru,geme seru,Positive,Positive
Stil downloading,stil downloading,Positive,Positive
Mantap Wak akhirnya rilis,mantap wak rilis,Positive,Positive
Keren,keren,Positive,Positive
Game nya menarik dan bagus,tarik bagus,Positive,Positive
New IM first person to install this game cool,new im first person install this cool,Positive,Positive
Bagus,bagus,Positive,Positive
Bagus,bagus,Positive,Positive
"New Eridu, New Eridu‼️‼️",new eridu new eridu,Positive,Positive
"Gamenya bagus,belum dicoba,cobanya di handphone kentang",bagusbelum dicobacobanya handphone kentang,Positive,Positive
Untuk saat ini coba dlu kalau menarik bakal di tambahin rate nya,coba tarik tambah rate,Positive,Positive
Wow,wow,Positive,Positive
Bagus,bagus,Positive,Positive
GAME NYA BAGUS BIKIN SANGE,bagus bikin sange,Positive,Positive
kalau ada karakter husbu aku kasih bintang 5,karakter husbu kasih bintang,Positive,Positive
Kereeen,keren,Positive,Positive
Keren,keren,Positive,Positive
Untuk Di saat mengkompilasi shader sering keluar sendiri tolong beri solusi jika tidak memberikan solusi saya akan kasih 1 bintang,kompilasi shader tolong solusi tidak solusi kasih bintang,Positive,Positive
AHAHAHA FIRST,ahahaha first,Positive,Positive
Game ini sangat menghibur,hibur,Positive,Positive
Game nya bugis,bugis,Positive,Positive
belum dicoba tapi alhamdulilah bagus,belum coba alhamdulilah bagus,Positive,Positive
Oke bagus apknya,oke bagus apknya,Positive,Positive
i love you,love you,Positive,Positive
Kerennnnnn bet coeg,keren coeg,Positive,Positive
Bagus sekali,bagus,Positive,Positive
Akhirnya rilis juga😍,rilis,Positive,Positive
Goblog,goblog,Positive,Positive
"Can't play when opened, only a black screen appears and the application has stopped",cant play when opened only black screen appears and the application has stopped,Positive,Positive
Akhirnya rilis cuy😁,rilis cuy,Positive,Positive
Bagusss game nya,bagus,Positive,Positive
mantap,mantap,Positive,Positive
akhirnya yang ditunggu-tunggu,ditunggutunggu,Positive,Positive
seru game nya🥰,seru,Positive,Positive
Game bagus,bagus,Positive,Positive
Alamak gamenya bagus banget rek,alamak bagus rek,Positive,Positive
Nice,nice,Positive,Positive
Good,good,Positive,Positive
Sekena grafik smooth👍,kena grafik smooth,Positive,Positive
Nice,nice,Positive,Positive
Good,good,Positive,Positive
Alhamdulillah game sigma,alhamdulillah sigma,Positive,Positive
it takes everything bro💀,takes everything bro,Positive,Positive
BEST GAME EVER!!!,best ever,Positive,Positive
Keren terbaik pake enggine apa tuh op banget,keren baik pakai enggine tuh op,Positive,Positive
Game ya bagus banget:),bagus,Positive,Positive
Seru game nya,seru,Positive,Positive
Akhirnya udah rilis di android (⁠✷⁠‿⁠✷⁠),rilis android,Positive,Positive
Good game,good,Positive,Positive
Tak kikir la,tak kikir,Positive,Positive
"Bagus gamenya, itu saja",bagus,Positive,Positive
Gamenya bagus,bagus,Positive,Positive
Bagussss,bagus,Positive,Positive
mantap,mantap,Positive,Positive
Keren banget,keren,Positive,Positive
Pra-unduh H-2,praunduh,Positive,Positive
Gasabar ketemu lycaon ^^,gasabar ketemu lycaon,Positive,Positive
Yeahh,yeahh,Positive,Positive
Pertama download ni bos,download bos,Positive,Positive
RILIS GUYS SAATNYA PRA UNDUH,rilis guys pra unduh,Positive,Positive
ko di saya black screen haduhh,black screen haduhh,Positive,Positive
"""Good luck in this game.""😌👌",good luck this,Positive,Positive
Akhirnya rilis cuk,rilis cuk,Positive,Positive
Keren,keren,Positive,Positive
"Gamenya bagus, sudah ku tunggu untuk rilisnya, dan akhirnya saya bisa memainkannya, semoga game zenless Zone zero terus berkembang sampe penjuru dunia",bagus ku tunggu rilis main moga zenless zone zero kembang penjuru dunia,Positive,Positive
"Geme nya bagus banget, aku suka❤",geme bagus suka,Positive,Positive
Uwawwwwww gercepp,uwa gercepp,Positive,Positive
"Coba dulu kalau bagus, baru naikkan 5 bintang 😊",coba bagus naik bintang,Positive,Positive
jempol(opsional),jempolopsional,Positive,Positive
I will change this rating once the application is installed and running smoothly on my phone.,will change this rating once the application is installed and running smoothly on my phone,Positive,Positive
Game nya bagus banget,bagus,Positive,Positive
Keren sih dari grafik nya udah bagus banget,keren grafik bagus,Positive,Positive
Komentar pertama😆,komentar,Positive,Positive
Nice,nice,Positive,Positive
Terimakasih untuk game terbaru,terimakasih baru,Positive,Positive
Hi gw baru mau nyoba ini game,hi coba,Positive,Positive
Mantap banget cuy....,mantap cuy,Positive,Positive
Game nya sangat bagus dan tidak ngelag walaupun Handphone saya itu speknya kentang tapi masih bagus,bagus tidak ngelag handphone speknya kentang bagus,Positive,Positive
semoga tidak kikir🥰,moga tidak kikir,Positive,Positive
"bagus sih ini game, bisa nemenin kalo lagi gabut gameplay juga mudah yah kan, ntar di update di perbagus lagi aja, hero nya banyakin 👍",bagus nemenin gabut gameplay mudah entar update bagus hero banyak,Positive,Positive
"I really like this game and I really like lycaon :3,",really like this and really like lycaon,Positive,Positive
Gacooor keren,gacor keren,Positive,Positive
Mantep min udah rilis,mantap min rilis,Positive,Positive
Keren gamenya,keren,Positive,Positive
mask,mask,Positive,Positive
LES GOOOO,les go,Positive,Positive
Bagus grafik nya enak dilihat gameplay nya juga simple,bagus grafik gameplay simple,Positive,Positive
Waw nantap,wow nantap,Positive,Positive
3 bintng dulu dah baru rilis mau coba,bintng deh rilis coba,Positive,Positive
Oke game nya cukup bagus grafik nya pun cukup bagus,oke bagus grafik bagus,Positive,Positive
Haha bagys,haha bagys,Positive,Positive
Gamenya seru bagus sekali,seru bagus,Positive,Positive
I hope this isn't a p2w game :),hope this isnt pw,Positive,Positive
"Akhirnya 😁, semoga aku komentar pertama",moga komentar,Positive,Positive
Semoga gacha saya bagus sementara saya kasih b5🗿,moga gacha bagus kasih,Positive,Positive
Ini game baik cuy 100x pull,cuy pull,Positive,Positive
Sip mantap,sip mantap,Positive,Positive
Mantap berlimpah tobrut,mantap limpah tobrut,Positive,Positive
Gamenya bagus tp agak ngelek dikit tetap bagus kok^^,bagus ngelek dikit bagus,Positive,Positive
Hahaha my phone doesn't support playing this game :),hahaha my phone doesnt support playing this,Positive,Positive
Mantap,mantap,Positive,Positive
Kenapa ada peringatan saat masuk game dimohon perbaiki,ingat mohon baik,Positive,Positive
Kenapa black screen?!,black screen,Positive,Positive
Kerenn,keren,Positive,Positive
Mantaplah karakter nya wangi² bisa buat bahan,mantap karakter wangi bahan,Positive,Positive
Ini game RPG aksi yang paling bagus menurut saya karena dari segi grafik keren,rpg aksi bagus segi grafik keren,Positive,Positive
mantap,mantap,Positive,Positive
Ini kenapa di device saya malah blackscreen di halaman login..,device blackscreen halaman login,Positive,Positive
com.diyif,comdiyif,Positive,Positive
gane ini bagus menarik!,gane bagus tarik,Positive,Positive
Akhirnya rilis juga ni game anjay 😁😁,rilis anjay,Positive,Positive
Bagus & keren,bagus keren,Positive,Positive
Game nya kerenn,keren,Positive,Positive
Game bagus rek,bagus rek,Positive,Positive
Sangat menyenangkan game ini😍😍,senang,Positive,Positive
"sangat bagus, wah hebat",bagus hebat,Positive,Positive
MANTAP GAME NYA 😂,mantap,Positive,Positive
"MANTAP KALI , LANGSUNG OTOMATIS INSTALL ,GG RILIS LEBIH AWAL DRI PERKIRAAN 🔥🤘",mantap otomatis install tidak rilis kira,Positive,Positive
Bagus sekali kayak game GI tapi ini lebih bagus,bagus gi bagus,Positive,Positive
"lets go babe, i wanna see my husband von lycaon😎",lets go babe wan na my husband von lycaon,Negative,Positive
Ane pertama hehe😁👍,ane hehe,Positive,Positive
Wow,wow,Positive,Positive
Menurut aku bagu grafic bagus tapi giga nya jangan besar besak ka oke,bagu grafic bagus giga jangan besak kak oke,Positive,Positive
bagus,bagus,Positive,Positive
Quite the best and latest game from Mihoyo that combined Cyberpunk and memes into one Also ALAMAK JIGGLE PHYSICS,quite the best and latest from mihoyo that combined cyberpunk and mes into one also alamak jiggle physics,Positive,Positive
omaigaaat,omaigat,Positive,Positive
Bjir,bjir,Positive,Positive
Good Job Dev!,good job dev,Positive,Positive
Yg pertama dapat apa min,min,Positive,Positive
bagus,bagus,Positive,Positive
Vagus,vagus,Positive,Positive
RPG yang ku nantikan selama ini Thanks developer,rpg ku nanti thanks developer,Positive,Positive
Lets goooooooo,lets go,Positive,Positive
bagusa,bagusa,Positive,Positive
Game bagus kayaknya.,bagus kayak,Positive,Positive
Game nya bagus aku suka 😁👍,bagus suka,Positive,Positive
bagus2 aja sih,bagus,Positive,Positive
OMAYGADD❤️❤️❤️,omaygadd,Positive,Positive
gem baik atau kikir?,gem kikir,Positive,Positive
Mantap,mantap,Positive,Positive
Game Bagus,bagus,Positive,Positive
Gamenya bagus banget,bagus,Positive,Positive
Sangat bagus,bagus,Positive,Positive
let's go!,lets go,Positive,Positive
Gamenyasanagat bagus,gamenyasanagat bagus,Positive,Positive
semoga nyaman,moga nyaman,Positive,Positive
Game bagus,bagus,Positive,Positive
Nice game,nice,Positive,Positive
"Akhirnya rilis juga ni game, bagus belum ada kekurangan!",rilis bagus belum kurang,Positive,Positive
"Game nya keren,asik, karakter nya bagus bagus👍",kerenasik karakter bagus bagus,Positive,Positive
Good game👍,good,Positive,Positive
Gacor rekk😋,gacor rekk,Positive,Positive
Sedang pre-ud,preud,Positive,Positive
Mantap Bre😎,mantap bre,Positive,Positive
Persiapan war uid,siap war uid,Positive,Positive
GACORRR COY,gacor coy,Positive,Positive
Game nya seru kayak genshin,seru genshin,Positive,Positive
Keren Banget Gameplay nya!!!,keren gameplay,Positive,Positive
Gamenya sangat bagus dan grafik yg sangat enak di pandang,bagus grafik pandang,Positive,Positive
Gameplay-nya sangat luar biasa.,gameplaynya,Positive,Positive
Gamenya bagus,bagus,Positive,Positive
game nya bagus banget tapi kalo mau main sampe puas harus di PS 54,bagus puas pas,Positive,Positive
Untuk gamenya bagus jadi saya suka dan juga gamenya gak ngelek aku suka game ini makasih itu saja yang ingin saya sampaikan,bagus suka tidak ngelek suka terima kasih,Positive,Positive
Bagus banget grafiknya jalanan cerita lumayan lah,bagus grafik jalan cerita lumayan,Positive,Positive
Yeay,yeay,Positive,Positive
Moga aja bagus kayak kakaknya....,moga bagus kakak,Positive,Positive
Behh bagus bet,behh bagus,Positive,Positive
Cihuy,cihuy,Positive,Positive
Hehehhehe pertama,hehehhehe,Positive,Positive
Gamenya keren banget,keren,Positive,Positive
semoga seperti yg saya bayangkan,moga bayang,Positive,Positive
Alamak,alamak,Positive,Positive
pler,pler,Positive,Positive
Bagus,bagus,Positive,Positive
Game nya bagus,bagus,Positive,Positive
terimakasih udah di rilis pada tanggal ini dan semoga aja ada game baru keluar lagi Terimakasih depoloper 阿里感统,terimakasih rilis tanggal moga terimakasih depoloper,Positive,Positive
Semoga keren....jadi bisa maen jangka panjang,moga kerenjadi jangka,Positive,Positive
This time,this time,Positive,Positive
Keren banget... wah... aku terkagum kagum,keren kagum kagum,Positive,Positive
mantap,mantap,Positive,Positive
mantappp,mantap,Positive,Positive
Gamenya keren omm🤝🏻🕴🏻,keren omm,Positive,Positive
Sudah lama saya tunggu rilis nya ini game seperti nya menarik,tunggu rilis tarik,Positive,Positive
frist time,frist time,Positive,Positive
Pertama Install sangat bgus gamenya rekomendasi sih buat kalian,install bagus rekomendasi,Positive,Positive
Hebat 🦅,hebat,Positive,Positive
mantap coy,mantap coy,Positive,Positive
LEST GOOOOOOO,lest go,Positive,Positive
nice,nice,Positive,Positive
Game nya bagus banget,bagus,Positive,Positive
First,first,Positive,Positive
Ok,ok,Positive,Positive
Ellen istri aku❤️❤️❤️❤️,ellen istri,Positive,Positive
